logger=settings t=2026-09-30T00:50:56.732562554Z level=info msg="Starting Grafana" version=13.2.3 commit=90ffed056f0884267356c12a0eeb72a022af53f1 branch=release-13.2.3#patched compiled=2026-09-28T20:55:24Z
logger=settings t=2026-09-30T00:50:56.732980388Z level=warn msg="[Deprecated] The GF_FEATURE_TOGGLES_ENABLE environment variable is deprecated. Use individual GF_FEATURE_TOGGLES_<name>=<value> variables instead."
logger=settings t=2026-09-30T00:50:56.733124221Z level=info msg="Unified migration configs enforced" storage_type=unified target=[all]
logger=settings t=2026-09-30T00:50:56.733136804Z level=info msg="Enforcing mode 5 for resource in unified storage" resource=playlists.playlist.grafana.app
logger=settings t=2026-09-30T00:50:56.733138971Z level=info msg="Enforcing mode 5 for resource in unified storage" resource=folders.folder.grafana.app
logger=settings t=2026-09-30T00:50:56.733140263Z level=info msg="Enforcing mode 5 for resource in unified storage" resource=dashboards.dashboard.grafana.app
logger=settings t=2026-09-30T00:50:56.733141221Z level=info msg="Enforcing mode 5 for resource in unified storage" resource=shorturls.shorturl.grafana.app
logger=settings t=2026-09-30T00:50:56.733220846Z level=info msg="Config loaded from" file=/usr/share/grafana/conf/defaults.ini
logger=settings t=2026-09-30T00:50:56.733228179Z level=info msg="Config loaded from" file=/etc/grafana/grafana.ini
logger=settings t=2026-09-30T00:50:56.733229388Z level=info msg="Config overridden from command line" arg="default.paths.data=/var/lib/grafana"
logger=settings t=2026-09-30T00:50:56.733230429Z level=info msg="Config overridden from command line" arg="default.paths.logs=/var/log/grafana"
logger=settings t=2026-09-30T00:50:56.733231513Z level=info msg="Config overridden from command line" arg="default.paths.plugins=/var/lib/grafana/plugins"
logger=settings t=2026-09-30T00:50:56.733232471Z level=info msg="Config overridden from command line" arg="default.paths.provisioning=/etc/grafana/provisioning"
logger=settings t=2026-09-30T00:50:56.733233388Z level=info msg="Config overridden from command line" arg="default.log.mode=console"
logger=settings t=2026-09-30T00:50:56.733236346Z level=info msg="Config overridden from Environment variable" var="GF_PATHS_DATA=/var/lib/grafana"
logger=settings t=2026-09-30T00:50:56.733237554Z level=info msg="Config overridden from Environment variable" var="GF_PATHS_LOGS=/var/log/grafana"
logger=settings t=2026-09-30T00:50:56.733238596Z level=info msg="Config overridden from Environment variable" var="GF_PATHS_PLUGINS=/var/lib/grafana/plugins"
logger=settings t=2026-09-30T00:50:56.733239596Z level=info msg="Config overridden from Environment variable" var="GF_PATHS_PROVISIONING=/etc/grafana/provisioning"
logger=settings t=2026-09-30T00:50:56.733240554Z level=info msg="Config overridden from Environment variable" var="GF_ANALYTICS_REPORTING_ENABLED=false"
logger=settings t=2026-09-30T00:50:56.733241513Z level=info msg="Config overridden from Environment variable" var="GF_ANALYTICS_CHECK_FOR_UPDATES=false"
logger=settings t=2026-09-30T00:50:56.733242429Z level=info msg="Config overridden from Environment variable" var="GF_ANALYTICS_CHECK_FOR_PLUGIN_UPDATES=false"
logger=settings t=2026-09-30T00:50:56.733243304Z level=info msg="Config overridden from Environment variable" var="GF_PLUGINS_PREINSTALL_DISABLED=true"
logger=settings t=2026-09-30T00:50:56.733256554Z level=info msg="Config overridden from Environment variable" var="GF_FEATURE_TOGGLES_ENABLE=jaegerEnableGrpcEndpoint"
logger=settings t=2026-09-30T00:50:56.733259429Z level=info msg="Config overridden from Environment variable" var="GF_PATHS_HOME=/usr/share/grafana"
logger=settings t=2026-09-30T00:50:56.733260721Z level=info msg="Config overridden from Environment variable" var="GF_ANALYTICS_ENABLED=false"
logger=settings t=2026-09-30T00:50:56.733261638Z level=info msg="Config overridden from Environment variable" var="GF_PATHS_CONFIG=/etc/grafana/grafana.ini"
logger=settings t=2026-09-30T00:50:56.733262513Z level=info msg="Config overridden from Environment variable" var="GF_FEATURE_TOGGLES_ENABLE=jaegerEnableGrpcEndpoint"
logger=settings t=2026-09-30T00:50:56.733263554Z level=info msg=Target target=[all]
logger=settings t=2026-09-30T00:50:56.733266513Z level=info msg="Path Home" path=/usr/share/grafana
logger=settings t=2026-09-30T00:50:56.733267638Z level=info msg="Path Data" path=/var/lib/grafana
logger=settings t=2026-09-30T00:50:56.733268596Z level=info msg="Path Logs" path=/var/log/grafana
logger=settings t=2026-09-30T00:50:56.733269429Z level=info msg="Path Plugins" path="[/var/lib/grafana/plugins /usr/share/grafana/data/plugins-bundled]"
logger=settings t=2026-09-30T00:50:56.733270804Z level=info msg="Path Provisioning" path=/etc/grafana/provisioning
logger=settings t=2026-09-30T00:50:56.733271763Z level=info msg="App mode production"
logger=featuremgmt t=2026-09-30T00:50:56.734814096Z level=info msg=FeatureToggles alertRuleRestore=true alertingBulkActionsInUI=true alertingImportYAMLUI=true alertingListViewV2=true alertingMigrationUI=true alertingNavigationV2=true alertingNotificationsStepMode=true alertingQueryAndExpressionsStepMode=true alertingRulePermanentlyDelete=true alertingRuleRecoverDeleted=true alertingRuleVersionHistoryRestore=true alertingUIOptimizeReducer=true alertingUIUseBackendFilters=true alertingUIUseFullyCompatBackendFilters=true alertingUseNewSimplifiedRoutingHashAlgorithm=true annotationPermissionUpdate=true auditLoggingAppPlatform=true awsAsyncQueryCaching=true awsDatasourcesTempCredentials=true azureMonitorEnableUserAuth=true azureMonitorPrometheusExemplars=true azureResourcePickerUpdates=true cloudWatchCrossAccountQuerying=true cloudWatchNewLabelParsing=true cloudWatchRoundUpEndTime=true dashboardNewLayouts=true dashboardUnifiedDrilldownControls=true disableScriptedDashboards=true enableSCIM=true feedbackButton=true grafana.dashboardSettingsRedesign=true grafana.newPreferencesPage=true grafana.queryVarEditorRedesign=true grafana.scenesFlickeringFix=true grafana.unifiedDataSourcePicker=true grafana.viewPanelPane=true grafanaAssistantInProfilesDrilldown=true improvedExternalSessionHandling=true improvedExternalSessionHandlingSAML=true jaegerEnableGrpcEndpoint=true lokiLabelNamesQueryApi=true lokiQuerySplitting=true newClickhouseConfigPageDesign=true newSavedQueriesExperience=true onlyStoreActionSets=true preferences.rerouteLegacyAPIs=true profilesExemplars=true prometheusAzureOverrideAudience=true prometheusTypeMigration=true provisioning.gitConventions=true provisioning.readmes=true provisioning.userAttribution=true provisioningFolderMetadata=true pyroscopeUTF8LabelNames=true queryLibrary=true react19=true rememberUserOrgForSso=true renderAuthJWT=true restrictedPluginApis=true savedQueriesRBAC=true sqlExpressions=true useKubernetesShortURLsAPI=true useSessionStorageForRedirection=true
logger=sqlstore t=2026-09-30T00:50:56.734918096Z level=info msg="Connecting to DB" dbtype=sqlite3
logger=sqlstore t=2026-09-30T00:50:56.734931096Z level=info msg="Using SQLite driver" driver=modernc.org/sqlite
logger=sqlstore t=2026-09-30T00:50:56.734957971Z level=info msg="Creating SQLite database file" path=/var/lib/grafana/grafana.db
logger=migrator t=2026-09-30T00:50:56.736799096Z level=info msg="Starting DB migrations"
logger=migrator t=2026-09-30T00:50:56.738217346Z level=info msg="Executing migration" id="create migration_log table"
logger=migrator t=2026-09-30T00:50:56.738504596Z level=info msg="Migration successfully executed" id="create migration_log table" duration=286.833µs
logger=migrator t=2026-09-30T00:50:56.745215513Z level=info msg="Executing migration" id="create user table"
logger=migrator t=2026-09-30T00:50:56.745548596Z level=info msg="Migration successfully executed" id="create user table" duration=337.833µs
logger=migrator t=2026-09-30T00:50:56.748715638Z level=info msg="Executing migration" id="add unique index user.login"
logger=migrator t=2026-09-30T00:50:56.749018054Z level=info msg="Migration successfully executed" id="add unique index user.login" duration=303.834µs
logger=migrator t=2026-09-30T00:50:56.755505554Z level=info msg="Executing migration" id="add unique index user.email"
logger=migrator t=2026-09-30T00:50:56.755762596Z level=info msg="Migration successfully executed" id="add unique index user.email" duration=257.417µs
logger=migrator t=2026-09-30T00:50:56.758837429Z level=info msg="Executing migration" id="drop index UQE_user_login - v1"
logger=migrator t=2026-09-30T00:50:56.759151596Z level=info msg="Migration successfully executed" id="drop index UQE_user_login - v1" duration=385.333µs
logger=migrator t=2026-09-30T00:50:56.763477471Z level=info msg="Executing migration" id="drop index UQE_user_email - v1"
logger=migrator t=2026-09-30T00:50:56.763887888Z level=info msg="Migration successfully executed" id="drop index UQE_user_email - v1" duration=411.708µs
logger=migrator t=2026-09-30T00:50:56.767954096Z level=info msg="Executing migration" id="Rename table user to user_v1 - v1"
logger=migrator t=2026-09-30T00:50:56.768370846Z level=info msg="Migration successfully executed" id="Rename table user to user_v1 - v1" duration=417.375µs
logger=migrator t=2026-09-30T00:50:56.771520429Z level=info msg="Executing migration" id="create user table v2"
logger=migrator t=2026-09-30T00:50:56.771677138Z level=info msg="Migration successfully executed" id="create user table v2" duration=157.167µs
logger=migrator t=2026-09-30T00:50:56.773553721Z level=info msg="Executing migration" id="create index UQE_user_login - v2"
logger=migrator t=2026-09-30T00:50:56.773684888Z level=info msg="Migration successfully executed" id="create index UQE_user_login - v2" duration=131.125µs
logger=migrator t=2026-09-30T00:50:56.775871721Z level=info msg="Executing migration" id="create index UQE_user_email - v2"
logger=migrator t=2026-09-30T00:50:56.776038263Z level=info msg="Migration successfully executed" id="create index UQE_user_email - v2" duration=165.667µs
logger=migrator t=2026-09-30T00:50:56.778664179Z level=info msg="Executing migration" id="copy data_source v1 to v2"
logger=migrator t=2026-09-30T00:50:56.778780763Z level=info msg="Migration successfully executed" id="copy data_source v1 to v2" duration=117.333µs
logger=migrator t=2026-09-30T00:50:56.780461846Z level=info msg="Executing migration" id="Drop old table user_v1"
logger=migrator t=2026-09-30T00:50:56.780603263Z level=info msg="Migration successfully executed" id="Drop old table user_v1" duration=141.5µs
logger=migrator t=2026-09-30T00:50:56.807814721Z level=info msg="Executing migration" id="Add column help_flags1 to user table"
logger=migrator t=2026-09-30T00:50:56.808552179Z level=info msg="Migration successfully executed" id="Add column help_flags1 to user table" duration=738.542µs
logger=migrator t=2026-09-30T00:50:56.814725471Z level=info msg="Executing migration" id="Update user table charset"
logger=migrator t=2026-09-30T00:50:56.814750388Z level=info msg="Migration successfully executed" id="Update user table charset" duration=26µs
logger=migrator t=2026-09-30T00:50:56.81736893Z level=info msg="Executing migration" id="Add last_seen_at column to user"
logger=migrator t=2026-09-30T00:50:56.817719013Z level=info msg="Migration successfully executed" id="Add last_seen_at column to user" duration=353.167µs
logger=migrator t=2026-09-30T00:50:56.820274263Z level=info msg="Executing migration" id="Add missing user data"
logger=migrator t=2026-09-30T00:50:56.82047618Z level=info msg="Migration successfully executed" id="Add missing user data" duration=202.292µs
logger=migrator t=2026-09-30T00:50:56.823142471Z level=info msg="Executing migration" id="Add is_disabled column to user"
logger=migrator t=2026-09-30T00:50:56.823681263Z level=info msg="Migration successfully executed" id="Add is_disabled column to user" duration=538.875µs
logger=migrator t=2026-09-30T00:50:56.829488721Z level=info msg="Executing migration" id="Add index user.login/user.email"
logger=migrator t=2026-09-30T00:50:56.829718305Z level=info msg="Migration successfully executed" id="Add index user.login/user.email" duration=230.833µs
logger=migrator t=2026-09-30T00:50:56.834159763Z level=info msg="Executing migration" id="Add is_service_account column to user"
logger=migrator t=2026-09-30T00:50:56.834477013Z level=info msg="Migration successfully executed" id="Add is_service_account column to user" duration=321.375µs
logger=migrator t=2026-09-30T00:50:56.837615346Z level=info msg="Executing migration" id="Update is_service_account column to nullable"
logger=migrator t=2026-09-30T00:50:56.83953768Z level=info msg="Migration successfully executed" id="Update is_service_account column to nullable" duration=1.918625ms
logger=migrator t=2026-09-30T00:50:56.844929638Z level=info msg="Executing migration" id="Add uid column to user"
logger=migrator t=2026-09-30T00:50:56.84550018Z level=info msg="Migration successfully executed" id="Add uid column to user" duration=571.416µs
logger=migrator t=2026-09-30T00:50:56.848537721Z level=info msg="Executing migration" id="Update uid column values for users"
logger=migrator t=2026-09-30T00:50:56.848685721Z level=info msg="Migration successfully executed" id="Update uid column values for users" duration=150.666µs
logger=migrator t=2026-09-30T00:50:56.85254993Z level=info msg="Executing migration" id="Make sure users uid are set"
logger=migrator t=2026-09-30T00:50:56.852642721Z level=info msg="Migration successfully executed" id="Make sure users uid are set" duration=94µs
logger=migrator t=2026-09-30T00:50:56.85511518Z level=info msg="Executing migration" id="Add unique index user_uid"
logger=migrator t=2026-09-30T00:50:56.855480388Z level=info msg="Migration successfully executed" id="Add unique index user_uid" duration=364.958µs
logger=migrator t=2026-09-30T00:50:56.859031888Z level=info msg="Executing migration" id="Add is_provisioned column to user"
logger=migrator t=2026-09-30T00:50:56.859293846Z level=info msg="Migration successfully executed" id="Add is_provisioned column to user" duration=262.541µs
logger=migrator t=2026-09-30T00:50:56.862301388Z level=info msg="Executing migration" id="update login field with orgid to allow for multiple service accounts with same name across orgs"
logger=migrator t=2026-09-30T00:50:56.86240093Z level=info msg="Migration successfully executed" id="update login field with orgid to allow for multiple service accounts with same name across orgs" duration=101.666µs
logger=migrator t=2026-09-30T00:50:56.86511518Z level=info msg="Executing migration" id="update service accounts login field orgid to appear only once"
logger=migrator t=2026-09-30T00:50:56.86524793Z level=info msg="Migration successfully executed" id="update service accounts login field orgid to appear only once" duration=133.041µs
logger=migrator t=2026-09-30T00:50:56.868433971Z level=info msg="Executing migration" id="update login and email fields to lowercase"
logger=migrator t=2026-09-30T00:50:56.868584055Z level=info msg="Migration successfully executed" id="update login and email fields to lowercase" duration=150.875µs
logger=migrator t=2026-09-30T00:50:56.87190968Z level=info msg="Executing migration" id="update login and email fields to lowercase2"
logger=migrator t=2026-09-30T00:50:56.872103055Z level=info msg="Migration successfully executed" id="update login and email fields to lowercase2" duration=196.166µs
logger=migrator t=2026-09-30T00:50:56.875188846Z level=info msg="Executing migration" id="Add index on user.is_service_account and user.last_seen_at"
logger=migrator t=2026-09-30T00:50:56.87553393Z level=info msg="Migration successfully executed" id="Add index on user.is_service_account and user.last_seen_at" duration=344.75µs
logger=migrator t=2026-09-30T00:50:56.878276513Z level=info msg="Executing migration" id="Expand user.uid length to 190"
logger=migrator t=2026-09-30T00:50:56.878304263Z level=info msg="Migration successfully executed" id="Expand user.uid length to 190" duration=28.625µs
logger=migrator t=2026-09-30T00:50:56.88076793Z level=info msg="Executing migration" id="Prefix SCIM uid for provisioned users"
logger=migrator t=2026-09-30T00:50:56.880841096Z level=info msg="Migration successfully executed" id="Prefix SCIM uid for provisioned users" duration=73.75µs
logger=migrator t=2026-09-30T00:50:56.882374263Z level=info msg="Executing migration" id="create temp user table v1-7"
logger=migrator t=2026-09-30T00:50:56.882570555Z level=info msg="Migration successfully executed" id="create temp user table v1-7" duration=198.416µs
logger=migrator t=2026-09-30T00:50:56.884964013Z level=info msg="Executing migration" id="create index IDX_temp_user_email - v1-7"
logger=migrator t=2026-09-30T00:50:56.885078513Z level=info msg="Migration successfully executed" id="create index IDX_temp_user_email - v1-7" duration=116.541µs
logger=migrator t=2026-09-30T00:50:56.886971096Z level=info msg="Executing migration" id="create index IDX_temp_user_org_id - v1-7"
logger=migrator t=2026-09-30T00:50:56.887083471Z level=info msg="Migration successfully executed" id="create index IDX_temp_user_org_id - v1-7" duration=112.709µs
logger=migrator t=2026-09-30T00:50:56.88940718Z level=info msg="Executing migration" id="create index IDX_temp_user_code - v1-7"
logger=migrator t=2026-09-30T00:50:56.88961393Z level=info msg="Migration successfully executed" id="create index IDX_temp_user_code - v1-7" duration=207.875µs
logger=migrator t=2026-09-30T00:50:56.89236643Z level=info msg="Executing migration" id="create index IDX_temp_user_status - v1-7"
logger=migrator t=2026-09-30T00:50:56.89264868Z level=info msg="Migration successfully executed" id="create index IDX_temp_user_status - v1-7" duration=280µs
logger=migrator t=2026-09-30T00:50:56.897577763Z level=info msg="Executing migration" id="Update temp_user table charset"
logger=migrator t=2026-09-30T00:50:56.89761118Z level=info msg="Migration successfully executed" id="Update temp_user table charset" duration=34.5µs
logger=migrator t=2026-09-30T00:50:56.900756221Z level=info msg="Executing migration" id="drop index IDX_temp_user_email - v1"
logger=migrator t=2026-09-30T00:50:56.900948638Z level=info msg="Migration successfully executed" id="drop index IDX_temp_user_email - v1" duration=193.375µs
logger=migrator t=2026-09-30T00:50:56.903966305Z level=info msg="Executing migration" id="drop index IDX_temp_user_org_id - v1"
logger=migrator t=2026-09-30T00:50:56.904162471Z level=info msg="Migration successfully executed" id="drop index IDX_temp_user_org_id - v1" duration=197.458µs
logger=migrator t=2026-09-30T00:50:56.907890971Z level=info msg="Executing migration" id="drop index IDX_temp_user_code - v1"
logger=migrator t=2026-09-30T00:50:56.908080846Z level=info msg="Migration successfully executed" id="drop index IDX_temp_user_code - v1" duration=189.416µs
logger=migrator t=2026-09-30T00:50:56.911245388Z level=info msg="Executing migration" id="drop index IDX_temp_user_status - v1"
logger=migrator t=2026-09-30T00:50:56.911398638Z level=info msg="Migration successfully executed" id="drop index IDX_temp_user_status - v1" duration=153.834µs
logger=migrator t=2026-09-30T00:50:56.913022221Z level=info msg="Executing migration" id="Rename table temp_user to temp_user_tmp_qwerty - v1"
logger=migrator t=2026-09-30T00:50:56.913381346Z level=info msg="Migration successfully executed" id="Rename table temp_user to temp_user_tmp_qwerty - v1" duration=359.292µs
logger=migrator t=2026-09-30T00:50:56.914836513Z level=info msg="Executing migration" id="create temp_user v2"
logger=migrator t=2026-09-30T00:50:56.914945721Z level=info msg="Migration successfully executed" id="create temp_user v2" duration=109.375µs
logger=migrator t=2026-09-30T00:50:56.91727418Z level=info msg="Executing migration" id="create index IDX_temp_user_email - v2"
logger=migrator t=2026-09-30T00:50:56.917455013Z level=info msg="Migration successfully executed" id="create index IDX_temp_user_email - v2" duration=182.958µs
logger=migrator t=2026-09-30T00:50:56.919792638Z level=info msg="Executing migration" id="create index IDX_temp_user_org_id - v2"
logger=migrator t=2026-09-30T00:50:56.919930638Z level=info msg="Migration successfully executed" id="create index IDX_temp_user_org_id - v2" duration=138.292µs
logger=migrator t=2026-09-30T00:50:56.922016763Z level=info msg="Executing migration" id="create index IDX_temp_user_code - v2"
logger=migrator t=2026-09-30T00:50:56.922158638Z level=info msg="Migration successfully executed" id="create index IDX_temp_user_code - v2" duration=141.958µs
logger=migrator t=2026-09-30T00:50:56.92487268Z level=info msg="Executing migration" id="create index IDX_temp_user_status - v2"
logger=migrator t=2026-09-30T00:50:56.925024471Z level=info msg="Migration successfully executed" id="create index IDX_temp_user_status - v2" duration=152.042µs
logger=migrator t=2026-09-30T00:50:56.928653096Z level=info msg="Executing migration" id="copy temp_user v1 to v2"
logger=migrator t=2026-09-30T00:50:56.92875268Z level=info msg="Migration successfully executed" id="copy temp_user v1 to v2" duration=99.75µs
logger=migrator t=2026-09-30T00:50:56.930546971Z level=info msg="Executing migration" id="drop temp_user_tmp_qwerty"
logger=migrator t=2026-09-30T00:50:56.93064643Z level=info msg="Migration successfully executed" id="drop temp_user_tmp_qwerty" duration=99.833µs
logger=migrator t=2026-09-30T00:50:56.93255968Z level=info msg="Executing migration" id="Set created for temp users that will otherwise prematurely expire"
logger=migrator t=2026-09-30T00:50:56.932723638Z level=info msg="Migration successfully executed" id="Set created for temp users that will otherwise prematurely expire" duration=163.125µs
logger=migrator t=2026-09-30T00:50:56.934727721Z level=info msg="Executing migration" id="create star table"
logger=migrator t=2026-09-30T00:50:56.934844471Z level=info msg="Migration successfully executed" id="create star table" duration=116.875µs
logger=migrator t=2026-09-30T00:50:56.936874846Z level=info msg="Executing migration" id="add unique index star.user_id_dashboard_id"
logger=migrator t=2026-09-30T00:50:56.937276971Z level=info msg="Migration successfully executed" id="add unique index star.user_id_dashboard_id" duration=397.708µs
logger=migrator t=2026-09-30T00:50:56.940113596Z level=info msg="Executing migration" id="Add column dashboard_uid in star"
logger=migrator t=2026-09-30T00:50:56.940430096Z level=info msg="Migration successfully executed" id="Add column dashboard_uid in star" duration=316.292µs
logger=migrator t=2026-09-30T00:50:56.943110513Z level=info msg="Executing migration" id="Add column org_id in star"
logger=migrator t=2026-09-30T00:50:56.943698096Z level=info msg="Migration successfully executed" id="Add column org_id in star" duration=587.916µs
logger=migrator t=2026-09-30T00:50:56.946035305Z level=info msg="Executing migration" id="Add column updated in star"
logger=migrator t=2026-09-30T00:50:56.946328888Z level=info msg="Migration successfully executed" id="Add column updated in star" duration=293.917µs
logger=migrator t=2026-09-30T00:50:56.948549805Z level=info msg="Executing migration" id="add index in star table on dashboard_uid, org_id and user_id columns"
logger=migrator t=2026-09-30T00:50:56.948704971Z level=info msg="Migration successfully executed" id="add index in star table on dashboard_uid, org_id and user_id columns" duration=155.292µs
logger=migrator t=2026-09-30T00:50:56.951361263Z level=info msg="Executing migration" id="create org table v1"
logger=migrator t=2026-09-30T00:50:56.95150693Z level=info msg="Migration successfully executed" id="create org table v1" duration=146.292µs
logger=migrator t=2026-09-30T00:50:56.95317768Z level=info msg="Executing migration" id="create index UQE_org_name - v1"
logger=migrator t=2026-09-30T00:50:56.95329843Z level=info msg="Migration successfully executed" id="create index UQE_org_name - v1" duration=120.792µs
logger=migrator t=2026-09-30T00:50:56.955143055Z level=info msg="Executing migration" id="create org_user table v1"
logger=migrator t=2026-09-30T00:50:56.955347805Z level=info msg="Migration successfully executed" id="create org_user table v1" duration=205.25µs
logger=migrator t=2026-09-30T00:50:56.95690693Z level=info msg="Executing migration" id="create index IDX_org_user_org_id - v1"
logger=migrator t=2026-09-30T00:50:56.957046763Z level=info msg="Migration successfully executed" id="create index IDX_org_user_org_id - v1" duration=139.833µs
logger=migrator t=2026-09-30T00:50:56.958940096Z level=info msg="Executing migration" id="create index UQE_org_user_org_id_user_id - v1"
logger=migrator t=2026-09-30T00:50:56.959056971Z level=info msg="Migration successfully executed" id="create index UQE_org_user_org_id_user_id - v1" duration=117.041µs
logger=migrator t=2026-09-30T00:50:56.96059893Z level=info msg="Executing migration" id="create index IDX_org_user_user_id - v1"
logger=migrator t=2026-09-30T00:50:56.96073818Z level=info msg="Migration successfully executed" id="create index IDX_org_user_user_id - v1" duration=140.583µs
logger=migrator t=2026-09-30T00:50:56.963399805Z level=info msg="Executing migration" id="Update org table charset"
logger=migrator t=2026-09-30T00:50:56.963412305Z level=info msg="Migration successfully executed" id="Update org table charset" duration=13.166µs
logger=migrator t=2026-09-30T00:50:56.965174596Z level=info msg="Executing migration" id="Update org_user table charset"
logger=migrator t=2026-09-30T00:50:56.965186013Z level=info msg="Migration successfully executed" id="Update org_user table charset" duration=11.75µs
logger=migrator t=2026-09-30T00:50:56.967127721Z level=info msg="Executing migration" id="Migrate all Read Only Viewers to Viewers"
logger=migrator t=2026-09-30T00:50:56.967173221Z level=info msg="Migration successfully executed" id="Migrate all Read Only Viewers to Viewers" duration=46.667µs
logger=migrator t=2026-09-30T00:50:56.968731888Z level=info msg="Executing migration" id="create dashboard table"
logger=migrator t=2026-09-30T00:50:56.968870055Z level=info msg="Migration successfully executed" id="create dashboard table" duration=138.417µs
logger=migrator t=2026-09-30T00:50:56.97223268Z level=info msg="Executing migration" id="add index dashboard.account_id"
logger=migrator t=2026-09-30T00:50:56.972404971Z level=info msg="Migration successfully executed" id="add index dashboard.account_id" duration=173.208µs
logger=migrator t=2026-09-30T00:50:56.974233096Z level=info msg="Executing migration" id="add unique index dashboard_account_id_slug"
logger=migrator t=2026-09-30T00:50:56.974391596Z level=info msg="Migration successfully executed" id="add unique index dashboard_account_id_slug" duration=158.166µs
logger=migrator t=2026-09-30T00:50:56.98001368Z level=info msg="Executing migration" id="create dashboard_tag table"
logger=migrator t=2026-09-30T00:50:56.980164846Z level=info msg="Migration successfully executed" id="create dashboard_tag table" duration=152.166µs
logger=migrator t=2026-09-30T00:50:56.983689013Z level=info msg="Executing migration" id="add unique index dashboard_tag.dasboard_id_term"
logger=migrator t=2026-09-30T00:50:56.98387518Z level=info msg="Migration successfully executed" id="add unique index dashboard_tag.dasboard_id_term" duration=186.708µs
logger=migrator t=2026-09-30T00:50:56.985947305Z level=info msg="Executing migration" id="drop index UQE_dashboard_tag_dashboard_id_term - v1"
logger=migrator t=2026-09-30T00:50:56.986121221Z level=info msg="Migration successfully executed" id="drop index UQE_dashboard_tag_dashboard_id_term - v1" duration=173.833µs
logger=migrator t=2026-09-30T00:50:56.988374555Z level=info msg="Executing migration" id="Rename table dashboard to dashboard_v1 - v1"
logger=migrator t=2026-09-30T00:50:56.989880763Z level=info msg="Migration successfully executed" id="Rename table dashboard to dashboard_v1 - v1" duration=1.506625ms
logger=migrator t=2026-09-30T00:50:56.992522471Z level=info msg="Executing migration" id="create dashboard v2"
logger=migrator t=2026-09-30T00:50:56.992725596Z level=info msg="Migration successfully executed" id="create dashboard v2" duration=203.292µs
logger=migrator t=2026-09-30T00:50:56.99596543Z level=info msg="Executing migration" id="create index IDX_dashboard_org_id - v2"
logger=migrator t=2026-09-30T00:50:56.996208763Z level=info msg="Migration successfully executed" id="create index IDX_dashboard_org_id - v2" duration=242.5µs
logger=migrator t=2026-09-30T00:50:56.99960568Z level=info msg="Executing migration" id="create index UQE_dashboard_org_id_slug - v2"
logger=migrator t=2026-09-30T00:50:56.999911763Z level=info msg="Migration successfully executed" id="create index UQE_dashboard_org_id_slug - v2" duration=306.917µs
logger=migrator t=2026-09-30T00:50:57.004351388Z level=info msg="Executing migration" id="copy dashboard v1 to v2"
logger=migrator t=2026-09-30T00:50:57.004628221Z level=info msg="Migration successfully executed" id="copy dashboard v1 to v2" duration=276.75µs
logger=migrator t=2026-09-30T00:50:57.008159846Z level=info msg="Executing migration" id="drop table dashboard_v1"
logger=migrator t=2026-09-30T00:50:57.008417763Z level=info msg="Migration successfully executed" id="drop table dashboard_v1" duration=258.458µs
logger=migrator t=2026-09-30T00:50:57.011238471Z level=info msg="Executing migration" id="alter dashboard.data to mediumtext v1"
logger=migrator t=2026-09-30T00:50:57.011248346Z level=info msg="Migration successfully executed" id="alter dashboard.data to mediumtext v1" duration=10.958µs
logger=migrator t=2026-09-30T00:50:57.014075096Z level=info msg="Executing migration" id="Add column updated_by in dashboard - v2"
logger=migrator t=2026-09-30T00:50:57.014555388Z level=info msg="Migration successfully executed" id="Add column updated_by in dashboard - v2" duration=482.291µs
logger=migrator t=2026-09-30T00:50:57.018741971Z level=info msg="Executing migration" id="Add column created_by in dashboard - v2"
logger=migrator t=2026-09-30T00:50:57.018997763Z level=info msg="Migration successfully executed" id="Add column created_by in dashboard - v2" duration=256.708µs
logger=migrator t=2026-09-30T00:50:57.020638596Z level=info msg="Executing migration" id="Add column gnetId in dashboard"
logger=migrator t=2026-09-30T00:50:57.021059055Z level=info msg="Migration successfully executed" id="Add column gnetId in dashboard" duration=420.584µs
logger=migrator t=2026-09-30T00:50:57.024020596Z level=info msg="Executing migration" id="Add index for gnetId in dashboard"
logger=migrator t=2026-09-30T00:50:57.024307013Z level=info msg="Migration successfully executed" id="Add index for gnetId in dashboard" duration=285.25µs
logger=migrator t=2026-09-30T00:50:57.028878888Z level=info msg="Executing migration" id="Add column plugin_id in dashboard"
logger=migrator t=2026-09-30T00:50:57.029200138Z level=info msg="Migration successfully executed" id="Add column plugin_id in dashboard" duration=322.292µs
logger=migrator t=2026-09-30T00:50:57.030902805Z level=info msg="Executing migration" id="Add index for plugin_id in dashboard"
logger=migrator t=2026-09-30T00:50:57.031084346Z level=info msg="Migration successfully executed" id="Add index for plugin_id in dashboard" duration=181.791µs
logger=migrator t=2026-09-30T00:50:57.03296218Z level=info msg="Executing migration" id="Add index for dashboard_id in dashboard_tag"
logger=migrator t=2026-09-30T00:50:57.033159596Z level=info msg="Migration successfully executed" id="Add index for dashboard_id in dashboard_tag" duration=190.042µs
logger=migrator t=2026-09-30T00:50:57.035779763Z level=info msg="Executing migration" id="Update dashboard table charset"
logger=migrator t=2026-09-30T00:50:57.035792596Z level=info msg="Migration successfully executed" id="Update dashboard table charset" duration=13.542µs
logger=migrator t=2026-09-30T00:50:57.037304971Z level=info msg="Executing migration" id="Update dashboard_tag table charset"
logger=migrator t=2026-09-30T00:50:57.037319888Z level=info msg="Migration successfully executed" id="Update dashboard_tag table charset" duration=16µs
logger=migrator t=2026-09-30T00:50:57.039468846Z level=info msg="Executing migration" id="Add column folder_id in dashboard"
logger=migrator t=2026-09-30T00:50:57.040350096Z level=info msg="Migration successfully executed" id="Add column folder_id in dashboard" duration=882.084µs
logger=migrator t=2026-09-30T00:50:57.042692846Z level=info msg="Executing migration" id="Add column isFolder in dashboard"
logger=migrator t=2026-09-30T00:50:57.04306618Z level=info msg="Migration successfully executed" id="Add column isFolder in dashboard" duration=374.75µs
logger=migrator t=2026-09-30T00:50:57.045386805Z level=info msg="Executing migration" id="Add column has_acl in dashboard"
logger=migrator t=2026-09-30T00:50:57.045741763Z level=info msg="Migration successfully executed" id="Add column has_acl in dashboard" duration=355.25µs
logger=migrator t=2026-09-30T00:50:57.050065555Z level=info msg="Executing migration" id="Add column uid in dashboard"
logger=migrator t=2026-09-30T00:50:57.050411555Z level=info msg="Migration successfully executed" id="Add column uid in dashboard" duration=344.959µs
logger=migrator t=2026-09-30T00:50:57.055786721Z level=info msg="Executing migration" id="Update uid column values in dashboard"
logger=migrator t=2026-09-30T00:50:57.055959346Z level=info msg="Migration successfully executed" id="Update uid column values in dashboard" duration=173.583µs
logger=migrator t=2026-09-30T00:50:57.059062888Z level=info msg="Executing migration" id="Add unique index dashboard_org_id_uid"
logger=migrator t=2026-09-30T00:50:57.059238138Z level=info msg="Migration successfully executed" id="Add unique index dashboard_org_id_uid" duration=175.333µs
logger=migrator t=2026-09-30T00:50:57.06173768Z level=info msg="Executing migration" id="Remove unique index org_id_slug"
logger=migrator t=2026-09-30T00:50:57.061883555Z level=info msg="Migration successfully executed" id="Remove unique index org_id_slug" duration=146.5µs
logger=migrator t=2026-09-30T00:50:57.063539513Z level=info msg="Executing migration" id="Update dashboard title length"
logger=migrator t=2026-09-30T00:50:57.063608805Z level=info msg="Migration successfully executed" id="Update dashboard title length" duration=68.042µs
logger=migrator t=2026-09-30T00:50:57.065864055Z level=info msg="Executing migration" id="Add unique index for dashboard_org_id_title_folder_id"
logger=migrator t=2026-09-30T00:50:57.066039346Z level=info msg="Migration successfully executed" id="Add unique index for dashboard_org_id_title_folder_id" duration=176.333µs
logger=migrator t=2026-09-30T00:50:57.067065305Z level=info msg="Executing migration" id="create dashboard_provisioning"
logger=migrator t=2026-09-30T00:50:57.06724593Z level=info msg="Migration successfully executed" id="create dashboard_provisioning" duration=180.75µs
logger=migrator t=2026-09-30T00:50:57.069182596Z level=info msg="Executing migration" id="Rename table dashboard_provisioning to dashboard_provisioning_tmp_qwerty - v1"
logger=migrator t=2026-09-30T00:50:57.069808263Z level=info msg="Migration successfully executed" id="Rename table dashboard_provisioning to dashboard_provisioning_tmp_qwerty - v1" duration=626.583µs
logger=migrator t=2026-09-30T00:50:57.071275013Z level=info msg="Executing migration" id="create dashboard_provisioning v2"
logger=migrator t=2026-09-30T00:50:57.071407805Z level=info msg="Migration successfully executed" id="create dashboard_provisioning v2" duration=132.75µs
logger=migrator t=2026-09-30T00:50:57.072951055Z level=info msg="Executing migration" id="create index IDX_dashboard_provisioning_dashboard_id - v2"
logger=migrator t=2026-09-30T00:50:57.073061971Z level=info msg="Migration successfully executed" id="create index IDX_dashboard_provisioning_dashboard_id - v2" duration=111.917µs
logger=migrator t=2026-09-30T00:50:57.074184596Z level=info msg="Executing migration" id="create index IDX_dashboard_provisioning_dashboard_id_name - v2"
logger=migrator t=2026-09-30T00:50:57.074336513Z level=info msg="Migration successfully executed" id="create index IDX_dashboard_provisioning_dashboard_id_name - v2" duration=151.75µs
logger=migrator t=2026-09-30T00:50:57.075499305Z level=info msg="Executing migration" id="copy dashboard_provisioning v1 to v2"
logger=migrator t=2026-09-30T00:50:57.075586555Z level=info msg="Migration successfully executed" id="copy dashboard_provisioning v1 to v2" duration=87.042µs
logger=migrator t=2026-09-30T00:50:57.076600055Z level=info msg="Executing migration" id="drop dashboard_provisioning_tmp_qwerty"
logger=migrator t=2026-09-30T00:50:57.07669218Z level=info msg="Migration successfully executed" id="drop dashboard_provisioning_tmp_qwerty" duration=91.917µs
logger=migrator t=2026-09-30T00:50:57.07759593Z level=info msg="Executing migration" id="Add check_sum column"
logger=migrator t=2026-09-30T00:50:57.077847596Z level=info msg="Migration successfully executed" id="Add check_sum column" duration=251.292µs
logger=migrator t=2026-09-30T00:50:57.079009888Z level=info msg="Executing migration" id="Add index for dashboard_title"
logger=migrator t=2026-09-30T00:50:57.079125846Z level=info msg="Migration successfully executed" id="Add index for dashboard_title" duration=115.792µs
logger=migrator t=2026-09-30T00:50:57.08049593Z level=info msg="Executing migration" id="delete tags for deleted dashboards"
logger=migrator t=2026-09-30T00:50:57.080541263Z level=info msg="Migration successfully executed" id="delete tags for deleted dashboards" duration=45.541µs
logger=migrator t=2026-09-30T00:50:57.081654346Z level=info msg="Executing migration" id="delete stars for deleted dashboards"
logger=migrator t=2026-09-30T00:50:57.081686596Z level=info msg="Migration successfully executed" id="delete stars for deleted dashboards" duration=32.75µs
logger=migrator t=2026-09-30T00:50:57.083053055Z level=info msg="Executing migration" id="Add index for dashboard_is_folder"
logger=migrator t=2026-09-30T00:50:57.083166555Z level=info msg="Migration successfully executed" id="Add index for dashboard_is_folder" duration=112.75µs
logger=migrator t=2026-09-30T00:50:57.084303596Z level=info msg="Executing migration" id="Add isPublic for dashboard"
logger=migrator t=2026-09-30T00:50:57.084539138Z level=info msg="Migration successfully executed" id="Add isPublic for dashboard" duration=235.125µs
logger=migrator t=2026-09-30T00:50:57.08548293Z level=info msg="Executing migration" id="Add deleted for dashboard"
logger=migrator t=2026-09-30T00:50:57.085691638Z level=info msg="Migration successfully executed" id="Add deleted for dashboard" duration=209.708µs
logger=migrator t=2026-09-30T00:50:57.086601221Z level=info msg="Executing migration" id="Add index for deleted"
logger=migrator t=2026-09-30T00:50:57.086685263Z level=info msg="Migration successfully executed" id="Add index for deleted" duration=84.125µs
logger=migrator t=2026-09-30T00:50:57.08758618Z level=info msg="Executing migration" id="Add column dashboard_uid in dashboard_tag"
logger=migrator t=2026-09-30T00:50:57.087763971Z level=info msg="Migration successfully executed" id="Add column dashboard_uid in dashboard_tag" duration=178.709µs
logger=migrator t=2026-09-30T00:50:57.088951638Z level=info msg="Executing migration" id="Add column org_id in dashboard_tag"
logger=migrator t=2026-09-30T00:50:57.089164638Z level=info msg="Migration successfully executed" id="Add column org_id in dashboard_tag" duration=212.667µs
logger=migrator t=2026-09-30T00:50:57.090041805Z level=info msg="Executing migration" id="Add missing dashboard_uid and org_id to dashboard_tag"
logger=migrator t=2026-09-30T00:50:57.09009068Z level=info msg="Migration successfully executed" id="Add missing dashboard_uid and org_id to dashboard_tag" duration=43µs
logger=migrator t=2026-09-30T00:50:57.091025638Z level=info msg="Executing migration" id="Add apiVersion for dashboard"
logger=migrator t=2026-09-30T00:50:57.091238138Z level=info msg="Migration successfully executed" id="Add apiVersion for dashboard" duration=211.667µs
logger=migrator t=2026-09-30T00:50:57.092554221Z level=info msg="Executing migration" id="Add index for dashboard_uid on dashboard_tag table"
logger=migrator t=2026-09-30T00:50:57.09268093Z level=info msg="Migration successfully executed" id="Add index for dashboard_uid on dashboard_tag table" duration=127.459µs
logger=migrator t=2026-09-30T00:50:57.094132596Z level=info msg="Executing migration" id="Add missing dashboard_uid and org_id to star"
logger=migrator t=2026-09-30T00:50:57.09419118Z level=info msg="Migration successfully executed" id="Add missing dashboard_uid and org_id to star" duration=58.416µs
logger=migrator t=2026-09-30T00:50:57.095162263Z level=info msg="Executing migration" id="create data_source table"
logger=migrator t=2026-09-30T00:50:57.09528593Z level=info msg="Migration successfully executed" id="create data_source table" duration=123.417µs
logger=migrator t=2026-09-30T00:50:57.099214888Z level=info msg="Executing migration" id="add index data_source.account_id"
logger=migrator t=2026-09-30T00:50:57.099369638Z level=info msg="Migration successfully executed" id="add index data_source.account_id" duration=154.417µs
logger=migrator t=2026-09-30T00:50:57.100464555Z level=info msg="Executing migration" id="add unique index data_source.account_id_name"
logger=migrator t=2026-09-30T00:50:57.100552846Z level=info msg="Migration successfully executed" id="add unique index data_source.account_id_name" duration=88.542µs
logger=migrator t=2026-09-30T00:50:57.10148543Z level=info msg="Executing migration" id="drop index IDX_data_source_account_id - v1"
logger=migrator t=2026-09-30T00:50:57.101595471Z level=info msg="Migration successfully executed" id="drop index IDX_data_source_account_id - v1" duration=109.958µs
logger=migrator t=2026-09-30T00:50:57.103345763Z level=info msg="Executing migration" id="drop index UQE_data_source_account_id_name - v1"
logger=migrator t=2026-09-30T00:50:57.103460763Z level=info msg="Migration successfully executed" id="drop index UQE_data_source_account_id_name - v1" duration=114.875µs
logger=migrator t=2026-09-30T00:50:57.106680513Z level=info msg="Executing migration" id="Rename table data_source to data_source_v1 - v1"
logger=migrator t=2026-09-30T00:50:57.107260013Z level=info msg="Migration successfully executed" id="Rename table data_source to data_source_v1 - v1" duration=568.875µs
logger=migrator t=2026-09-30T00:50:57.108673596Z level=info msg="Executing migration" id="create data_source table v2"
logger=migrator t=2026-09-30T00:50:57.10878568Z level=info msg="Migration successfully executed" id="create data_source table v2" duration=113.291µs
logger=migrator t=2026-09-30T00:50:57.109604638Z level=info msg="Executing migration" id="create index IDX_data_source_org_id - v2"
logger=migrator t=2026-09-30T00:50:57.109685013Z level=info msg="Migration successfully executed" id="create index IDX_data_source_org_id - v2" duration=80.333µs
logger=migrator t=2026-09-30T00:50:57.111399055Z level=info msg="Executing migration" id="create index UQE_data_source_org_id_name - v2"
logger=migrator t=2026-09-30T00:50:57.111504346Z level=info msg="Migration successfully executed" id="create index UQE_data_source_org_id_name - v2" duration=105.041µs
logger=migrator t=2026-09-30T00:50:57.112570555Z level=info msg="Executing migration" id="Drop old table data_source_v1 #2"
logger=migrator t=2026-09-30T00:50:57.112653388Z level=info msg="Migration successfully executed" id="Drop old table data_source_v1 #2" duration=82.584µs
logger=migrator t=2026-09-30T00:50:57.113728971Z level=info msg="Executing migration" id="Add column with_credentials"
logger=migrator t=2026-09-30T00:50:57.113965721Z level=info msg="Migration successfully executed" id="Add column with_credentials" duration=237.125µs
logger=migrator t=2026-09-30T00:50:57.114796805Z level=info msg="Executing migration" id="Add secure json data column"
logger=migrator t=2026-09-30T00:50:57.115000388Z level=info msg="Migration successfully executed" id="Add secure json data column" duration=203.625µs
logger=migrator t=2026-09-30T00:50:57.115931763Z level=info msg="Executing migration" id="Update data_source table charset"
logger=migrator t=2026-09-30T00:50:57.115939096Z level=info msg="Migration successfully executed" id="Update data_source table charset" duration=7.459µs
logger=migrator t=2026-09-30T00:50:57.116918388Z level=info msg="Executing migration" id="Update initial version to 1"
logger=migrator t=2026-09-30T00:50:57.116943013Z level=info msg="Migration successfully executed" id="Update initial version to 1" duration=24.791µs
logger=migrator t=2026-09-30T00:50:57.11769318Z level=info msg="Executing migration" id="Add read_only data column"
logger=migrator t=2026-09-30T00:50:57.117923805Z level=info msg="Migration successfully executed" id="Add read_only data column" duration=229.583µs
logger=migrator t=2026-09-30T00:50:57.119228971Z level=info msg="Executing migration" id="Migrate logging ds to loki ds"
logger=migrator t=2026-09-30T00:50:57.11925618Z level=info msg="Migration successfully executed" id="Migrate logging ds to loki ds" duration=27.166µs
logger=migrator t=2026-09-30T00:50:57.120054221Z level=info msg="Executing migration" id="Update json_data with nulls"
logger=migrator t=2026-09-30T00:50:57.120073555Z level=info msg="Migration successfully executed" id="Update json_data with nulls" duration=19.5µs
logger=migrator t=2026-09-30T00:50:57.12081843Z level=info msg="Executing migration" id="Add uid column"
logger=migrator t=2026-09-30T00:50:57.121009596Z level=info msg="Migration successfully executed" id="Add uid column" duration=191.25µs
logger=migrator t=2026-09-30T00:50:57.121689013Z level=info msg="Executing migration" id="Update uid value"
logger=migrator t=2026-09-30T00:50:57.121708263Z level=info msg="Migration successfully executed" id="Update uid value" duration=19.375µs
logger=migrator t=2026-09-30T00:50:57.122538138Z level=info msg="Executing migration" id="Add unique index datasource_org_id_uid"
logger=migrator t=2026-09-30T00:50:57.122620305Z level=info msg="Migration successfully executed" id="Add unique index datasource_org_id_uid" duration=81.709µs
logger=migrator t=2026-09-30T00:50:57.12353993Z level=info msg="Executing migration" id="add unique index datasource_org_id_is_default"
logger=migrator t=2026-09-30T00:50:57.123616346Z level=info msg="Migration successfully executed" id="add unique index datasource_org_id_is_default" duration=76.625µs
logger=migrator t=2026-09-30T00:50:57.124711138Z level=info msg="Executing migration" id="Add is_prunable column"
logger=migrator t=2026-09-30T00:50:57.12497243Z level=info msg="Migration successfully executed" id="Add is_prunable column" duration=260.916µs
logger=migrator t=2026-09-30T00:50:57.125741596Z level=info msg="Executing migration" id="Add api_version column"
logger=migrator t=2026-09-30T00:50:57.125959096Z level=info msg="Migration successfully executed" id="Add api_version column" duration=217.084µs
logger=migrator t=2026-09-30T00:50:57.127317013Z level=info msg="Executing migration" id="Update secure_json_data column to MediumText"
logger=migrator t=2026-09-30T00:50:57.127323346Z level=info msg="Migration successfully executed" id="Update secure_json_data column to MediumText" duration=6.417µs
logger=migrator t=2026-09-30T00:50:57.12808743Z level=info msg="Executing migration" id="Update json_data column to MediumText"
logger=migrator t=2026-09-30T00:50:57.128093805Z level=info msg="Migration successfully executed" id="Update json_data column to MediumText" duration=6.75µs
logger=migrator t=2026-09-30T00:50:57.128941596Z level=info msg="Executing migration" id="create api_key table"
logger=migrator t=2026-09-30T00:50:57.12902268Z level=info msg="Migration successfully executed" id="create api_key table" duration=81.833µs
logger=migrator t=2026-09-30T00:50:57.130334971Z level=info msg="Executing migration" id="add index api_key.account_id"
logger=migrator t=2026-09-30T00:50:57.130406763Z level=info msg="Migration successfully executed" id="add index api_key.account_id" duration=71.833µs
logger=migrator t=2026-09-30T00:50:57.13145393Z level=info msg="Executing migration" id="add index api_key.key"
logger=migrator t=2026-09-30T00:50:57.131536013Z level=info msg="Migration successfully executed" id="add index api_key.key" duration=81.708µs
logger=migrator t=2026-09-30T00:50:57.132384055Z level=info msg="Executing migration" id="add index api_key.account_id_name"
logger=migrator t=2026-09-30T00:50:57.132480096Z level=info msg="Migration successfully executed" id="add index api_key.account_id_name" duration=96.166µs
logger=migrator t=2026-09-30T00:50:57.13409868Z level=info msg="Executing migration" id="drop index IDX_api_key_account_id - v1"
logger=migrator t=2026-09-30T00:50:57.134177763Z level=info msg="Migration successfully executed" id="drop index IDX_api_key_account_id - v1" duration=79.208µs
logger=migrator t=2026-09-30T00:50:57.135052096Z level=info msg="Executing migration" id="drop index UQE_api_key_key - v1"
logger=migrator t=2026-09-30T00:50:57.135138763Z level=info msg="Migration successfully executed" id="drop index UQE_api_key_key - v1" duration=87.333µs
logger=migrator t=2026-09-30T00:50:57.136453346Z level=info msg="Executing migration" id="drop index UQE_api_key_account_id_name - v1"
logger=migrator t=2026-09-30T00:50:57.13652443Z level=info msg="Migration successfully executed" id="drop index UQE_api_key_account_id_name - v1" duration=71.25µs
logger=migrator t=2026-09-30T00:50:57.137672846Z level=info msg="Executing migration" id="Rename table api_key to api_key_v1 - v1"
logger=migrator t=2026-09-30T00:50:57.138269596Z level=info msg="Migration successfully executed" id="Rename table api_key to api_key_v1 - v1" duration=596.208µs
logger=migrator t=2026-09-30T00:50:57.139491305Z level=info msg="Executing migration" id="create api_key table v2"
logger=migrator t=2026-09-30T00:50:57.13955493Z level=info msg="Migration successfully executed" id="create api_key table v2" duration=63.75µs
logger=migrator t=2026-09-30T00:50:57.14045068Z level=info msg="Executing migration" id="create index IDX_api_key_org_id - v2"
logger=migrator t=2026-09-30T00:50:57.140541221Z level=info msg="Migration successfully executed" id="create index IDX_api_key_org_id - v2" duration=90.833µs
logger=migrator t=2026-09-30T00:50:57.141942555Z level=info msg="Executing migration" id="create index UQE_api_key_key - v2"
logger=migrator t=2026-09-30T00:50:57.142028638Z level=info msg="Migration successfully executed" id="create index UQE_api_key_key - v2" duration=86.167µs
logger=migrator t=2026-09-30T00:50:57.142927346Z level=info msg="Executing migration" id="create index UQE_api_key_org_id_name - v2"
logger=migrator t=2026-09-30T00:50:57.142993555Z level=info msg="Migration successfully executed" id="create index UQE_api_key_org_id_name - v2" duration=66.25µs
logger=migrator t=2026-09-30T00:50:57.14406243Z level=info msg="Executing migration" id="copy api_key v1 to v2"
logger=migrator t=2026-09-30T00:50:57.144131346Z level=info msg="Migration successfully executed" id="copy api_key v1 to v2" duration=69.084µs
logger=migrator t=2026-09-30T00:50:57.145405346Z level=info msg="Executing migration" id="Drop old table api_key_v1"
logger=migrator t=2026-09-30T00:50:57.145527263Z level=info msg="Migration successfully executed" id="Drop old table api_key_v1" duration=121.042µs
logger=migrator t=2026-09-30T00:50:57.146453055Z level=info msg="Executing migration" id="Update api_key table charset"
logger=migrator t=2026-09-30T00:50:57.14646593Z level=info msg="Migration successfully executed" id="Update api_key table charset" duration=12.875µs
logger=migrator t=2026-09-30T00:50:57.147485471Z level=info msg="Executing migration" id="Add expires to api_key table"
logger=migrator t=2026-09-30T00:50:57.14772093Z level=info msg="Migration successfully executed" id="Add expires to api_key table" duration=232µs
logger=migrator t=2026-09-30T00:50:57.149572471Z level=info msg="Executing migration" id="Add service account foreign key"
logger=migrator t=2026-09-30T00:50:57.149800055Z level=info msg="Migration successfully executed" id="Add service account foreign key" duration=227.209µs
logger=migrator t=2026-09-30T00:50:57.150723471Z level=info msg="Executing migration" id="set service account foreign key to nil if 0"
logger=migrator t=2026-09-30T00:50:57.150744055Z level=info msg="Migration successfully executed" id="set service account foreign key to nil if 0" duration=20.625µs
logger=migrator t=2026-09-30T00:50:57.151483263Z level=info msg="Executing migration" id="Add last_used_at to api_key table"
logger=migrator t=2026-09-30T00:50:57.151710346Z level=info msg="Migration successfully executed" id="Add last_used_at to api_key table" duration=227.083µs
logger=migrator t=2026-09-30T00:50:57.152576721Z level=info msg="Executing migration" id="Add is_revoked column to api_key table"
logger=migrator t=2026-09-30T00:50:57.152802971Z level=info msg="Migration successfully executed" id="Add is_revoked column to api_key table" duration=225.75µs
logger=migrator t=2026-09-30T00:50:57.15365243Z level=info msg="Executing migration" id="create dashboard_snapshot table v4"
logger=migrator t=2026-09-30T00:50:57.153739055Z level=info msg="Migration successfully executed" id="create dashboard_snapshot table v4" duration=87.042µs
logger=migrator t=2026-09-30T00:50:57.155020221Z level=info msg="Executing migration" id="drop table dashboard_snapshot_v4 #1"
logger=migrator t=2026-09-30T00:50:57.155075721Z level=info msg="Migration successfully executed" id="drop table dashboard_snapshot_v4 #1" duration=55.625µs
logger=migrator t=2026-09-30T00:50:57.15605118Z level=info msg="Executing migration" id="create dashboard_snapshot table v5 #2"
logger=migrator t=2026-09-30T00:50:57.156129013Z level=info msg="Migration successfully executed" id="create dashboard_snapshot table v5 #2" duration=77.542µs
logger=migrator t=2026-09-30T00:50:57.156967513Z level=info msg="Executing migration" id="create index UQE_dashboard_snapshot_key - v5"
logger=migrator t=2026-09-30T00:50:57.157085388Z level=info msg="Migration successfully executed" id="create index UQE_dashboard_snapshot_key - v5" duration=117.625µs
logger=migrator t=2026-09-30T00:50:57.158132388Z level=info msg="Executing migration" id="create index UQE_dashboard_snapshot_delete_key - v5"
logger=migrator t=2026-09-30T00:50:57.158207555Z level=info msg="Migration successfully executed" id="create index UQE_dashboard_snapshot_delete_key - v5" duration=75.333µs
logger=migrator t=2026-09-30T00:50:57.159227221Z level=info msg="Executing migration" id="create index IDX_dashboard_snapshot_user_id - v5"
logger=migrator t=2026-09-30T00:50:57.15931618Z level=info msg="Migration successfully executed" id="create index IDX_dashboard_snapshot_user_id - v5" duration=89.083µs
logger=migrator t=2026-09-30T00:50:57.16122168Z level=info msg="Executing migration" id="alter dashboard_snapshot to mediumtext v2"
logger=migrator t=2026-09-30T00:50:57.161227596Z level=info msg="Migration successfully executed" id="alter dashboard_snapshot to mediumtext v2" duration=6.25µs
logger=migrator t=2026-09-30T00:50:57.162075388Z level=info msg="Executing migration" id="Update dashboard_snapshot table charset"
logger=migrator t=2026-09-30T00:50:57.162082763Z level=info msg="Migration successfully executed" id="Update dashboard_snapshot table charset" duration=7.458µs
logger=migrator t=2026-09-30T00:50:57.163341471Z level=info msg="Executing migration" id="Add column external_delete_url to dashboard_snapshots table"
logger=migrator t=2026-09-30T00:50:57.163598221Z level=info msg="Migration successfully executed" id="Add column external_delete_url to dashboard_snapshots table" duration=256.417µs
logger=migrator t=2026-09-30T00:50:57.164397221Z level=info msg="Executing migration" id="Add encrypted dashboard json column"
logger=migrator t=2026-09-30T00:50:57.164614638Z level=info msg="Migration successfully executed" id="Add encrypted dashboard json column" duration=217.375µs
logger=migrator t=2026-09-30T00:50:57.165712096Z level=info msg="Executing migration" id="Change dashboard_encrypted column to MEDIUMBLOB"
logger=migrator t=2026-09-30T00:50:57.165718763Z level=info msg="Migration successfully executed" id="Change dashboard_encrypted column to MEDIUMBLOB" duration=6.708µs
logger=migrator t=2026-09-30T00:50:57.16646743Z level=info msg="Executing migration" id="create quota table v1"
logger=migrator t=2026-09-30T00:50:57.16654218Z level=info msg="Migration successfully executed" id="create quota table v1" duration=75.417µs
logger=migrator t=2026-09-30T00:50:57.167481971Z level=info msg="Executing migration" id="create index UQE_quota_org_id_user_id_target - v1"
logger=migrator t=2026-09-30T00:50:57.167570388Z level=info msg="Migration successfully executed" id="create index UQE_quota_org_id_user_id_target - v1" duration=88.459µs
logger=migrator t=2026-09-30T00:50:57.168720971Z level=info msg="Executing migration" id="Update quota table charset"
logger=migrator t=2026-09-30T00:50:57.168729596Z level=info msg="Migration successfully executed" id="Update quota table charset" duration=8.625µs
logger=migrator t=2026-09-30T00:50:57.169794013Z level=info msg="Executing migration" id="create plugin_setting table"
logger=migrator t=2026-09-30T00:50:57.169875888Z level=info msg="Migration successfully executed" id="create plugin_setting table" duration=81.5µs
logger=migrator t=2026-09-30T00:50:57.171024055Z level=info msg="Executing migration" id="create index UQE_plugin_setting_org_id_plugin_id - v1"
logger=migrator t=2026-09-30T00:50:57.171119888Z level=info msg="Migration successfully executed" id="create index UQE_plugin_setting_org_id_plugin_id - v1" duration=96.708µs
logger=migrator t=2026-09-30T00:50:57.172036846Z level=info msg="Executing migration" id="Add column plugin_version to plugin_settings"
logger=migrator t=2026-09-30T00:50:57.172262805Z level=info msg="Migration successfully executed" id="Add column plugin_version to plugin_settings" duration=226.167µs
logger=migrator t=2026-09-30T00:50:57.173455888Z level=info msg="Executing migration" id="Update plugin_setting table charset"
logger=migrator t=2026-09-30T00:50:57.173462971Z level=info msg="Migration successfully executed" id="Update plugin_setting table charset" duration=7.208µs
logger=migrator t=2026-09-30T00:50:57.174491305Z level=info msg="Executing migration" id="update NULL org_id to 1"
logger=migrator t=2026-09-30T00:50:57.17451843Z level=info msg="Migration successfully executed" id="update NULL org_id to 1" duration=27.375µs
logger=migrator t=2026-09-30T00:50:57.175153805Z level=info msg="Executing migration" id="make org_id NOT NULL and DEFAULT VALUE 1"
logger=migrator t=2026-09-30T00:50:57.175930138Z level=info msg="Migration successfully executed" id="make org_id NOT NULL and DEFAULT VALUE 1" duration=776.041µs
logger=migrator t=2026-09-30T00:50:57.17701618Z level=info msg="Executing migration" id="create session table"
logger=migrator t=2026-09-30T00:50:57.177078346Z level=info msg="Migration successfully executed" id="create session table" duration=62.792µs
logger=migrator t=2026-09-30T00:50:57.177909721Z level=info msg="Executing migration" id="drop preferences table v2"
logger=migrator t=2026-09-30T00:50:57.177925055Z level=info msg="Migration successfully executed" id="drop preferences table v2" duration=15.5µs
logger=migrator t=2026-09-30T00:50:57.17902243Z level=info msg="Executing migration" id="drop preferences table v3"
logger=migrator t=2026-09-30T00:50:57.179038555Z level=info msg="Migration successfully executed" id="drop preferences table v3" duration=16.25µs
logger=migrator t=2026-09-30T00:50:57.17974043Z level=info msg="Executing migration" id="create preferences table v3"
logger=migrator t=2026-09-30T00:50:57.179829138Z level=info msg="Migration successfully executed" id="create preferences table v3" duration=91.5µs
logger=migrator t=2026-09-30T00:50:57.180969221Z level=info msg="Executing migration" id="Update preferences table charset"
logger=migrator t=2026-09-30T00:50:57.180976096Z level=info msg="Migration successfully executed" id="Update preferences table charset" duration=7.541µs
logger=migrator t=2026-09-30T00:50:57.181891221Z level=info msg="Executing migration" id="Add column team_id in preferences"
logger=migrator t=2026-09-30T00:50:57.182135013Z level=info msg="Migration successfully executed" id="Add column team_id in preferences" duration=243.75µs
logger=migrator t=2026-09-30T00:50:57.183563013Z level=info msg="Executing migration" id="Update team_id column values in preferences"
logger=migrator t=2026-09-30T00:50:57.183582263Z level=info msg="Migration successfully executed" id="Update team_id column values in preferences" duration=19.375µs
logger=migrator t=2026-09-30T00:50:57.184471638Z level=info msg="Executing migration" id="Add column week_start in preferences"
logger=migrator t=2026-09-30T00:50:57.184729721Z level=info msg="Migration successfully executed" id="Add column week_start in preferences" duration=258.208µs
logger=migrator t=2026-09-30T00:50:57.185476638Z level=info msg="Executing migration" id="Add column preferences.json_data"
logger=migrator t=2026-09-30T00:50:57.18573543Z level=info msg="Migration successfully executed" id="Add column preferences.json_data" duration=261.5µs
logger=migrator t=2026-09-30T00:50:57.186688971Z level=info msg="Executing migration" id="alter preferences.json_data to mediumtext v1"
logger=migrator t=2026-09-30T00:50:57.186695263Z level=info msg="Migration successfully executed" id="alter preferences.json_data to mediumtext v1" duration=6.5µs
logger=migrator t=2026-09-30T00:50:57.187485055Z level=info msg="Executing migration" id="Add preferences index org_id"
logger=migrator t=2026-09-30T00:50:57.187618221Z level=info msg="Migration successfully executed" id="Add preferences index org_id" duration=133.375µs
logger=migrator t=2026-09-30T00:50:57.189088221Z level=info msg="Executing migration" id="Add preferences index user_id"
logger=migrator t=2026-09-30T00:50:57.189167721Z level=info msg="Migration successfully executed" id="Add preferences index user_id" duration=79.75µs
logger=migrator t=2026-09-30T00:50:57.190035471Z level=info msg="Executing migration" id="Add home_dashboard_uid column to preferences table"
logger=migrator t=2026-09-30T00:50:57.190292055Z level=info msg="Migration successfully executed" id="Add home_dashboard_uid column to preferences table" duration=256.75µs
logger=migrator t=2026-09-30T00:50:57.190971096Z level=info msg="Executing migration" id="Add missing dashboard_uid to preferences table"
logger=migrator t=2026-09-30T00:50:57.191005513Z level=info msg="Migration successfully executed" id="Add missing dashboard_uid to preferences table" duration=33.75µs
logger=migrator t=2026-09-30T00:50:57.191658471Z level=info msg="Executing migration" id="create alert table v1"
logger=migrator t=2026-09-30T00:50:57.191751138Z level=info msg="Migration successfully executed" id="create alert table v1" duration=92.541µs
logger=migrator t=2026-09-30T00:50:57.192695305Z level=info msg="Executing migration" id="add index alert org_id & id "
logger=migrator t=2026-09-30T00:50:57.192768138Z level=info msg="Migration successfully executed" id="add index alert org_id & id " duration=72.958µs
logger=migrator t=2026-09-30T00:50:57.194516805Z level=info msg="Executing migration" id="add index alert state"
logger=migrator t=2026-09-30T00:50:57.194586763Z level=info msg="Migration successfully executed" id="add index alert state" duration=69.916µs
logger=migrator t=2026-09-30T00:50:57.195423471Z level=info msg="Executing migration" id="add index alert dashboard_id"
logger=migrator t=2026-09-30T00:50:57.19550368Z level=info msg="Migration successfully executed" id="add index alert dashboard_id" duration=80.291µs
logger=migrator t=2026-09-30T00:50:57.19644793Z level=info msg="Executing migration" id="Create alert_rule_tag table v1"
logger=migrator t=2026-09-30T00:50:57.196517263Z level=info msg="Migration successfully executed" id="Create alert_rule_tag table v1" duration=63.083µs
logger=migrator t=2026-09-30T00:50:57.197375763Z level=info msg="Executing migration" id="Add unique index alert_rule_tag.alert_id_tag_id"
logger=migrator t=2026-09-30T00:50:57.197452763Z level=info msg="Migration successfully executed" id="Add unique index alert_rule_tag.alert_id_tag_id" duration=77µs
logger=migrator t=2026-09-30T00:50:57.198533138Z level=info msg="Executing migration" id="drop index UQE_alert_rule_tag_alert_id_tag_id - v1"
logger=migrator t=2026-09-30T00:50:57.198604596Z level=info msg="Migration successfully executed" id="drop index UQE_alert_rule_tag_alert_id_tag_id - v1" duration=71.333µs
logger=migrator t=2026-09-30T00:50:57.199970096Z level=info msg="Executing migration" id="Rename table alert_rule_tag to alert_rule_tag_v1 - v1"
logger=migrator t=2026-09-30T00:50:57.200658721Z level=info msg="Migration successfully executed" id="Rename table alert_rule_tag to alert_rule_tag_v1 - v1" duration=688.583µs
logger=migrator t=2026-09-30T00:50:57.201573346Z level=info msg="Executing migration" id="Create alert_rule_tag table v2"
logger=migrator t=2026-09-30T00:50:57.201629471Z level=info msg="Migration successfully executed" id="Create alert_rule_tag table v2" duration=56.25µs
logger=migrator t=2026-09-30T00:50:57.202447263Z level=info msg="Executing migration" id="create index UQE_alert_rule_tag_alert_id_tag_id - Add unique index alert_rule_tag.alert_id_tag_id V2"
logger=migrator t=2026-09-30T00:50:57.202524971Z level=info msg="Migration successfully executed" id="create index UQE_alert_rule_tag_alert_id_tag_id - Add unique index alert_rule_tag.alert_id_tag_id V2" duration=77.625µs
logger=migrator t=2026-09-30T00:50:57.203548471Z level=info msg="Executing migration" id="copy alert_rule_tag v1 to v2"
logger=migrator t=2026-09-30T00:50:57.203594138Z level=info msg="Migration successfully executed" id="copy alert_rule_tag v1 to v2" duration=45.417µs
logger=migrator t=2026-09-30T00:50:57.204493721Z level=info msg="Executing migration" id="drop table alert_rule_tag_v1"
logger=migrator t=2026-09-30T00:50:57.204553013Z level=info msg="Migration successfully executed" id="drop table alert_rule_tag_v1" duration=59.166µs
logger=migrator t=2026-09-30T00:50:57.205873263Z level=info msg="Executing migration" id="create alert_notification table v1"
logger=migrator t=2026-09-30T00:50:57.205933805Z level=info msg="Migration successfully executed" id="create alert_notification table v1" duration=59.959µs
logger=migrator t=2026-09-30T00:50:57.206735138Z level=info msg="Executing migration" id="Add column is_default"
logger=migrator t=2026-09-30T00:50:57.206987846Z level=info msg="Migration successfully executed" id="Add column is_default" duration=252.875µs
logger=migrator t=2026-09-30T00:50:57.208189471Z level=info msg="Executing migration" id="Add column frequency"
logger=migrator t=2026-09-30T00:50:57.208455513Z level=info msg="Migration successfully executed" id="Add column frequency" duration=266.083µs
logger=migrator t=2026-09-30T00:50:57.209357763Z level=info msg="Executing migration" id="Add column send_reminder"
logger=migrator t=2026-09-30T00:50:57.20960943Z level=info msg="Migration successfully executed" id="Add column send_reminder" duration=251.75µs
logger=migrator t=2026-09-30T00:50:57.210463096Z level=info msg="Executing migration" id="Add column disable_resolve_message"
logger=migrator t=2026-09-30T00:50:57.210741346Z level=info msg="Migration successfully executed" id="Add column disable_resolve_message" duration=278.375µs
logger=migrator t=2026-09-30T00:50:57.21171693Z level=info msg="Executing migration" id="add index alert_notification org_id & name"
logger=migrator t=2026-09-30T00:50:57.211785221Z level=info msg="Migration successfully executed" id="add index alert_notification org_id & name" duration=67.791µs
logger=migrator t=2026-09-30T00:50:57.213544221Z level=info msg="Executing migration" id="Update alert table charset"
logger=migrator t=2026-09-30T00:50:57.21355143Z level=info msg="Migration successfully executed" id="Update alert table charset" duration=7.416µs
logger=migrator t=2026-09-30T00:50:57.214712221Z level=info msg="Executing migration" id="Update alert_notification table charset"
logger=migrator t=2026-09-30T00:50:57.214728471Z level=info msg="Migration successfully executed" id="Update alert_notification table charset" duration=16.208µs
logger=migrator t=2026-09-30T00:50:57.215755638Z level=info msg="Executing migration" id="create notification_journal table v1"
logger=migrator t=2026-09-30T00:50:57.215821346Z level=info msg="Migration successfully executed" id="create notification_journal table v1" duration=65.75µs
logger=migrator t=2026-09-30T00:50:57.216778971Z level=info msg="Executing migration" id="add index notification_journal org_id & alert_id & notifier_id"
logger=migrator t=2026-09-30T00:50:57.216856513Z level=info msg="Migration successfully executed" id="add index notification_journal org_id & alert_id & notifier_id" duration=77.666µs
logger=migrator t=2026-09-30T00:50:57.217851221Z level=info msg="Executing migration" id="drop alert_notification_journal"
logger=migrator t=2026-09-30T00:50:57.217951263Z level=info msg="Migration successfully executed" id="drop alert_notification_journal" duration=99.708µs
logger=migrator t=2026-09-30T00:50:57.218755513Z level=info msg="Executing migration" id="create alert_notification_state table v1"
logger=migrator t=2026-09-30T00:50:57.218817721Z level=info msg="Migration successfully executed" id="create alert_notification_state table v1" duration=62.25µs
logger=migrator t=2026-09-30T00:50:57.220217055Z level=info msg="Executing migration" id="add index alert_notification_state org_id & alert_id & notifier_id"
logger=migrator t=2026-09-30T00:50:57.220304805Z level=info msg="Migration successfully executed" id="add index alert_notification_state org_id & alert_id & notifier_id" duration=87.792µs
logger=migrator t=2026-09-30T00:50:57.221133471Z level=info msg="Executing migration" id="Add for to alert table"
logger=migrator t=2026-09-30T00:50:57.22144318Z level=info msg="Migration successfully executed" id="Add for to alert table" duration=309.667µs
logger=migrator t=2026-09-30T00:50:57.22235968Z level=info msg="Executing migration" id="Add column uid in alert_notification"
logger=migrator t=2026-09-30T00:50:57.222653096Z level=info msg="Migration successfully executed" id="Add column uid in alert_notification" duration=292.375µs
logger=migrator t=2026-09-30T00:50:57.22347443Z level=info msg="Executing migration" id="Update uid column values in alert_notification"
logger=migrator t=2026-09-30T00:50:57.223501721Z level=info msg="Migration successfully executed" id="Update uid column values in alert_notification" duration=27.042µs
logger=migrator t=2026-09-30T00:50:57.224361721Z level=info msg="Executing migration" id="Add unique index alert_notification_org_id_uid"
logger=migrator t=2026-09-30T00:50:57.224456513Z level=info msg="Migration successfully executed" id="Add unique index alert_notification_org_id_uid" duration=94.625µs
logger=migrator t=2026-09-30T00:50:57.226057555Z level=info msg="Executing migration" id="Remove unique index org_id_name"
logger=migrator t=2026-09-30T00:50:57.226145055Z level=info msg="Migration successfully executed" id="Remove unique index org_id_name" duration=87.166µs
logger=migrator t=2026-09-30T00:50:57.226895346Z level=info msg="Executing migration" id="Add column secure_settings in alert_notification"
logger=migrator t=2026-09-30T00:50:57.227154096Z level=info msg="Migration successfully executed" id="Add column secure_settings in alert_notification" duration=258.875µs
logger=migrator t=2026-09-30T00:50:57.227798513Z level=info msg="Executing migration" id="alter alert.settings to mediumtext"
logger=migrator t=2026-09-30T00:50:57.227804096Z level=info msg="Migration successfully executed" id="alter alert.settings to mediumtext" duration=5.792µs
logger=migrator t=2026-09-30T00:50:57.229042763Z level=info msg="Executing migration" id="Add non-unique index alert_notification_state_alert_id"
logger=migrator t=2026-09-30T00:50:57.229141846Z level=info msg="Migration successfully executed" id="Add non-unique index alert_notification_state_alert_id" duration=98.917µs
logger=migrator t=2026-09-30T00:50:57.22996893Z level=info msg="Executing migration" id="Add non-unique index alert_rule_tag_alert_id"
logger=migrator t=2026-09-30T00:50:57.230038346Z level=info msg="Migration successfully executed" id="Add non-unique index alert_rule_tag_alert_id" duration=69.416µs
logger=migrator t=2026-09-30T00:50:57.230936805Z level=info msg="Executing migration" id="Drop old annotation table v4"
logger=migrator t=2026-09-30T00:50:57.230951846Z level=info msg="Migration successfully executed" id="Drop old annotation table v4" duration=15.583µs
logger=migrator t=2026-09-30T00:50:57.231955138Z level=info msg="Executing migration" id="create annotation table v5"
logger=migrator t=2026-09-30T00:50:57.232038555Z level=info msg="Migration successfully executed" id="create annotation table v5" duration=83.583µs
logger=migrator t=2026-09-30T00:50:57.233112638Z level=info msg="Executing migration" id="add index annotation 0 v3"
logger=migrator t=2026-09-30T00:50:57.233181055Z level=info msg="Migration successfully executed" id="add index annotation 0 v3" duration=68.625µs
logger=migrator t=2026-09-30T00:50:57.234142846Z level=info msg="Executing migration" id="add index annotation 1 v3"
logger=migrator t=2026-09-30T00:50:57.23422893Z level=info msg="Migration successfully executed" id="add index annotation 1 v3" duration=85.917µs
logger=migrator t=2026-09-30T00:50:57.235390721Z level=info msg="Executing migration" id="add index annotation 2 v3"
logger=migrator t=2026-09-30T00:50:57.235478388Z level=info msg="Migration successfully executed" id="add index annotation 2 v3" duration=87.709µs
logger=migrator t=2026-09-30T00:50:57.237433138Z level=info msg="Executing migration" id="add index annotation 3 v3"
logger=migrator t=2026-09-30T00:50:57.237578888Z level=info msg="Migration successfully executed" id="add index annotation 3 v3" duration=145.541µs
logger=migrator t=2026-09-30T00:50:57.239291555Z level=info msg="Executing migration" id="add index annotation 4 v3"
logger=migrator t=2026-09-30T00:50:57.239422138Z level=info msg="Migration successfully executed" id="add index annotation 4 v3" duration=130.416µs
logger=migrator t=2026-09-30T00:50:57.241070721Z level=info msg="Executing migration" id="Update annotation table charset"
logger=migrator t=2026-09-30T00:50:57.241083305Z level=info msg="Migration successfully executed" id="Update annotation table charset" duration=13.708µs
logger=migrator t=2026-09-30T00:50:57.242075138Z level=info msg="Executing migration" id="Add column region_id to annotation table"
logger=migrator t=2026-09-30T00:50:57.242402721Z level=info msg="Migration successfully executed" id="Add column region_id to annotation table" duration=322.625µs
logger=migrator t=2026-09-30T00:50:57.244003263Z level=info msg="Executing migration" id="Drop category_id index"
logger=migrator t=2026-09-30T00:50:57.244095971Z level=info msg="Migration successfully executed" id="Drop category_id index" duration=92.5µs
logger=migrator t=2026-09-30T00:50:57.24514368Z level=info msg="Executing migration" id="Add column tags to annotation table"
logger=migrator t=2026-09-30T00:50:57.245446763Z level=info msg="Migration successfully executed" id="Add column tags to annotation table" duration=302.792µs
logger=migrator t=2026-09-30T00:50:57.24630718Z level=info msg="Executing migration" id="Create annotation_tag table v2"
logger=migrator t=2026-09-30T00:50:57.24638068Z level=info msg="Migration successfully executed" id="Create annotation_tag table v2" duration=73.375µs
logger=migrator t=2026-09-30T00:50:57.247545305Z level=info msg="Executing migration" id="Add unique index annotation_tag.annotation_id_tag_id"
logger=migrator t=2026-09-30T00:50:57.247651888Z level=info msg="Migration successfully executed" id="Add unique index annotation_tag.annotation_id_tag_id" duration=106.459µs
logger=migrator t=2026-09-30T00:50:57.24853218Z level=info msg="Executing migration" id="drop index UQE_annotation_tag_annotation_id_tag_id - v2"
logger=migrator t=2026-09-30T00:50:57.24861568Z level=info msg="Migration successfully executed" id="drop index UQE_annotation_tag_annotation_id_tag_id - v2" duration=82.792µs
logger=migrator t=2026-09-30T00:50:57.24949943Z level=info msg="Executing migration" id="Rename table annotation_tag to annotation_tag_v2 - v2"
logger=migrator t=2026-09-30T00:50:57.250321555Z level=info msg="Migration successfully executed" id="Rename table annotation_tag to annotation_tag_v2 - v2" duration=821.792µs
logger=migrator t=2026-09-30T00:50:57.252602096Z level=info msg="Executing migration" id="Create annotation_tag table v3"
logger=migrator t=2026-09-30T00:50:57.252715305Z level=info msg="Migration successfully executed" id="Create annotation_tag table v3" duration=113.125µs
logger=migrator t=2026-09-30T00:50:57.255136805Z level=info msg="Executing migration" id="create index UQE_annotation_tag_annotation_id_tag_id - Add unique index annotation_tag.annotation_id_tag_id V3"
logger=migrator t=2026-09-30T00:50:57.255315971Z level=info msg="Migration successfully executed" id="create index UQE_annotation_tag_annotation_id_tag_id - Add unique index annotation_tag.annotation_id_tag_id V3" duration=179.459µs
logger=migrator t=2026-09-30T00:50:57.256377388Z level=info msg="Executing migration" id="copy annotation_tag v2 to v3"
logger=migrator t=2026-09-30T00:50:57.256442263Z level=info msg="Migration successfully executed" id="copy annotation_tag v2 to v3" duration=64.75µs
logger=migrator t=2026-09-30T00:50:57.257290221Z level=info msg="Executing migration" id="drop table annotation_tag_v2"
logger=migrator t=2026-09-30T00:50:57.257393388Z level=info msg="Migration successfully executed" id="drop table annotation_tag_v2" duration=97.584µs
logger=migrator t=2026-09-30T00:50:57.258434721Z level=info msg="Executing migration" id="Update alert annotations and set TEXT to empty"
logger=migrator t=2026-09-30T00:50:57.258465221Z level=info msg="Migration successfully executed" id="Update alert annotations and set TEXT to empty" duration=30.667µs
logger=migrator t=2026-09-30T00:50:57.259210596Z level=info msg="Executing migration" id="Add created time to annotation table"
logger=migrator t=2026-09-30T00:50:57.259584388Z level=info msg="Migration successfully executed" id="Add created time to annotation table" duration=376.084µs
logger=migrator t=2026-09-30T00:50:57.261126596Z level=info msg="Executing migration" id="Add updated time to annotation table"
logger=migrator t=2026-09-30T00:50:57.261563096Z level=info msg="Migration successfully executed" id="Add updated time to annotation table" duration=436.542µs
logger=migrator t=2026-09-30T00:50:57.262617596Z level=info msg="Executing migration" id="Add index for created in annotation table"
logger=migrator t=2026-09-30T00:50:57.262734805Z level=info msg="Migration successfully executed" id="Add index for created in annotation table" duration=117µs
logger=migrator t=2026-09-30T00:50:57.263718638Z level=info msg="Executing migration" id="Add index for updated in annotation table"
logger=migrator t=2026-09-30T00:50:57.26380618Z level=info msg="Migration successfully executed" id="Add index for updated in annotation table" duration=87.667µs
logger=migrator t=2026-09-30T00:50:57.264814638Z level=info msg="Executing migration" id="Convert existing annotations from seconds to milliseconds"
logger=migrator t=2026-09-30T00:50:57.264850513Z level=info msg="Migration successfully executed" id="Convert existing annotations from seconds to milliseconds" duration=35.75µs
logger=migrator t=2026-09-30T00:50:57.266160138Z level=info msg="Executing migration" id="Add epoch_end column"
logger=migrator t=2026-09-30T00:50:57.26659968Z level=info msg="Migration successfully executed" id="Add epoch_end column" duration=439.792µs
logger=migrator t=2026-09-30T00:50:57.268081138Z level=info msg="Executing migration" id="Add index for epoch_end"
logger=migrator t=2026-09-30T00:50:57.268235096Z level=info msg="Migration successfully executed" id="Add index for epoch_end" duration=154µs
logger=migrator t=2026-09-30T00:50:57.26920768Z level=info msg="Executing migration" id="Make epoch_end the same as epoch"
logger=migrator t=2026-09-30T00:50:57.269238971Z level=info msg="Migration successfully executed" id="Make epoch_end the same as epoch" duration=31.542µs
logger=migrator t=2026-09-30T00:50:57.270245596Z level=info msg="Executing migration" id="Move region to single row"
logger=migrator t=2026-09-30T00:50:57.27031843Z level=info msg="Migration successfully executed" id="Move region to single row" duration=72.542µs
logger=migrator t=2026-09-30T00:50:57.271745096Z level=info msg="Executing migration" id="Remove index org_id_epoch from annotation table"
logger=migrator t=2026-09-30T00:50:57.271904221Z level=info msg="Migration successfully executed" id="Remove index org_id_epoch from annotation table" duration=159.167µs
logger=migrator t=2026-09-30T00:50:57.272881388Z level=info msg="Executing migration" id="Remove index org_id_dashboard_id_panel_id_epoch from annotation table"
logger=migrator t=2026-09-30T00:50:57.273006055Z level=info msg="Migration successfully executed" id="Remove index org_id_dashboard_id_panel_id_epoch from annotation table" duration=124.75µs
logger=migrator t=2026-09-30T00:50:57.274237305Z level=info msg="Executing migration" id="Add index for org_id_dashboard_id_epoch_end_epoch on annotation table"
logger=migrator t=2026-09-30T00:50:57.27436568Z level=info msg="Migration successfully executed" id="Add index for org_id_dashboard_id_epoch_end_epoch on annotation table" duration=128.083µs
logger=migrator t=2026-09-30T00:50:57.275318055Z level=info msg="Executing migration" id="Add index for org_id_epoch_end_epoch on annotation table"
logger=migrator t=2026-09-30T00:50:57.275428888Z level=info msg="Migration successfully executed" id="Add index for org_id_epoch_end_epoch on annotation table" duration=110.792µs
logger=migrator t=2026-09-30T00:50:57.276395971Z level=info msg="Executing migration" id="Remove index org_id_epoch_epoch_end from annotation table"
logger=migrator t=2026-09-30T00:50:57.276488138Z level=info msg="Migration successfully executed" id="Remove index org_id_epoch_epoch_end from annotation table" duration=92.167µs
logger=migrator t=2026-09-30T00:50:57.277566846Z level=info msg="Executing migration" id="Add index for alert_id on annotation table"
logger=migrator t=2026-09-30T00:50:57.27768293Z level=info msg="Migration successfully executed" id="Add index for alert_id on annotation table" duration=116.25µs
logger=migrator t=2026-09-30T00:50:57.279015555Z level=info msg="Executing migration" id="Increase tags column to length 4096"
logger=migrator t=2026-09-30T00:50:57.279022263Z level=info msg="Migration successfully executed" id="Increase tags column to length 4096" duration=7µs
logger=migrator t=2026-09-30T00:50:57.279822346Z level=info msg="Executing migration" id="Increase prev_state column to length 40 not null"
logger=migrator t=2026-09-30T00:50:57.279830805Z level=info msg="Migration successfully executed" id="Increase prev_state column to length 40 not null" duration=8.583µs
logger=migrator t=2026-09-30T00:50:57.280962013Z level=info msg="Executing migration" id="Increase new_state column to length 40 not null"
logger=migrator t=2026-09-30T00:50:57.280968846Z level=info msg="Migration successfully executed" id="Increase new_state column to length 40 not null" duration=7.083µs
logger=migrator t=2026-09-30T00:50:57.282241471Z level=info msg="Executing migration" id="Add dashboard_uid column to annotation table"
logger=migrator t=2026-09-30T00:50:57.282700888Z level=info msg="Migration successfully executed" id="Add dashboard_uid column to annotation table" duration=459.417µs
logger=migrator t=2026-09-30T00:50:57.283800346Z level=info msg="Executing migration" id="Add missing dashboard_uid to annotation table"
logger=migrator t=2026-09-30T00:50:57.283812846Z level=info msg="Starting batched dashboard_uid migration for annotations (newest first)" batchSize=5000
logger=migrator t=2026-09-30T00:50:57.283922555Z level=info msg="Completed dashboard_uid migration for annotations" totalUpdated=0
logger=migrator t=2026-09-30T00:50:57.283936263Z level=info msg="Migration successfully executed" id="Add missing dashboard_uid to annotation table" duration=135.875µs
logger=migrator t=2026-09-30T00:50:57.28611268Z level=info msg="Executing migration" id="create test_data table"
logger=migrator t=2026-09-30T00:50:57.286242721Z level=info msg="Migration successfully executed" id="create test_data table" duration=131.083µs
logger=migrator t=2026-09-30T00:50:57.28833593Z level=info msg="Executing migration" id="create dashboard_version table v1"
logger=migrator t=2026-09-30T00:50:57.288458721Z level=info msg="Migration successfully executed" id="create dashboard_version table v1" duration=123.166µs
logger=migrator t=2026-09-30T00:50:57.289421096Z level=info msg="Executing migration" id="add index dashboard_version.dashboard_id"
logger=migrator t=2026-09-30T00:50:57.289541388Z level=info msg="Migration successfully executed" id="add index dashboard_version.dashboard_id" duration=122µs
logger=migrator t=2026-09-30T00:50:57.291360555Z level=info msg="Executing migration" id="add unique index dashboard_version.dashboard_id and dashboard_version.version"
logger=migrator t=2026-09-30T00:50:57.291464346Z level=info msg="Migration successfully executed" id="add unique index dashboard_version.dashboard_id and dashboard_version.version" duration=103.875µs
logger=migrator t=2026-09-30T00:50:57.292343221Z level=info msg="Executing migration" id="Set dashboard version to 1 where 0"
logger=migrator t=2026-09-30T00:50:57.292375846Z level=info msg="Migration successfully executed" id="Set dashboard version to 1 where 0" duration=33.875µs
logger=migrator t=2026-09-30T00:50:57.29337368Z level=info msg="Executing migration" id="save existing dashboard data in dashboard_version table v1"
logger=migrator t=2026-09-30T00:50:57.293448013Z level=info msg="Migration successfully executed" id="save existing dashboard data in dashboard_version table v1" duration=79.208µs
logger=migrator t=2026-09-30T00:50:57.294622638Z level=info msg="Executing migration" id="alter dashboard_version.data to mediumtext v1"
logger=migrator t=2026-09-30T00:50:57.294629055Z level=info msg="Migration successfully executed" id="alter dashboard_version.data to mediumtext v1" duration=6.625µs
logger=migrator t=2026-09-30T00:50:57.295355471Z level=info msg="Executing migration" id="Add apiVersion for dashboard_version"
logger=migrator t=2026-09-30T00:50:57.295768638Z level=info msg="Migration successfully executed" id="Add apiVersion for dashboard_version" duration=412.833µs
logger=migrator t=2026-09-30T00:50:57.297008471Z level=info msg="Executing migration" id="create team table"
logger=migrator t=2026-09-30T00:50:57.297115221Z level=info msg="Migration successfully executed" id="create team table" duration=106.417µs
logger=migrator t=2026-09-30T00:50:57.298187388Z level=info msg="Executing migration" id="add index team.org_id"
logger=migrator t=2026-09-30T00:50:57.298328263Z level=info msg="Migration successfully executed" id="add index team.org_id" duration=136.625µs
logger=migrator t=2026-09-30T00:50:57.303888846Z level=info msg="Executing migration" id="add unique index team_org_id_name"
logger=migrator t=2026-09-30T00:50:57.304129805Z level=info msg="Migration successfully executed" id="add unique index team_org_id_name" duration=241.542µs
logger=migrator t=2026-09-30T00:50:57.305301596Z level=info msg="Executing migration" id="Add column uid in team"
logger=migrator t=2026-09-30T00:50:57.305725846Z level=info msg="Migration successfully executed" id="Add column uid in team" duration=424.167µs
logger=migrator t=2026-09-30T00:50:57.306983555Z level=info msg="Executing migration" id="Update uid column values in team"
logger=migrator t=2026-09-30T00:50:57.307016513Z level=info msg="Migration successfully executed" id="Update uid column values in team" duration=33.083µs
logger=migrator t=2026-09-30T00:50:57.307845263Z level=info msg="Executing migration" id="Add unique index team_org_id_uid"
logger=migrator t=2026-09-30T00:50:57.307952805Z level=info msg="Migration successfully executed" id="Add unique index team_org_id_uid" duration=107.167µs
logger=migrator t=2026-09-30T00:50:57.308796846Z level=info msg="Executing migration" id="Add column external_uid in team"
logger=migrator t=2026-09-30T00:50:57.30916518Z level=info msg="Migration successfully executed" id="Add column external_uid in team" duration=368.084µs
logger=migrator t=2026-09-30T00:50:57.311199888Z level=info msg="Executing migration" id="Add column is_provisioned in team"
logger=migrator t=2026-09-30T00:50:57.31157918Z level=info msg="Migration successfully executed" id="Add column is_provisioned in team" duration=379.042µs
logger=migrator t=2026-09-30T00:50:57.312476596Z level=info msg="Executing migration" id="create team member table"
logger=migrator t=2026-09-30T00:50:57.312564888Z level=info msg="Migration successfully executed" id="create team member table" duration=88.875µs
logger=migrator t=2026-09-30T00:50:57.313517763Z level=info msg="Executing migration" id="add index team_member.org_id"
logger=migrator t=2026-09-30T00:50:57.313609096Z level=info msg="Migration successfully executed" id="add index team_member.org_id" duration=91µs
logger=migrator t=2026-09-30T00:50:57.314516305Z level=info msg="Executing migration" id="add unique index team_member_org_id_team_id_user_id"
logger=migrator t=2026-09-30T00:50:57.314614638Z level=info msg="Migration successfully executed" id="add unique index team_member_org_id_team_id_user_id" duration=98.459µs
logger=migrator t=2026-09-30T00:50:57.315742221Z level=info msg="Executing migration" id="add index team_member.team_id"
logger=migrator t=2026-09-30T00:50:57.315849888Z level=info msg="Migration successfully executed" id="add index team_member.team_id" duration=107.542µs
logger=migrator t=2026-09-30T00:50:57.316938346Z level=info msg="Executing migration" id="Add column email to team table"
logger=migrator t=2026-09-30T00:50:57.317335013Z level=info msg="Migration successfully executed" id="Add column email to team table" duration=396.417µs
logger=migrator t=2026-09-30T00:50:57.318271388Z level=info msg="Executing migration" id="Add column external to team_member table"
logger=migrator t=2026-09-30T00:50:57.318604555Z level=info msg="Migration successfully executed" id="Add column external to team_member table" duration=333.25µs
logger=migrator t=2026-09-30T00:50:57.319487138Z level=info msg="Executing migration" id="Add column permission to team_member table"
logger=migrator t=2026-09-30T00:50:57.31984593Z level=info msg="Migration successfully executed" id="Add column permission to team_member table" duration=358.875µs
logger=migrator t=2026-09-30T00:50:57.321603388Z level=info msg="Executing migration" id="add unique index team_member_user_id_org_id"
logger=migrator t=2026-09-30T00:50:57.321745221Z level=info msg="Migration successfully executed" id="add unique index team_member_user_id_org_id" duration=141.792µs
logger=migrator t=2026-09-30T00:50:57.322790013Z level=info msg="Executing migration" id="Add column uid in team_member"
logger=migrator t=2026-09-30T00:50:57.323160263Z level=info msg="Migration successfully executed" id="Add column uid in team_member" duration=371.084µs
logger=migrator t=2026-09-30T00:50:57.324040055Z level=info msg="Executing migration" id="Update uid column values in team_member"
logger=migrator t=2026-09-30T00:50:57.324066555Z level=info msg="Migration successfully executed" id="Update uid column values in team_member" duration=26.5µs
logger=migrator t=2026-09-30T00:50:57.324874721Z level=info msg="Executing migration" id="Add unique index team_member_uid"
logger=migrator t=2026-09-30T00:50:57.324985805Z level=info msg="Migration successfully executed" id="Add unique index team_member_uid" duration=109.916µs
logger=migrator t=2026-09-30T00:50:57.326003971Z level=info msg="Executing migration" id="Increase precision of team.updated to DATETIME(3)"
logger=migrator t=2026-09-30T00:50:57.326010471Z level=info msg="Migration successfully executed" id="Increase precision of team.updated to DATETIME(3)" duration=6.75µs
logger=migrator t=2026-09-30T00:50:57.326885096Z level=info msg="Executing migration" id="create dashboard acl table"
logger=migrator t=2026-09-30T00:50:57.326982596Z level=info msg="Migration successfully executed" id="create dashboard acl table" duration=97.209µs
logger=migrator t=2026-09-30T00:50:57.327988138Z level=info msg="Executing migration" id="add index dashboard_acl_dashboard_id"
logger=migrator t=2026-09-30T00:50:57.32807943Z level=info msg="Migration successfully executed" id="add index dashboard_acl_dashboard_id" duration=91.417µs
logger=migrator t=2026-09-30T00:50:57.32894568Z level=info msg="Executing migration" id="add unique index dashboard_acl_dashboard_id_user_id"
logger=migrator t=2026-09-30T00:50:57.329047138Z level=info msg="Migration successfully executed" id="add unique index dashboard_acl_dashboard_id_user_id" duration=101.542µs
logger=migrator t=2026-09-30T00:50:57.329989596Z level=info msg="Executing migration" id="add unique index dashboard_acl_dashboard_id_team_id"
logger=migrator t=2026-09-30T00:50:57.33009368Z level=info msg="Migration successfully executed" id="add unique index dashboard_acl_dashboard_id_team_id" duration=103.958µs
logger=migrator t=2026-09-30T00:50:57.331461305Z level=info msg="Executing migration" id="add index dashboard_acl_user_id"
logger=migrator t=2026-09-30T00:50:57.331542055Z level=info msg="Migration successfully executed" id="add index dashboard_acl_user_id" duration=80.791µs
logger=migrator t=2026-09-30T00:50:57.333094305Z level=info msg="Executing migration" id="add index dashboard_acl_team_id"
logger=migrator t=2026-09-30T00:50:57.33318843Z level=info msg="Migration successfully executed" id="add index dashboard_acl_team_id" duration=94.25µs
logger=migrator t=2026-09-30T00:50:57.334110096Z level=info msg="Executing migration" id="add index dashboard_acl_org_id_role"
logger=migrator t=2026-09-30T00:50:57.33421493Z level=info msg="Migration successfully executed" id="add index dashboard_acl_org_id_role" duration=105.417µs
logger=migrator t=2026-09-30T00:50:57.335724888Z level=info msg="Executing migration" id="add index dashboard_permission"
logger=migrator t=2026-09-30T00:50:57.335827846Z level=info msg="Migration successfully executed" id="add index dashboard_permission" duration=102.667µs
logger=migrator t=2026-09-30T00:50:57.33664268Z level=info msg="Executing migration" id="save default acl rules in dashboard_acl table"
logger=migrator t=2026-09-30T00:50:57.336720763Z level=info msg="Migration successfully executed" id="save default acl rules in dashboard_acl table" duration=77.708µs
logger=migrator t=2026-09-30T00:50:57.337651513Z level=info msg="Executing migration" id="delete acl rules for deleted dashboards and folders"
logger=migrator t=2026-09-30T00:50:57.337699721Z level=info msg="Migration successfully executed" id="delete acl rules for deleted dashboards and folders" duration=47.542µs
logger=migrator t=2026-09-30T00:50:57.338445263Z level=info msg="Executing migration" id="create tag table"
logger=migrator t=2026-09-30T00:50:57.338522513Z level=info msg="Migration successfully executed" id="create tag table" duration=77.333µs
logger=migrator t=2026-09-30T00:50:57.339583763Z level=info msg="Executing migration" id="add index tag.key_value"
logger=migrator t=2026-09-30T00:50:57.339677513Z level=info msg="Migration successfully executed" id="add index tag.key_value" duration=93.583µs
logger=migrator t=2026-09-30T00:50:57.340535513Z level=info msg="Executing migration" id="create login attempt table"
logger=migrator t=2026-09-30T00:50:57.340598013Z level=info msg="Migration successfully executed" id="create login attempt table" duration=62.542µs
logger=migrator t=2026-09-30T00:50:57.341589305Z level=info msg="Executing migration" id="add index login_attempt.username"
logger=migrator t=2026-09-30T00:50:57.341687346Z level=info msg="Migration successfully executed" id="add index login_attempt.username" duration=98.083µs
logger=migrator t=2026-09-30T00:50:57.342698013Z level=info msg="Executing migration" id="drop index IDX_login_attempt_username - v1"
logger=migrator t=2026-09-30T00:50:57.342805471Z level=info msg="Migration successfully executed" id="drop index IDX_login_attempt_username - v1" duration=107.209µs
logger=migrator t=2026-09-30T00:50:57.343944221Z level=info msg="Executing migration" id="Rename table login_attempt to login_attempt_tmp_qwerty - v1"
logger=migrator t=2026-09-30T00:50:57.344970305Z level=info msg="Migration successfully executed" id="Rename table login_attempt to login_attempt_tmp_qwerty - v1" duration=1.02575ms
logger=migrator t=2026-09-30T00:50:57.346531305Z level=info msg="Executing migration" id="create login_attempt v2"
logger=migrator t=2026-09-30T00:50:57.346607846Z level=info msg="Migration successfully executed" id="create login_attempt v2" duration=76.583µs
logger=migrator t=2026-09-30T00:50:57.347620305Z level=info msg="Executing migration" id="create index IDX_login_attempt_username - v2"
logger=migrator t=2026-09-30T00:50:57.347706055Z level=info msg="Migration successfully executed" id="create index IDX_login_attempt_username - v2" duration=85.458µs
logger=migrator t=2026-09-30T00:50:57.348682305Z level=info msg="Executing migration" id="copy login_attempt v1 to v2"
logger=migrator t=2026-09-30T00:50:57.348734971Z level=info msg="Migration successfully executed" id="copy login_attempt v1 to v2" duration=52.375µs
logger=migrator t=2026-09-30T00:50:57.349489471Z level=info msg="Executing migration" id="drop login_attempt_tmp_qwerty"
logger=migrator t=2026-09-30T00:50:57.349559596Z level=info msg="Migration successfully executed" id="drop login_attempt_tmp_qwerty" duration=70.208µs
logger=migrator t=2026-09-30T00:50:57.350276221Z level=info msg="Executing migration" id="increase login_attempt.ip_address column length for IPv6 support"
logger=migrator t=2026-09-30T00:50:57.350282846Z level=info msg="Migration successfully executed" id="increase login_attempt.ip_address column length for IPv6 support" duration=6.875µs
logger=migrator t=2026-09-30T00:50:57.351567763Z level=info msg="Executing migration" id="alter table login_attempt alter column created type to bigint"
logger=migrator t=2026-09-30T00:50:57.351574346Z level=info msg="Migration successfully executed" id="alter table login_attempt alter column created type to bigint" duration=6.709µs
logger=migrator t=2026-09-30T00:50:57.35241718Z level=info msg="Executing migration" id="create user auth table"
logger=migrator t=2026-09-30T00:50:57.352493263Z level=info msg="Migration successfully executed" id="create user auth table" duration=76µs
logger=migrator t=2026-09-30T00:50:57.353422638Z level=info msg="Executing migration" id="create index IDX_user_auth_auth_module_auth_id - v1"
logger=migrator t=2026-09-30T00:50:57.353502805Z level=info msg="Migration successfully executed" id="create index IDX_user_auth_auth_module_auth_id - v1" duration=79.584µs
logger=migrator t=2026-09-30T00:50:57.354542138Z level=info msg="Executing migration" id="alter user_auth.auth_id to length 190"
logger=migrator t=2026-09-30T00:50:57.354548846Z level=info msg="Migration successfully executed" id="alter user_auth.auth_id to length 190" duration=7.75µs
logger=migrator t=2026-09-30T00:50:57.355972888Z level=info msg="Executing migration" id="Add OAuth access token to user_auth"
logger=migrator t=2026-09-30T00:50:57.35638643Z level=info msg="Migration successfully executed" id="Add OAuth access token to user_auth" duration=413.208µs
logger=migrator t=2026-09-30T00:50:57.357300513Z level=info msg="Executing migration" id="Add OAuth refresh token to user_auth"
logger=migrator t=2026-09-30T00:50:57.357665305Z level=info msg="Migration successfully executed" id="Add OAuth refresh token to user_auth" duration=364.959µs
logger=migrator t=2026-09-30T00:50:57.358514971Z level=info msg="Executing migration" id="Add OAuth token type to user_auth"
logger=migrator t=2026-09-30T00:50:57.358927388Z level=info msg="Migration successfully executed" id="Add OAuth token type to user_auth" duration=406µs
logger=migrator t=2026-09-30T00:50:57.36002218Z level=info msg="Executing migration" id="Add OAuth expiry to user_auth"
logger=migrator t=2026-09-30T00:50:57.36039843Z level=info msg="Migration successfully executed" id="Add OAuth expiry to user_auth" duration=376.25µs
logger=migrator t=2026-09-30T00:50:57.36141043Z level=info msg="Executing migration" id="Add index to user_id column in user_auth"
logger=migrator t=2026-09-30T00:50:57.361500346Z level=info msg="Migration successfully executed" id="Add index to user_id column in user_auth" duration=89.833µs
logger=migrator t=2026-09-30T00:50:57.362867638Z level=info msg="Executing migration" id="Add OAuth ID token to user_auth"
logger=migrator t=2026-09-30T00:50:57.36325643Z level=info msg="Migration successfully executed" id="Add OAuth ID token to user_auth" duration=388.583µs
logger=migrator t=2026-09-30T00:50:57.364435471Z level=info msg="Executing migration" id="Add user_unique_id to user_auth"
logger=migrator t=2026-09-30T00:50:57.364843513Z level=info msg="Migration successfully executed" id="Add user_unique_id to user_auth" duration=407.958µs
logger=migrator t=2026-09-30T00:50:57.365522096Z level=info msg="Executing migration" id="Add user_uid to user_auth"
logger=migrator t=2026-09-30T00:50:57.365897346Z level=info msg="Migration successfully executed" id="Add user_uid to user_auth" duration=375.084µs
logger=migrator t=2026-09-30T00:50:57.36877393Z level=info msg="Executing migration" id="Populate user_uid in user_auth from user table"
logger=migrator t=2026-09-30T00:50:57.368822138Z level=info msg="Migration successfully executed" id="Populate user_uid in user_auth from user table" duration=48.083µs
logger=migrator t=2026-09-30T00:50:57.373773805Z level=info msg="Executing migration" id="create server_lock table"
logger=migrator t=2026-09-30T00:50:57.373921721Z level=info msg="Migration successfully executed" id="create server_lock table" duration=147.917µs
logger=migrator t=2026-09-30T00:50:57.375092263Z level=info msg="Executing migration" id="add index server_lock.operation_uid"
logger=migrator t=2026-09-30T00:50:57.375199721Z level=info msg="Migration successfully executed" id="add index server_lock.operation_uid" duration=107.458µs
logger=migrator t=2026-09-30T00:50:57.376230471Z level=info msg="Executing migration" id="create user auth token table"
logger=migrator t=2026-09-30T00:50:57.376333221Z level=info msg="Migration successfully executed" id="create user auth token table" duration=102.584µs
logger=migrator t=2026-09-30T00:50:57.37733843Z level=info msg="Executing migration" id="add unique index user_auth_token.auth_token"
logger=migrator t=2026-09-30T00:50:57.37744343Z level=info msg="Migration successfully executed" id="add unique index user_auth_token.auth_token" duration=105µs
logger=migrator t=2026-09-30T00:50:57.378601971Z level=info msg="Executing migration" id="add unique index user_auth_token.prev_auth_token"
logger=migrator t=2026-09-30T00:50:57.378708596Z level=info msg="Migration successfully executed" id="add unique index user_auth_token.prev_auth_token" duration=105.542µs
logger=migrator t=2026-09-30T00:50:57.379598388Z level=info msg="Executing migration" id="add index user_auth_token.user_id"
logger=migrator t=2026-09-30T00:50:57.37967968Z level=info msg="Migration successfully executed" id="add index user_auth_token.user_id" duration=81.375µs
logger=migrator t=2026-09-30T00:50:57.381088263Z level=info msg="Executing migration" id="Add revoked_at to the user auth token"
logger=migrator t=2026-09-30T00:50:57.381511305Z level=info msg="Migration successfully executed" id="Add revoked_at to the user auth token" duration=422.916µs
logger=migrator t=2026-09-30T00:50:57.382678763Z level=info msg="Executing migration" id="add index user_auth_token.revoked_at"
logger=migrator t=2026-09-30T00:50:57.382817888Z level=info msg="Migration successfully executed" id="add index user_auth_token.revoked_at" duration=139µs
logger=migrator t=2026-09-30T00:50:57.384601013Z level=info msg="Executing migration" id="add external_session_id to user_auth_token"
logger=migrator t=2026-09-30T00:50:57.38500693Z level=info msg="Migration successfully executed" id="add external_session_id to user_auth_token" duration=406.125µs
logger=migrator t=2026-09-30T00:50:57.38630168Z level=info msg="Executing migration" id="create cache_data table"
logger=migrator t=2026-09-30T00:50:57.386402055Z level=info msg="Migration successfully executed" id="create cache_data table" duration=100.333µs
logger=migrator t=2026-09-30T00:50:57.38789093Z level=info msg="Executing migration" id="add unique index cache_data.cache_key"
logger=migrator t=2026-09-30T00:50:57.38805043Z level=info msg="Migration successfully executed" id="add unique index cache_data.cache_key" duration=159.583µs
logger=migrator t=2026-09-30T00:50:57.389379305Z level=info msg="Executing migration" id="create short_url table v1"
logger=migrator t=2026-09-30T00:50:57.389483513Z level=info msg="Migration successfully executed" id="create short_url table v1" duration=103.209µs
logger=migrator t=2026-09-30T00:50:57.390465805Z level=info msg="Executing migration" id="add index short_url.org_id-uid"
logger=migrator t=2026-09-30T00:50:57.390572013Z level=info msg="Migration successfully executed" id="add index short_url.org_id-uid" duration=106.291µs
logger=migrator t=2026-09-30T00:50:57.391605555Z level=info msg="Executing migration" id="alter table short_url alter column created_by type to bigint"
logger=migrator t=2026-09-30T00:50:57.391613346Z level=info msg="Migration successfully executed" id="alter table short_url alter column created_by type to bigint" duration=7.917µs
logger=migrator t=2026-09-30T00:50:57.39251318Z level=info msg="Executing migration" id="add index short_url.org_id-id"
logger=migrator t=2026-09-30T00:50:57.392649805Z level=info msg="Migration successfully executed" id="add index short_url.org_id-id" duration=133.625µs
logger=migrator t=2026-09-30T00:50:57.39367943Z level=info msg="Executing migration" id="delete alert_definition table"
logger=migrator t=2026-09-30T00:50:57.393700096Z level=info msg="Migration successfully executed" id="delete alert_definition table" duration=20.875µs
logger=migrator t=2026-09-30T00:50:57.395047221Z level=info msg="Executing migration" id="recreate alert_definition table"
logger=migrator t=2026-09-30T00:50:57.395153596Z level=info msg="Migration successfully executed" id="recreate alert_definition table" duration=106.208µs
logger=migrator t=2026-09-30T00:50:57.396564263Z level=info msg="Executing migration" id="add index in alert_definition on org_id and title columns"
logger=migrator t=2026-09-30T00:50:57.396724013Z level=info msg="Migration successfully executed" id="add index in alert_definition on org_id and title columns" duration=160µs
logger=migrator t=2026-09-30T00:50:57.398614596Z level=info msg="Executing migration" id="add index in alert_definition on org_id and uid columns"
logger=migrator t=2026-09-30T00:50:57.398767388Z level=info msg="Migration successfully executed" id="add index in alert_definition on org_id and uid columns" duration=152.667µs
logger=migrator t=2026-09-30T00:50:57.402466888Z level=info msg="Executing migration" id="alter alert_definition table data column to mediumtext in mysql"
logger=migrator t=2026-09-30T00:50:57.402474846Z level=info msg="Migration successfully executed" id="alter alert_definition table data column to mediumtext in mysql" duration=8.417µs
logger=migrator t=2026-09-30T00:50:57.403323971Z level=info msg="Executing migration" id="drop index in alert_definition on org_id and title columns"
logger=migrator t=2026-09-30T00:50:57.403428805Z level=info msg="Migration successfully executed" id="drop index in alert_definition on org_id and title columns" duration=104.917µs
logger=migrator t=2026-09-30T00:50:57.404399555Z level=info msg="Executing migration" id="drop index in alert_definition on org_id and uid columns"
logger=migrator t=2026-09-30T00:50:57.40459693Z level=info msg="Migration successfully executed" id="drop index in alert_definition on org_id and uid columns" duration=196.875µs
logger=migrator t=2026-09-30T00:50:57.406049055Z level=info msg="Executing migration" id="add unique index in alert_definition on org_id and title columns"
logger=migrator t=2026-09-30T00:50:57.406151305Z level=info msg="Migration successfully executed" id="add unique index in alert_definition on org_id and title columns" duration=102.375µs
logger=migrator t=2026-09-30T00:50:57.407110346Z level=info msg="Executing migration" id="add unique index in alert_definition on org_id and uid columns"
logger=migrator t=2026-09-30T00:50:57.40720493Z level=info msg="Migration successfully executed" id="add unique index in alert_definition on org_id and uid columns" duration=94.584µs
logger=migrator t=2026-09-30T00:50:57.407909555Z level=info msg="Executing migration" id="Add column paused in alert_definition"
logger=migrator t=2026-09-30T00:50:57.408354763Z level=info msg="Migration successfully executed" id="Add column paused in alert_definition" duration=445.292µs
logger=migrator t=2026-09-30T00:50:57.409955596Z level=info msg="Executing migration" id="drop alert_definition table"
logger=migrator t=2026-09-30T00:50:57.410093388Z level=info msg="Migration successfully executed" id="drop alert_definition table" duration=136.792µs
logger=migrator t=2026-09-30T00:50:57.410980096Z level=info msg="Executing migration" id="delete alert_definition_version table"
logger=migrator t=2026-09-30T00:50:57.41099693Z level=info msg="Migration successfully executed" id="delete alert_definition_version table" duration=16.75µs
logger=migrator t=2026-09-30T00:50:57.412312055Z level=info msg="Executing migration" id="recreate alert_definition_version table"
logger=migrator t=2026-09-30T00:50:57.412422888Z level=info msg="Migration successfully executed" id="recreate alert_definition_version table" duration=106.791µs
logger=migrator t=2026-09-30T00:50:57.413339555Z level=info msg="Executing migration" id="add index in alert_definition_version table on alert_definition_id and version columns"
logger=migrator t=2026-09-30T00:50:57.41346118Z level=info msg="Migration successfully executed" id="add index in alert_definition_version table on alert_definition_id and version columns" duration=121.375µs
logger=migrator t=2026-09-30T00:50:57.414336721Z level=info msg="Executing migration" id="add index in alert_definition_version table on alert_definition_uid and version columns"
logger=migrator t=2026-09-30T00:50:57.41443268Z level=info msg="Migration successfully executed" id="add index in alert_definition_version table on alert_definition_uid and version columns" duration=95.875µs
logger=migrator t=2026-09-30T00:50:57.415711096Z level=info msg="Executing migration" id="alter alert_definition_version table data column to mediumtext in mysql"
logger=migrator t=2026-09-30T00:50:57.415718555Z level=info msg="Migration successfully executed" id="alter alert_definition_version table data column to mediumtext in mysql" duration=7.667µs
logger=migrator t=2026-09-30T00:50:57.41655093Z level=info msg="Executing migration" id="drop alert_definition_version table"
logger=migrator t=2026-09-30T00:50:57.416654638Z level=info msg="Migration successfully executed" id="drop alert_definition_version table" duration=103.709µs
logger=migrator t=2026-09-30T00:50:57.417717305Z level=info msg="Executing migration" id="create alert_instance table"
logger=migrator t=2026-09-30T00:50:57.417815721Z level=info msg="Migration successfully executed" id="create alert_instance table" duration=98.25µs
logger=migrator t=2026-09-30T00:50:57.418774638Z level=info msg="Executing migration" id="add index in alert_instance table on def_org_id, def_uid and current_state columns"
logger=migrator t=2026-09-30T00:50:57.418868096Z level=info msg="Migration successfully executed" id="add index in alert_instance table on def_org_id, def_uid and current_state columns" duration=93.417µs
logger=migrator t=2026-09-30T00:50:57.419685846Z level=info msg="Executing migration" id="add index in alert_instance table on def_org_id, current_state columns"
logger=migrator t=2026-09-30T00:50:57.419779138Z level=info msg="Migration successfully executed" id="add index in alert_instance table on def_org_id, current_state columns" duration=93.875µs
logger=migrator t=2026-09-30T00:50:57.421084096Z level=info msg="Executing migration" id="add column current_state_end to alert_instance"
logger=migrator t=2026-09-30T00:50:57.42152943Z level=info msg="Migration successfully executed" id="add column current_state_end to alert_instance" duration=445.459µs
logger=migrator t=2026-09-30T00:50:57.422269096Z level=info msg="Executing migration" id="remove index def_org_id, def_uid, current_state on alert_instance"
logger=migrator t=2026-09-30T00:50:57.422363638Z level=info msg="Migration successfully executed" id="remove index def_org_id, def_uid, current_state on alert_instance" duration=94.167µs
logger=migrator t=2026-09-30T00:50:57.423240846Z level=info msg="Executing migration" id="remove index def_org_id, current_state on alert_instance"
logger=migrator t=2026-09-30T00:50:57.42332518Z level=info msg="Migration successfully executed" id="remove index def_org_id, current_state on alert_instance" duration=84.417µs
logger=migrator t=2026-09-30T00:50:57.424318055Z level=info msg="Executing migration" id="rename def_org_id to rule_org_id in alert_instance"
logger=migrator t=2026-09-30T00:50:57.426212513Z level=info msg="Migration successfully executed" id="rename def_org_id to rule_org_id in alert_instance" duration=1.894333ms
logger=migrator t=2026-09-30T00:50:57.427630805Z level=info msg="Executing migration" id="rename def_uid to rule_uid in alert_instance"
logger=migrator t=2026-09-30T00:50:57.429548388Z level=info msg="Migration successfully executed" id="rename def_uid to rule_uid in alert_instance" duration=1.917708ms
logger=migrator t=2026-09-30T00:50:57.430603305Z level=info msg="Executing migration" id="add index rule_org_id, rule_uid, current_state on alert_instance"
logger=migrator t=2026-09-30T00:50:57.430711221Z level=info msg="Migration successfully executed" id="add index rule_org_id, rule_uid, current_state on alert_instance" duration=107.958µs
logger=migrator t=2026-09-30T00:50:57.431979346Z level=info msg="Executing migration" id="add index rule_org_id, current_state on alert_instance"
logger=migrator t=2026-09-30T00:50:57.43207793Z level=info msg="Migration successfully executed" id="add index rule_org_id, current_state on alert_instance" duration=98.708µs
logger=migrator t=2026-09-30T00:50:57.432989846Z level=info msg="Executing migration" id="add current_reason column related to current_state"
logger=migrator t=2026-09-30T00:50:57.433420513Z level=info msg="Migration successfully executed" id="add current_reason column related to current_state" duration=430.667µs
logger=migrator t=2026-09-30T00:50:57.434169138Z level=info msg="Executing migration" id="add result_fingerprint column to alert_instance"
logger=migrator t=2026-09-30T00:50:57.434580471Z level=info msg="Migration successfully executed" id="add result_fingerprint column to alert_instance" duration=411.041µs
logger=migrator t=2026-09-30T00:50:57.43586368Z level=info msg="Executing migration" id="create alert_rule table"
logger=migrator t=2026-09-30T00:50:57.435967138Z level=info msg="Migration successfully executed" id="create alert_rule table" duration=103.5µs
logger=migrator t=2026-09-30T00:50:57.436839305Z level=info msg="Executing migration" id="add index in alert_rule on org_id and title columns"
logger=migrator t=2026-09-30T00:50:57.436932346Z level=info msg="Migration successfully executed" id="add index in alert_rule on org_id and title columns" duration=93.5µs
logger=migrator t=2026-09-30T00:50:57.437901346Z level=info msg="Executing migration" id="add index in alert_rule on org_id and uid columns"
logger=migrator t=2026-09-30T00:50:57.438006888Z level=info msg="Migration successfully executed" id="add index in alert_rule on org_id and uid columns" duration=105.792µs
logger=migrator t=2026-09-30T00:50:57.439399388Z level=info msg="Executing migration" id="add index in alert_rule on org_id, namespace_uid, group_uid columns"
logger=migrator t=2026-09-30T00:50:57.439492721Z level=info msg="Migration successfully executed" id="add index in alert_rule on org_id, namespace_uid, group_uid columns" duration=93.417µs
logger=migrator t=2026-09-30T00:50:57.440424388Z level=info msg="Executing migration" id="alter alert_rule table data column to mediumtext in mysql"
logger=migrator t=2026-09-30T00:50:57.440427596Z level=info msg="Migration successfully executed" id="alter alert_rule table data column to mediumtext in mysql" duration=3.459µs
logger=migrator t=2026-09-30T00:50:57.441314513Z level=info msg="Executing migration" id="add column for to alert_rule"
logger=migrator t=2026-09-30T00:50:57.441753971Z level=info msg="Migration successfully executed" id="add column for to alert_rule" duration=439.125µs
logger=migrator t=2026-09-30T00:50:57.44352243Z level=info msg="Executing migration" id="add column annotations to alert_rule"
logger=migrator t=2026-09-30T00:50:57.443938846Z level=info msg="Migration successfully executed" id="add column annotations to alert_rule" duration=416.417µs
logger=migrator t=2026-09-30T00:50:57.445248805Z level=info msg="Executing migration" id="add column labels to alert_rule"
logger=migrator t=2026-09-30T00:50:57.445735263Z level=info msg="Migration successfully executed" id="add column labels to alert_rule" duration=480.375µs
logger=migrator t=2026-09-30T00:50:57.446676638Z level=info msg="Executing migration" id="remove unique index from alert_rule on org_id, title columns"
logger=migrator t=2026-09-30T00:50:57.446760888Z level=info msg="Migration successfully executed" id="remove unique index from alert_rule on org_id, title columns" duration=84.25µs
logger=migrator t=2026-09-30T00:50:57.447720263Z level=info msg="Executing migration" id="add index in alert_rule on org_id, namespase_uid and title columns"
logger=migrator t=2026-09-30T00:50:57.447811888Z level=info msg="Migration successfully executed" id="add index in alert_rule on org_id, namespase_uid and title columns" duration=91.667µs
logger=migrator t=2026-09-30T00:50:57.448826763Z level=info msg="Executing migration" id="add dashboard_uid column to alert_rule"
logger=migrator t=2026-09-30T00:50:57.449248763Z level=info msg="Migration successfully executed" id="add dashboard_uid column to alert_rule" duration=422.083µs
logger=migrator t=2026-09-30T00:50:57.450394596Z level=info msg="Executing migration" id="add panel_id column to alert_rule"
logger=migrator t=2026-09-30T00:50:57.450842596Z level=info msg="Migration successfully executed" id="add panel_id column to alert_rule" duration=448.708µs
logger=migrator t=2026-09-30T00:50:57.452296805Z level=info msg="Executing migration" id="add index in alert_rule on org_id, dashboard_uid and panel_id columns"
logger=migrator t=2026-09-30T00:50:57.452380888Z level=info msg="Migration successfully executed" id="add index in alert_rule on org_id, dashboard_uid and panel_id columns" duration=84.208µs
logger=migrator t=2026-09-30T00:50:57.453475263Z level=info msg="Executing migration" id="add rule_group_idx column to alert_rule"
logger=migrator t=2026-09-30T00:50:57.453921138Z level=info msg="Migration successfully executed" id="add rule_group_idx column to alert_rule" duration=445.959µs
logger=migrator t=2026-09-30T00:50:57.455224388Z level=info msg="Executing migration" id="add is_paused column to alert_rule table"
logger=migrator t=2026-09-30T00:50:57.45565768Z level=info msg="Migration successfully executed" id="add is_paused column to alert_rule table" duration=433.292µs
logger=migrator t=2026-09-30T00:50:57.457160971Z level=info msg="Executing migration" id="fix is_paused column for alert_rule table"
logger=migrator t=2026-09-30T00:50:57.457166305Z level=info msg="Migration successfully executed" id="fix is_paused column for alert_rule table" duration=5.458µs
logger=migrator t=2026-09-30T00:50:57.45784368Z level=info msg="Executing migration" id="alter table alert_rule alter column rule_group_idx type to bigint"
logger=migrator t=2026-09-30T00:50:57.457848763Z level=info msg="Migration successfully executed" id="alter table alert_rule alter column rule_group_idx type to bigint" duration=5.209µs
logger=migrator t=2026-09-30T00:50:57.45866393Z level=info msg="Executing migration" id="create alert_rule_version table"
logger=migrator t=2026-09-30T00:50:57.458764388Z level=info msg="Migration successfully executed" id="create alert_rule_version table" duration=98.25µs
logger=migrator t=2026-09-30T00:50:57.460104013Z level=info msg="Executing migration" id="add index in alert_rule_version table on rule_org_id, rule_uid and version columns"
logger=migrator t=2026-09-30T00:50:57.460193763Z level=info msg="Migration successfully executed" id="add index in alert_rule_version table on rule_org_id, rule_uid and version columns" duration=88.041µs
logger=migrator t=2026-09-30T00:50:57.461045388Z level=info msg="Executing migration" id="add index in alert_rule_version table on rule_org_id, rule_namespace_uid and rule_group columns"
logger=migrator t=2026-09-30T00:50:57.461142638Z level=info msg="Migration successfully executed" id="add index in alert_rule_version table on rule_org_id, rule_namespace_uid and rule_group columns" duration=97.209µs
logger=migrator t=2026-09-30T00:50:57.462071138Z level=info msg="Executing migration" id="alter alert_rule_version table data column to mediumtext in mysql"
logger=migrator t=2026-09-30T00:50:57.462076805Z level=info msg="Migration successfully executed" id="alter alert_rule_version table data column to mediumtext in mysql" duration=5.875µs
logger=migrator t=2026-09-30T00:50:57.463135638Z level=info msg="Executing migration" id="add column for to alert_rule_version"
logger=migrator t=2026-09-30T00:50:57.463612721Z level=info msg="Migration successfully executed" id="add column for to alert_rule_version" duration=471.291µs
logger=migrator t=2026-09-30T00:50:57.464754513Z level=info msg="Executing migration" id="add column annotations to alert_rule_version"
logger=migrator t=2026-09-30T00:50:57.465193221Z level=info msg="Migration successfully executed" id="add column annotations to alert_rule_version" duration=438.75µs
logger=migrator t=2026-09-30T00:50:57.466261346Z level=info msg="Executing migration" id="add column labels to alert_rule_version"
logger=migrator t=2026-09-30T00:50:57.46670393Z level=info msg="Migration successfully executed" id="add column labels to alert_rule_version" duration=442.583µs
logger=migrator t=2026-09-30T00:50:57.467915263Z level=info msg="Executing migration" id="add rule_group_idx column to alert_rule_version"
logger=migrator t=2026-09-30T00:50:57.468384805Z level=info msg="Migration successfully executed" id="add rule_group_idx column to alert_rule_version" duration=468.291µs
logger=migrator t=2026-09-30T00:50:57.46907843Z level=info msg="Executing migration" id="add is_paused column to alert_rule_versions table"
logger=migrator t=2026-09-30T00:50:57.46954743Z level=info msg="Migration successfully executed" id="add is_paused column to alert_rule_versions table" duration=468.709µs
logger=migrator t=2026-09-30T00:50:57.470555013Z level=info msg="Executing migration" id="fix is_paused column for alert_rule_version table"
logger=migrator t=2026-09-30T00:50:57.47056668Z level=info msg="Migration successfully executed" id="fix is_paused column for alert_rule_version table" duration=11.834µs
logger=migrator t=2026-09-30T00:50:57.471410388Z level=info msg="Executing migration" id="alter table alert_rule_version alter column rule_group_idx type to bigint"
logger=migrator t=2026-09-30T00:50:57.471415971Z level=info msg="Migration successfully executed" id="alter table alert_rule_version alter column rule_group_idx type to bigint" duration=5.708µs
logger=migrator t=2026-09-30T00:50:57.472429305Z level=info msg="Executing migration" id=create_alert_configuration_table
logger=migrator t=2026-09-30T00:50:57.472514721Z level=info msg="Migration successfully executed" id=create_alert_configuration_table duration=85.458µs
logger=migrator t=2026-09-30T00:50:57.47336943Z level=info msg="Executing migration" id="Add column default in alert_configuration"
logger=migrator t=2026-09-30T00:50:57.473798138Z level=info msg="Migration successfully executed" id="Add column default in alert_configuration" duration=428.708µs
logger=migrator t=2026-09-30T00:50:57.475227846Z level=info msg="Executing migration" id="alert alert_configuration alertmanager_configuration column from TEXT to MEDIUMTEXT if mysql"
logger=migrator t=2026-09-30T00:50:57.47523393Z level=info msg="Migration successfully executed" id="alert alert_configuration alertmanager_configuration column from TEXT to MEDIUMTEXT if mysql" duration=6.291µs
logger=migrator t=2026-09-30T00:50:57.476424346Z level=info msg="Executing migration" id="add column org_id in alert_configuration"
logger=migrator t=2026-09-30T00:50:57.476886471Z level=info msg="Migration successfully executed" id="add column org_id in alert_configuration" duration=461.833µs
logger=migrator t=2026-09-30T00:50:57.478943138Z level=info msg="Executing migration" id="add index in alert_configuration table on org_id column"
logger=migrator t=2026-09-30T00:50:57.479027138Z level=info msg="Migration successfully executed" id="add index in alert_configuration table on org_id column" duration=84.083µs
logger=migrator t=2026-09-30T00:50:57.480008388Z level=info msg="Executing migration" id="add configuration_hash column to alert_configuration"
logger=migrator t=2026-09-30T00:50:57.48044968Z level=info msg="Migration successfully executed" id="add configuration_hash column to alert_configuration" duration=441.375µs
logger=migrator t=2026-09-30T00:50:57.481385096Z level=info msg="Executing migration" id=create_ngalert_configuration_table
logger=migrator t=2026-09-30T00:50:57.481468471Z level=info msg="Migration successfully executed" id=create_ngalert_configuration_table duration=83.333µs
logger=migrator t=2026-09-30T00:50:57.482970805Z level=info msg="Executing migration" id="add index in ngalert_configuration on org_id column"
logger=migrator t=2026-09-30T00:50:57.48306293Z level=info msg="Migration successfully executed" id="add index in ngalert_configuration on org_id column" duration=97.708µs
logger=migrator t=2026-09-30T00:50:57.484498888Z level=info msg="Executing migration" id="add column send_alerts_to in ngalert_configuration"
logger=migrator t=2026-09-30T00:50:57.48493843Z level=info msg="Migration successfully executed" id="add column send_alerts_to in ngalert_configuration" duration=436.375µs
logger=migrator t=2026-09-30T00:50:57.486157055Z level=info msg="Executing migration" id="create provenance_type table"
logger=migrator t=2026-09-30T00:50:57.486229346Z level=info msg="Migration successfully executed" id="create provenance_type table" duration=72.291µs
logger=migrator t=2026-09-30T00:50:57.487063846Z level=info msg="Executing migration" id="add index to uniquify (record_key, record_type, org_id) columns"
logger=migrator t=2026-09-30T00:50:57.48718643Z level=info msg="Migration successfully executed" id="add index to uniquify (record_key, record_type, org_id) columns" duration=122.583µs
logger=migrator t=2026-09-30T00:50:57.488412055Z level=info msg="Executing migration" id="create alert_image table"
logger=migrator t=2026-09-30T00:50:57.488503805Z level=info msg="Migration successfully executed" id="create alert_image table" duration=91.458µs
logger=migrator t=2026-09-30T00:50:57.489417638Z level=info msg="Executing migration" id="add unique index on token to alert_image table"
logger=migrator t=2026-09-30T00:50:57.489511346Z level=info msg="Migration successfully executed" id="add unique index on token to alert_image table" duration=93.375µs
logger=migrator t=2026-09-30T00:50:57.491351846Z level=info msg="Executing migration" id="support longer URLs in alert_image table"
logger=migrator t=2026-09-30T00:50:57.491357471Z level=info msg="Migration successfully executed" id="support longer URLs in alert_image table" duration=5.792µs
logger=migrator t=2026-09-30T00:50:57.49301093Z level=info msg="Executing migration" id=create_alert_configuration_history_table
logger=migrator t=2026-09-30T00:50:57.493103513Z level=info msg="Migration successfully executed" id=create_alert_configuration_history_table duration=92.792µs
logger=migrator t=2026-09-30T00:50:57.494302221Z level=info msg="Executing migration" id="drop non-unique orgID index on alert_configuration"
logger=migrator t=2026-09-30T00:50:57.494422971Z level=info msg="Migration successfully executed" id="drop non-unique orgID index on alert_configuration" duration=120.875µs
logger=migrator t=2026-09-30T00:50:57.495332388Z level=info msg="Executing migration" id="drop unique orgID index on alert_configuration if exists"
logger=migrator t=2026-09-30T00:50:57.495370305Z level=warn msg="Skipping migration: Already executed, but not recorded in migration log" id="drop unique orgID index on alert_configuration if exists"
logger=migrator t=2026-09-30T00:50:57.496501096Z level=info msg="Executing migration" id="extract alertmanager configuration history to separate table"
logger=migrator t=2026-09-30T00:50:57.496559888Z level=info msg="Migration successfully executed" id="extract alertmanager configuration history to separate table" duration=58.583µs
logger=migrator t=2026-09-30T00:50:57.497441846Z level=info msg="Executing migration" id="add unique index on orgID to alert_configuration"
logger=migrator t=2026-09-30T00:50:57.497561346Z level=info msg="Migration successfully executed" id="add unique index on orgID to alert_configuration" duration=119.375µs
logger=migrator t=2026-09-30T00:50:57.498517013Z level=info msg="Executing migration" id="add last_applied column to alert_configuration_history"
logger=migrator t=2026-09-30T00:50:57.499001055Z level=info msg="Migration successfully executed" id="add last_applied column to alert_configuration_history" duration=484.209µs
logger=migrator t=2026-09-30T00:50:57.500451013Z level=info msg="Executing migration" id="add message column to alert_rule_version"
logger=migrator t=2026-09-30T00:50:57.500956555Z level=info msg="Migration successfully executed" id="add message column to alert_rule_version" duration=507.917µs
logger=migrator t=2026-09-30T00:50:57.502083013Z level=info msg="Executing migration" id="add column external_alertmanager_uid in ngalert_configuration"
logger=migrator t=2026-09-30T00:50:57.502552096Z level=info msg="Migration successfully executed" id="add column external_alertmanager_uid in ngalert_configuration" duration=469.167µs
logger=migrator t=2026-09-30T00:50:57.503622513Z level=info msg="Executing migration" id="add manager_kind column to provenance_type table"
logger=migrator t=2026-09-30T00:50:57.504070846Z level=info msg="Migration successfully executed" id="add manager_kind column to provenance_type table" duration=448.375µs
logger=migrator t=2026-09-30T00:50:57.505283596Z level=info msg="Executing migration" id="add manager_identity column to provenance_type table"
logger=migrator t=2026-09-30T00:50:57.505755513Z level=info msg="Migration successfully executed" id="add manager_identity column to provenance_type table" duration=467.584µs
logger=migrator t=2026-09-30T00:50:57.50692768Z level=info msg="Executing migration" id="create library_element table v1"
logger=migrator t=2026-09-30T00:50:57.50705668Z level=info msg="Migration successfully executed" id="create library_element table v1" duration=128.708µs
logger=migrator t=2026-09-30T00:50:57.508085138Z level=info msg="Executing migration" id="add index library_element org_id-folder_id-name-kind"
logger=migrator t=2026-09-30T00:50:57.50818093Z level=info msg="Migration successfully executed" id="add index library_element org_id-folder_id-name-kind" duration=95.917µs
logger=migrator t=2026-09-30T00:50:57.509750638Z level=info msg="Executing migration" id="create library_element_connection table v1"
logger=migrator t=2026-09-30T00:50:57.509827888Z level=info msg="Migration successfully executed" id="create library_element_connection table v1" duration=76.917µs
logger=migrator t=2026-09-30T00:50:57.510709346Z level=info msg="Executing migration" id="add index library_element_connection element_id-kind-connection_id"
logger=migrator t=2026-09-30T00:50:57.510797471Z level=info msg="Migration successfully executed" id="add index library_element_connection element_id-kind-connection_id" duration=88.291µs
logger=migrator t=2026-09-30T00:50:57.511995138Z level=info msg="Executing migration" id="add unique index library_element org_id_uid"
logger=migrator t=2026-09-30T00:50:57.512079971Z level=info msg="Migration successfully executed" id="add unique index library_element org_id_uid" duration=84.917µs
logger=migrator t=2026-09-30T00:50:57.512974721Z level=info msg="Executing migration" id="increase max description length to 2048"
logger=migrator t=2026-09-30T00:50:57.512983763Z level=info msg="Migration successfully executed" id="increase max description length to 2048" duration=12.5µs
logger=migrator t=2026-09-30T00:50:57.513828555Z level=info msg="Executing migration" id="alter library_element model to mediumtext"
logger=migrator t=2026-09-30T00:50:57.513834555Z level=info msg="Migration successfully executed" id="alter library_element model to mediumtext" duration=6.375µs
logger=migrator t=2026-09-30T00:50:57.514554805Z level=info msg="Executing migration" id="add library_element folder uid"
logger=migrator t=2026-09-30T00:50:57.515035888Z level=info msg="Migration successfully executed" id="add library_element folder uid" duration=481.208µs
logger=migrator t=2026-09-30T00:50:57.51607668Z level=info msg="Executing migration" id="populate library_element folder_uid"
logger=migrator t=2026-09-30T00:50:57.516110472Z level=info msg="Migration successfully executed" id="populate library_element folder_uid" duration=33.875µs
logger=migrator t=2026-09-30T00:50:57.516986347Z level=info msg="Executing migration" id="add index library_element org_id-folder_uid-name-kind"
logger=migrator t=2026-09-30T00:50:57.517077097Z level=info msg="Migration successfully executed" id="add index library_element org_id-folder_uid-name-kind" duration=90.833µs
logger=migrator t=2026-09-30T00:50:57.51798818Z level=info msg="Executing migration" id="drop unique name in folder index (id)"
logger=migrator t=2026-09-30T00:50:57.518076263Z level=info msg="Migration successfully executed" id="drop unique name in folder index (id)" duration=87.5µs
logger=migrator t=2026-09-30T00:50:57.518901513Z level=info msg="Executing migration" id="drop unique name in folder index"
logger=migrator t=2026-09-30T00:50:57.518985805Z level=info msg="Migration successfully executed" id="drop unique name in folder index" duration=84.458µs
logger=migrator t=2026-09-30T00:50:57.520000388Z level=info msg="Executing migration" id="clone move dashboard alerts to unified alerting"
logger=migrator t=2026-09-30T00:50:57.520077597Z level=info msg="Migration successfully executed" id="clone move dashboard alerts to unified alerting" duration=77µs
logger=migrator t=2026-09-30T00:50:57.521186097Z level=info msg="Executing migration" id="create data_keys table"
logger=migrator t=2026-09-30T00:50:57.521265888Z level=info msg="Migration successfully executed" id="create data_keys table" duration=79.917µs
logger=migrator t=2026-09-30T00:50:57.522043472Z level=info msg="Executing migration" id="create secrets table"
logger=migrator t=2026-09-30T00:50:57.522123847Z level=info msg="Migration successfully executed" id="create secrets table" duration=80.417µs
logger=migrator t=2026-09-30T00:50:57.522987805Z level=info msg="Executing migration" id="rename data_keys name column to id"
logger=migrator t=2026-09-30T00:50:57.525366472Z level=info msg="Migration successfully executed" id="rename data_keys name column to id" duration=2.378708ms
logger=migrator t=2026-09-30T00:50:57.526372138Z level=info msg="Executing migration" id="add name column into data_keys"
logger=migrator t=2026-09-30T00:50:57.526881347Z level=info msg="Migration successfully executed" id="add name column into data_keys" duration=508.667µs
logger=migrator t=2026-09-30T00:50:57.528161597Z level=info msg="Executing migration" id="copy data_keys id column values into name"
logger=migrator t=2026-09-30T00:50:57.52818268Z level=info msg="Migration successfully executed" id="copy data_keys id column values into name" duration=17.625µs
logger=migrator t=2026-09-30T00:50:57.529093138Z level=info msg="Executing migration" id="rename data_keys name column to label"
logger=migrator t=2026-09-30T00:50:57.531445222Z level=info msg="Migration successfully executed" id="rename data_keys name column to label" duration=2.352125ms
logger=migrator t=2026-09-30T00:50:57.53249018Z level=info msg="Executing migration" id="rename data_keys id column back to name"
logger=migrator t=2026-09-30T00:50:57.534845638Z level=info msg="Migration successfully executed" id="rename data_keys id column back to name" duration=2.355459ms
logger=migrator t=2026-09-30T00:50:57.535855222Z level=info msg="Executing migration" id="create kv_store table v1"
logger=migrator t=2026-09-30T00:50:57.53592468Z level=info msg="Migration successfully executed" id="create kv_store table v1" duration=69.667µs
logger=migrator t=2026-09-30T00:50:57.536751972Z level=info msg="Executing migration" id="add index kv_store.org_id-namespace-key"
logger=migrator t=2026-09-30T00:50:57.536846472Z level=info msg="Migration successfully executed" id="add index kv_store.org_id-namespace-key" duration=95.041µs
logger=migrator t=2026-09-30T00:50:57.537757847Z level=info msg="Executing migration" id="update dashboard_uid and panel_id from existing annotations"
logger=migrator t=2026-09-30T00:50:57.537799847Z level=info msg="Migration successfully executed" id="update dashboard_uid and panel_id from existing annotations" duration=42.125µs
logger=migrator t=2026-09-30T00:50:57.538873638Z level=info msg="Executing migration" id="create permission table"
logger=migrator t=2026-09-30T00:50:57.538953263Z level=info msg="Migration successfully executed" id="create permission table" duration=79.417µs
logger=migrator t=2026-09-30T00:50:57.539898847Z level=info msg="Executing migration" id="add unique index permission.role_id"
logger=migrator t=2026-09-30T00:50:57.539999888Z level=info msg="Migration successfully executed" id="add unique index permission.role_id" duration=101µs
logger=migrator t=2026-09-30T00:50:57.54090843Z level=info msg="Executing migration" id="add unique index role_id_action_scope"
logger=migrator t=2026-09-30T00:50:57.541013472Z level=info msg="Migration successfully executed" id="add unique index role_id_action_scope" duration=105.166µs
logger=migrator t=2026-09-30T00:50:57.541958972Z level=info msg="Executing migration" id="create role table"
logger=migrator t=2026-09-30T00:50:57.542033722Z level=info msg="Migration successfully executed" id="create role table" duration=74.833µs
logger=migrator t=2026-09-30T00:50:57.543794472Z level=info msg="Executing migration" id="add column display_name"
logger=migrator t=2026-09-30T00:50:57.544337347Z level=info msg="Migration successfully executed" id="add column display_name" duration=542.625µs
logger=migrator t=2026-09-30T00:50:57.546268097Z level=info msg="Executing migration" id="add column group_name"
logger=migrator t=2026-09-30T00:50:57.546818097Z level=info msg="Migration successfully executed" id="add column group_name" duration=549.667µs
logger=migrator t=2026-09-30T00:50:57.549726638Z level=info msg="Executing migration" id="add index role.org_id"
logger=migrator t=2026-09-30T00:50:57.549824805Z level=info msg="Migration successfully executed" id="add index role.org_id" duration=97.542µs
logger=migrator t=2026-09-30T00:50:57.551620722Z level=info msg="Executing migration" id="add unique index role_org_id_name"
logger=migrator t=2026-09-30T00:50:57.55173118Z level=info msg="Migration successfully executed" id="add unique index role_org_id_name" duration=110.375µs
logger=migrator t=2026-09-30T00:50:57.552853847Z level=info msg="Executing migration" id="add index role_org_id_uid"
logger=migrator t=2026-09-30T00:50:57.552947805Z level=info msg="Migration successfully executed" id="add index role_org_id_uid" duration=93.958µs
logger=migrator t=2026-09-30T00:50:57.55447018Z level=info msg="Executing migration" id="create team role table"
logger=migrator t=2026-09-30T00:50:57.554583972Z level=info msg="Migration successfully executed" id="create team role table" duration=113.375µs
logger=migrator t=2026-09-30T00:50:57.556909263Z level=info msg="Executing migration" id="add index team_role.org_id"
logger=migrator t=2026-09-30T00:50:57.55704643Z level=info msg="Migration successfully executed" id="add index team_role.org_id" duration=137.208µs
logger=migrator t=2026-09-30T00:50:57.558716847Z level=info msg="Executing migration" id="add unique index team_role_org_id_team_id_role_id"
logger=migrator t=2026-09-30T00:50:57.558832263Z level=info msg="Migration successfully executed" id="add unique index team_role_org_id_team_id_role_id" duration=119µs
logger=migrator t=2026-09-30T00:50:57.561110097Z level=info msg="Executing migration" id="add index team_role.team_id"
logger=migrator t=2026-09-30T00:50:57.56130793Z level=info msg="Migration successfully executed" id="add index team_role.team_id" duration=197.917µs
logger=migrator t=2026-09-30T00:50:57.562378472Z level=info msg="Executing migration" id="create user role table"
logger=migrator t=2026-09-30T00:50:57.562445722Z level=info msg="Migration successfully executed" id="create user role table" duration=67.417µs
logger=migrator t=2026-09-30T00:50:57.563410305Z level=info msg="Executing migration" id="add index user_role.org_id"
logger=migrator t=2026-09-30T00:50:57.563507347Z level=info msg="Migration successfully executed" id="add index user_role.org_id" duration=97.083µs
logger=migrator t=2026-09-30T00:50:57.56450718Z level=info msg="Executing migration" id="add unique index user_role_org_id_user_id_role_id"
logger=migrator t=2026-09-30T00:50:57.564599388Z level=info msg="Migration successfully executed" id="add unique index user_role_org_id_user_id_role_id" duration=92.25µs
logger=migrator t=2026-09-30T00:50:57.565447847Z level=info msg="Executing migration" id="add index user_role.user_id"
logger=migrator t=2026-09-30T00:50:57.565540305Z level=info msg="Migration successfully executed" id="add index user_role.user_id" duration=92.459µs
logger=migrator t=2026-09-30T00:50:57.567141722Z level=info msg="Executing migration" id="create builtin role table"
logger=migrator t=2026-09-30T00:50:57.567206472Z level=info msg="Migration successfully executed" id="create builtin role table" duration=64.833µs
logger=migrator t=2026-09-30T00:50:57.568894305Z level=info msg="Executing migration" id="add index builtin_role.role_id"
logger=migrator t=2026-09-30T00:50:57.568995055Z level=info msg="Migration successfully executed" id="add index builtin_role.role_id" duration=97.75µs
logger=migrator t=2026-09-30T00:50:57.570127055Z level=info msg="Executing migration" id="add index builtin_role.name"
logger=migrator t=2026-09-30T00:50:57.57022968Z level=info msg="Migration successfully executed" id="add index builtin_role.name" duration=102.209µs
logger=migrator t=2026-09-30T00:50:57.57143743Z level=info msg="Executing migration" id="Add column org_id to builtin_role table"
logger=migrator t=2026-09-30T00:50:57.571976972Z level=info msg="Migration successfully executed" id="Add column org_id to builtin_role table" duration=539.583µs
logger=migrator t=2026-09-30T00:50:57.573070222Z level=info msg="Executing migration" id="add index builtin_role.org_id"
logger=migrator t=2026-09-30T00:50:57.573171472Z level=info msg="Migration successfully executed" id="add index builtin_role.org_id" duration=101.375µs
logger=migrator t=2026-09-30T00:50:57.574068638Z level=info msg="Executing migration" id="add unique index builtin_role_org_id_role_id_role"
logger=migrator t=2026-09-30T00:50:57.574164305Z level=info msg="Migration successfully executed" id="add unique index builtin_role_org_id_role_id_role" duration=95.75µs
logger=migrator t=2026-09-30T00:50:57.575331805Z level=info msg="Executing migration" id="Remove unique index role_org_id_uid"
logger=migrator t=2026-09-30T00:50:57.575446097Z level=info msg="Migration successfully executed" id="Remove unique index role_org_id_uid" duration=114.041µs
logger=migrator t=2026-09-30T00:50:57.576433388Z level=info msg="Executing migration" id="add unique index role.uid"
logger=migrator t=2026-09-30T00:50:57.576531097Z level=info msg="Migration successfully executed" id="add unique index role.uid" duration=97.291µs
logger=migrator t=2026-09-30T00:50:57.577414555Z level=info msg="Executing migration" id="create seed assignment table"
logger=migrator t=2026-09-30T00:50:57.577483597Z level=info msg="Migration successfully executed" id="create seed assignment table" duration=69µs
logger=migrator t=2026-09-30T00:50:57.57922743Z level=info msg="Executing migration" id="add unique index builtin_role_role_name"
logger=migrator t=2026-09-30T00:50:57.579322597Z level=info msg="Migration successfully executed" id="add unique index builtin_role_role_name" duration=95.208µs
logger=migrator t=2026-09-30T00:50:57.580259972Z level=info msg="Executing migration" id="add column hidden to role table"
logger=migrator t=2026-09-30T00:50:57.58080818Z level=info msg="Migration successfully executed" id="add column hidden to role table" duration=548.25µs
logger=migrator t=2026-09-30T00:50:57.582987847Z level=info msg="Executing migration" id="permission kind migration"
logger=migrator t=2026-09-30T00:50:57.58353818Z level=info msg="Migration successfully executed" id="permission kind migration" duration=550.375µs
logger=migrator t=2026-09-30T00:50:57.58437368Z level=info msg="Executing migration" id="permission attribute migration"
logger=migrator t=2026-09-30T00:50:57.58493418Z level=info msg="Migration successfully executed" id="permission attribute migration" duration=560.542µs
logger=migrator t=2026-09-30T00:50:57.586080638Z level=info msg="Executing migration" id="permission identifier migration"
logger=migrator t=2026-09-30T00:50:57.586619347Z level=info msg="Migration successfully executed" id="permission identifier migration" duration=538.708µs
logger=migrator t=2026-09-30T00:50:57.587620972Z level=info msg="Executing migration" id="add permission identifier index"
logger=migrator t=2026-09-30T00:50:57.587717805Z level=info msg="Migration successfully executed" id="add permission identifier index" duration=96.542µs
logger=migrator t=2026-09-30T00:50:57.589110847Z level=info msg="Executing migration" id="add permission action scope role_id index"
logger=migrator t=2026-09-30T00:50:57.58923018Z level=info msg="Migration successfully executed" id="add permission action scope role_id index" duration=119.083µs
logger=migrator t=2026-09-30T00:50:57.590274055Z level=info msg="Executing migration" id="remove permission role_id action scope index"
logger=migrator t=2026-09-30T00:50:57.590388388Z level=info msg="Migration successfully executed" id="remove permission role_id action scope index" duration=114.291µs
logger=migrator t=2026-09-30T00:50:57.591421805Z level=info msg="Executing migration" id="add group mapping UID column to user_role table"
logger=migrator t=2026-09-30T00:50:57.591989763Z level=info msg="Migration successfully executed" id="add group mapping UID column to user_role table" duration=568.042µs
logger=migrator t=2026-09-30T00:50:57.593061805Z level=info msg="Executing migration" id="add user_role org ID, user ID, role ID, group mapping UID index"
logger=migrator t=2026-09-30T00:50:57.593163305Z level=info msg="Migration successfully executed" id="add user_role org ID, user ID, role ID, group mapping UID index" duration=101.25µs
logger=migrator t=2026-09-30T00:50:57.594661638Z level=info msg="Executing migration" id="remove user_role org ID, user ID, role ID index"
logger=migrator t=2026-09-30T00:50:57.594812263Z level=info msg="Migration successfully executed" id="remove user_role org ID, user ID, role ID index" duration=152.333µs
logger=migrator t=2026-09-30T00:50:57.59604468Z level=info msg="Executing migration" id="add permission role_id action index"
logger=migrator t=2026-09-30T00:50:57.596170763Z level=info msg="Migration successfully executed" id="add permission role_id action index" duration=126µs
logger=migrator t=2026-09-30T00:50:57.597589388Z level=info msg="Executing migration" id="Remove permission role_id index"
logger=migrator t=2026-09-30T00:50:57.597769138Z level=info msg="Migration successfully executed" id="Remove permission role_id index" duration=180.292µs
logger=migrator t=2026-09-30T00:50:57.598946472Z level=info msg="Executing migration" id="add permission role_id scope index"
logger=migrator t=2026-09-30T00:50:57.599107722Z level=info msg="Migration successfully executed" id="add permission role_id scope index" duration=161.125µs
logger=migrator t=2026-09-30T00:50:57.600622763Z level=info msg="Executing migration" id="alter permission.kind to length 80"
logger=migrator t=2026-09-30T00:50:57.600631722Z level=info msg="Migration successfully executed" id="alter permission.kind to length 80" duration=9.541µs
logger=migrator t=2026-09-30T00:50:57.60273668Z level=info msg="Executing migration" id="add datasource_type column to permission table"
logger=migrator t=2026-09-30T00:50:57.603498597Z level=info msg="Migration successfully executed" id="add datasource_type column to permission table" duration=756.25µs
logger=migrator t=2026-09-30T00:50:57.60588668Z level=info msg="Executing migration" id="Expand role.uid length to 253"
logger=migrator t=2026-09-30T00:50:57.605896055Z level=info msg="Migration successfully executed" id="Expand role.uid length to 253" duration=10.042µs
logger=migrator t=2026-09-30T00:50:57.606745722Z level=info msg="Executing migration" id="populate datasource_type in permission table for uid-scoped datasource permissions"
logger=migrator t=2026-09-30T00:50:57.606801138Z level=info msg="Migration successfully executed" id="populate datasource_type in permission table for uid-scoped datasource permissions" duration=55.5µs
logger=migrator t=2026-09-30T00:50:57.607675513Z level=info msg="Executing migration" id="create query_history table v1"
logger=migrator t=2026-09-30T00:50:57.607772305Z level=info msg="Migration successfully executed" id="create query_history table v1" duration=96.75µs
logger=migrator t=2026-09-30T00:50:57.60906143Z level=info msg="Executing migration" id="add index query_history.org_id-created_by-datasource_uid"
logger=migrator t=2026-09-30T00:50:57.60920118Z level=info msg="Migration successfully executed" id="add index query_history.org_id-created_by-datasource_uid" duration=139.625µs
logger=migrator t=2026-09-30T00:50:57.610225638Z level=info msg="Executing migration" id="alter table query_history alter column created_by type to bigint"
logger=migrator t=2026-09-30T00:50:57.610234597Z level=info msg="Migration successfully executed" id="alter table query_history alter column created_by type to bigint" duration=9.083µs
logger=migrator t=2026-09-30T00:50:57.611161138Z level=info msg="Executing migration" id="create query_history_details table v1"
logger=migrator t=2026-09-30T00:50:57.611248013Z level=info msg="Migration successfully executed" id="create query_history_details table v1" duration=86.75µs
logger=migrator t=2026-09-30T00:50:57.612421597Z level=info msg="Executing migration" id="rbac disabled migrator"
logger=migrator t=2026-09-30T00:50:57.612449888Z level=info msg="Migration successfully executed" id="rbac disabled migrator" duration=28.375µs
logger=migrator t=2026-09-30T00:50:57.613386097Z level=info msg="Executing migration" id="teams permissions migration"
logger=migrator t=2026-09-30T00:50:57.613478513Z level=info msg="Migration successfully executed" id="teams permissions migration" duration=92.292µs
logger=migrator t=2026-09-30T00:50:57.614197055Z level=info msg="Executing migration" id="dashboard permissions"
logger=migrator t=2026-09-30T00:50:57.614321305Z level=info msg="Migration successfully executed" id="dashboard permissions" duration=124.25µs
logger=migrator t=2026-09-30T00:50:57.61548243Z level=info msg="Executing migration" id="dashboard permissions uid scopes"
logger=migrator t=2026-09-30T00:50:57.61556693Z level=info msg="Migration successfully executed" id="dashboard permissions uid scopes" duration=84.542µs
logger=migrator t=2026-09-30T00:50:57.616604055Z level=info msg="Executing migration" id="drop managed folder create actions"
logger=migrator t=2026-09-30T00:50:57.616640888Z level=info msg="Migration successfully executed" id="drop managed folder create actions" duration=37.125µs
logger=migrator t=2026-09-30T00:50:57.617597638Z level=info msg="Executing migration" id="alerting notification permissions"
logger=migrator t=2026-09-30T00:50:57.61767668Z level=info msg="Migration successfully executed" id="alerting notification permissions" duration=78.958µs
logger=migrator t=2026-09-30T00:50:57.619131805Z level=info msg="Executing migration" id="create query_history_star table v1"
logger=migrator t=2026-09-30T00:50:57.619288138Z level=info msg="Migration successfully executed" id="create query_history_star table v1" duration=156.667µs
logger=migrator t=2026-09-30T00:50:57.623831347Z level=info msg="Executing migration" id="add index query_history.user_id-query_uid"
logger=migrator t=2026-09-30T00:50:57.624046722Z level=info msg="Migration successfully executed" id="add index query_history.user_id-query_uid" duration=216.208µs
logger=migrator t=2026-09-30T00:50:57.625221763Z level=info msg="Executing migration" id="add column org_id in query_history_star"
logger=migrator t=2026-09-30T00:50:57.626016013Z level=info msg="Migration successfully executed" id="add column org_id in query_history_star" duration=795.042µs
logger=migrator t=2026-09-30T00:50:57.627899347Z level=info msg="Executing migration" id="alter table query_history_star_mig column user_id type to bigint"
logger=migrator t=2026-09-30T00:50:57.627909805Z level=info msg="Migration successfully executed" id="alter table query_history_star_mig column user_id type to bigint" duration=11.083µs
logger=migrator t=2026-09-30T00:50:57.629509472Z level=info msg="Executing migration" id="create correlation table v1"
logger=migrator t=2026-09-30T00:50:57.629684763Z level=info msg="Migration successfully executed" id="create correlation table v1" duration=178.625µs
logger=migrator t=2026-09-30T00:50:57.630732763Z level=info msg="Executing migration" id="add index correlations.uid"
logger=migrator t=2026-09-30T00:50:57.630868972Z level=info msg="Migration successfully executed" id="add index correlations.uid" duration=136.25µs
logger=migrator t=2026-09-30T00:50:57.631899847Z level=info msg="Executing migration" id="add index correlations.source_uid"
logger=migrator t=2026-09-30T00:50:57.63202043Z level=info msg="Migration successfully executed" id="add index correlations.source_uid" duration=120.708µs
logger=migrator t=2026-09-30T00:50:57.633274222Z level=info msg="Executing migration" id="add correlation config column"
logger=migrator t=2026-09-30T00:50:57.63393243Z level=info msg="Migration successfully executed" id="add correlation config column" duration=659.416µs
logger=migrator t=2026-09-30T00:50:57.635127638Z level=info msg="Executing migration" id="drop index IDX_correlation_uid - v1"
logger=migrator t=2026-09-30T00:50:57.635237138Z level=info msg="Migration successfully executed" id="drop index IDX_correlation_uid - v1" duration=108.416µs
logger=migrator t=2026-09-30T00:50:57.636359305Z level=info msg="Executing migration" id="drop index IDX_correlation_source_uid - v1"
logger=migrator t=2026-09-30T00:50:57.636474472Z level=info msg="Migration successfully executed" id="drop index IDX_correlation_source_uid - v1" duration=115.208µs
logger=migrator t=2026-09-30T00:50:57.637740638Z level=info msg="Executing migration" id="Rename table correlation to correlation_tmp_qwerty - v1"
logger=migrator t=2026-09-30T00:50:57.639567722Z level=info msg="Migration successfully executed" id="Rename table correlation to correlation_tmp_qwerty - v1" duration=1.826792ms
logger=migrator t=2026-09-30T00:50:57.640916638Z level=info msg="Executing migration" id="create correlation v2"
logger=migrator t=2026-09-30T00:50:57.641016305Z level=info msg="Migration successfully executed" id="create correlation v2" duration=99.459µs
logger=migrator t=2026-09-30T00:50:57.642032347Z level=info msg="Executing migration" id="create index IDX_correlation_uid - v2"
logger=migrator t=2026-09-30T00:50:57.642135055Z level=info msg="Migration successfully executed" id="create index IDX_correlation_uid - v2" duration=102.75µs
logger=migrator t=2026-09-30T00:50:57.64335818Z level=info msg="Executing migration" id="create index IDX_correlation_source_uid - v2"
logger=migrator t=2026-09-30T00:50:57.643477555Z level=info msg="Migration successfully executed" id="create index IDX_correlation_source_uid - v2" duration=119.458µs
logger=migrator t=2026-09-30T00:50:57.644478763Z level=info msg="Executing migration" id="create index IDX_correlation_org_id - v2"
logger=migrator t=2026-09-30T00:50:57.644585847Z level=info msg="Migration successfully executed" id="create index IDX_correlation_org_id - v2" duration=107.167µs
logger=migrator t=2026-09-30T00:50:57.645602763Z level=info msg="Executing migration" id="copy correlation v1 to v2"
logger=migrator t=2026-09-30T00:50:57.645636388Z level=info msg="Migration successfully executed" id="copy correlation v1 to v2" duration=33.667µs
logger=migrator t=2026-09-30T00:50:57.64669843Z level=info msg="Executing migration" id="drop correlation_tmp_qwerty"
logger=migrator t=2026-09-30T00:50:57.646785097Z level=info msg="Migration successfully executed" id="drop correlation_tmp_qwerty" duration=87.459µs
logger=migrator t=2026-09-30T00:50:57.647714097Z level=info msg="Executing migration" id="add provisioning column"
logger=migrator t=2026-09-30T00:50:57.64833168Z level=info msg="Migration successfully executed" id="add provisioning column" duration=617.458µs
logger=migrator t=2026-09-30T00:50:57.649157972Z level=info msg="Executing migration" id="add type column"
logger=migrator t=2026-09-30T00:50:57.649804388Z level=info msg="Migration successfully executed" id="add type column" duration=646.458µs
logger=migrator t=2026-09-30T00:50:57.650984388Z level=info msg="Executing migration" id="create dashboard public config v1"
logger=migrator t=2026-09-30T00:50:57.651073138Z level=info msg="Migration successfully executed" id="create dashboard public config v1" duration=88.75µs
logger=migrator t=2026-09-30T00:50:57.651958555Z level=info msg="Executing migration" id="drop index UQE_dashboard_public_config_uid - v1"
logger=migrator t=2026-09-30T00:50:57.652001305Z level=warn msg="Skipping migration: Already executed, but not recorded in migration log" id="drop index UQE_dashboard_public_config_uid - v1"
logger=migrator t=2026-09-30T00:50:57.653062805Z level=info msg="Executing migration" id="drop index IDX_dashboard_public_config_org_id_dashboard_uid - v1"
logger=migrator t=2026-09-30T00:50:57.65311368Z level=warn msg="Skipping migration: Already executed, but not recorded in migration log" id="drop index IDX_dashboard_public_config_org_id_dashboard_uid - v1"
logger=migrator t=2026-09-30T00:50:57.655112097Z level=info msg="Executing migration" id="Drop old dashboard public config table"
logger=migrator t=2026-09-30T00:50:57.65528493Z level=info msg="Migration successfully executed" id="Drop old dashboard public config table" duration=172.958µs
logger=migrator t=2026-09-30T00:50:57.658938013Z level=info msg="Executing migration" id="recreate dashboard public config v1"
logger=migrator t=2026-09-30T00:50:57.659053097Z level=info msg="Migration successfully executed" id="recreate dashboard public config v1" duration=114.834µs
logger=migrator t=2026-09-30T00:50:57.660243888Z level=info msg="Executing migration" id="create index UQE_dashboard_public_config_uid - v1"
logger=migrator t=2026-09-30T00:50:57.66040368Z level=info msg="Migration successfully executed" id="create index UQE_dashboard_public_config_uid - v1" duration=159.667µs
logger=migrator t=2026-09-30T00:50:57.661320513Z level=info msg="Executing migration" id="create index IDX_dashboard_public_config_org_id_dashboard_uid - v1"
logger=migrator t=2026-09-30T00:50:57.661430138Z level=info msg="Migration successfully executed" id="create index IDX_dashboard_public_config_org_id_dashboard_uid - v1" duration=112.167µs
logger=migrator t=2026-09-30T00:50:57.662519805Z level=info msg="Executing migration" id="drop index UQE_dashboard_public_config_uid - v2"
logger=migrator t=2026-09-30T00:50:57.662636472Z level=info msg="Migration successfully executed" id="drop index UQE_dashboard_public_config_uid - v2" duration=116.667µs
logger=migrator t=2026-09-30T00:50:57.664120805Z level=info msg="Executing migration" id="drop index IDX_dashboard_public_config_org_id_dashboard_uid - v2"
logger=migrator t=2026-09-30T00:50:57.664231263Z level=info msg="Migration successfully executed" id="drop index IDX_dashboard_public_config_org_id_dashboard_uid - v2" duration=110.5µs
logger=migrator t=2026-09-30T00:50:57.665059555Z level=info msg="Executing migration" id="Drop public config table"
logger=migrator t=2026-09-30T00:50:57.665148805Z level=info msg="Migration successfully executed" id="Drop public config table" duration=89.334µs
logger=migrator t=2026-09-30T00:50:57.665996222Z level=info msg="Executing migration" id="Recreate dashboard public config v2"
logger=migrator t=2026-09-30T00:50:57.666100722Z level=info msg="Migration successfully executed" id="Recreate dashboard public config v2" duration=104.584µs
logger=migrator t=2026-09-30T00:50:57.667122222Z level=info msg="Executing migration" id="create index UQE_dashboard_public_config_uid - v2"
logger=migrator t=2026-09-30T00:50:57.667245847Z level=info msg="Migration successfully executed" id="create index UQE_dashboard_public_config_uid - v2" duration=123.666µs
logger=migrator t=2026-09-30T00:50:57.668424347Z level=info msg="Executing migration" id="create index IDX_dashboard_public_config_org_id_dashboard_uid - v2"
logger=migrator t=2026-09-30T00:50:57.668549555Z level=info msg="Migration successfully executed" id="create index IDX_dashboard_public_config_org_id_dashboard_uid - v2" duration=125.25µs
logger=migrator t=2026-09-30T00:50:57.669512013Z level=info msg="Executing migration" id="create index UQE_dashboard_public_config_access_token - v2"
logger=migrator t=2026-09-30T00:50:57.66963018Z level=info msg="Migration successfully executed" id="create index UQE_dashboard_public_config_access_token - v2" duration=117.958µs
logger=migrator t=2026-09-30T00:50:57.670767555Z level=info msg="Executing migration" id="Rename table dashboard_public_config to dashboard_public - v2"
logger=migrator t=2026-09-30T00:50:57.67249518Z level=info msg="Migration successfully executed" id="Rename table dashboard_public_config to dashboard_public - v2" duration=1.727417ms
logger=migrator t=2026-09-30T00:50:57.673469597Z level=info msg="Executing migration" id="add annotations_enabled column"
logger=migrator t=2026-09-30T00:50:57.674067305Z level=info msg="Migration successfully executed" id="add annotations_enabled column" duration=597.791µs
logger=migrator t=2026-09-30T00:50:57.675231055Z level=info msg="Executing migration" id="add time_selection_enabled column"
logger=migrator t=2026-09-30T00:50:57.675811138Z level=info msg="Migration successfully executed" id="add time_selection_enabled column" duration=577.75µs
logger=migrator t=2026-09-30T00:50:57.676861347Z level=info msg="Executing migration" id="delete orphaned public dashboards"
logger=migrator t=2026-09-30T00:50:57.676889555Z level=info msg="Migration successfully executed" id="delete orphaned public dashboards" duration=28.291µs
logger=migrator t=2026-09-30T00:50:57.677897722Z level=info msg="Executing migration" id="add share column"
logger=migrator t=2026-09-30T00:50:57.678543805Z level=info msg="Migration successfully executed" id="add share column" duration=646.166µs
logger=migrator t=2026-09-30T00:50:57.67993368Z level=info msg="Executing migration" id="backfill empty share column fields with default of public"
logger=migrator t=2026-09-30T00:50:57.679964555Z level=info msg="Migration successfully executed" id="backfill empty share column fields with default of public" duration=31µs
logger=migrator t=2026-09-30T00:50:57.680765972Z level=info msg="Executing migration" id="create file table"
logger=migrator t=2026-09-30T00:50:57.680845097Z level=info msg="Migration successfully executed" id="create file table" duration=79.166µs
logger=migrator t=2026-09-30T00:50:57.682100555Z level=info msg="Executing migration" id="file table idx: path natural pk"
logger=migrator t=2026-09-30T00:50:57.682202847Z level=info msg="Migration successfully executed" id="file table idx: path natural pk" duration=102.417µs
logger=migrator t=2026-09-30T00:50:57.683972555Z level=info msg="Executing migration" id="file table idx: parent_folder_path_hash fast folder retrieval"
logger=migrator t=2026-09-30T00:50:57.684101055Z level=info msg="Migration successfully executed" id="file table idx: parent_folder_path_hash fast folder retrieval" duration=128.291µs
logger=migrator t=2026-09-30T00:50:57.684977972Z level=info msg="Executing migration" id="create file_meta table"
logger=migrator t=2026-09-30T00:50:57.685081597Z level=info msg="Migration successfully executed" id="create file_meta table" duration=103.625µs
logger=migrator t=2026-09-30T00:50:57.686166138Z level=info msg="Executing migration" id="file table idx: path key"
logger=migrator t=2026-09-30T00:50:57.686277472Z level=info msg="Migration successfully executed" id="file table idx: path key" duration=111.375µs
logger=migrator t=2026-09-30T00:50:57.687726222Z level=info msg="Executing migration" id="set path collation in file table"
logger=migrator t=2026-09-30T00:50:57.687731888Z level=info msg="Migration successfully executed" id="set path collation in file table" duration=5.875µs
logger=migrator t=2026-09-30T00:50:57.68861268Z level=info msg="Executing migration" id="migrate contents column to mediumblob for MySQL"
logger=migrator t=2026-09-30T00:50:57.688620097Z level=info msg="Migration successfully executed" id="migrate contents column to mediumblob for MySQL" duration=7.667µs
logger=migrator t=2026-09-30T00:50:57.689693555Z level=info msg="Executing migration" id="drop my_row_id and add primary key to file table if my_row_id exists (auto-generated mysql column)"
logger=migrator t=2026-09-30T00:50:57.68972743Z level=warn msg="Skipping migration: Already executed, but not recorded in migration log" id="drop my_row_id and add primary key to file table if my_row_id exists (auto-generated mysql column)"
logger=migrator t=2026-09-30T00:50:57.690779263Z level=info msg="Executing migration" id="drop file_path unique index from file table if it exists (mysql)"
logger=migrator t=2026-09-30T00:50:57.690824263Z level=info msg="Migration successfully executed" id="drop file_path unique index from file table if it exists (mysql)" duration=45.167µs
logger=migrator t=2026-09-30T00:50:57.691535722Z level=info msg="Executing migration" id="add primary key to file table if it doesn't exist (mysql)"
logger=migrator t=2026-09-30T00:50:57.691541763Z level=info msg="Migration successfully executed" id="add primary key to file table if it doesn't exist (mysql)" duration=6.209µs
logger=migrator t=2026-09-30T00:50:57.692465013Z level=info msg="Executing migration" id="add primary key to file table (postgres and sqlite)"
logger=migrator t=2026-09-30T00:50:57.694493972Z level=info msg="Migration successfully executed" id="add primary key to file table (postgres and sqlite)" duration=2.035ms
logger=migrator t=2026-09-30T00:50:57.69543718Z level=info msg="Executing migration" id="drop my_row_id and add primary key to file_meta table if my_row_id exists (auto-generated mysql column)"
logger=migrator t=2026-09-30T00:50:57.69546618Z level=warn msg="Skipping migration: Already executed, but not recorded in migration log" id="drop my_row_id and add primary key to file_meta table if my_row_id exists (auto-generated mysql column)"
logger=migrator t=2026-09-30T00:50:57.696302638Z level=info msg="Executing migration" id="drop file_path unique index from file_meta table if it exists (mysql)"
logger=migrator t=2026-09-30T00:50:57.69634893Z level=info msg="Migration successfully executed" id="drop file_path unique index from file_meta table if it exists (mysql)" duration=46.417µs
logger=migrator t=2026-09-30T00:50:57.697343013Z level=info msg="Executing migration" id="add primary key to file_meta table if it doesn't exist (mysql)"
logger=migrator t=2026-09-30T00:50:57.697354013Z level=info msg="Migration successfully executed" id="add primary key to file_meta table if it doesn't exist (mysql)" duration=9.584µs
logger=migrator t=2026-09-30T00:50:57.698092888Z level=info msg="Executing migration" id="add primary key to file_meta table (postgres and sqlite)"
logger=migrator t=2026-09-30T00:50:57.699883805Z level=info msg="Migration successfully executed" id="add primary key to file_meta table (postgres and sqlite)" duration=1.791041ms
logger=migrator t=2026-09-30T00:50:57.701001263Z level=info msg="Executing migration" id="managed permissions migration"
logger=migrator t=2026-09-30T00:50:57.70108393Z level=info msg="Migration successfully executed" id="managed permissions migration" duration=82.542µs
logger=migrator t=2026-09-30T00:50:57.702358472Z level=info msg="Executing migration" id="managed folder permissions alert actions migration"
logger=migrator t=2026-09-30T00:50:57.702399097Z level=info msg="Migration successfully executed" id="managed folder permissions alert actions migration" duration=40.541µs
logger=migrator t=2026-09-30T00:50:57.703262347Z level=info msg="Executing migration" id="RBAC action name migrator"
logger=migrator t=2026-09-30T00:50:57.703409472Z level=info msg="Migration successfully executed" id="RBAC action name migrator" duration=147.083µs
logger=migrator t=2026-09-30T00:50:57.704308513Z level=info msg="Executing migration" id="update group index for alert rules"
logger=migrator t=2026-09-30T00:50:57.70439318Z level=info msg="Migration successfully executed" id="update group index for alert rules" duration=84.875µs
logger=migrator t=2026-09-30T00:50:57.706199847Z level=info msg="Executing migration" id="managed folder permissions alert actions repeated migration"
logger=migrator t=2026-09-30T00:50:57.706224305Z level=info msg="Migration successfully executed" id="managed folder permissions alert actions repeated migration" duration=24.583µs
logger=migrator t=2026-09-30T00:50:57.706883013Z level=info msg="Executing migration" id="admin only folder/dashboard permission"
logger=migrator t=2026-09-30T00:50:57.706954013Z level=info msg="Migration successfully executed" id="admin only folder/dashboard permission" duration=70.917µs
logger=migrator t=2026-09-30T00:50:57.707829888Z level=info msg="Executing migration" id="add action column to seed_assignment"
logger=migrator t=2026-09-30T00:50:57.708499305Z level=info msg="Migration successfully executed" id="add action column to seed_assignment" duration=671.084µs
logger=migrator t=2026-09-30T00:50:57.709426097Z level=info msg="Executing migration" id="add scope column to seed_assignment"
logger=migrator t=2026-09-30T00:50:57.710013305Z level=info msg="Migration successfully executed" id="add scope column to seed_assignment" duration=586.75µs
logger=migrator t=2026-09-30T00:50:57.71127643Z level=info msg="Executing migration" id="remove unique index builtin_role_role_name before nullable update"
logger=migrator t=2026-09-30T00:50:57.711392555Z level=info msg="Migration successfully executed" id="remove unique index builtin_role_role_name before nullable update" duration=116.125µs
logger=migrator t=2026-09-30T00:50:57.712185013Z level=info msg="Executing migration" id="update seed_assignment role_name column to nullable"
logger=migrator t=2026-09-30T00:50:57.718110597Z level=info msg="Migration successfully executed" id="update seed_assignment role_name column to nullable" duration=5.925625ms
logger=migrator t=2026-09-30T00:50:57.719207972Z level=info msg="Executing migration" id="add unique index builtin_role_name back"
logger=migrator t=2026-09-30T00:50:57.719314805Z level=info msg="Migration successfully executed" id="add unique index builtin_role_name back" duration=106.833µs
logger=migrator t=2026-09-30T00:50:57.720304888Z level=info msg="Executing migration" id="add unique index builtin_role_action_scope"
logger=migrator t=2026-09-30T00:50:57.720428513Z level=info msg="Migration successfully executed" id="add unique index builtin_role_action_scope" duration=123.5µs
logger=migrator t=2026-09-30T00:50:57.721710722Z level=info msg="Executing migration" id="add primary key to seed_assigment"
logger=migrator t=2026-09-30T00:50:57.723722263Z level=info msg="Migration successfully executed" id="add primary key to seed_assigment" duration=2.011291ms
logger=migrator t=2026-09-30T00:50:57.725505097Z level=info msg="Executing migration" id="add origin column to seed_assignment"
logger=migrator t=2026-09-30T00:50:57.726099263Z level=info msg="Migration successfully executed" id="add origin column to seed_assignment" duration=594.209µs
logger=migrator t=2026-09-30T00:50:57.727108138Z level=info msg="Executing migration" id="add origin to plugin seed_assignment"
logger=migrator t=2026-09-30T00:50:57.727147013Z level=info msg="Migration successfully executed" id="add origin to plugin seed_assignment" duration=39µs
logger=migrator t=2026-09-30T00:50:57.728274722Z level=info msg="Executing migration" id="prevent seeding OnCall access"
logger=migrator t=2026-09-30T00:50:57.728294472Z level=info msg="Migration successfully executed" id="prevent seeding OnCall access" duration=19.875µs
logger=migrator t=2026-09-30T00:50:57.731184347Z level=info msg="Executing migration" id="managed folder permissions alert actions repeated fixed migration"
logger=migrator t=2026-09-30T00:50:57.73120768Z level=info msg="Migration successfully executed" id="managed folder permissions alert actions repeated fixed migration" duration=23.5µs
logger=migrator t=2026-09-30T00:50:57.732231722Z level=info msg="Executing migration" id="managed folder permissions library panel actions migration"
logger=migrator t=2026-09-30T00:50:57.732261513Z level=info msg="Migration successfully executed" id="managed folder permissions library panel actions migration" duration=29.916µs
logger=migrator t=2026-09-30T00:50:57.733380472Z level=info msg="Executing migration" id="migrate external alertmanagers to datsourcse"
logger=migrator t=2026-09-30T00:50:57.73341918Z level=info msg="Migration successfully executed" id="migrate external alertmanagers to datsourcse" duration=38.583µs
logger=migrator t=2026-09-30T00:50:57.73419918Z level=info msg="Executing migration" id="create folder table"
logger=migrator t=2026-09-30T00:50:57.734298805Z level=info msg="Migration successfully executed" id="create folder table" duration=99.75µs
logger=migrator t=2026-09-30T00:50:57.73519368Z level=info msg="Executing migration" id="Add index for parent_uid"
logger=migrator t=2026-09-30T00:50:57.735312763Z level=info msg="Migration successfully executed" id="Add index for parent_uid" duration=119.209µs
logger=migrator t=2026-09-30T00:50:57.73666443Z level=info msg="Executing migration" id="Add unique index for folder.uid and folder.org_id"
logger=migrator t=2026-09-30T00:50:57.736768305Z level=info msg="Migration successfully executed" id="Add unique index for folder.uid and folder.org_id" duration=104µs
logger=migrator t=2026-09-30T00:50:57.738445305Z level=info msg="Executing migration" id="Update folder title length"
logger=migrator t=2026-09-30T00:50:57.738453138Z level=info msg="Migration successfully executed" id="Update folder title length" duration=8.042µs
logger=migrator t=2026-09-30T00:50:57.739279888Z level=info msg="Executing migration" id="Add unique index for folder.title and folder.parent_uid"
logger=migrator t=2026-09-30T00:50:57.739396388Z level=info msg="Migration successfully executed" id="Add unique index for folder.title and folder.parent_uid" duration=116.583µs
logger=migrator t=2026-09-30T00:50:57.740387805Z level=info msg="Executing migration" id="Remove unique index for folder.title and folder.parent_uid"
logger=migrator t=2026-09-30T00:50:57.740482888Z level=info msg="Migration successfully executed" id="Remove unique index for folder.title and folder.parent_uid" duration=95.084µs
logger=migrator t=2026-09-30T00:50:57.741507763Z level=info msg="Executing migration" id="Add unique index for title, parent_uid, and org_id"
logger=migrator t=2026-09-30T00:50:57.74160568Z level=info msg="Migration successfully executed" id="Add unique index for title, parent_uid, and org_id" duration=99.791µs
logger=migrator t=2026-09-30T00:50:57.742499805Z level=info msg="Executing migration" id="Sync dashboard and folder table"
logger=migrator t=2026-09-30T00:50:57.742557347Z level=info msg="Migration successfully executed" id="Sync dashboard and folder table" duration=57.625µs
logger=migrator t=2026-09-30T00:50:57.743901555Z level=info msg="Executing migration" id="Remove ghost folders from the folder table"
logger=migrator t=2026-09-30T00:50:57.74393268Z level=info msg="Migration successfully executed" id="Remove ghost folders from the folder table" duration=31.25µs
logger=migrator t=2026-09-30T00:50:57.744680513Z level=info msg="Executing migration" id="Remove unique index UQE_folder_uid_org_id"
logger=migrator t=2026-09-30T00:50:57.744766847Z level=info msg="Migration successfully executed" id="Remove unique index UQE_folder_uid_org_id" duration=86.417µs
logger=migrator t=2026-09-30T00:50:57.745585597Z level=info msg="Executing migration" id="Add unique index UQE_folder_org_id_uid"
logger=migrator t=2026-09-30T00:50:57.745676097Z level=info msg="Migration successfully executed" id="Add unique index UQE_folder_org_id_uid" duration=90.541µs
logger=migrator t=2026-09-30T00:50:57.746632513Z level=info msg="Executing migration" id="Remove unique index UQE_folder_title_parent_uid_org_id"
logger=migrator t=2026-09-30T00:50:57.746738097Z level=info msg="Migration successfully executed" id="Remove unique index UQE_folder_title_parent_uid_org_id" duration=105.417µs
logger=migrator t=2026-09-30T00:50:57.748006222Z level=info msg="Executing migration" id="Add unique index UQE_folder_org_id_parent_uid_title"
logger=migrator t=2026-09-30T00:50:57.748096388Z level=info msg="Migration successfully executed" id="Add unique index UQE_folder_org_id_parent_uid_title" duration=90.208µs
logger=migrator t=2026-09-30T00:50:57.749043972Z level=info msg="Executing migration" id="Remove index IDX_folder_parent_uid_org_id"
logger=migrator t=2026-09-30T00:50:57.749158888Z level=info msg="Migration successfully executed" id="Remove index IDX_folder_parent_uid_org_id" duration=115.125µs
logger=migrator t=2026-09-30T00:50:57.749980347Z level=info msg="Executing migration" id="Remove unique index UQE_folder_org_id_parent_uid_title"
logger=migrator t=2026-09-30T00:50:57.750074555Z level=info msg="Migration successfully executed" id="Remove unique index UQE_folder_org_id_parent_uid_title" duration=97.75µs
logger=migrator t=2026-09-30T00:50:57.75145793Z level=info msg="Executing migration" id="Add index IDX_folder_org_id_parent_uid"
logger=migrator t=2026-09-30T00:50:57.751558263Z level=info msg="Migration successfully executed" id="Add index IDX_folder_org_id_parent_uid" duration=100.417µs
logger=migrator t=2026-09-30T00:50:57.752503263Z level=info msg="Executing migration" id="create anon_device table"
logger=migrator t=2026-09-30T00:50:57.752586638Z level=info msg="Migration successfully executed" id="create anon_device table" duration=80.542µs
logger=migrator t=2026-09-30T00:50:57.753642847Z level=info msg="Executing migration" id="add unique index anon_device.device_id"
logger=migrator t=2026-09-30T00:50:57.753769597Z level=info msg="Migration successfully executed" id="add unique index anon_device.device_id" duration=127.334µs
logger=migrator t=2026-09-30T00:50:57.75478068Z level=info msg="Executing migration" id="add index anon_device.updated_at"
logger=migrator t=2026-09-30T00:50:57.754883597Z level=info msg="Migration successfully executed" id="add index anon_device.updated_at" duration=102.75µs
logger=migrator t=2026-09-30T00:50:57.755984847Z level=info msg="Executing migration" id="create signing_key table"
logger=migrator t=2026-09-30T00:50:57.756104263Z level=info msg="Migration successfully executed" id="create signing_key table" duration=120.084µs
logger=migrator t=2026-09-30T00:50:57.757322263Z level=info msg="Executing migration" id="add unique index signing_key.key_id"
logger=migrator t=2026-09-30T00:50:57.757429597Z level=info msg="Migration successfully executed" id="add unique index signing_key.key_id" duration=107.375µs
logger=migrator t=2026-09-30T00:50:57.758397722Z level=info msg="Executing migration" id="set legacy alert migration status in kvstore"
logger=migrator t=2026-09-30T00:50:57.758586638Z level=info msg="Migration successfully executed" id="set legacy alert migration status in kvstore" duration=188.583µs
logger=migrator t=2026-09-30T00:50:57.759461597Z level=info msg="Executing migration" id="migrate record of created folders during legacy migration to kvstore"
logger=migrator t=2026-09-30T00:50:57.759522347Z level=info msg="Migration successfully executed" id="migrate record of created folders during legacy migration to kvstore" duration=60.917µs
logger=migrator t=2026-09-30T00:50:57.760579888Z level=info msg="Executing migration" id="Add folder_uid for dashboard"
logger=migrator t=2026-09-30T00:50:57.761279472Z level=info msg="Migration successfully executed" id="Add folder_uid for dashboard" duration=699.584µs
logger=migrator t=2026-09-30T00:50:57.762203555Z level=info msg="Executing migration" id="Populate dashboard folder_uid column"
logger=migrator t=2026-09-30T00:50:57.762268805Z level=info msg="Migration successfully executed" id="Populate dashboard folder_uid column" duration=64.708µs
logger=migrator t=2026-09-30T00:50:57.76316343Z level=info msg="Executing migration" id="Add unique index for dashboard_org_id_folder_uid_title"
logger=migrator t=2026-09-30T00:50:57.763169263Z level=info msg="Migration successfully executed" id="Add unique index for dashboard_org_id_folder_uid_title" duration=6µs
logger=migrator t=2026-09-30T00:50:57.764074638Z level=info msg="Executing migration" id="Delete unique index for dashboard_org_id_folder_id_title"
logger=migrator t=2026-09-30T00:50:57.764207513Z level=info msg="Migration successfully executed" id="Delete unique index for dashboard_org_id_folder_id_title" duration=132.416µs
logger=migrator t=2026-09-30T00:50:57.765213805Z level=info msg="Executing migration" id="Delete unique index for dashboard_org_id_folder_uid_title"
logger=migrator t=2026-09-30T00:50:57.765222597Z level=info msg="Migration successfully executed" id="Delete unique index for dashboard_org_id_folder_uid_title" duration=8.875µs
logger=migrator t=2026-09-30T00:50:57.766097472Z level=info msg="Executing migration" id="Add unique index for dashboard_org_id_folder_uid_title_is_folder"
logger=migrator t=2026-09-30T00:50:57.766199222Z level=info msg="Migration successfully executed" id="Add unique index for dashboard_org_id_folder_uid_title_is_folder" duration=101.792µs
logger=migrator t=2026-09-30T00:50:57.767067555Z level=info msg="Executing migration" id="Restore index for dashboard_org_id_folder_id_title"
logger=migrator t=2026-09-30T00:50:57.767172555Z level=info msg="Migration successfully executed" id="Restore index for dashboard_org_id_folder_id_title" duration=105.083µs
logger=migrator t=2026-09-30T00:50:57.768207138Z level=info msg="Executing migration" id="Remove unique index for dashboard_org_id_folder_uid_title_is_folder"
logger=migrator t=2026-09-30T00:50:57.768337555Z level=info msg="Migration successfully executed" id="Remove unique index for dashboard_org_id_folder_uid_title_is_folder" duration=130.166µs
logger=migrator t=2026-09-30T00:50:57.769205013Z level=info msg="Executing migration" id="create sso_setting table"
logger=migrator t=2026-09-30T00:50:57.769317388Z level=info msg="Migration successfully executed" id="create sso_setting table" duration=112.125µs
logger=migrator t=2026-09-30T00:50:57.770431013Z level=info msg="Executing migration" id="update settings column to MEDIUMTEXT"
logger=migrator t=2026-09-30T00:50:57.770437305Z level=info msg="Migration successfully executed" id="update settings column to MEDIUMTEXT" duration=6.5µs
logger=migrator t=2026-09-30T00:50:57.771517972Z level=info msg="Executing migration" id="copy kvstore migration status to each org"
logger=migrator t=2026-09-30T00:50:57.771649222Z level=info msg="Migration successfully executed" id="copy kvstore migration status to each org" duration=131.375µs
logger=migrator t=2026-09-30T00:50:57.773347513Z level=info msg="Executing migration" id="add back entry for orgid=0 migrated status"
logger=migrator t=2026-09-30T00:50:57.77338693Z level=info msg="Migration successfully executed" id="add back entry for orgid=0 migrated status" duration=39.583µs
logger=migrator t=2026-09-30T00:50:57.77451093Z level=info msg="Executing migration" id="managed dashboard permissions annotation actions migration"
logger=migrator t=2026-09-30T00:50:57.77456768Z level=info msg="Migration successfully executed" id="managed dashboard permissions annotation actions migration" duration=58.958µs
logger=migrator t=2026-09-30T00:50:57.77530868Z level=info msg="Executing migration" id="create cloud_migration table v1"
logger=migrator t=2026-09-30T00:50:57.775414638Z level=info msg="Migration successfully executed" id="create cloud_migration table v1" duration=105.375µs
logger=migrator t=2026-09-30T00:50:57.776514472Z level=info msg="Executing migration" id="create cloud_migration_run table v1"
logger=migrator t=2026-09-30T00:50:57.776597847Z level=info msg="Migration successfully executed" id="create cloud_migration_run table v1" duration=83.542µs
logger=migrator t=2026-09-30T00:50:57.777621763Z level=info msg="Executing migration" id="add stack_id column"
logger=migrator t=2026-09-30T00:50:57.778315347Z level=info msg="Migration successfully executed" id="add stack_id column" duration=693.625µs
logger=migrator t=2026-09-30T00:50:57.779354097Z level=info msg="Executing migration" id="add region_slug column"
logger=migrator t=2026-09-30T00:50:57.78006018Z level=info msg="Migration successfully executed" id="add region_slug column" duration=705.875µs
logger=migrator t=2026-09-30T00:50:57.781059972Z level=info msg="Executing migration" id="add cluster_slug column"
logger=migrator t=2026-09-30T00:50:57.781734222Z level=info msg="Migration successfully executed" id="add cluster_slug column" duration=674.291µs
logger=migrator t=2026-09-30T00:50:57.78261518Z level=info msg="Executing migration" id="add migration uid column"
logger=migrator t=2026-09-30T00:50:57.783258305Z level=info msg="Migration successfully executed" id="add migration uid column" duration=643.125µs
logger=migrator t=2026-09-30T00:50:57.785224597Z level=info msg="Executing migration" id="Update uid column values for migration"
logger=migrator t=2026-09-30T00:50:57.78524368Z level=info msg="Migration successfully executed" id="Update uid column values for migration" duration=19.167µs
logger=migrator t=2026-09-30T00:50:57.786233638Z level=info msg="Executing migration" id="Add unique index migration_uid"
logger=migrator t=2026-09-30T00:50:57.786337722Z level=info msg="Migration successfully executed" id="Add unique index migration_uid" duration=104.167µs
logger=migrator t=2026-09-30T00:50:57.787190555Z level=info msg="Executing migration" id="add migration run uid column"
logger=migrator t=2026-09-30T00:50:57.787841222Z level=info msg="Migration successfully executed" id="add migration run uid column" duration=650.458µs
logger=migrator t=2026-09-30T00:50:57.789099805Z level=info msg="Executing migration" id="Update uid column values for migration run"
logger=migrator t=2026-09-30T00:50:57.789139055Z level=info msg="Migration successfully executed" id="Update uid column values for migration run" duration=32.917µs
logger=migrator t=2026-09-30T00:50:57.790004055Z level=info msg="Executing migration" id="Add unique index migration_run_uid"
logger=migrator t=2026-09-30T00:50:57.790117763Z level=info msg="Migration successfully executed" id="Add unique index migration_run_uid" duration=113.875µs
logger=migrator t=2026-09-30T00:50:57.791098805Z level=info msg="Executing migration" id="Rename table cloud_migration to cloud_migration_session_tmp_qwerty - v1"
logger=migrator t=2026-09-30T00:50:57.79296643Z level=info msg="Migration successfully executed" id="Rename table cloud_migration to cloud_migration_session_tmp_qwerty - v1" duration=1.866833ms
logger=migrator t=2026-09-30T00:50:57.793898305Z level=info msg="Executing migration" id="create cloud_migration_session v2"
logger=migrator t=2026-09-30T00:50:57.79398493Z level=info msg="Migration successfully executed" id="create cloud_migration_session v2" duration=86.792µs
logger=migrator t=2026-09-30T00:50:57.795037305Z level=info msg="Executing migration" id="create index UQE_cloud_migration_session_uid - v2"
logger=migrator t=2026-09-30T00:50:57.795159388Z level=info msg="Migration successfully executed" id="create index UQE_cloud_migration_session_uid - v2" duration=122.209µs
logger=migrator t=2026-09-30T00:50:57.796067763Z level=info msg="Executing migration" id="copy cloud_migration_session v1 to v2"
logger=migrator t=2026-09-30T00:50:57.796113722Z level=info msg="Migration successfully executed" id="copy cloud_migration_session v1 to v2" duration=46.625µs
logger=migrator t=2026-09-30T00:50:57.797164555Z level=info msg="Executing migration" id="drop cloud_migration_session_tmp_qwerty"
logger=migrator t=2026-09-30T00:50:57.797263347Z level=info msg="Migration successfully executed" id="drop cloud_migration_session_tmp_qwerty" duration=98.958µs
logger=migrator t=2026-09-30T00:50:57.798170805Z level=info msg="Executing migration" id="Rename table cloud_migration_run to cloud_migration_snapshot_tmp_qwerty - v1"
logger=migrator t=2026-09-30T00:50:57.800021888Z level=info msg="Migration successfully executed" id="Rename table cloud_migration_run to cloud_migration_snapshot_tmp_qwerty - v1" duration=1.851125ms
logger=migrator t=2026-09-30T00:50:57.801371597Z level=info msg="Executing migration" id="create cloud_migration_snapshot v2"
logger=migrator t=2026-09-30T00:50:57.801445805Z level=info msg="Migration successfully executed" id="create cloud_migration_snapshot v2" duration=74.25µs
logger=migrator t=2026-09-30T00:50:57.802505263Z level=info msg="Executing migration" id="create index UQE_cloud_migration_snapshot_uid - v2"
logger=migrator t=2026-09-30T00:50:57.802604388Z level=info msg="Migration successfully executed" id="create index UQE_cloud_migration_snapshot_uid - v2" duration=99.208µs
logger=migrator t=2026-09-30T00:50:57.803486888Z level=info msg="Executing migration" id="copy cloud_migration_snapshot v1 to v2"
logger=migrator t=2026-09-30T00:50:57.803528847Z level=info msg="Migration successfully executed" id="copy cloud_migration_snapshot v1 to v2" duration=42µs
logger=migrator t=2026-09-30T00:50:57.80422443Z level=info msg="Executing migration" id="drop cloud_migration_snapshot_tmp_qwerty"
logger=migrator t=2026-09-30T00:50:57.804316013Z level=info msg="Migration successfully executed" id="drop cloud_migration_snapshot_tmp_qwerty" duration=91.667µs
logger=migrator t=2026-09-30T00:50:57.806115347Z level=info msg="Executing migration" id="add snapshot upload_url column"
logger=migrator t=2026-09-30T00:50:57.80675418Z level=info msg="Migration successfully executed" id="add snapshot upload_url column" duration=638.584µs
logger=migrator t=2026-09-30T00:50:57.807621263Z level=info msg="Executing migration" id="add snapshot status column"
logger=migrator t=2026-09-30T00:50:57.808240263Z level=info msg="Migration successfully executed" id="add snapshot status column" duration=618.5µs
logger=migrator t=2026-09-30T00:50:57.80916393Z level=info msg="Executing migration" id="add snapshot local_directory column"
logger=migrator t=2026-09-30T00:50:57.809788097Z level=info msg="Migration successfully executed" id="add snapshot local_directory column" duration=623.958µs
logger=migrator t=2026-09-30T00:50:57.811094138Z level=info msg="Executing migration" id="add snapshot gms_snapshot_uid column"
logger=migrator t=2026-09-30T00:50:57.811749013Z level=info msg="Migration successfully executed" id="add snapshot gms_snapshot_uid column" duration=655.125µs
logger=migrator t=2026-09-30T00:50:57.812648555Z level=info msg="Executing migration" id="add snapshot encryption_key column"
logger=migrator t=2026-09-30T00:50:57.813335805Z level=info msg="Migration successfully executed" id="add snapshot encryption_key column" duration=687µs
logger=migrator t=2026-09-30T00:50:57.814052347Z level=info msg="Executing migration" id="add snapshot error_string column"
logger=migrator t=2026-09-30T00:50:57.81467443Z level=info msg="Migration successfully executed" id="add snapshot error_string column" duration=622.208µs
logger=migrator t=2026-09-30T00:50:57.816017722Z level=info msg="Executing migration" id="create cloud_migration_resource table v1"
logger=migrator t=2026-09-30T00:50:57.81609618Z level=info msg="Migration successfully executed" id="create cloud_migration_resource table v1" duration=78.541µs
logger=migrator t=2026-09-30T00:50:57.816936805Z level=info msg="Executing migration" id="delete cloud_migration_snapshot.result column"
logger=migrator t=2026-09-30T00:50:57.819629013Z level=info msg="Migration successfully executed" id="delete cloud_migration_snapshot.result column" duration=2.692ms
logger=migrator t=2026-09-30T00:50:57.821087847Z level=info msg="Executing migration" id="add cloud_migration_resource.name column"
logger=migrator t=2026-09-30T00:50:57.821710763Z level=info msg="Migration successfully executed" id="add cloud_migration_resource.name column" duration=623µs
logger=migrator t=2026-09-30T00:50:57.822726763Z level=info msg="Executing migration" id="add cloud_migration_resource.parent_name column"
logger=migrator t=2026-09-30T00:50:57.823406555Z level=info msg="Migration successfully executed" id="add cloud_migration_resource.parent_name column" duration=679.667µs
logger=migrator t=2026-09-30T00:50:57.824328888Z level=info msg="Executing migration" id="add cloud_migration_session.org_id column"
logger=migrator t=2026-09-30T00:50:57.82497118Z level=info msg="Migration successfully executed" id="add cloud_migration_session.org_id column" duration=642.375µs
logger=migrator t=2026-09-30T00:50:57.826725347Z level=info msg="Executing migration" id="add cloud_migration_resource.error_code column"
logger=migrator t=2026-09-30T00:50:57.827385222Z level=info msg="Migration successfully executed" id="add cloud_migration_resource.error_code column" duration=660.208µs
logger=migrator t=2026-09-30T00:50:57.828397013Z level=info msg="Executing migration" id="increase resource_uid column length"
logger=migrator t=2026-09-30T00:50:57.828402097Z level=info msg="Migration successfully executed" id="increase resource_uid column length" duration=5.208µs
logger=migrator t=2026-09-30T00:50:57.830067305Z level=info msg="Executing migration" id="create cloud_migration_snapshot_partition table v1"
logger=migrator t=2026-09-30T00:50:57.830148305Z level=info msg="Migration successfully executed" id="create cloud_migration_snapshot_partition table v1" duration=81µs
logger=migrator t=2026-09-30T00:50:57.830975722Z level=info msg="Executing migration" id="add cloud_migration_snapshot_partition srp_unique index"
logger=migrator t=2026-09-30T00:50:57.831095513Z level=info msg="Migration successfully executed" id="add cloud_migration_snapshot_partition srp_unique index" duration=116.792µs
logger=migrator t=2026-09-30T00:50:57.832233472Z level=info msg="Executing migration" id="add resource_storage_type column to cloud_migration_snapshot table"
logger=migrator t=2026-09-30T00:50:57.832887055Z level=info msg="Migration successfully executed" id="add resource_storage_type column to cloud_migration_snapshot table" duration=653.458µs
logger=migrator t=2026-09-30T00:50:57.834130638Z level=info msg="Executing migration" id="add encryption_algo column to cloud_migration_snapshot table"
logger=migrator t=2026-09-30T00:50:57.83486968Z level=info msg="Migration successfully executed" id="add encryption_algo column to cloud_migration_snapshot table" duration=735.084µs
logger=migrator t=2026-09-30T00:50:57.836403305Z level=info msg="Executing migration" id="add metadata column to cloud_migration_snapshot table"
logger=migrator t=2026-09-30T00:50:57.837024972Z level=info msg="Migration successfully executed" id="add metadata column to cloud_migration_snapshot table" duration=621.792µs
logger=migrator t=2026-09-30T00:50:57.838960388Z level=info msg="Executing migration" id="add public_key column to cloud_migration_snapshot table"
logger=migrator t=2026-09-30T00:50:57.839622847Z level=info msg="Migration successfully executed" id="add public_key column to cloud_migration_snapshot table" duration=662.458µs
logger=migrator t=2026-09-30T00:50:57.841259847Z level=info msg="Executing migration" id="drop my_row_id and add primary key with columns snapshot_uid,resource_type,partition_number to table cloud_migration_snapshot_partition if my_row_id exists (auto-generated mysql column)"
logger=migrator t=2026-09-30T00:50:57.841297847Z level=warn msg="Skipping migration: Already executed, but not recorded in migration log" id="drop my_row_id and add primary key with columns snapshot_uid,resource_type,partition_number to table cloud_migration_snapshot_partition if my_row_id exists (auto-generated mysql column)"
logger=migrator t=2026-09-30T00:50:57.842425263Z level=info msg="Executing migration" id="drop unique index UQE_cloud_migration_snapshot_partition_srp_unique from cloud_migration_snapshot_partition table if it exists (mysql)"
logger=migrator t=2026-09-30T00:50:57.842473222Z level=info msg="Migration successfully executed" id="drop unique index UQE_cloud_migration_snapshot_partition_srp_unique from cloud_migration_snapshot_partition table if it exists (mysql)" duration=48.125µs
logger=migrator t=2026-09-30T00:50:57.843217805Z level=info msg="Executing migration" id="add primary key with columns snapshot_uid,resource_type,partition_number to table cloud_migration_snapshot_partition if it doesn't exist (mysql)"
logger=migrator t=2026-09-30T00:50:57.843223388Z level=info msg="Migration successfully executed" id="add primary key with columns snapshot_uid,resource_type,partition_number to table cloud_migration_snapshot_partition if it doesn't exist (mysql)" duration=5.625µs
logger=migrator t=2026-09-30T00:50:57.844341847Z level=info msg="Executing migration" id="add primary key with columns snapshot_uid,resource_type,partition_number to table cloud_migration_snapshot_partition (postgres and sqlite)"
logger=migrator t=2026-09-30T00:50:57.846379763Z level=info msg="Migration successfully executed" id="add primary key with columns snapshot_uid,resource_type,partition_number to table cloud_migration_snapshot_partition (postgres and sqlite)" duration=2.037625ms
logger=migrator t=2026-09-30T00:50:57.847506597Z level=info msg="Executing migration" id="alter kv_store.value to longtext"
logger=migrator t=2026-09-30T00:50:57.847512097Z level=info msg="Migration successfully executed" id="alter kv_store.value to longtext" duration=5.666µs
logger=migrator t=2026-09-30T00:50:57.84848643Z level=info msg="Executing migration" id="add notification_settings column to alert_rule table"
logger=migrator t=2026-09-30T00:50:57.849145888Z level=info msg="Migration successfully executed" id="add notification_settings column to alert_rule table" duration=659.666µs
logger=migrator t=2026-09-30T00:50:57.851321138Z level=info msg="Executing migration" id="add notification_settings column to alert_rule_version table"
logger=migrator t=2026-09-30T00:50:57.851978472Z level=info msg="Migration successfully executed" id="add notification_settings column to alert_rule_version table" duration=657.375µs
logger=migrator t=2026-09-30T00:50:57.853029472Z level=info msg="Executing migration" id="removing scope from alert.instances:read action migration"
logger=migrator t=2026-09-30T00:50:57.853057347Z level=info msg="Migration successfully executed" id="removing scope from alert.instances:read action migration" duration=28µs
logger=migrator t=2026-09-30T00:50:57.853787722Z level=info msg="Executing migration" id="replacing annotations:* scope with annotations:type:organization scope"
logger=migrator t=2026-09-30T00:50:57.853863138Z level=info msg="Migration successfully executed" id="replacing annotations:* scope with annotations:type:organization scope" duration=75.5µs
logger=migrator t=2026-09-30T00:50:57.855418805Z level=info msg="Executing migration" id="managed folder permissions alerting silences actions migration"
logger=migrator t=2026-09-30T00:50:57.855448847Z level=info msg="Migration successfully executed" id="managed folder permissions alerting silences actions migration" duration=30.208µs
logger=migrator t=2026-09-30T00:50:57.856465138Z level=info msg="Executing migration" id="add record column to alert_rule table"
logger=migrator t=2026-09-30T00:50:57.85712768Z level=info msg="Migration successfully executed" id="add record column to alert_rule table" duration=667.75µs
logger=migrator t=2026-09-30T00:50:57.858849555Z level=info msg="Executing migration" id="add record column to alert_rule_version table"
logger=migrator t=2026-09-30T00:50:57.859500263Z level=info msg="Migration successfully executed" id="add record column to alert_rule_version table" duration=650.791µs
logger=migrator t=2026-09-30T00:50:57.860460138Z level=info msg="Executing migration" id="add resolved_at column to alert_instance table"
logger=migrator t=2026-09-30T00:50:57.861108763Z level=info msg="Migration successfully executed" id="add resolved_at column to alert_instance table" duration=648.75µs
logger=migrator t=2026-09-30T00:50:57.862306555Z level=info msg="Executing migration" id="add last_sent_at column to alert_instance table"
logger=migrator t=2026-09-30T00:50:57.862934388Z level=info msg="Migration successfully executed" id="add last_sent_at column to alert_instance table" duration=627.958µs
logger=migrator t=2026-09-30T00:50:57.864101847Z level=info msg="Executing migration" id="Add scope to alert.notifications.receivers:read and alert.notifications.receivers.secrets:read"
logger=migrator t=2026-09-30T00:50:57.864138055Z level=info msg="Migration successfully executed" id="Add scope to alert.notifications.receivers:read and alert.notifications.receivers.secrets:read" duration=36.25µs
logger=migrator t=2026-09-30T00:50:57.864880972Z level=info msg="Executing migration" id="add metadata column to alert_rule table"
logger=migrator t=2026-09-30T00:50:57.865523555Z level=info msg="Migration successfully executed" id="add metadata column to alert_rule table" duration=642.666µs
logger=migrator t=2026-09-30T00:50:57.866775888Z level=info msg="Executing migration" id="add metadata column to alert_rule_version table"
logger=migrator t=2026-09-30T00:50:57.867456097Z level=info msg="Migration successfully executed" id="add metadata column to alert_rule_version table" duration=679.625µs
logger=migrator t=2026-09-30T00:50:57.868389388Z level=info msg="Executing migration" id="delete orphaned service account permissions"
logger=migrator t=2026-09-30T00:50:57.86841918Z level=info msg="Migration successfully executed" id="delete orphaned service account permissions" duration=29.958µs
logger=migrator t=2026-09-30T00:50:57.869115805Z level=info msg="Executing migration" id="adding action set permissions"
logger=migrator t=2026-09-30T00:50:57.869164472Z level=info msg="Migration successfully executed" id="adding action set permissions" duration=48.791µs
logger=migrator t=2026-09-30T00:50:57.869998555Z level=info msg="Executing migration" id="adding service account action set permissions"
logger=migrator t=2026-09-30T00:50:57.870045055Z level=info msg="Migration successfully executed" id="adding service account action set permissions" duration=48.708µs
logger=migrator t=2026-09-30T00:50:57.871060972Z level=info msg="Executing migration" id="create user_external_session table"
logger=migrator t=2026-09-30T00:50:57.871154263Z level=info msg="Migration successfully executed" id="create user_external_session table" duration=93.417µs
logger=migrator t=2026-09-30T00:50:57.872110638Z level=info msg="Executing migration" id="increase name_id column length to 1024"
logger=migrator t=2026-09-30T00:50:57.87211718Z level=info msg="Migration successfully executed" id="increase name_id column length to 1024" duration=12.042µs
logger=migrator t=2026-09-30T00:50:57.873071305Z level=info msg="Executing migration" id="increase session_id column length to 1024"
logger=migrator t=2026-09-30T00:50:57.873076805Z level=info msg="Migration successfully executed" id="increase session_id column length to 1024" duration=5.75µs
logger=migrator t=2026-09-30T00:50:57.874101472Z level=info msg="Executing migration" id="remove scope from alert.notifications.receivers:create"
logger=migrator t=2026-09-30T00:50:57.874138555Z level=info msg="Migration successfully executed" id="remove scope from alert.notifications.receivers:create" duration=37.25µs
logger=migrator t=2026-09-30T00:50:57.874810388Z level=info msg="Executing migration" id="add created_by column to alert_rule_version table"
logger=migrator t=2026-09-30T00:50:57.875478597Z level=info msg="Migration successfully executed" id="add created_by column to alert_rule_version table" duration=668.375µs
logger=migrator t=2026-09-30T00:50:57.876385388Z level=info msg="Executing migration" id="add updated_by column to alert_rule table"
logger=migrator t=2026-09-30T00:50:57.877026888Z level=info msg="Migration successfully executed" id="add updated_by column to alert_rule table" duration=641.584µs
logger=migrator t=2026-09-30T00:50:57.878681805Z level=info msg="Executing migration" id="add alert_rule_state table"
logger=migrator t=2026-09-30T00:50:57.87876068Z level=info msg="Migration successfully executed" id="add alert_rule_state table" duration=79µs
logger=migrator t=2026-09-30T00:50:57.879731763Z level=info msg="Executing migration" id="add index to alert_rule_state on org_id and rule_uid columns"
logger=migrator t=2026-09-30T00:50:57.879839388Z level=info msg="Migration successfully executed" id="add index to alert_rule_state on org_id and rule_uid columns" duration=107.667µs
logger=migrator t=2026-09-30T00:50:57.881047097Z level=info msg="Executing migration" id="add guid column to alert_rule table"
logger=migrator t=2026-09-30T00:50:57.88173518Z level=info msg="Migration successfully executed" id="add guid column to alert_rule table" duration=688.166µs
logger=migrator t=2026-09-30T00:50:57.883135347Z level=info msg="Executing migration" id="add rule_guid column to alert_rule_version table"
logger=migrator t=2026-09-30T00:50:57.883820597Z level=info msg="Migration successfully executed" id="add rule_guid column to alert_rule_version table" duration=685.25µs
logger=migrator t=2026-09-30T00:50:57.88534093Z level=info msg="Executing migration" id="cleanup alert_rule_version table"
logger=migrator t=2026-09-30T00:50:57.88534893Z level=info msg="Rule version record limit is not set, fallback to 100" limit=0
logger=migrator t=2026-09-30T00:50:57.885376722Z level=info msg="Cleaning up table `alert_rule_version`" batchSize=50 batches=0 keepVersions=100
logger=migrator t=2026-09-30T00:50:57.885382013Z level=info msg="Migration successfully executed" id="cleanup alert_rule_version table" duration=41.167µs
logger=migrator t=2026-09-30T00:50:57.88622468Z level=info msg="Executing migration" id="populate rule guid in alert rule table"
logger=migrator t=2026-09-30T00:50:57.886277638Z level=info msg="Migration successfully executed" id="populate rule guid in alert rule table" duration=53.25µs
logger=migrator t=2026-09-30T00:50:57.887184263Z level=info msg="Executing migration" id="drop index in alert_rule_version table on rule_org_id, rule_uid and version columns"
logger=migrator t=2026-09-30T00:50:57.88729443Z level=info msg="Migration successfully executed" id="drop index in alert_rule_version table on rule_org_id, rule_uid and version columns" duration=110.333µs
logger=migrator t=2026-09-30T00:50:57.888480263Z level=info msg="Executing migration" id="add index in alert_rule_version table on rule_org_id, rule_uid, rule_guid and version columns"
logger=migrator t=2026-09-30T00:50:57.88858868Z level=info msg="Migration successfully executed" id="add index in alert_rule_version table on rule_org_id, rule_uid, rule_guid and version columns" duration=108.417µs
logger=migrator t=2026-09-30T00:50:57.889504888Z level=info msg="Executing migration" id="add index in alert_rule_version table on rule_guid and version columns"
logger=migrator t=2026-09-30T00:50:57.889602972Z level=info msg="Migration successfully executed" id="add index in alert_rule_version table on rule_guid and version columns" duration=98.083µs
logger=migrator t=2026-09-30T00:50:57.891217263Z level=info msg="Executing migration" id="add index in alert_rule table on guid columns"
logger=migrator t=2026-09-30T00:50:57.891322763Z level=info msg="Migration successfully executed" id="add index in alert_rule table on guid columns" duration=105.625µs
logger=migrator t=2026-09-30T00:50:57.892336597Z level=info msg="Executing migration" id="add keep_firing_for column to alert_rule"
logger=migrator t=2026-09-30T00:50:57.893026513Z level=info msg="Migration successfully executed" id="add keep_firing_for column to alert_rule" duration=689.916µs
logger=migrator t=2026-09-30T00:50:57.894165472Z level=info msg="Executing migration" id="add keep_firing_for column to alert_rule_version"
logger=migrator t=2026-09-30T00:50:57.894865513Z level=info msg="Migration successfully executed" id="add keep_firing_for column to alert_rule_version" duration=700.125µs
logger=migrator t=2026-09-30T00:50:57.896327555Z level=info msg="Executing migration" id="add missing_series_evals_to_resolve column to alert_rule"
logger=migrator t=2026-09-30T00:50:57.896989638Z level=info msg="Migration successfully executed" id="add missing_series_evals_to_resolve column to alert_rule" duration=662.084µs
logger=migrator t=2026-09-30T00:50:57.89821093Z level=info msg="Executing migration" id="add missing_series_evals_to_resolve column to alert_rule_version"
logger=migrator t=2026-09-30T00:50:57.898873222Z level=info msg="Migration successfully executed" id="add missing_series_evals_to_resolve column to alert_rule_version" duration=662.208µs
logger=migrator t=2026-09-30T00:50:57.900042347Z level=info msg="Executing migration" id="remove the datasources:drilldown action"
logger=migrator t=2026-09-30T00:50:57.900063805Z level=info msg="Removed 0 datasources:drilldown permissions"
logger=migrator t=2026-09-30T00:50:57.900074763Z level=info msg="Migration successfully executed" id="remove the datasources:drilldown action" duration=31.166µs
logger=migrator t=2026-09-30T00:50:57.900887222Z level=info msg="Executing migration" id="remove title in folder unique index"
logger=migrator t=2026-09-30T00:50:57.901008305Z level=info msg="Migration successfully executed" id="remove title in folder unique index" duration=121.167µs
logger=migrator t=2026-09-30T00:50:57.901745555Z level=info msg="Executing migration" id="add fired_at column to alert_instance table"
logger=migrator t=2026-09-30T00:50:57.90242893Z level=info msg="Migration successfully executed" id="add fired_at column to alert_instance table" duration=683.5µs
logger=migrator t=2026-09-30T00:50:57.903716222Z level=info msg="Executing migration" id="ensure rule_group column is case sensitive in returned results"
logger=migrator t=2026-09-30T00:50:57.903722388Z level=info msg="Migration successfully executed" id="ensure rule_group column is case sensitive in returned results" duration=6.375µs
logger=migrator t=2026-09-30T00:50:57.904783722Z level=info msg="Executing migration" id="expand created_by in alert_rule_version table"
logger=migrator t=2026-09-30T00:50:57.904793472Z level=info msg="Migration successfully executed" id="expand created_by in alert_rule_version table" duration=9.916µs
logger=migrator t=2026-09-30T00:50:57.905692638Z level=info msg="Executing migration" id="expand updated_by in alert_rule table"
logger=migrator t=2026-09-30T00:50:57.905701805Z level=info msg="Migration successfully executed" id="expand updated_by in alert_rule table" duration=9.292µs
logger=migrator t=2026-09-30T00:50:57.906814013Z level=info msg="Executing migration" id="add index in alert_rule on org_id, namespace_uid, rule_group and rule_group_idx columns"
logger=migrator t=2026-09-30T00:50:57.90692168Z level=info msg="Migration successfully executed" id="add index in alert_rule on org_id, namespace_uid, rule_group and rule_group_idx columns" duration=107.792µs
logger=migrator t=2026-09-30T00:50:57.907913055Z level=info msg="Executing migration" id="add annotations column to alert_instance table"
logger=migrator t=2026-09-30T00:50:57.908577638Z level=info msg="Migration successfully executed" id="add annotations column to alert_instance table" duration=664.541µs
logger=migrator t=2026-09-30T00:50:57.909439597Z level=info msg="Executing migration" id="ensure namespace_uid column sorts the same way as golang"
logger=migrator t=2026-09-30T00:50:57.909444763Z level=info msg="Migration successfully executed" id="ensure namespace_uid column sorts the same way as golang" duration=5.334µs
logger=migrator t=2026-09-30T00:50:57.910450097Z level=info msg="Executing migration" id="ensure rule_group column sorts the same way as golang"
logger=migrator t=2026-09-30T00:50:57.91046268Z level=info msg="Migration successfully executed" id="ensure rule_group column sorts the same way as golang" duration=12.709µs
logger=migrator t=2026-09-30T00:50:57.912066722Z level=info msg="Executing migration" id="add 'alert.notifications.receivers.protected:write' to receiver admins"
logger=migrator t=2026-09-30T00:50:57.912126847Z level=info msg="Migration successfully executed" id="add 'alert.notifications.receivers.protected:write' to receiver admins" duration=60.167µs
logger=migrator t=2026-09-30T00:50:57.913037305Z level=info msg="Executing migration" id="add evaluation_duration_ns column to alert_instance table"
logger=migrator t=2026-09-30T00:50:57.913705638Z level=info msg="Migration successfully executed" id="add evaluation_duration_ns column to alert_instance table" duration=671.459µs
logger=migrator t=2026-09-30T00:50:57.914887097Z level=info msg="Executing migration" id="add last_error column to alert_instance table"
logger=migrator t=2026-09-30T00:50:57.91557393Z level=info msg="Migration successfully executed" id="add last_error column to alert_instance table" duration=687µs
logger=migrator t=2026-09-30T00:50:57.916529347Z level=info msg="Executing migration" id="add last_result column to alert_instance table"
logger=migrator t=2026-09-30T00:50:57.917199222Z level=info msg="Migration successfully executed" id="add last_result column to alert_instance table" duration=669.834µs
logger=migrator t=2026-09-30T00:50:57.918823722Z level=info msg="Executing migration" id="add 'alert.notifications.receivers.test:create' to managed roles"
logger=migrator t=2026-09-30T00:50:57.918876972Z level=info msg="Migration successfully executed" id="add 'alert.notifications.receivers.test:create' to managed roles" duration=53.292µs
logger=migrator t=2026-09-30T00:50:57.919931972Z level=info msg="Executing migration" id="add folder_fullpath column to alert_rule"
logger=migrator t=2026-09-30T00:50:57.920637222Z level=info msg="Migration successfully executed" id="add folder_fullpath column to alert_rule" duration=705.167µs
logger=migrator t=2026-09-30T00:50:57.922235263Z level=info msg="Executing migration" id="add index on folder_fullpath in alert_rule"
logger=migrator t=2026-09-30T00:50:57.922352472Z level=info msg="Migration successfully executed" id="add index on folder_fullpath in alert_rule" duration=117.75µs
logger=migrator t=2026-09-30T00:50:57.923196513Z level=info msg="Executing migration" id="add alert_routing column to alert_rule table"
logger=migrator t=2026-09-30T00:50:57.92388218Z level=info msg="Migration successfully executed" id="add alert_routing column to alert_rule table" duration=685.542µs
logger=migrator t=2026-09-30T00:50:57.925213097Z level=info msg="Executing migration" id="add alert_routing column to alert_rule_version table"
logger=migrator t=2026-09-30T00:50:57.925908388Z level=info msg="Migration successfully executed" id="add alert_routing column to alert_rule_version table" duration=695.334µs
logger=migrator t=2026-09-30T00:50:57.926888638Z level=info msg="Executing migration" id="grant basic roles access to default notification policy"
logger=migrator t=2026-09-30T00:50:57.92694968Z level=info msg="No managed roles found for editor/viewer, skipping default notification policy permissions"
logger=migrator t=2026-09-30T00:50:57.92695518Z level=info msg="Migration successfully executed" id="grant basic roles access to default notification policy" duration=66.667µs
logger=migrator t=2026-09-30T00:50:57.927700847Z level=info msg="Executing migration" id="create table nats_discovery_peers"
logger=migrator t=2026-09-30T00:50:57.927797138Z level=info msg="Migration successfully executed" id="create table nats_discovery_peers" duration=96.292µs
logger=migrator t=2026-09-30T00:50:57.92897693Z level=info msg="Executing migration" id="Change key_path collation of nats_discovery_peers in postgres"
logger=migrator t=2026-09-30T00:50:57.928982138Z level=info msg="Migration successfully executed" id="Change key_path collation of nats_discovery_peers in postgres" duration=5.375µs
logger=migrator t=2026-09-30T00:50:57.929902097Z level=info msg="Executing migration" id="alter alert_rule_state id column to bigint for postgres"
logger=migrator t=2026-09-30T00:50:57.929907263Z level=info msg="Migration successfully executed" id="alter alert_rule_state id column to bigint for postgres" duration=5.292µs
logger=migrator t=2026-09-30T00:50:57.930850555Z level=info msg="Executing migration" id="alter alert_rule_state id sequence to bigint for postgres"
logger=migrator t=2026-09-30T00:50:57.930855555Z level=info msg="Migration successfully executed" id="alter alert_rule_state id sequence to bigint for postgres" duration=5.125µs
logger=migrator t=2026-09-30T00:50:57.931843472Z level=info msg="migrations completed" performed=719 skipped=0 duration=1.193670084s
logger=sqlstore t=2026-09-30T00:50:57.934503763Z level=info msg="Created default admin" user=admin
logger=sqlstore t=2026-09-30T00:50:57.934549597Z level=info msg="Created default organization"
logger=secrets t=2026-09-30T00:50:57.93563543Z level=info msg="Envelope encryption state" currentprovider=secretKey.v1
logger=plugin.angulardetectorsprovider.dynamic t=2026-09-30T00:50:57.968483263Z level=info msg="Restored cache from database" duration=149.625µs
logger=resource-db t=2026-09-30T00:50:57.968908638Z level=info msg="Using database section" db_type=sqlite3
logger=accesscontrol.service t=2026-09-30T00:50:57.96897893Z level=info msg="Starting migration to remove deprecated permissions" migration=removeDeprecatedPermissions
logger=accesscontrol.service t=2026-09-30T00:50:57.969050972Z level=info msg="Completed migration to remove deprecated permissions" migration=removeDeprecatedPermissions totalRemoved=0 duration=72.25µs
logger=plugin.store t=2026-09-30T00:50:57.992401472Z level=info msg="Loading plugins..."
logger=plugins.registration t=2026-09-30T00:50:58.074039513Z level=info msg="Plugin registered" pluginId=jaeger
logger=plugins.registration t=2026-09-30T00:50:58.134417805Z level=info msg="Plugin registered" pluginId=prometheus
logger=plugin.store t=2026-09-30T00:50:58.134434555Z level=info msg="Plugins loaded" count=40 duration=142.03425ms
logger=secret-migrator t=2026-09-30T00:50:58.13474993Z level=info msg="Starting DB migrations"
logger=secret-migrator t=2026-09-30T00:50:58.134906805Z level=info msg="Executing migration" id="create secret_migration_log table"
logger=secret-migrator t=2026-09-30T00:50:58.135054097Z level=info msg="Migration successfully executed" id="create secret_migration_log table" duration=146.875µs
logger=secret-migrator t=2026-09-30T00:50:58.137798055Z level=info msg="Executing migration" id="Initialize secrets tables"
logger=secret-migrator t=2026-09-30T00:50:58.137808513Z level=info msg="Migration successfully executed" id="Initialize secrets tables" duration=11.208µs
logger=secret-migrator t=2026-09-30T00:50:58.13938468Z level=info msg="Executing migration" id="drop table secret_secure_value"
logger=secret-migrator t=2026-09-30T00:50:58.13940418Z level=info msg="Migration successfully executed" id="drop table secret_secure_value" duration=19.5µs
logger=secret-migrator t=2026-09-30T00:50:58.140727847Z level=info msg="Executing migration" id="create table secret_secure_value"
logger=secret-migrator t=2026-09-30T00:50:58.140913555Z level=info msg="Migration successfully executed" id="create table secret_secure_value" duration=185.459µs
logger=secret-migrator t=2026-09-30T00:50:58.142160597Z level=info msg="Executing migration" id="create table secret_secure_value, index: 0"
logger=secret-migrator t=2026-09-30T00:50:58.142308013Z level=info msg="Migration successfully executed" id="create table secret_secure_value, index: 0" duration=146.666µs
logger=secret-migrator t=2026-09-30T00:50:58.143255097Z level=info msg="Executing migration" id="create table secret_secure_value, index: 1"
logger=secret-migrator t=2026-09-30T00:50:58.143395513Z level=info msg="Migration successfully executed" id="create table secret_secure_value, index: 1" duration=140.583µs
logger=secret-migrator t=2026-09-30T00:50:58.144525305Z level=info msg="Executing migration" id="drop table secret_keeper"
logger=secret-migrator t=2026-09-30T00:50:58.144543513Z level=info msg="Migration successfully executed" id="drop table secret_keeper" duration=17.292µs
logger=secret-migrator t=2026-09-30T00:50:58.14549343Z level=info msg="Executing migration" id="create table secret_keeper"
logger=secret-migrator t=2026-09-30T00:50:58.145616888Z level=info msg="Migration successfully executed" id="create table secret_keeper" duration=123.083µs
logger=secret-migrator t=2026-09-30T00:50:58.146607388Z level=info msg="Executing migration" id="create table secret_keeper, index: 0"
logger=secret-migrator t=2026-09-30T00:50:58.146746472Z level=info msg="Migration successfully executed" id="create table secret_keeper, index: 0" duration=138.833µs
logger=secret-migrator t=2026-09-30T00:50:58.147884138Z level=info msg="Executing migration" id="drop table secret_data_key"
logger=secret-migrator t=2026-09-30T00:50:58.147899638Z level=info msg="Migration successfully executed" id="drop table secret_data_key" duration=15.625µs
logger=secret-migrator t=2026-09-30T00:50:58.149198055Z level=info msg="Executing migration" id="create table secret_data_key"
logger=secret-migrator t=2026-09-30T00:50:58.149372847Z level=info msg="Migration successfully executed" id="create table secret_data_key" duration=175.542µs
logger=secret-migrator t=2026-09-30T00:50:58.150738847Z level=info msg="Executing migration" id="drop table secret_encrypted_value"
logger=secret-migrator t=2026-09-30T00:50:58.150763805Z level=info msg="Migration successfully executed" id="drop table secret_encrypted_value" duration=24.291µs
logger=secret-migrator t=2026-09-30T00:50:58.15153293Z level=info msg="Executing migration" id="create table secret_encrypted_value"
logger=secret-migrator t=2026-09-30T00:50:58.151641347Z level=info msg="Migration successfully executed" id="create table secret_encrypted_value" duration=108.458µs
logger=secret-migrator t=2026-09-30T00:50:58.15282268Z level=info msg="Executing migration" id="create table secret_encrypted_value, index: 0"
logger=secret-migrator t=2026-09-30T00:50:58.152958597Z level=info msg="Migration successfully executed" id="create table secret_encrypted_value, index: 0" duration=136µs
logger=secret-migrator t=2026-09-30T00:50:58.15394618Z level=info msg="Executing migration" id="create index for list on secret_secure_value"
logger=secret-migrator t=2026-09-30T00:50:58.154067555Z level=info msg="Migration successfully executed" id="create index for list on secret_secure_value" duration=121.417µs
logger=secret-migrator t=2026-09-30T00:50:58.155365138Z level=info msg="Executing migration" id="create index for list and read current on secret_data_key"
logger=secret-migrator t=2026-09-30T00:50:58.155490513Z level=info msg="Migration successfully executed" id="create index for list and read current on secret_data_key" duration=125.292µs
logger=secret-migrator t=2026-09-30T00:50:58.15644343Z level=info msg="Executing migration" id="add owner_reference_api_group column to secret_secure_value"
logger=secret-migrator t=2026-09-30T00:50:58.157263597Z level=info msg="Migration successfully executed" id="add owner_reference_api_group column to secret_secure_value" duration=820.167µs
logger=secret-migrator t=2026-09-30T00:50:58.158185638Z level=info msg="Executing migration" id="add owner_reference_api_version column to secret_secure_value"
logger=secret-migrator t=2026-09-30T00:50:58.158974597Z level=info msg="Migration successfully executed" id="add owner_reference_api_version column to secret_secure_value" duration=789µs
logger=secret-migrator t=2026-09-30T00:50:58.15997043Z level=info msg="Executing migration" id="add owner_reference_kind column to secret_secure_value"
logger=secret-migrator t=2026-09-30T00:50:58.160737805Z level=info msg="Migration successfully executed" id="add owner_reference_kind column to secret_secure_value" duration=767.375µs
logger=secret-migrator t=2026-09-30T00:50:58.16160043Z level=info msg="Executing migration" id="add owner_reference_name column to secret_secure_value"
logger=secret-migrator t=2026-09-30T00:50:58.162337347Z level=info msg="Migration successfully executed" id="add owner_reference_name column to secret_secure_value" duration=738.334µs
logger=secret-migrator t=2026-09-30T00:50:58.16418643Z level=info msg="Executing migration" id="add lease_token column to secret_secure_value"
logger=secret-migrator t=2026-09-30T00:50:58.164989722Z level=info msg="Migration successfully executed" id="add lease_token column to secret_secure_value" duration=803.292µs
logger=secret-migrator t=2026-09-30T00:50:58.166015305Z level=info msg="Executing migration" id="add lease_token index to secret_secure_value"
logger=secret-migrator t=2026-09-30T00:50:58.166151263Z level=info msg="Migration successfully executed" id="add lease_token index to secret_secure_value" duration=135.667µs
logger=secret-migrator t=2026-09-30T00:50:58.167507513Z level=info msg="Executing migration" id="add lease_created column to secret_secure_value"
logger=secret-migrator t=2026-09-30T00:50:58.168290972Z level=info msg="Migration successfully executed" id="add lease_created column to secret_secure_value" duration=783.25µs
logger=secret-migrator t=2026-09-30T00:50:58.169264013Z level=info msg="Executing migration" id="add lease_created index to secret_secure_value"
logger=secret-migrator t=2026-09-30T00:50:58.16939068Z level=info msg="Migration successfully executed" id="add lease_created index to secret_secure_value" duration=125.583µs
logger=secret-migrator t=2026-09-30T00:50:58.170234097Z level=info msg="Executing migration" id="add data_key_id column to secret_encrypted_value"
logger=secret-migrator t=2026-09-30T00:50:58.170995888Z level=info msg="Migration successfully executed" id="add data_key_id column to secret_encrypted_value" duration=761.667µs
logger=secret-migrator t=2026-09-30T00:50:58.172065013Z level=info msg="Executing migration" id="add data_key_id index to secret_encrypted_value"
logger=secret-migrator t=2026-09-30T00:50:58.172181138Z level=info msg="Migration successfully executed" id="add data_key_id index to secret_encrypted_value" duration=116.125µs
logger=secret-migrator t=2026-09-30T00:50:58.173728347Z level=info msg="Executing migration" id="add active column to secret_keeper"
logger=secret-migrator t=2026-09-30T00:50:58.174469305Z level=info msg="Migration successfully executed" id="add active column to secret_keeper" duration=740.5µs
logger=secret-migrator t=2026-09-30T00:50:58.17521993Z level=info msg="Executing migration" id="add active column index to secret_keeper"
logger=secret-migrator t=2026-09-30T00:50:58.175376513Z level=info msg="Migration successfully executed" id="add active column index to secret_keeper" duration=156.292µs
logger=secret-migrator t=2026-09-30T00:50:58.176613763Z level=info msg="Executing migration" id="set secret_secure_value.keeper to 'system' where keeper is null in secret_secure_value"
logger=secret-migrator t=2026-09-30T00:50:58.176643763Z level=info msg="Migration successfully executed" id="set secret_secure_value.keeper to 'system' where keeper is null in secret_secure_value" duration=30.167µs
logger=secret-migrator t=2026-09-30T00:50:58.17773368Z level=info msg="Executing migration" id="drop my_row_id and add primary key with columns namespace,name,version to table secret_encrypted_value if my_row_id exists (auto-generated mysql column)"
logger=secret-migrator t=2026-09-30T00:50:58.177768097Z level=warn msg="Skipping migration: Already executed, but not recorded in migration log" id="drop my_row_id and add primary key with columns namespace,name,version to table secret_encrypted_value if my_row_id exists (auto-generated mysql column)"
logger=secret-migrator t=2026-09-30T00:50:58.178748305Z level=info msg="Executing migration" id="drop unique index UQE_secret_encrypted_value_namespace_name_version from secret_encrypted_value table if it exists (mysql)"
logger=secret-migrator t=2026-09-30T00:50:58.178816888Z level=info msg="Migration successfully executed" id="drop unique index UQE_secret_encrypted_value_namespace_name_version from secret_encrypted_value table if it exists (mysql)" duration=68.75µs
logger=secret-migrator t=2026-09-30T00:50:58.179899305Z level=info msg="Executing migration" id="add primary key with columns namespace,name,version to table secret_encrypted_value if it doesn't exist (mysql)"
logger=secret-migrator t=2026-09-30T00:50:58.179905347Z level=info msg="Migration successfully executed" id="add primary key with columns namespace,name,version to table secret_encrypted_value if it doesn't exist (mysql)" duration=6.25µs
logger=secret-migrator t=2026-09-30T00:50:58.180713138Z level=info msg="Executing migration" id="add primary key with columns namespace,name,version to table secret_encrypted_value (postgres and sqlite)"
logger=secret-migrator t=2026-09-30T00:50:58.183125388Z level=info msg="Migration successfully executed" id="add primary key with columns namespace,name,version to table secret_encrypted_value (postgres and sqlite)" duration=2.412625ms
logger=secret-migrator t=2026-09-30T00:50:58.184313597Z level=info msg="Executing migration" id="add gc_attempts to secret_secure_value table"
logger=secret-migrator t=2026-09-30T00:50:58.185043013Z level=info msg="Migration successfully executed" id="add gc_attempts to secret_secure_value table" duration=729.625µs
logger=secret-migrator t=2026-09-30T00:50:58.186371555Z level=info msg="Executing migration" id="add lease_duration to secret_secure_value table"
logger=secret-migrator t=2026-09-30T00:50:58.187163555Z level=info msg="Migration successfully executed" id="add lease_duration to secret_secure_value table" duration=792.042µs
logger=secret-migrator t=2026-09-30T00:50:58.188319138Z level=info msg="migrations completed" performed=35 skipped=0 duration=53.430208ms
logger=resource-db t=2026-09-30T00:50:58.189228722Z level=info msg="Initializing Resource DB" db_type=sqlite3 open_conn=0 in_use_conn=0 idle_conn=0 max_open_conn=0
logger=resource-migrator t=2026-09-30T00:50:58.18930318Z level=info msg="Starting DB migrations"
logger=resource-migrator t=2026-09-30T00:50:58.190204972Z level=info msg="Executing migration" id="create resource_migration_log table"
logger=resource-migrator t=2026-09-30T00:50:58.19034468Z level=info msg="Migration successfully executed" id="create resource_migration_log table" duration=139.334µs
logger=resource-migrator t=2026-09-30T00:50:58.191071347Z level=info msg="Executing migration" id="Initialize resource tables"
logger=resource-migrator t=2026-09-30T00:50:58.191077347Z level=info msg="Migration successfully executed" id="Initialize resource tables" duration=5.625µs
logger=resource-migrator t=2026-09-30T00:50:58.191875263Z level=info msg="Executing migration" id="drop table resource"
logger=resource-migrator t=2026-09-30T00:50:58.19189318Z level=info msg="Migration successfully executed" id="drop table resource" duration=18µs
logger=resource-migrator t=2026-09-30T00:50:58.19348193Z level=info msg="Executing migration" id="create table resource"
logger=resource-migrator t=2026-09-30T00:50:58.19359568Z level=info msg="Migration successfully executed" id="create table resource" duration=113.417µs
logger=resource-migrator t=2026-09-30T00:50:58.19450293Z level=info msg="Executing migration" id="create table resource, index: 0"
logger=resource-migrator t=2026-09-30T00:50:58.194630055Z level=info msg="Migration successfully executed" id="create table resource, index: 0" duration=127.208µs
logger=resource-migrator t=2026-09-30T00:50:58.195816055Z level=info msg="Executing migration" id="drop table resource_history"
logger=resource-migrator t=2026-09-30T00:50:58.195832805Z level=info msg="Migration successfully executed" id="drop table resource_history" duration=16.125µs
logger=resource-migrator t=2026-09-30T00:50:58.196862263Z level=info msg="Executing migration" id="create table resource_history"
logger=resource-migrator t=2026-09-30T00:50:58.196984597Z level=info msg="Migration successfully executed" id="create table resource_history" duration=121.958µs
logger=resource-migrator t=2026-09-30T00:50:58.19809068Z level=info msg="Executing migration" id="create table resource_history, index: 0"
logger=resource-migrator t=2026-09-30T00:50:58.19822468Z level=info msg="Migration successfully executed" id="create table resource_history, index: 0" duration=133.75µs
logger=resource-migrator t=2026-09-30T00:50:58.19942793Z level=info msg="Executing migration" id="create table resource_history, index: 1"
logger=resource-migrator t=2026-09-30T00:50:58.199549305Z level=info msg="Migration successfully executed" id="create table resource_history, index: 1" duration=121.458µs
logger=resource-migrator t=2026-09-30T00:50:58.200898263Z level=info msg="Executing migration" id="drop table resource_version"
logger=resource-migrator t=2026-09-30T00:50:58.200916388Z level=info msg="Migration successfully executed" id="drop table resource_version" duration=18.125µs
logger=resource-migrator t=2026-09-30T00:50:58.201773805Z level=info msg="Executing migration" id="create table resource_version"
logger=resource-migrator t=2026-09-30T00:50:58.201851138Z level=info msg="Migration successfully executed" id="create table resource_version" duration=77.5µs
logger=resource-migrator t=2026-09-30T00:50:58.202699805Z level=info msg="Executing migration" id="create table resource_version, index: 0"
logger=resource-migrator t=2026-09-30T00:50:58.202833263Z level=info msg="Migration successfully executed" id="create table resource_version, index: 0" duration=132.208µs
logger=resource-migrator t=2026-09-30T00:50:58.203773888Z level=info msg="Executing migration" id="drop table resource_blob"
logger=resource-migrator t=2026-09-30T00:50:58.203788222Z level=info msg="Migration successfully executed" id="drop table resource_blob" duration=14.5µs
logger=resource-migrator t=2026-09-30T00:50:58.204591888Z level=info msg="Executing migration" id="create table resource_blob"
logger=resource-migrator t=2026-09-30T00:50:58.204700263Z level=info msg="Migration successfully executed" id="create table resource_blob" duration=107.542µs
logger=resource-migrator t=2026-09-30T00:50:58.205762388Z level=info msg="Executing migration" id="create table resource_blob, index: 0"
logger=resource-migrator t=2026-09-30T00:50:58.205889222Z level=info msg="Migration successfully executed" id="create table resource_blob, index: 0" duration=126.875µs
logger=resource-migrator t=2026-09-30T00:50:58.207016555Z level=info msg="Executing migration" id="create table resource_blob, index: 1"
logger=resource-migrator t=2026-09-30T00:50:58.207142597Z level=info msg="Migration successfully executed" id="create table resource_blob, index: 1" duration=126.167µs
logger=resource-migrator t=2026-09-30T00:50:58.208001347Z level=info msg="Executing migration" id="drop table resource_last_import_time"
logger=resource-migrator t=2026-09-30T00:50:58.208015888Z level=info msg="Migration successfully executed" id="drop table resource_last_import_time" duration=14.625µs
logger=resource-migrator t=2026-09-30T00:50:58.209354763Z level=info msg="Executing migration" id="create table resource_last_import_time"
logger=resource-migrator t=2026-09-30T00:50:58.20944443Z level=info msg="Migration successfully executed" id="create table resource_last_import_time" duration=90.375µs
logger=resource-migrator t=2026-09-30T00:50:58.21050493Z level=info msg="Executing migration" id="Add column previous_resource_version in resource_history"
logger=resource-migrator t=2026-09-30T00:50:58.211309597Z level=info msg="Migration successfully executed" id="Add column previous_resource_version in resource_history" duration=804.708µs
logger=resource-migrator t=2026-09-30T00:50:58.212317805Z level=info msg="Executing migration" id="Add column previous_resource_version in resource"
logger=resource-migrator t=2026-09-30T00:50:58.213130722Z level=info msg="Migration successfully executed" id="Add column previous_resource_version in resource" duration=812.167µs
logger=resource-migrator t=2026-09-30T00:50:58.214612639Z level=info msg="Executing migration" id="Add index to resource_history for polling"
logger=resource-migrator t=2026-09-30T00:50:58.214740139Z level=info msg="Migration successfully executed" id="Add index to resource_history for polling" duration=127.583µs
logger=resource-migrator t=2026-09-30T00:50:58.216106722Z level=info msg="Executing migration" id="Add index to resource for loading"
logger=resource-migrator t=2026-09-30T00:50:58.21624368Z level=info msg="Migration successfully executed" id="Add index to resource for loading" duration=136.583µs
logger=resource-migrator t=2026-09-30T00:50:58.217240514Z level=info msg="Executing migration" id="Add column folder in resource_history"
logger=resource-migrator t=2026-09-30T00:50:58.21801468Z level=info msg="Migration successfully executed" id="Add column folder in resource_history" duration=773.625µs
logger=resource-migrator t=2026-09-30T00:50:58.219061389Z level=info msg="Executing migration" id="Add column folder in resource"
logger=resource-migrator t=2026-09-30T00:50:58.219908472Z level=info msg="Migration successfully executed" id="Add column folder in resource" duration=847µs
logger=resource-migrator t=2026-09-30T00:50:58.221001597Z level=info msg="Executing migration" id="Migrate DeletionMarkers to real Resource objects"
logger=deletion-marker-migrator t=2026-09-30T00:50:58.221010639Z level=info msg="finding any deletion markers"
logger=resource-migrator t=2026-09-30T00:50:58.221061597Z level=info msg="Migration successfully executed" id="Migrate DeletionMarkers to real Resource objects" duration=60.083µs
logger=resource-migrator t=2026-09-30T00:50:58.22193893Z level=info msg="Executing migration" id="Add index to resource_history for get trash"
logger=resource-migrator t=2026-09-30T00:50:58.222053555Z level=info msg="Migration successfully executed" id="Add index to resource_history for get trash" duration=114.625µs
logger=resource-migrator t=2026-09-30T00:50:58.223470639Z level=info msg="Executing migration" id="Add generation to resource history"
logger=resource-migrator t=2026-09-30T00:50:58.224298305Z level=info msg="Migration successfully executed" id="Add generation to resource history" duration=827.375µs
logger=resource-migrator t=2026-09-30T00:50:58.225274264Z level=info msg="Executing migration" id="Add generation index to resource history"
logger=resource-migrator t=2026-09-30T00:50:58.225399305Z level=info msg="Migration successfully executed" id="Add generation index to resource history" duration=125.625µs
logger=resource-migrator t=2026-09-30T00:50:58.226319597Z level=info msg="Executing migration" id="Add UQE_resource_last_import_time_last_import_time index"
logger=resource-migrator t=2026-09-30T00:50:58.226447514Z level=info msg="Migration successfully executed" id="Add UQE_resource_last_import_time_last_import_time index" duration=127.416µs
logger=resource-migrator t=2026-09-30T00:50:58.22794868Z level=info msg="Executing migration" id="Add key_path column to resource_history"
logger=resource-migrator t=2026-09-30T00:50:58.228891889Z level=info msg="Migration successfully executed" id="Add key_path column to resource_history" duration=942.292µs
logger=resource-migrator t=2026-09-30T00:50:58.230362639Z level=info msg="Executing migration" id="create table resource_events"
logger=resource-migrator t=2026-09-30T00:50:58.23046493Z level=info msg="Migration successfully executed" id="create table resource_events" duration=102.333µs
logger=resource-migrator t=2026-09-30T00:50:58.232025347Z level=info msg="Executing migration" id="Add IDX_resource_history_key_path index"
logger=resource-migrator t=2026-09-30T00:50:58.232173764Z level=info msg="Migration successfully executed" id="Add IDX_resource_history_key_path index" duration=148.042µs
logger=resource-migrator t=2026-09-30T00:50:58.234109472Z level=info msg="Executing migration" id="drop my_row_id and add primary key with columns group,resource to table resource_version if my_row_id exists (auto-generated mysql column)"
logger=resource-migrator t=2026-09-30T00:50:58.234153472Z level=warn msg="Skipping migration: Already executed, but not recorded in migration log" id="drop my_row_id and add primary key with columns group,resource to table resource_version if my_row_id exists (auto-generated mysql column)"
logger=resource-migrator t=2026-09-30T00:50:58.235353597Z level=info msg="Executing migration" id="drop unique index UQE_resource_version_group_resource from resource_version table if it exists (mysql)"
logger=resource-migrator t=2026-09-30T00:50:58.235412389Z level=info msg="Migration successfully executed" id="drop unique index UQE_resource_version_group_resource from resource_version table if it exists (mysql)" duration=58.958µs
logger=resource-migrator t=2026-09-30T00:50:58.23641643Z level=info msg="Executing migration" id="add primary key with columns group,resource to table resource_version if it doesn't exist (mysql)"
logger=resource-migrator t=2026-09-30T00:50:58.236422805Z level=info msg="Migration successfully executed" id="add primary key with columns group,resource to table resource_version if it doesn't exist (mysql)" duration=6.709µs
logger=resource-migrator t=2026-09-30T00:50:58.237526722Z level=info msg="Executing migration" id="add primary key with columns group,resource to table resource_version (postgres and sqlite)"
logger=resource-migrator t=2026-09-30T00:50:58.240416889Z level=info msg="Migration successfully executed" id="add primary key with columns group,resource to table resource_version (postgres and sqlite)" duration=2.888625ms
logger=resource-migrator t=2026-09-30T00:50:58.241650347Z level=info msg="Executing migration" id="Change key_path collation of resource_history in postgres"
logger=resource-migrator t=2026-09-30T00:50:58.241656555Z level=info msg="Migration successfully executed" id="Change key_path collation of resource_history in postgres" duration=6.708µs
logger=resource-migrator t=2026-09-30T00:50:58.243009764Z level=info msg="Executing migration" id="Change key_path collation of resource_events in postgres"
logger=resource-migrator t=2026-09-30T00:50:58.243153889Z level=info msg="Migration successfully executed" id="Change key_path collation of resource_events in postgres" duration=11.75µs
logger=resource-migrator t=2026-09-30T00:50:58.24578418Z level=info msg="Executing migration" id="resource_history key_path backfill"
logger=resource-migrator t=2026-09-30T00:50:58.245913472Z level=info msg="Migration successfully executed" id="resource_history key_path backfill" duration=129.791µs
logger=resource-migrator t=2026-09-30T00:50:58.247184472Z level=info msg="Executing migration" id="Add index to resource_history for garbage collection"
logger=resource-migrator t=2026-09-30T00:50:58.247337139Z level=info msg="Migration successfully executed" id="Add index to resource_history for garbage collection" duration=152.292µs
logger=resource-migrator t=2026-09-30T00:50:58.249535805Z level=info msg="Executing migration" id="Fix small resource versions"
logger=resource-migrator t=2026-09-30T00:50:58.249580472Z level=info msg="Migration successfully executed" id="Fix small resource versions" duration=44.75µs
logger=resource-migrator t=2026-09-30T00:50:58.250392764Z level=info msg="Executing migration" id="create table pending_tenant_deletions"
logger=resource-migrator t=2026-09-30T00:50:58.25050093Z level=info msg="Migration successfully executed" id="create table pending_tenant_deletions" duration=108.25µs
logger=resource-migrator t=2026-09-30T00:50:58.251785597Z level=info msg="Executing migration" id="Change key_path collation of pending_tenant_deletions in postgres"
logger=resource-migrator t=2026-09-30T00:50:58.251791222Z level=info msg="Migration successfully executed" id="Change key_path collation of pending_tenant_deletions in postgres" duration=5.75µs
logger=resource-migrator t=2026-09-30T00:50:58.252804347Z level=info msg="Executing migration" id="create table kv_leases"
logger=resource-migrator t=2026-09-30T00:50:58.25288443Z level=info msg="Migration successfully executed" id="create table kv_leases" duration=80.209µs
logger=resource-migrator t=2026-09-30T00:50:58.253799014Z level=info msg="Executing migration" id="Change key_path collation of kv_leases in postgres"
logger=resource-migrator t=2026-09-30T00:50:58.253804264Z level=info msg="Migration successfully executed" id="Change key_path collation of kv_leases in postgres" duration=5.417µs
logger=resource-migrator t=2026-09-30T00:50:58.255023847Z level=info msg="Executing migration" id="create table search_snapshot_manifest"
logger=resource-migrator t=2026-09-30T00:50:58.255104139Z level=info msg="Migration successfully executed" id="create table search_snapshot_manifest" duration=80.334µs
logger=resource-migrator t=2026-09-30T00:50:58.256620722Z level=info msg="Executing migration" id="Change key_path collation of search_snapshot_manifest in postgres"
logger=resource-migrator t=2026-09-30T00:50:58.256626222Z level=info msg="Migration successfully executed" id="Change key_path collation of search_snapshot_manifest in postgres" duration=5.5µs
logger=resource-migrator t=2026-09-30T00:50:58.258461305Z level=info msg="Executing migration" id="create table search_snapshot_data"
logger=resource-migrator t=2026-09-30T00:50:58.25854668Z level=info msg="Migration successfully executed" id="create table search_snapshot_data" duration=86.042µs
logger=resource-migrator t=2026-09-30T00:50:58.259590555Z level=info msg="Executing migration" id="Change key_path collation of search_snapshot_data in postgres"
logger=resource-migrator t=2026-09-30T00:50:58.259597097Z level=info msg="Migration successfully executed" id="Change key_path collation of search_snapshot_data in postgres" duration=6.792µs
logger=resource-migrator t=2026-09-30T00:50:58.261009597Z level=info msg="Executing migration" id="create table resource_stats_daily"
logger=resource-migrator t=2026-09-30T00:50:58.261107222Z level=info msg="Migration successfully executed" id="create table resource_stats_daily" duration=97.625µs
logger=resource-migrator t=2026-09-30T00:50:58.262451805Z level=info msg="Executing migration" id="Change key_path collation of resource_stats_daily in postgres"
logger=resource-migrator t=2026-09-30T00:50:58.262458055Z level=info msg="Migration successfully executed" id="Change key_path collation of resource_stats_daily in postgres" duration=6.375µs
logger=resource-migrator t=2026-09-30T00:50:58.263465889Z level=info msg="Executing migration" id="create table resource_stats_aggregates"
logger=resource-migrator t=2026-09-30T00:50:58.263562514Z level=info msg="Migration successfully executed" id="create table resource_stats_aggregates" duration=96.666µs
logger=resource-migrator t=2026-09-30T00:50:58.26472543Z level=info msg="Executing migration" id="Change key_path collation of resource_stats_aggregates in postgres"
logger=resource-migrator t=2026-09-30T00:50:58.264731764Z level=info msg="Migration successfully executed" id="Change key_path collation of resource_stats_aggregates in postgres" duration=7.083µs
logger=resource-migrator t=2026-09-30T00:50:58.265641555Z level=info msg="Executing migration" id="create table resource_version_policy"
logger=resource-migrator t=2026-09-30T00:50:58.265745097Z level=info msg="Migration successfully executed" id="create table resource_version_policy" duration=103.667µs
logger=resource-migrator t=2026-09-30T00:50:58.266905472Z level=info msg="Executing migration" id="Change key_path collation of resource_version_policy in postgres"
logger=resource-migrator t=2026-09-30T00:50:58.26691043Z level=info msg="Migration successfully executed" id="Change key_path collation of resource_version_policy in postgres" duration=5.083µs
logger=resource-migrator t=2026-09-30T00:50:58.267687222Z level=info msg="migrations completed" performed=55 skipped=0 duration=77.489333ms
t=2026-09-30T00:50:58.267886139Z level=info caller=logger.go:214 time=2026-09-30T00:50:58.267868222Z msg="Using channel notifier" logger=sql-resource-server
logger=resource-search t=2026-09-30T00:50:58.268274722Z level=info msg="search index initialized" duration_secs=0 total_docs=0
logger=unifiedstorage-migrator t=2026-09-30T00:50:58.272205514Z level=info msg="Starting DB migrations"
logger=unifiedstorage-migrator t=2026-09-30T00:50:58.272294889Z level=info msg="Executing migration" id="create unifiedstorage_migration_log table"
logger=unifiedstorage-migrator t=2026-09-30T00:50:58.27237943Z level=info msg="Migration successfully executed" id="create unifiedstorage_migration_log table" duration=84.542µs
logger=unifiedstorage-migrator t=2026-09-30T00:50:58.273510264Z level=info msg="migrations completed" performed=1 skipped=0 duration=1.2285ms
logger=storage.unified.migrations t=2026-09-30T00:50:58.27358818Z level=info msg="Running migrations for unified storage"
logger=storage.unified.migrations t=2026-09-30T00:50:58.27361368Z level=info msg="Migration is disabled in config, skipping" migration=snapshots
logger=storage.unified.migrations t=2026-09-30T00:50:58.273618139Z level=info msg="Migration is disabled in config, skipping" migration=datasource
logger=storage.unified.migrations t=2026-09-30T00:50:58.273619389Z level=info msg="Migration is disabled in config, skipping" migration=stars
logger=storage.unified.migrations t=2026-09-30T00:50:58.273620347Z level=info msg="Migration is disabled in config, skipping" migration=preferences
logger=storage.unified.migrations t=2026-09-30T00:50:58.273621347Z level=info msg="Migration is disabled in config, skipping" migration=querycacheconfigs
logger=unifiedstorage-migrator t=2026-09-30T00:50:58.273623764Z level=info msg="Starting DB migrations"
logger=unifiedstorage-migrator t=2026-09-30T00:50:58.273704514Z level=info msg="Executing migration" id="folders and dashboards migration"
logger=storage.unified.migration_runner.folders-dashboards t=2026-09-30T00:50:58.27373268Z level=info msg="Starting migration for all organizations" org_count=1 resources="[folders.folder.grafana.app dashboards.dashboard.grafana.app]"
logger=storage.unified.migration_runner.folders-dashboards t=2026-09-30T00:50:58.27377918Z level=info msg="Stored migrator transaction in context for bulk operations (SQLite compatibility)"
logger=storage.unified.migration_runner.folders-dashboards t=2026-09-30T00:50:58.273785264Z level=info msg="Migrating organization" org_id=1 namespace=default
logger=storage.unified.migrator t=2026-09-30T00:50:58.27383018Z level=info msg="start migrating legacy resources" namespace=default orgId=1 stackId=0
logger=storage.unified.migration_runner.folders-dashboards t=2026-09-30T00:50:58.273838097Z level=info msg="Migration progress" org_id=1 count=-1 message="migrating folders..."
t=2026-09-30T00:50:58.274109347Z level=info caller=logger.go:214 time=2026-09-30T00:50:58.27410493Z msg="Using SQLite transaction from client context" logger=sql-resource-server
logger=storage.unified.migration_runner.folders-dashboards t=2026-09-30T00:50:58.274976389Z level=info msg="Migration progress" org_id=1 count=-2 message="finished folders... (0)"
logger=storage.unified.migration_runner.folders-dashboards t=2026-09-30T00:50:58.274986764Z level=info msg="Migration progress" org_id=1 count=-1 message="migrating dashboards..."
logger=storage.unified.migration_runner.folders-dashboards t=2026-09-30T00:50:58.275077889Z level=info msg="Migration progress" org_id=1 count=-2 message="finished dashboards... (0)"
logger=storage.unified.migrator t=2026-09-30T00:50:58.275083014Z level=info msg="finished migrating legacy resources" namespace=default orgId=1 stackId=0
t=2026-09-30T00:50:58.275100264Z level=info caller=logger.go:214 time=2026-09-30T00:50:58.275096389Z msg="synchronize collection" key=default/folder.grafana.app/folders
t=2026-09-30T00:50:58.275375472Z level=info caller=logger.go:214 time=2026-09-30T00:50:58.275373639Z msg="get stats (still in transaction)" key=default/folder.grafana.app/folders
t=2026-09-30T00:50:58.275797722Z level=info caller=logger.go:214 time=2026-09-30T00:50:58.275794722Z msg="successfully locked RV" logger=sql-resource-server nextRV=1790729458274982 key=default/folder.grafana.app/folders
t=2026-09-30T00:50:58.275845472Z level=info caller=logger.go:214 time=2026-09-30T00:50:58.275842889Z msg="successfully saved RV" logger=sql-resource-server rv=1790729458274982 key=default/folder.grafana.app/folders
t=2026-09-30T00:50:58.275932139Z level=info caller=logger.go:214 time=2026-09-30T00:50:58.27593043Z msg="synchronize collection" key=default/dashboard.grafana.app/dashboards
t=2026-09-30T00:50:58.276171722Z level=info caller=logger.go:214 time=2026-09-30T00:50:58.276170139Z msg="get stats (still in transaction)" key=default/dashboard.grafana.app/dashboards
t=2026-09-30T00:50:58.276390139Z level=info caller=logger.go:214 time=2026-09-30T00:50:58.276387514Z msg="successfully locked RV" logger=sql-resource-server nextRV=1790729458275988 key=default/dashboard.grafana.app/dashboards
t=2026-09-30T00:50:58.276425139Z level=info caller=logger.go:214 time=2026-09-30T00:50:58.276423889Z msg="successfully saved RV" logger=sql-resource-server rv=1790729458275988 key=default/dashboard.grafana.app/dashboards
logger=storage.unified.migrator namespace=default orgId=1 resources="[folders.folder.grafana.app dashboards.dashboard.grafana.app]" t=2026-09-30T00:50:58.276639764Z level=info msg="start rebuilding index for resources"
logger=storage.unified.migrator namespace=default orgId=1 resources="[folders.folder.grafana.app dashboards.dashboard.grafana.app]" t=2026-09-30T00:50:58.276922555Z level=info msg="finished rebuilding index for resources" attempts=1
logger=storage.unified.migration_runner.folders-dashboards t=2026-09-30T00:50:58.276972222Z level=info msg="Count validation" resource=folders.folder.grafana.app namespace=default legacy_count=0 unified_count=0 migration_summary_count=0 rejected=0 history=0
logger=storage.unified.migration_runner.folders-dashboards t=2026-09-30T00:50:58.277005055Z level=info msg="Count validation" resource=dashboards.dashboard.grafana.app namespace=default legacy_count=0 unified_count=0 migration_summary_count=0 rejected=0 history=0
logger=storage.unified.migration_runner.folders-dashboards t=2026-09-30T00:50:58.277049514Z level=info msg="Folder tree structure validation passed" folder_count=0 namespace=default
logger=storage.unified.migration_runner.folders-dashboards t=2026-09-30T00:50:58.27705493Z level=info msg="Migration completed for organization" org_id=1 duration=3.264459ms processed=0 summaries=2 rejected=0
logger=storage.unified.migration_runner.folders-dashboards t=2026-09-30T00:50:58.277058639Z level=info msg="Migration completed successfully for all organizations" org_count=1
logger=unifiedstorage-migrator t=2026-09-30T00:50:58.277060597Z level=info msg="Migration successfully executed" id="folders and dashboards migration" duration=3.356084ms
logger=unifiedstorage-migrator t=2026-09-30T00:50:58.27823743Z level=info msg="Executing migration" id="playlists migration"
logger=storage.unified.migration_runner.playlists t=2026-09-30T00:50:58.278273139Z level=info msg="Starting migration for all organizations" org_count=1 resources=[playlists.playlist.grafana.app]
logger=storage.unified.migration_runner.playlists t=2026-09-30T00:50:58.278282847Z level=info msg="Stored migrator transaction in context for bulk operations (SQLite compatibility)"
logger=storage.unified.migration_runner.playlists t=2026-09-30T00:50:58.278317055Z level=info msg="Migration is not required, the legacy SQL table does not exist" table=playlist
logger=unifiedstorage-migrator t=2026-09-30T00:50:58.278321805Z level=info msg="Migration successfully executed" id="playlists migration" duration=84.834µs
logger=unifiedstorage-migrator t=2026-09-30T00:50:58.27916093Z level=info msg="Executing migration" id="shorturls migration"
logger=storage.unified.migration_runner.shorturls t=2026-09-30T00:50:58.279187722Z level=info msg="Starting migration for all organizations" org_count=1 resources=[shorturls.shorturl.grafana.app]
logger=storage.unified.migration_runner.shorturls t=2026-09-30T00:50:58.279195805Z level=info msg="Stored migrator transaction in context for bulk operations (SQLite compatibility)"
logger=storage.unified.migration_runner.shorturls t=2026-09-30T00:50:58.279300347Z level=info msg="Migrating organization" org_id=1 namespace=default
logger=storage.unified.migrator t=2026-09-30T00:50:58.279325764Z level=info msg="start migrating legacy resources" namespace=default orgId=1 stackId=0
t=2026-09-30T00:50:58.279404097Z level=info caller=logger.go:214 time=2026-09-30T00:50:58.279400055Z msg="Using SQLite transaction from client context" logger=sql-resource-server
logger=storage.unified.migration_runner.shorturls t=2026-09-30T00:50:58.279410472Z level=info msg="Migration progress" org_id=1 count=-1 message="migrating short URLs..."
logger=storage.unified.migration_runner.shorturls t=2026-09-30T00:50:58.279500597Z level=info msg="Migration progress" org_id=1 count=0 message="finished reading legacy short URLs from legacy short_url table in 84.541µs (0)"
logger=storage.unified.migration_runner.shorturls t=2026-09-30T00:50:58.279507222Z level=info msg="Migration progress" org_id=1 count=0 message="finished converting legacy short URLs to unified storage format in 0s (0)"
logger=storage.unified.migration_runner.shorturls t=2026-09-30T00:50:58.279509097Z level=info msg="Migration progress" org_id=1 count=0 message="finished writing short URLs to unified storage in 0s (0)"
logger=storage.unified.migration_runner.shorturls t=2026-09-30T00:50:58.279511139Z level=info msg="Migration progress" org_id=1 count=-2 message="finished short URLs... (0)"
logger=storage.unified.migrator t=2026-09-30T00:50:58.279513055Z level=info msg="finished migrating legacy resources" namespace=default orgId=1 stackId=0
t=2026-09-30T00:50:58.279527097Z level=info caller=logger.go:214 time=2026-09-30T00:50:58.279524097Z msg="synchronize collection" key=default/shorturl.grafana.app/shorturls
t=2026-09-30T00:50:58.279787639Z level=info caller=logger.go:214 time=2026-09-30T00:50:58.279785722Z msg="get stats (still in transaction)" key=default/shorturl.grafana.app/shorturls
t=2026-09-30T00:50:58.280034722Z level=info caller=logger.go:214 time=2026-09-30T00:50:58.280032514Z msg="successfully locked RV" logger=sql-resource-server nextRV=1790729458279006 key=default/shorturl.grafana.app/shorturls
t=2026-09-30T00:50:58.280071055Z level=info caller=logger.go:214 time=2026-09-30T00:50:58.280069555Z msg="successfully saved RV" logger=sql-resource-server rv=1790729458279006 key=default/shorturl.grafana.app/shorturls
logger=storage.unified.migrator namespace=default orgId=1 resources=[shorturls.shorturl.grafana.app] t=2026-09-30T00:50:58.280142305Z level=info msg="start rebuilding index for resources"
logger=storage.unified.migrator namespace=default orgId=1 resources=[shorturls.shorturl.grafana.app] t=2026-09-30T00:50:58.280295764Z level=info msg="finished rebuilding index for resources" attempts=1
logger=storage.unified.migration_runner.shorturls t=2026-09-30T00:50:58.280357514Z level=info msg="Count validation" resource=shorturls.shorturl.grafana.app namespace=default legacy_count=0 unified_count=0 migration_summary_count=0 rejected=0 history=0
logger=storage.unified.migration_runner.shorturls t=2026-09-30T00:50:58.280370097Z level=info msg="Migration completed for organization" org_id=1 duration=1.0595ms processed=0 summaries=1 rejected=0
logger=storage.unified.migrations t=2026-09-30T00:50:58.280455597Z level=info msg="renaming legacy table" table=short_url newName=short_url_legacy sql="ALTER TABLE `short_url` RENAME TO `short_url_legacy`"
logger=storage.unified.migration_runner.shorturls t=2026-09-30T00:50:58.28438368Z level=info msg="Migration completed successfully for all organizations" org_count=1
logger=unifiedstorage-migrator t=2026-09-30T00:50:58.284391264Z level=info msg="Migration successfully executed" id="shorturls migration" duration=5.229542ms
logger=unifiedstorage-migrator t=2026-09-30T00:50:58.285622805Z level=info msg="migrations completed" performed=3 skipped=1 duration=11.92675ms
logger=storage.unified.migrations t=2026-09-30T00:50:58.285702847Z level=info msg="Unified storage migrations completed successfully"
logger=live.push_http t=2026-09-30T00:50:58.290547055Z level=info msg="Live Push Gateway initialization"
logger=ngalert.notifier t=2026-09-30T00:50:58.291081305Z level=info component=alertmanager orgID=1 msg="template definitions loaded" mimir=0 grafana=0 total=0 maxTemplateOutput=10485760
logger=ngalert.notifier component=alertmanager orgID=1 t=2026-09-30T00:50:58.292545514Z level=info msg="Applying new configuration to Alertmanager" configHash="{12383335334731491449 16454292769479786371 11535544170606148457 1343157387507078592 10278876130067529486 4613426124549341787 5144611013662998819}"
logger=ngalert.notifier t=2026-09-30T00:50:58.292552722Z level=info component=alertmanager orgID=1 msg="template definitions loaded" mimir=0 grafana=0 total=0 maxTemplateOutput=10485760
logger=ngalert.writer t=2026-09-30T00:50:58.295921597Z level=info msg="Setting up remote write using data sources" timeout=30s default_datasource_uid=
logger=ngalert.state.manager.persist t=2026-09-30T00:50:58.295967972Z level=info msg="Using sync rule state persister"
logger=query_data t=2026-09-30T00:50:58.296452264Z level=info msg="Query Service initialization"
logger=annotation.app t=2026-09-30T00:50:58.303609347Z level=info msg="Annotation cleanup disabled (no retention TTL configured)"
logger=infra.usagestats.collector t=2026-09-30T00:50:58.30479743Z level=info msg="registering usage stat providers" usageStatsProvidersLen=2
logger=backgroundsvcs.managerAdapter t=2026-09-30T00:50:58.491682805Z level=info msg=starting module=*sqlstore.SQLStore
logger=backgroundsvcs.managerAdapter t=2026-09-30T00:50:58.49176443Z level=info msg=starting module=tracing
logger=backgroundsvcs.managerAdapter t=2026-09-30T00:50:58.49178268Z level=info msg=starting module=grafana-apiserver
logger=grafana-apiserver t=2026-09-30T00:50:58.636108597Z level=info msg="Adding GroupVersion dashboard.grafana.app v2 to ResourceManager"
logger=grafana-apiserver t=2026-09-30T00:50:58.636516014Z level=info msg="Adding GroupVersion dashboard.grafana.app v2beta1 to ResourceManager"
logger=grafana-apiserver t=2026-09-30T00:50:58.636652514Z level=info msg="Adding GroupVersion dashboard.grafana.app v2alpha1 to ResourceManager"
logger=grafana-apiserver t=2026-09-30T00:50:58.636913014Z level=info msg="Adding GroupVersion dashboard.grafana.app v0alpha1 to ResourceManager"
logger=grafana-apiserver t=2026-09-30T00:50:58.637039222Z level=info msg="Adding GroupVersion dashboard.grafana.app v1 to ResourceManager"
logger=grafana-apiserver t=2026-09-30T00:50:58.63716293Z level=info msg="Adding GroupVersion dashboard.grafana.app v1beta1 to ResourceManager"
t=2026-09-30T00:50:58.637227014Z level=info caller=logger.go:214 time=2026-09-30T00:50:58.637221305Z msg="Zanzana is not enabled; skipping folder propagation hooks"
t=2026-09-30T00:50:58.637247055Z level=info caller=logger.go:214 time=2026-09-30T00:50:58.637245222Z msg="Zanzana is not enabled; skipping folder propagation hooks"
logger=grafana-apiserver t=2026-09-30T00:50:58.63761343Z level=info msg="Adding GroupVersion folder.grafana.app v1 to ResourceManager"
logger=grafana-apiserver t=2026-09-30T00:50:58.637775222Z level=info msg="Adding GroupVersion folder.grafana.app v1beta1 to ResourceManager"
logger=grafana-apiserver t=2026-09-30T00:50:58.638070389Z level=info msg="Adding GroupVersion preferences.grafana.app v1 to ResourceManager"
logger=grafana-apiserver t=2026-09-30T00:50:58.638169597Z level=info msg="Adding GroupVersion preferences.grafana.app v1alpha1 to ResourceManager"
logger=grafana-apiserver t=2026-09-30T00:50:58.63842793Z level=info msg="Adding GroupVersion collections.grafana.app v1alpha1 to ResourceManager"
logger=grafana-apiserver t=2026-09-30T00:50:58.639679472Z level=info msg="Adding GroupVersion provisioning.grafana.app v0alpha1 to ResourceManager"
logger=grafana-apiserver t=2026-09-30T00:50:58.640382597Z level=info msg="Adding GroupVersion provisioning.grafana.app v1beta1 to ResourceManager"
logger=grafana-apiserver t=2026-09-30T00:50:58.640625805Z level=info msg="Adding GroupVersion userstorage.grafana.app v0alpha1 to ResourceManager"
logger=grafana-apiserver t=2026-09-30T00:50:58.640723847Z level=info msg="Adding GroupVersion features.grafana.app v0alpha1 to ResourceManager"
logger=grafana-apiserver t=2026-09-30T00:50:58.641054014Z level=info msg="Adding GroupVersion playlist.grafana.app v1 to ResourceManager"
logger=grafana-apiserver t=2026-09-30T00:50:58.641280639Z level=info msg="Adding GroupVersion playlist.grafana.app v0alpha1 to ResourceManager"
t=2026-09-30T00:50:58.641304722Z level=info caller=logger.go:214 time=2026-09-30T00:50:58.641300972Z msg="Installed APIs for app" app=playlist
logger=grafana-apiserver t=2026-09-30T00:50:58.641759305Z level=info msg="Adding GroupVersion plugins.grafana.app v0alpha1 to ResourceManager"
t=2026-09-30T00:50:58.641784014Z level=info caller=logger.go:214 time=2026-09-30T00:50:58.641781139Z msg="Installed APIs for app" app=plugins
logger=grafana-apiserver t=2026-09-30T00:50:58.642158555Z level=info msg="Adding GroupVersion example.grafana.app v1alpha1 to ResourceManager"
logger=grafana-apiserver t=2026-09-30T00:50:58.64232243Z level=info msg="Adding GroupVersion example.grafana.app v0alpha1 to ResourceManager"
t=2026-09-30T00:50:58.642359847Z level=info caller=logger.go:214 time=2026-09-30T00:50:58.64235743Z msg="Installed APIs for app" app=example
logger=grafana-apiserver t=2026-09-30T00:50:58.64238343Z level=info msg="Skipping API quotas.grafana.app/v0alpha1 because it has no resources."
t=2026-09-30T00:50:58.642419847Z level=info caller=logger.go:214 time=2026-09-30T00:50:58.642418555Z msg="Installed APIs for app" app=quotas
logger=storage.unified.migrations t=2026-09-30T00:50:58.642483389Z level=info msg="Resolved storage mode from migration log" resource=shorturls.shorturl.grafana.app mode=unified
logger=grafana-apiserver t=2026-09-30T00:50:58.642714514Z level=info msg="Adding GroupVersion shorturl.grafana.app v1beta1 to ResourceManager"
t=2026-09-30T00:50:58.642736347Z level=info caller=logger.go:214 time=2026-09-30T00:50:58.642734222Z msg="Installed APIs for app" app=shorturl
t=2026-09-30T00:50:58.642785514Z level=warn caller=logger.go:224 time=2026-09-30T00:50:58.642782389Z msg="skipped registering status sub-resource that does not support dual writing" resource=recordingrules.rules.alerting.grafana.app version=v0alpha1 storagePath=recordingrules/status
t=2026-09-30T00:50:58.642794305Z level=warn caller=logger.go:224 time=2026-09-30T00:50:58.64279243Z msg="skipped registering status sub-resource that does not support dual writing" resource=alertrules.rules.alerting.grafana.app version=v0alpha1 storagePath=alertrules/status
logger=grafana-apiserver t=2026-09-30T00:50:58.643360222Z level=info msg="Adding GroupVersion rules.alerting.grafana.app v0alpha1 to ResourceManager"
t=2026-09-30T00:50:58.643403347Z level=info caller=logger.go:214 time=2026-09-30T00:50:58.643401472Z msg="Installed APIs for app" app=alerting
logger=grafana-apiserver t=2026-09-30T00:50:58.64448218Z level=info msg="Adding GroupVersion notifications.alerting.grafana.app v1beta1 to ResourceManager"
logger=grafana-apiserver t=2026-09-30T00:50:58.645099805Z level=info msg="Adding GroupVersion notifications.alerting.grafana.app v0alpha1 to ResourceManager"
t=2026-09-30T00:50:58.64515143Z level=info caller=logger.go:214 time=2026-09-30T00:50:58.645149014Z msg="Installed APIs for app" app=alerting-notifications
logger=grafana-apiserver t=2026-09-30T00:50:58.645622347Z level=info msg="Adding GroupVersion advisor.grafana.app v0alpha1 to ResourceManager"
t=2026-09-30T00:50:58.645668347Z level=info caller=logger.go:214 time=2026-09-30T00:50:58.645666014Z msg="Installed APIs for app" app=advisor
t=2026-09-30T00:50:58.87074725Z level=info caller=logger.go:214 time=2026-09-30T00:50:58.87073875Z msg="App initialized" app=playlist
t=2026-09-30T00:50:58.870760666Z level=info caller=logger.go:214 time=2026-09-30T00:50:58.870738708Z msg="App initialized" app=example
t=2026-09-30T00:50:58.870835333Z level=info caller=logger.go:214 time=2026-09-30T00:50:58.8708325Z msg="App initialized" app=quotas
t=2026-09-30T00:50:58.870862625Z level=info caller=logger.go:214 time=2026-09-30T00:50:58.870859625Z msg="App initialized" app=shorturl
t=2026-09-30T00:50:58.870922041Z level=info caller=logger.go:214 time=2026-09-30T00:50:58.870918375Z msg="App initialized" app=alerting-notifications
t=2026-09-30T00:50:58.870988916Z level=info caller=logger.go:214 time=2026-09-30T00:50:58.870985916Z msg="App initialized" app=advisor
t=2026-09-30T00:50:58.87097825Z level=info caller=logger.go:214 time=2026-09-30T00:50:58.870944291Z msg="App initialized" app=plugins
t=2026-09-30T00:50:58.872088791Z level=info caller=logger.go:214 time=2026-09-30T00:50:58.872009791Z msg="starting job cleanup controller" logger=job-cleanup-controller cleanup_interval=3m0s expiry=1m0s
t=2026-09-30T00:50:58.872435958Z level=info caller=logger.go:214 time=2026-09-30T00:50:58.872379166Z msg="start concurrent job driver" logger=concurrent-job-driver num_drivers=3 job_timeout=20m0s lease_renewal_interval=20s
t=2026-09-30T00:50:58.874327791Z level=info caller=logger.go:214 time=2026-09-30T00:50:58.874323041Z msg="App initialized" app=alerting
logger=backgroundsvcs.managerAdapter t=2026-09-30T00:50:58.874375625Z level=info msg=starting module=plugins.store
logger=backgroundsvcs.managerAdapter t=2026-09-30T00:50:58.874391125Z level=info msg=starting module=provisioning
logger=provisioning.datasources t=2026-09-30T00:50:58.876534791Z level=info msg="inserting datasource from configuration" name="Azaeron Prometheus" uid=verity-prometheus
logger=provisioning.datasources t=2026-09-30T00:50:58.884828458Z level=info msg="inserting datasource from configuration" name="Azaeron Traces" uid=verity-traces
logger=provisioning.plugins t=2026-09-30T00:50:58.889302458Z level=error msg="Failed to read plugin provisioning files from directory" path=/etc/grafana/provisioning/plugins error="open /etc/grafana/provisioning/plugins: no such file or directory"
logger=provisioning.alerting t=2026-09-30T00:50:58.889364Z level=error msg="can't read alerting provisioning files from directory" path=/etc/grafana/provisioning/alerting error="open /etc/grafana/provisioning/alerting: no such file or directory"
logger=provisioning.alerting t=2026-09-30T00:50:58.889372208Z level=info msg="starting to provision alerting"
logger=provisioning.alerting t=2026-09-30T00:50:58.889376083Z level=info msg="finished to provision alerting"
logger=bleve-backend namespace=default group=dashboard.grafana.app resource=dashboards reason=search t=2026-09-30T00:50:58.892890541Z level=info msg="Building index using memory"
logger=bleve-backend namespace=default group=dashboard.grafana.app resource=dashboards reason=search t=2026-09-30T00:50:58.893140541Z level=info msg="Finished building index" elapsed=184.834µs listRV=1790729458275988
logger=bleve-backend namespace=default group=dashboard.grafana.app resource=dashboards reason=search t=2026-09-30T00:50:58.89315125Z level=info msg="Storing index in cache" key="{Namespace:default Group:dashboard.grafana.app Resource:dashboards}" expiration=2026-09-30T01:00:58.893150916Z
logger=provisioning.dashboard t=2026-09-30T00:50:58.894846208Z level=info msg="starting to provision dashboards"
logger=provisioning.dashboard t=2026-09-30T00:50:58.902132541Z level=info msg="finished to provision dashboards"
logger=backgroundsvcs.managerAdapter t=2026-09-30T00:50:58.903110708Z level=info msg=starting module=*service.DashboardServiceImpl
logger=backgroundsvcs.managerAdapter t=2026-09-30T00:50:58.903117125Z level=info msg=starting module=*loginattemptimpl.Service
logger=backgroundsvcs.managerAdapter t=2026-09-30T00:50:58.903126791Z level=info msg=starting module=*authimpl.UserAuthTokenService
logger=backgroundsvcs.managerAdapter t=2026-09-30T00:50:58.903127458Z level=info msg=starting module=*cleanup.CleanUpService
logger=backgroundsvcs.managerAdapter t=2026-09-30T00:50:58.903126833Z level=info msg=starting module=*migrations.SecretMigrationProviderImpl
logger=backgroundsvcs.managerAdapter t=2026-09-30T00:50:58.903201875Z level=info msg=starting module=*manager.ServiceAccountsService
logger=backgroundsvcs.managerAdapter t=2026-09-30T00:50:58.903220875Z level=info msg=starting module=*store.standardStorageService
logger=grafanaStorageLogger t=2026-09-30T00:50:58.903240583Z level=info msg="Storage starting"
logger=backgroundsvcs.managerAdapter t=2026-09-30T00:50:58.903228375Z level=info msg=starting module=*appregistry.Service
logger=backgroundsvcs.managerAdapter t=2026-09-30T00:50:58.903248791Z level=info msg=starting module=*remotecache.RemoteCache
logger=backgroundsvcs.managerAdapter t=2026-09-30T00:50:58.903258625Z level=info msg=starting module=*statscollector.Service
logger=backgroundsvcs.managerAdapter t=2026-09-30T00:50:58.903269666Z level=info msg=starting module=*live.GrafanaLive
logger=app-registry t=2026-09-30T00:50:58.903291166Z level=info msg="app registry initialized"
logger=backgroundsvcs.managerAdapter t=2026-09-30T00:50:58.903298666Z level=info msg=starting module=*anonimpl.AnonDeviceService
logger=backgroundsvcs.managerAdapter t=2026-09-30T00:50:58.903294875Z level=info msg=starting module=*service.DashboardUpdater
logger=backgroundsvcs.managerAdapter t=2026-09-30T00:50:58.903259708Z level=info msg=starting module=*metric.Service
logger=backgroundsvcs.managerAdapter t=2026-09-30T00:50:58.903310791Z level=info msg=starting module=*api.HTTPServer
logger=backgroundsvcs.managerAdapter t=2026-09-30T00:50:58.903263458Z level=info msg=starting module=*pluginexternal.Service
logger=backgroundsvcs.managerAdapter t=2026-09-30T00:50:58.903348958Z level=info msg=starting module=*metrics.InternalMetricsService
logger=backgroundsvcs.managerAdapter t=2026-09-30T00:50:58.903368875Z level=info msg=starting module=*supportbundlesimpl.Service
logger=backgroundsvcs.managerAdapter t=2026-09-30T00:50:58.903373916Z level=info msg=starting module=*dualwrite.ZanzanaReconciler
logger=backgroundsvcs.managerAdapter t=2026-09-30T00:50:58.903378291Z level=info msg=starting module=*pushhttp.Gateway
logger=backgroundsvcs.managerAdapter t=2026-09-30T00:50:58.903112375Z level=info msg=starting module=*ssosettingsimpl.Service
logger=backgroundsvcs.managerAdapter t=2026-09-30T00:50:58.903387625Z level=info msg=starting module=*garbagecollectionworker.Worker
logger=backgroundsvcs.managerAdapter t=2026-09-30T00:50:58.90339925Z level=info msg=starting module=*manager.SecretsService
logger=backgroundsvcs.managerAdapter t=2026-09-30T00:50:58.903410708Z level=info msg=starting module=*ngalert.AlertNG
logger=backgroundsvcs.managerAdapter t=2026-09-30T00:50:58.903457791Z level=info msg=starting module=*service.UsageStats
logger=backgroundsvcs.managerAdapter t=2026-09-30T00:50:58.903463416Z level=info msg=starting module=*authz.EmbeddedZanzanaService
logger=ngalert t=2026-09-30T00:50:58.903458666Z level=info msg="Primary node, alert rule evaluation enabled"
logger=backgroundsvcs.managerAdapter t=2026-09-30T00:50:58.903237333Z level=info msg=starting module=*dynamic.KeyRetriever
logger=ngalert.state.manager t=2026-09-30T00:50:58.903484875Z level=info msg="Warming state cache for startup"
logger=backgroundsvcs.managerAdapter t=2026-09-30T00:50:58.903514458Z level=info msg=starting module=*notifications.NotificationService
logger=ngalert.multiorg.alertmanager t=2026-09-30T00:50:58.903515125Z level=info msg="Starting MultiOrg Alertmanager"
logger=backgroundsvcs.managerAdapter t=2026-09-30T00:50:58.903548708Z level=info msg=starting module=*rendering.RenderingService
logger=backgroundsvcs.managerAdapter t=2026-09-30T00:50:58.903603625Z level=info msg="All modules healthy"
logger=http.server t=2026-09-30T00:50:58.912425083Z level=info msg="HTTP Server Listen" address=[::]:3000 protocol=http subUrl= socket=
logger=ngalert.state.manager t=2026-09-30T00:50:58.934866833Z level=info msg="State cache has been initialized" rules=0 states=0 duration=31.38125ms
logger=ngalert.scheduler t=2026-09-30T00:50:58.934908083Z level=info msg="Starting scheduler" tickInterval=10s maxAttempts=3
logger=ngalert.scheduler t=2026-09-30T00:50:58.934922541Z level=info msg=starting component=ticker first_tick=2026-09-30T00:51:00Z
t=2026-09-30T00:50:58.972017666Z level=info caller=logger.go:214 time=2026-09-30T00:50:58.971997791Z msg="Starting ConnectionController" logger=provisioning-connection-controller
t=2026-09-30T00:50:58.972030583Z level=info caller=logger.go:214 time=2026-09-30T00:50:58.972026666Z msg="Starting workers" logger=provisioning-connection-controller count=1
t=2026-09-30T00:50:58.972037291Z level=info caller=logger.go:214 time=2026-09-30T00:50:58.972035458Z msg="Started workers" logger=provisioning-connection-controller
t=2026-09-30T00:50:58.97201825Z level=info caller=logger.go:214 time=2026-09-30T00:50:58.972007375Z msg="Starting RepositoryController" logger=provisioning-repository-controller
t=2026-09-30T00:50:58.972045208Z level=info caller=logger.go:214 time=2026-09-30T00:50:58.972043708Z msg="Starting workers" logger=provisioning-repository-controller count=1
t=2026-09-30T00:50:58.97205575Z level=info caller=logger.go:214 time=2026-09-30T00:50:58.972052708Z msg="Started workers" logger=provisioning-repository-controller
