repository	Set up job	﻿2026-09-30T00:53:16.4522573Z Current runner version: '2.337.0'
repository	Set up job	2026-09-30T00:53:16.4558789Z ##[group]Runner Image Provisioner
repository	Set up job	2026-09-30T00:53:16.4560423Z Hosted Compute Agent
repository	Set up job	2026-09-30T00:53:16.4561683Z Version: 20260828.587
repository	Set up job	2026-09-30T00:53:16.4562958Z Commit: abac92662cab4cc7352de4f9f9d2e2419aad9c29
repository	Set up job	2026-09-30T00:53:16.4564325Z Build Date: 2026-08-28T16:44:25Z
repository	Set up job	2026-09-30T00:53:16.4565483Z Worker ID: {8c6d9b8c-73f3-4335-9a6a-f64558fa8948}
repository	Set up job	2026-09-30T00:53:16.4566936Z Azure Region: northcentralus
repository	Set up job	2026-09-30T00:53:16.4567968Z ##[endgroup]
repository	Set up job	2026-09-30T00:53:16.4570434Z ##[group]Operating System
repository	Set up job	2026-09-30T00:53:16.4571909Z Ubuntu
repository	Set up job	2026-09-30T00:53:16.4572843Z 24.04.5
repository	Set up job	2026-09-30T00:53:16.4573954Z LTS
repository	Set up job	2026-09-30T00:53:16.4574886Z ##[endgroup]
repository	Set up job	2026-09-30T00:53:16.4575974Z ##[group]Runner Image
repository	Set up job	2026-09-30T00:53:16.4577108Z Image: ubuntu-24.04
repository	Set up job	2026-09-30T00:53:16.4578099Z Version: 20260920.314.1
repository	Set up job	2026-09-30T00:53:16.4580185Z Included Software: https://github.com/actions/runner-images/blob/ubuntu24/20260920.314/images/ubuntu/Ubuntu2404-Readme.md
repository	Set up job	2026-09-30T00:53:16.4583718Z Image Release: https://github.com/actions/runner-images/releases/tag/ubuntu24%2F20260920.314
repository	Set up job	2026-09-30T00:53:16.4585519Z ##[endgroup]
repository	Set up job	2026-09-30T00:53:16.4588048Z ##[group]GITHUB_TOKEN Permissions
repository	Set up job	2026-09-30T00:53:16.4591041Z Contents: read
repository	Set up job	2026-09-30T00:53:16.4592331Z Metadata: read
repository	Set up job	2026-09-30T00:53:16.4593425Z ##[endgroup]
repository	Set up job	2026-09-30T00:53:16.4597227Z Secret source: Actions
repository	Set up job	2026-09-30T00:53:16.4599022Z Cache mode: write
repository	Set up job	2026-09-30T00:53:16.4600439Z Prepare workflow directory
repository	Set up job	2026-09-30T00:53:16.5107644Z Prepare all required actions
repository	Set up job	2026-09-30T00:53:16.5182783Z Getting action download info
repository	Set up job	2026-09-30T00:53:16.7533507Z Download action repository 'actions/checkout@d23441a48e516b6c34aea4fa41551a30e30af803' (SHA:d23441a48e516b6c34aea4fa41551a30e30af803)
repository	Set up job	2026-09-30T00:53:16.8461033Z Download action repository 'actions/setup-node@249970729cb0ef3589644e2896645e5dc5ba9c38' (SHA:249970729cb0ef3589644e2896645e5dc5ba9c38)
repository	Set up job	2026-09-30T00:53:16.9325415Z Download action repository 'actions/setup-python@ece7cb06caefa5fff74198d8649806c4678c61a1' (SHA:ece7cb06caefa5fff74198d8649806c4678c61a1)
repository	Set up job	2026-09-30T00:53:17.0119941Z Download action repository 'actions/upload-artifact@b7c566a772e6b6bfb58ed0dc250532a479d7789f' (SHA:b7c566a772e6b6bfb58ed0dc250532a479d7789f)
repository	Set up job	2026-09-30T00:53:17.2839878Z Complete job name: repository
repository	Run actions/checkout@d23441a48e516b6c34aea4fa41551a30e30af803	﻿2026-09-30T00:53:17.3682019Z ##[group]Run actions/checkout@d23441a48e516b6c34aea4fa41551a30e30af803
repository	Run actions/checkout@d23441a48e516b6c34aea4fa41551a30e30af803	2026-09-30T00:53:17.3683170Z with:
repository	Run actions/checkout@d23441a48e516b6c34aea4fa41551a30e30af803	2026-09-30T00:53:17.3683635Z   repository: arajmir7/Azaeron-Verity
repository	Run actions/checkout@d23441a48e516b6c34aea4fa41551a30e30af803	2026-09-30T00:53:17.3687825Z   token: ***
repository	Run actions/checkout@d23441a48e516b6c34aea4fa41551a30e30af803	2026-09-30T00:53:17.3688260Z   ssh-strict: true
repository	Run actions/checkout@d23441a48e516b6c34aea4fa41551a30e30af803	2026-09-30T00:53:17.3688691Z   ssh-user: git
repository	Run actions/checkout@d23441a48e516b6c34aea4fa41551a30e30af803	2026-09-30T00:53:17.3689133Z   persist-credentials: true
repository	Run actions/checkout@d23441a48e516b6c34aea4fa41551a30e30af803	2026-09-30T00:53:17.3689616Z   clean: true
repository	Run actions/checkout@d23441a48e516b6c34aea4fa41551a30e30af803	2026-09-30T00:53:17.3690056Z   sparse-checkout-cone-mode: true
repository	Run actions/checkout@d23441a48e516b6c34aea4fa41551a30e30af803	2026-09-30T00:53:17.3690568Z   fetch-depth: 1
repository	Run actions/checkout@d23441a48e516b6c34aea4fa41551a30e30af803	2026-09-30T00:53:17.3690993Z   fetch-tags: false
repository	Run actions/checkout@d23441a48e516b6c34aea4fa41551a30e30af803	2026-09-30T00:53:17.3691614Z   show-progress: true
repository	Run actions/checkout@d23441a48e516b6c34aea4fa41551a30e30af803	2026-09-30T00:53:17.3692076Z   lfs: false
repository	Run actions/checkout@d23441a48e516b6c34aea4fa41551a30e30af803	2026-09-30T00:53:17.3692497Z   submodules: false
repository	Run actions/checkout@d23441a48e516b6c34aea4fa41551a30e30af803	2026-09-30T00:53:17.3692991Z   set-safe-directory: true
repository	Run actions/checkout@d23441a48e516b6c34aea4fa41551a30e30af803	2026-09-30T00:53:17.3693493Z   allow-unsafe-pr-checkout: false
repository	Run actions/checkout@d23441a48e516b6c34aea4fa41551a30e30af803	2026-09-30T00:53:17.3694273Z ##[endgroup]
repository	Run actions/checkout@d23441a48e516b6c34aea4fa41551a30e30af803	2026-09-30T00:53:17.4787408Z Syncing repository: arajmir7/Azaeron-Verity
repository	Run actions/checkout@d23441a48e516b6c34aea4fa41551a30e30af803	2026-09-30T00:53:17.4790940Z ##[group]Getting Git version info
repository	Run actions/checkout@d23441a48e516b6c34aea4fa41551a30e30af803	2026-09-30T00:53:17.4792589Z Working directory is '/home/runner/work/Azaeron-Verity/Azaeron-Verity'
repository	Run actions/checkout@d23441a48e516b6c34aea4fa41551a30e30af803	2026-09-30T00:53:17.4794355Z [command]/usr/bin/git version
repository	Run actions/checkout@d23441a48e516b6c34aea4fa41551a30e30af803	2026-09-30T00:53:17.4852551Z git version 2.55.0
repository	Run actions/checkout@d23441a48e516b6c34aea4fa41551a30e30af803	2026-09-30T00:53:17.4880352Z ##[endgroup]
repository	Run actions/checkout@d23441a48e516b6c34aea4fa41551a30e30af803	2026-09-30T00:53:17.4901841Z Temporarily overriding HOME='/home/runner/work/_temp/4ceb060f-e042-4519-8ea9-cb688450b8bb' before making global git config changes
repository	Run actions/checkout@d23441a48e516b6c34aea4fa41551a30e30af803	2026-09-30T00:53:17.4904821Z Adding repository directory to the temporary git global config as a safe directory
repository	Run actions/checkout@d23441a48e516b6c34aea4fa41551a30e30af803	2026-09-30T00:53:17.4911279Z [command]/usr/bin/git config --global --add safe.directory /home/runner/work/Azaeron-Verity/Azaeron-Verity
repository	Run actions/checkout@d23441a48e516b6c34aea4fa41551a30e30af803	2026-09-30T00:53:17.4976229Z Deleting the contents of '/home/runner/work/Azaeron-Verity/Azaeron-Verity'
repository	Run actions/checkout@d23441a48e516b6c34aea4fa41551a30e30af803	2026-09-30T00:53:17.4983376Z ##[group]Determining repository object format
repository	Run actions/checkout@d23441a48e516b6c34aea4fa41551a30e30af803	2026-09-30T00:53:17.4985851Z ##[endgroup]
repository	Run actions/checkout@d23441a48e516b6c34aea4fa41551a30e30af803	2026-09-30T00:53:17.4987379Z ##[group]Initializing the repository
repository	Run actions/checkout@d23441a48e516b6c34aea4fa41551a30e30af803	2026-09-30T00:53:17.4993247Z [command]/usr/bin/git init /home/runner/work/Azaeron-Verity/Azaeron-Verity
repository	Run actions/checkout@d23441a48e516b6c34aea4fa41551a30e30af803	2026-09-30T00:53:17.5123251Z hint: Using 'master' as the name for the initial branch. This default branch name
repository	Run actions/checkout@d23441a48e516b6c34aea4fa41551a30e30af803	2026-09-30T00:53:17.5125381Z hint: will change to "main" in Git 3.0. To configure the initial branch name
repository	Run actions/checkout@d23441a48e516b6c34aea4fa41551a30e30af803	2026-09-30T00:53:17.5127081Z hint: to use in all of your new repositories, which will suppress this warning,
repository	Run actions/checkout@d23441a48e516b6c34aea4fa41551a30e30af803	2026-09-30T00:53:17.5128406Z hint: call:
repository	Run actions/checkout@d23441a48e516b6c34aea4fa41551a30e30af803	2026-09-30T00:53:17.5129193Z hint:
repository	Run actions/checkout@d23441a48e516b6c34aea4fa41551a30e30af803	2026-09-30T00:53:17.5131101Z hint: 	git config --global init.defaultBranch <name>
repository	Run actions/checkout@d23441a48e516b6c34aea4fa41551a30e30af803	2026-09-30T00:53:17.5132496Z hint:
repository	Run actions/checkout@d23441a48e516b6c34aea4fa41551a30e30af803	2026-09-30T00:53:17.5134793Z hint: Names commonly chosen instead of 'master' are 'main', 'trunk' and
repository	Run actions/checkout@d23441a48e516b6c34aea4fa41551a30e30af803	2026-09-30T00:53:17.5136853Z hint: 'development'. The just-created branch can be renamed via this command:
repository	Run actions/checkout@d23441a48e516b6c34aea4fa41551a30e30af803	2026-09-30T00:53:17.5138323Z hint:
repository	Run actions/checkout@d23441a48e516b6c34aea4fa41551a30e30af803	2026-09-30T00:53:17.5139095Z hint: 	git branch -m <name>
repository	Run actions/checkout@d23441a48e516b6c34aea4fa41551a30e30af803	2026-09-30T00:53:17.5139960Z hint:
repository	Run actions/checkout@d23441a48e516b6c34aea4fa41551a30e30af803	2026-09-30T00:53:17.5141106Z hint: Disable this message with "git config set advice.defaultBranchName false"
repository	Run actions/checkout@d23441a48e516b6c34aea4fa41551a30e30af803	2026-09-30T00:53:17.5144688Z Initialized empty Git repository in /home/runner/work/Azaeron-Verity/Azaeron-Verity/.git/
repository	Run actions/checkout@d23441a48e516b6c34aea4fa41551a30e30af803	2026-09-30T00:53:17.5148194Z [command]/usr/bin/git remote add origin https://github.com/arajmir7/Azaeron-Verity
repository	Run actions/checkout@d23441a48e516b6c34aea4fa41551a30e30af803	2026-09-30T00:53:17.5325014Z ##[endgroup]
repository	Run actions/checkout@d23441a48e516b6c34aea4fa41551a30e30af803	2026-09-30T00:53:17.5326457Z ##[group]Disabling automatic garbage collection
repository	Run actions/checkout@d23441a48e516b6c34aea4fa41551a30e30af803	2026-09-30T00:53:17.5327880Z [command]/usr/bin/git config --local gc.auto 0
repository	Run actions/checkout@d23441a48e516b6c34aea4fa41551a30e30af803	2026-09-30T00:53:17.5330818Z ##[endgroup]
repository	Run actions/checkout@d23441a48e516b6c34aea4fa41551a30e30af803	2026-09-30T00:53:17.5332457Z ##[group]Setting up auth
repository	Run actions/checkout@d23441a48e516b6c34aea4fa41551a30e30af803	2026-09-30T00:53:17.5333453Z Removing SSH command configuration
repository	Run actions/checkout@d23441a48e516b6c34aea4fa41551a30e30af803	2026-09-30T00:53:17.5334880Z [command]/usr/bin/git config --local --name-only --get-regexp core\.sshCommand
repository	Run actions/checkout@d23441a48e516b6c34aea4fa41551a30e30af803	2026-09-30T00:53:17.5375460Z [command]/usr/bin/git submodule foreach --recursive sh -c "git config --local --name-only --get-regexp 'core\.sshCommand' && git config --local --unset-all 'core.sshCommand' || :"
repository	Run actions/checkout@d23441a48e516b6c34aea4fa41551a30e30af803	2026-09-30T00:53:17.5771268Z Removing HTTP extra header
repository	Run actions/checkout@d23441a48e516b6c34aea4fa41551a30e30af803	2026-09-30T00:53:17.5779105Z [command]/usr/bin/git config --local --name-only --get-regexp http\.https\:\/\/github\.com\/\.extraheader
repository	Run actions/checkout@d23441a48e516b6c34aea4fa41551a30e30af803	2026-09-30T00:53:17.5822623Z [command]/usr/bin/git submodule foreach --recursive sh -c "git config --local --name-only --get-regexp 'http\.https\:\/\/github\.com\/\.extraheader' && git config --local --unset-all 'http.https://github.com/.extraheader' || :"
repository	Run actions/checkout@d23441a48e516b6c34aea4fa41551a30e30af803	2026-09-30T00:53:17.6062688Z Removing includeIf entries pointing to credentials config files
repository	Run actions/checkout@d23441a48e516b6c34aea4fa41551a30e30af803	2026-09-30T00:53:17.6068908Z [command]/usr/bin/git config --local --name-only --get-regexp ^includeIf\.gitdir:
repository	Run actions/checkout@d23441a48e516b6c34aea4fa41551a30e30af803	2026-09-30T00:53:17.6107109Z [command]/usr/bin/git submodule foreach --recursive git config --local --show-origin --name-only --get-regexp remote.origin.url
repository	Run actions/checkout@d23441a48e516b6c34aea4fa41551a30e30af803	2026-09-30T00:53:17.6350426Z [command]/usr/bin/git config --file /home/runner/work/_temp/git-credentials-31a00e21-5423-4365-8898-55021387a45c.config http.https://github.com/.extraheader AUTHORIZATION: basic ***
repository	Run actions/checkout@d23441a48e516b6c34aea4fa41551a30e30af803	2026-09-30T00:53:17.6398465Z [command]/usr/bin/git config --local includeIf.gitdir:/home/runner/work/Azaeron-Verity/Azaeron-Verity/.git.path /home/runner/work/_temp/git-credentials-31a00e21-5423-4365-8898-55021387a45c.config
repository	Run actions/checkout@d23441a48e516b6c34aea4fa41551a30e30af803	2026-09-30T00:53:17.6436174Z [command]/usr/bin/git config --local includeIf.gitdir:/home/runner/work/Azaeron-Verity/Azaeron-Verity/.git/worktrees/*.path /home/runner/work/_temp/git-credentials-31a00e21-5423-4365-8898-55021387a45c.config
repository	Run actions/checkout@d23441a48e516b6c34aea4fa41551a30e30af803	2026-09-30T00:53:17.6475469Z [command]/usr/bin/git config --local includeIf.gitdir:/github/workspace/.git.path /github/runner_temp/git-credentials-31a00e21-5423-4365-8898-55021387a45c.config
repository	Run actions/checkout@d23441a48e516b6c34aea4fa41551a30e30af803	2026-09-30T00:53:17.6522089Z [command]/usr/bin/git config --local includeIf.gitdir:/github/workspace/.git/worktrees/*.path /github/runner_temp/git-credentials-31a00e21-5423-4365-8898-55021387a45c.config
repository	Run actions/checkout@d23441a48e516b6c34aea4fa41551a30e30af803	2026-09-30T00:53:17.6553202Z ##[endgroup]
repository	Run actions/checkout@d23441a48e516b6c34aea4fa41551a30e30af803	2026-09-30T00:53:17.6553961Z ##[group]Fetching the repository
repository	Run actions/checkout@d23441a48e516b6c34aea4fa41551a30e30af803	2026-09-30T00:53:17.6562335Z [command]/usr/bin/git -c protocol.version=2 fetch --no-tags --prune --no-recurse-submodules --depth=1 origin +9c730bb16af5c6fba0f4bc1a3c5e623bce47c916:refs/remotes/origin/codex/private-agent-core-20260929
repository	Run actions/checkout@d23441a48e516b6c34aea4fa41551a30e30af803	2026-09-30T00:53:19.7819102Z From https://github.com/arajmir7/Azaeron-Verity
repository	Run actions/checkout@d23441a48e516b6c34aea4fa41551a30e30af803	2026-09-30T00:53:19.7821700Z  * [new ref]         9c730bb16af5c6fba0f4bc1a3c5e623bce47c916 -> origin/codex/private-agent-core-20260929
repository	Run actions/checkout@d23441a48e516b6c34aea4fa41551a30e30af803	2026-09-30T00:53:19.7833978Z [command]/usr/bin/git branch --list --remote origin/codex/private-agent-core-20260929
repository	Run actions/checkout@d23441a48e516b6c34aea4fa41551a30e30af803	2026-09-30T00:53:19.7872952Z   origin/codex/private-agent-core-20260929
repository	Run actions/checkout@d23441a48e516b6c34aea4fa41551a30e30af803	2026-09-30T00:53:19.7885427Z [command]/usr/bin/git rev-parse refs/remotes/origin/codex/private-agent-core-20260929
repository	Run actions/checkout@d23441a48e516b6c34aea4fa41551a30e30af803	2026-09-30T00:53:19.7915914Z 9c730bb16af5c6fba0f4bc1a3c5e623bce47c916
repository	Run actions/checkout@d23441a48e516b6c34aea4fa41551a30e30af803	2026-09-30T00:53:19.7925171Z ##[endgroup]
repository	Run actions/checkout@d23441a48e516b6c34aea4fa41551a30e30af803	2026-09-30T00:53:19.7926521Z ##[group]Determining the checkout info
repository	Run actions/checkout@d23441a48e516b6c34aea4fa41551a30e30af803	2026-09-30T00:53:19.7927992Z ##[endgroup]
repository	Run actions/checkout@d23441a48e516b6c34aea4fa41551a30e30af803	2026-09-30T00:53:19.7928857Z [command]/usr/bin/git sparse-checkout disable
repository	Run actions/checkout@d23441a48e516b6c34aea4fa41551a30e30af803	2026-09-30T00:53:19.7989634Z [command]/usr/bin/git config --local --unset-all extensions.worktreeConfig
repository	Run actions/checkout@d23441a48e516b6c34aea4fa41551a30e30af803	2026-09-30T00:53:19.8025916Z ##[group]Checking out the ref
repository	Run actions/checkout@d23441a48e516b6c34aea4fa41551a30e30af803	2026-09-30T00:53:19.8031177Z [command]/usr/bin/git checkout --progress --force -B codex/private-agent-core-20260929 refs/remotes/origin/codex/private-agent-core-20260929
repository	Run actions/checkout@d23441a48e516b6c34aea4fa41551a30e30af803	2026-09-30T00:53:20.0551935Z Switched to a new branch 'codex/private-agent-core-20260929'
repository	Run actions/checkout@d23441a48e516b6c34aea4fa41551a30e30af803	2026-09-30T00:53:20.0556349Z branch 'codex/private-agent-core-20260929' set up to track 'origin/codex/private-agent-core-20260929'.
repository	Run actions/checkout@d23441a48e516b6c34aea4fa41551a30e30af803	2026-09-30T00:53:20.0602047Z ##[endgroup]
repository	Run actions/checkout@d23441a48e516b6c34aea4fa41551a30e30af803	2026-09-30T00:53:20.0651936Z [command]/usr/bin/git log -1 --format=%H
repository	Run actions/checkout@d23441a48e516b6c34aea4fa41551a30e30af803	2026-09-30T00:53:20.0681120Z 9c730bb16af5c6fba0f4bc1a3c5e623bce47c916
repository	Run actions/setup-node@249970729cb0ef3589644e2896645e5dc5ba9c38	﻿2026-09-30T00:53:20.1069284Z ##[group]Run actions/setup-node@249970729cb0ef3589644e2896645e5dc5ba9c38
repository	Run actions/setup-node@249970729cb0ef3589644e2896645e5dc5ba9c38	2026-09-30T00:53:20.1070972Z with:
repository	Run actions/setup-node@249970729cb0ef3589644e2896645e5dc5ba9c38	2026-09-30T00:53:20.1072429Z   node-version-file: .nvmrc
repository	Run actions/setup-node@249970729cb0ef3589644e2896645e5dc5ba9c38	2026-09-30T00:53:20.1073604Z   cache: npm
repository	Run actions/setup-node@249970729cb0ef3589644e2896645e5dc5ba9c38	2026-09-30T00:53:20.1074767Z   cache-dependency-path: frontend/package-lock.json
repository	Run actions/setup-node@249970729cb0ef3589644e2896645e5dc5ba9c38	2026-09-30T00:53:20.1076191Z   check-latest: false
repository	Run actions/setup-node@249970729cb0ef3589644e2896645e5dc5ba9c38	2026-09-30T00:53:20.1085934Z   token: ***
repository	Run actions/setup-node@249970729cb0ef3589644e2896645e5dc5ba9c38	2026-09-30T00:53:20.1087009Z   package-manager-cache: true
repository	Run actions/setup-node@249970729cb0ef3589644e2896645e5dc5ba9c38	2026-09-30T00:53:20.1088166Z ##[endgroup]
repository	Run actions/setup-node@249970729cb0ef3589644e2896645e5dc5ba9c38	2026-09-30T00:53:20.2466325Z Node version file is not JSON file
repository	Run actions/setup-node@249970729cb0ef3589644e2896645e5dc5ba9c38	2026-09-30T00:53:20.2468470Z Resolved .nvmrc as 22.23.2
repository	Run actions/setup-node@249970729cb0ef3589644e2896645e5dc5ba9c38	2026-09-30T00:53:20.2497469Z Found in cache @ /opt/hostedtoolcache/node/22.23.2/x64
repository	Run actions/setup-node@249970729cb0ef3589644e2896645e5dc5ba9c38	2026-09-30T00:53:20.2509179Z ##[group]Environment details
repository	Run actions/setup-node@249970729cb0ef3589644e2896645e5dc5ba9c38	2026-09-30T00:53:20.6485714Z node: v22.23.2
repository	Run actions/setup-node@249970729cb0ef3589644e2896645e5dc5ba9c38	2026-09-30T00:53:20.6486275Z npm: 10.9.8
repository	Run actions/setup-node@249970729cb0ef3589644e2896645e5dc5ba9c38	2026-09-30T00:53:20.6486633Z yarn: 1.22.22
repository	Run actions/setup-node@249970729cb0ef3589644e2896645e5dc5ba9c38	2026-09-30T00:53:20.6487672Z ##[endgroup]
repository	Run actions/setup-node@249970729cb0ef3589644e2896645e5dc5ba9c38	2026-09-30T00:53:20.6506285Z [command]/opt/hostedtoolcache/node/22.23.2/x64/bin/npm config get cache
repository	Run actions/setup-node@249970729cb0ef3589644e2896645e5dc5ba9c38	2026-09-30T00:53:20.7669232Z /home/runner/.npm
repository	Run actions/setup-node@249970729cb0ef3589644e2896645e5dc5ba9c38	2026-09-30T00:53:20.8913683Z npm cache is not found
repository	Run actions/setup-python@ece7cb06caefa5fff74198d8649806c4678c61a1	﻿2026-09-30T00:53:20.9081290Z ##[group]Run actions/setup-python@ece7cb06caefa5fff74198d8649806c4678c61a1
repository	Run actions/setup-python@ece7cb06caefa5fff74198d8649806c4678c61a1	2026-09-30T00:53:20.9082138Z with:
repository	Run actions/setup-python@ece7cb06caefa5fff74198d8649806c4678c61a1	2026-09-30T00:53:20.9082362Z   python-version: 3.12
repository	Run actions/setup-python@ece7cb06caefa5fff74198d8649806c4678c61a1	2026-09-30T00:53:20.9082609Z   check-latest: false
repository	Run actions/setup-python@ece7cb06caefa5fff74198d8649806c4678c61a1	2026-09-30T00:53:20.9085351Z   token: ***
repository	Run actions/setup-python@ece7cb06caefa5fff74198d8649806c4678c61a1	2026-09-30T00:53:20.9085589Z   update-environment: true
repository	Run actions/setup-python@ece7cb06caefa5fff74198d8649806c4678c61a1	2026-09-30T00:53:20.9085872Z   allow-prereleases: false
repository	Run actions/setup-python@ece7cb06caefa5fff74198d8649806c4678c61a1	2026-09-30T00:53:20.9086124Z   freethreaded: false
repository	Run actions/setup-python@ece7cb06caefa5fff74198d8649806c4678c61a1	2026-09-30T00:53:20.9086367Z ##[endgroup]
repository	Run actions/setup-python@ece7cb06caefa5fff74198d8649806c4678c61a1	2026-09-30T00:53:21.0396961Z ##[group]Installed versions
repository	Run actions/setup-python@ece7cb06caefa5fff74198d8649806c4678c61a1	2026-09-30T00:53:21.0500427Z Successfully set up CPython (3.12.14)
repository	Run actions/setup-python@ece7cb06caefa5fff74198d8649806c4678c61a1	2026-09-30T00:53:21.0502005Z ##[endgroup]
repository	Run npm ci --prefix frontend	﻿2026-09-30T00:53:21.0666805Z ##[group]Run npm ci --prefix frontend
repository	Run npm ci --prefix frontend	2026-09-30T00:53:21.0667279Z ^[[36;1mnpm ci --prefix frontend^[[0m
repository	Run npm ci --prefix frontend	2026-09-30T00:53:21.0983410Z shell: /usr/bin/bash -e {0}
repository	Run npm ci --prefix frontend	2026-09-30T00:53:21.0983802Z env:
repository	Run npm ci --prefix frontend	2026-09-30T00:53:21.0984137Z   pythonLocation: /opt/hostedtoolcache/Python/3.12.14/x64
repository	Run npm ci --prefix frontend	2026-09-30T00:53:21.0984672Z   PKG_CONFIG_PATH: /opt/hostedtoolcache/Python/3.12.14/x64/lib/pkgconfig
repository	Run npm ci --prefix frontend	2026-09-30T00:53:21.0985516Z   Python_ROOT_DIR: /opt/hostedtoolcache/Python/3.12.14/x64
repository	Run npm ci --prefix frontend	2026-09-30T00:53:21.0985980Z   Python2_ROOT_DIR: /opt/hostedtoolcache/Python/3.12.14/x64
repository	Run npm ci --prefix frontend	2026-09-30T00:53:21.0986441Z   Python3_ROOT_DIR: /opt/hostedtoolcache/Python/3.12.14/x64
repository	Run npm ci --prefix frontend	2026-09-30T00:53:21.0986901Z   LD_LIBRARY_PATH: /opt/hostedtoolcache/Python/3.12.14/x64/lib
repository	Run npm ci --prefix frontend	2026-09-30T00:53:21.0987303Z ##[endgroup]
repository	Run npm ci --prefix frontend	2026-09-30T00:53:26.9858671Z npm warn deprecated recharts@2.15.4: 1.x and 2.x branches are no longer active. Bump to Recharts v3 to receive latest features and bugfixes. See https://github.com/recharts/recharts/wiki/3.0-migration-guide
repository	Run npm ci --prefix frontend	2026-09-30T00:53:27.3097179Z npm warn deprecated eslint@9.39.5: This version is no longer supported. Please see https://eslint.org/version-support for other options.
repository	Run npm ci --prefix frontend	2026-09-30T00:53:34.5205089Z 
repository	Run npm ci --prefix frontend	2026-09-30T00:53:34.5206498Z added 404 packages, and audited 405 packages in 13s
repository	Run npm ci --prefix frontend	2026-09-30T00:53:34.5207525Z 
repository	Run npm ci --prefix frontend	2026-09-30T00:53:34.5208064Z 150 packages are looking for funding
repository	Run npm ci --prefix frontend	2026-09-30T00:53:34.5208862Z   run `npm fund` for details
repository	Run npm ci --prefix frontend	2026-09-30T00:53:34.5222185Z 
repository	Run npm ci --prefix frontend	2026-09-30T00:53:34.5222729Z found 0 vulnerabilities
repository	Run npx --prefix frontend playwright install --with-deps chromium	﻿2026-09-30T00:53:34.5828533Z ##[group]Run npx --prefix frontend playwright install --with-deps chromium
repository	Run npx --prefix frontend playwright install --with-deps chromium	2026-09-30T00:53:34.5829176Z ^[[36;1mnpx --prefix frontend playwright install --with-deps chromium^[[0m
repository	Run npx --prefix frontend playwright install --with-deps chromium	2026-09-30T00:53:34.5896418Z shell: /usr/bin/bash -e {0}
repository	Run npx --prefix frontend playwright install --with-deps chromium	2026-09-30T00:53:34.5896715Z env:
repository	Run npx --prefix frontend playwright install --with-deps chromium	2026-09-30T00:53:34.5897023Z   pythonLocation: /opt/hostedtoolcache/Python/3.12.14/x64
repository	Run npx --prefix frontend playwright install --with-deps chromium	2026-09-30T00:53:34.5897505Z   PKG_CONFIG_PATH: /opt/hostedtoolcache/Python/3.12.14/x64/lib/pkgconfig
repository	Run npx --prefix frontend playwright install --with-deps chromium	2026-09-30T00:53:34.5897975Z   Python_ROOT_DIR: /opt/hostedtoolcache/Python/3.12.14/x64
repository	Run npx --prefix frontend playwright install --with-deps chromium	2026-09-30T00:53:34.5898395Z   Python2_ROOT_DIR: /opt/hostedtoolcache/Python/3.12.14/x64
repository	Run npx --prefix frontend playwright install --with-deps chromium	2026-09-30T00:53:34.5898917Z   Python3_ROOT_DIR: /opt/hostedtoolcache/Python/3.12.14/x64
repository	Run npx --prefix frontend playwright install --with-deps chromium	2026-09-30T00:53:34.5899442Z   LD_LIBRARY_PATH: /opt/hostedtoolcache/Python/3.12.14/x64/lib
repository	Run npx --prefix frontend playwright install --with-deps chromium	2026-09-30T00:53:34.5899792Z ##[endgroup]
repository	Run npx --prefix frontend playwright install --with-deps chromium	2026-09-30T00:53:35.4771807Z Installing dependencies...
repository	Run npx --prefix frontend playwright install --with-deps chromium	2026-09-30T00:53:35.4843431Z Switching to root user to install dependencies...
repository	Run npx --prefix frontend playwright install --with-deps chromium	2026-09-30T00:53:35.5823287Z Get:1 file:/etc/apt/apt-mirrors.txt Mirrorlist [144 B]
repository	Run npx --prefix frontend playwright install --with-deps chromium	2026-09-30T00:53:35.6423061Z Get:3 https://packages.microsoft.com/ubuntu/24.04/prod noble InRelease [3600 B]
repository	Run npx --prefix frontend playwright install --with-deps chromium	2026-09-30T00:53:35.6895534Z Hit:2 http://azure.archive.ubuntu.com/ubuntu noble InRelease
repository	Run npx --prefix frontend playwright install --with-deps chromium	2026-09-30T00:53:35.6897071Z Get:4 http://azure.archive.ubuntu.com/ubuntu noble-updates InRelease [126 kB]
repository	Run npx --prefix frontend playwright install --with-deps chromium	2026-09-30T00:53:35.7045168Z Get:5 http://azure.archive.ubuntu.com/ubuntu noble-backports InRelease [126 kB]
repository	Run npx --prefix frontend playwright install --with-deps chromium	2026-09-30T00:53:35.7062840Z Get:6 http://azure.archive.ubuntu.com/ubuntu noble-security InRelease [126 kB]
repository	Run npx --prefix frontend playwright install --with-deps chromium	2026-09-30T00:53:35.7736023Z Get:7 https://packages.microsoft.com/ubuntu/24.04/prod noble/main arm64 Packages [454 kB]
repository	Run npx --prefix frontend playwright install --with-deps chromium	2026-09-30T00:53:35.7918521Z Get:8 https://packages.microsoft.com/ubuntu/24.04/prod noble/main amd64 Packages [503 kB]
repository	Run npx --prefix frontend playwright install --with-deps chromium	2026-09-30T00:53:35.9003629Z Get:9 http://azure.archive.ubuntu.com/ubuntu noble-updates/main amd64 Packages [1322 kB]
repository	Run npx --prefix frontend playwright install --with-deps chromium	2026-09-30T00:53:35.9093735Z Get:10 http://azure.archive.ubuntu.com/ubuntu noble-updates/main Translation-en [299 kB]
repository	Run npx --prefix frontend playwright install --with-deps chromium	2026-09-30T00:53:35.9113221Z Get:11 http://azure.archive.ubuntu.com/ubuntu noble-updates/main amd64 Components [181 kB]
repository	Run npx --prefix frontend playwright install --with-deps chromium	2026-09-30T00:53:35.9153500Z Get:12 http://azure.archive.ubuntu.com/ubuntu noble-updates/universe amd64 Packages [1698 kB]
repository	Run npx --prefix frontend playwright install --with-deps chromium	2026-09-30T00:53:35.9243175Z Get:13 http://azure.archive.ubuntu.com/ubuntu noble-updates/universe Translation-en [340 kB]
repository	Run npx --prefix frontend playwright install --with-deps chromium	2026-09-30T00:53:35.9263966Z Get:14 http://azure.archive.ubuntu.com/ubuntu noble-updates/universe amd64 Components [388 kB]
repository	Run npx --prefix frontend playwright install --with-deps chromium	2026-09-30T00:53:35.9333089Z Get:15 http://azure.archive.ubuntu.com/ubuntu noble-updates/restricted amd64 Packages [1662 kB]
repository	Run npx --prefix frontend playwright install --with-deps chromium	2026-09-30T00:53:35.9382381Z Get:16 http://azure.archive.ubuntu.com/ubuntu noble-updates/restricted Translation-en [379 kB]
repository	Run npx --prefix frontend playwright install --with-deps chromium	2026-09-30T00:53:35.9422880Z Get:17 http://azure.archive.ubuntu.com/ubuntu noble-updates/multiverse amd64 Components [940 B]
repository	Run npx --prefix frontend playwright install --with-deps chromium	2026-09-30T00:53:35.9893928Z Get:18 http://azure.archive.ubuntu.com/ubuntu noble-backports/main amd64 Packages [40.6 kB]
repository	Run npx --prefix frontend playwright install --with-deps chromium	2026-09-30T00:53:36.0314471Z Get:19 http://azure.archive.ubuntu.com/ubuntu noble-backports/main amd64 Components [5788 B]
repository	Run npx --prefix frontend playwright install --with-deps chromium	2026-09-30T00:53:36.0342775Z Get:20 http://azure.archive.ubuntu.com/ubuntu noble-backports/universe amd64 Packages [31.0 kB]
repository	Run npx --prefix frontend playwright install --with-deps chromium	2026-09-30T00:53:36.0372987Z Get:21 http://azure.archive.ubuntu.com/ubuntu noble-backports/universe Translation-en [18.6 kB]
repository	Run npx --prefix frontend playwright install --with-deps chromium	2026-09-30T00:53:36.0393064Z Get:22 http://azure.archive.ubuntu.com/ubuntu noble-backports/universe amd64 Components [12.6 kB]
repository	Run npx --prefix frontend playwright install --with-deps chromium	2026-09-30T00:53:36.0683332Z Get:23 http://azure.archive.ubuntu.com/ubuntu noble-security/main amd64 Packages [1063 kB]
repository	Run npx --prefix frontend playwright install --with-deps chromium	2026-09-30T00:53:36.0727117Z Get:24 http://azure.archive.ubuntu.com/ubuntu noble-security/main Translation-en [220 kB]
repository	Run npx --prefix frontend playwright install --with-deps chromium	2026-09-30T00:53:36.0755660Z Get:25 http://azure.archive.ubuntu.com/ubuntu noble-security/main amd64 Components [46.3 kB]
repository	Run npx --prefix frontend playwright install --with-deps chromium	2026-09-30T00:53:36.0773315Z Get:26 http://azure.archive.ubuntu.com/ubuntu noble-security/universe amd64 Packages [1216 kB]
repository	Run npx --prefix frontend playwright install --with-deps chromium	2026-09-30T00:53:36.0846264Z Get:27 http://azure.archive.ubuntu.com/ubuntu noble-security/universe Translation-en [244 kB]
repository	Run npx --prefix frontend playwright install --with-deps chromium	2026-09-30T00:53:36.0875394Z Get:28 http://azure.archive.ubuntu.com/ubuntu noble-security/universe amd64 Components [76.3 kB]
repository	Run npx --prefix frontend playwright install --with-deps chromium	2026-09-30T00:53:36.0907875Z Get:29 http://azure.archive.ubuntu.com/ubuntu noble-security/restricted amd64 Packages [1559 kB]
repository	Run npx --prefix frontend playwright install --with-deps chromium	2026-09-30T00:53:36.1006093Z Get:30 http://azure.archive.ubuntu.com/ubuntu noble-security/restricted Translation-en [359 kB]
repository	Run npx --prefix frontend playwright install --with-deps chromium	2026-09-30T00:53:40.5985798Z Fetched 12.5 MB in 2s (8247 kB/s)
repository	Run npx --prefix frontend playwright install --with-deps chromium	2026-09-30T00:53:41.4671023Z Reading package lists...
repository	Run npx --prefix frontend playwright install --with-deps chromium	2026-09-30T00:53:41.4918801Z Reading package lists...
repository	Run npx --prefix frontend playwright install --with-deps chromium	2026-09-30T00:53:41.7090610Z Building dependency tree...
repository	Run npx --prefix frontend playwright install --with-deps chromium	2026-09-30T00:53:41.7098374Z Reading state information...
repository	Run npx --prefix frontend playwright install --with-deps chromium	2026-09-30T00:53:41.8714778Z libasound2t64 is already the newest version (1.2.11-1ubuntu0.3).
repository	Run npx --prefix frontend playwright install --with-deps chromium	2026-09-30T00:53:41.8715971Z libasound2t64 set to manually installed.
repository	Run npx --prefix frontend playwright install --with-deps chromium	2026-09-30T00:53:41.8717344Z libatk-bridge2.0-0t64 is already the newest version (2.52.0-1build1).
repository	Run npx --prefix frontend playwright install --with-deps chromium	2026-09-30T00:53:41.8718436Z libatk-bridge2.0-0t64 set to manually installed.
repository	Run npx --prefix frontend playwright install --with-deps chromium	2026-09-30T00:53:41.8719503Z libatk1.0-0t64 is already the newest version (2.52.0-1build1).
repository	Run npx --prefix frontend playwright install --with-deps chromium	2026-09-30T00:53:41.8720087Z libatk1.0-0t64 set to manually installed.
repository	Run npx --prefix frontend playwright install --with-deps chromium	2026-09-30T00:53:41.8720713Z libatspi2.0-0t64 is already the newest version (2.52.0-1build1).
repository	Run npx --prefix frontend playwright install --with-deps chromium	2026-09-30T00:53:41.8721368Z libatspi2.0-0t64 set to manually installed.
repository	Run npx --prefix frontend playwright install --with-deps chromium	2026-09-30T00:53:41.8722277Z libcairo2 is already the newest version (1.18.0-3build1).
repository	Run npx --prefix frontend playwright install --with-deps chromium	2026-09-30T00:53:41.8723075Z libcairo2 set to manually installed.
repository	Run npx --prefix frontend playwright install --with-deps chromium	2026-09-30T00:53:41.8724395Z libcups2t64 is already the newest version (2.4.7-1.2ubuntu7.14).
repository	Run npx --prefix frontend playwright install --with-deps chromium	2026-09-30T00:53:41.8748233Z libcups2t64 set to manually installed.
repository	Run npx --prefix frontend playwright install --with-deps chromium	2026-09-30T00:53:41.8749015Z libdbus-1-3 is already the newest version (1.14.10-4ubuntu4.1).
repository	Run npx --prefix frontend playwright install --with-deps chromium	2026-09-30T00:53:41.8749742Z libdbus-1-3 set to manually installed.
repository	Run npx --prefix frontend playwright install --with-deps chromium	2026-09-30T00:53:41.8750576Z libdrm2 is already the newest version (2.4.125-1ubuntu0.1~24.04.2).
repository	Run npx --prefix frontend playwright install --with-deps chromium	2026-09-30T00:53:41.8751621Z libdrm2 set to manually installed.
repository	Run npx --prefix frontend playwright install --with-deps chromium	2026-09-30T00:53:41.8752542Z libgbm1 is already the newest version (25.2.8-0ubuntu0.24.04.2).
repository	Run npx --prefix frontend playwright install --with-deps chromium	2026-09-30T00:53:41.8753279Z libgbm1 set to manually installed.
repository	Run npx --prefix frontend playwright install --with-deps chromium	2026-09-30T00:53:41.8754011Z libnspr4 is already the newest version (2:4.35-1.1build1).
repository	Run npx --prefix frontend playwright install --with-deps chromium	2026-09-30T00:53:41.8754751Z libnspr4 set to manually installed.
repository	Run npx --prefix frontend playwright install --with-deps chromium	2026-09-30T00:53:41.8755492Z libnss3 is already the newest version (2:3.98-1ubuntu0.2).
repository	Run npx --prefix frontend playwright install --with-deps chromium	2026-09-30T00:53:41.8756191Z libnss3 set to manually installed.
repository	Run npx --prefix frontend playwright install --with-deps chromium	2026-09-30T00:53:41.8756954Z libpango-1.0-0 is already the newest version (1.52.1+ds-1build1).
repository	Run npx --prefix frontend playwright install --with-deps chromium	2026-09-30T00:53:41.8757722Z libpango-1.0-0 set to manually installed.
repository	Run npx --prefix frontend playwright install --with-deps chromium	2026-09-30T00:53:41.8758464Z libx11-6 is already the newest version (2:1.8.7-1build1).
repository	Run npx --prefix frontend playwright install --with-deps chromium	2026-09-30T00:53:41.8759144Z libx11-6 set to manually installed.
repository	Run npx --prefix frontend playwright install --with-deps chromium	2026-09-30T00:53:41.8759812Z libxcb1 is already the newest version (1.15-1ubuntu2).
repository	Run npx --prefix frontend playwright install --with-deps chromium	2026-09-30T00:53:41.8760795Z libxcb1 set to manually installed.
repository	Run npx --prefix frontend playwright install --with-deps chromium	2026-09-30T00:53:41.8761850Z libxcomposite1 is already the newest version (1:0.4.5-1build3).
repository	Run npx --prefix frontend playwright install --with-deps chromium	2026-09-30T00:53:41.8762683Z libxcomposite1 set to manually installed.
repository	Run npx --prefix frontend playwright install --with-deps chromium	2026-09-30T00:53:41.8763503Z libxdamage1 is already the newest version (1:1.1.6-1build1).
repository	Run npx --prefix frontend playwright install --with-deps chromium	2026-09-30T00:53:41.8764331Z libxdamage1 set to manually installed.
repository	Run npx --prefix frontend playwright install --with-deps chromium	2026-09-30T00:53:41.8765176Z libxext6 is already the newest version (2:1.3.4-1build2).
repository	Run npx --prefix frontend playwright install --with-deps chromium	2026-09-30T00:53:41.8765904Z libxext6 set to manually installed.
repository	Run npx --prefix frontend playwright install --with-deps chromium	2026-09-30T00:53:41.8766677Z libxfixes3 is already the newest version (1:6.0.0-2build1).
repository	Run npx --prefix frontend playwright install --with-deps chromium	2026-09-30T00:53:41.8767434Z libxfixes3 set to manually installed.
repository	Run npx --prefix frontend playwright install --with-deps chromium	2026-09-30T00:53:41.8768216Z libxkbcommon0 is already the newest version (1.6.0-1build1).
repository	Run npx --prefix frontend playwright install --with-deps chromium	2026-09-30T00:53:41.8768983Z libxkbcommon0 set to manually installed.
repository	Run npx --prefix frontend playwright install --with-deps chromium	2026-09-30T00:53:41.8769772Z libxrandr2 is already the newest version (2:1.5.2-2build1).
repository	Run npx --prefix frontend playwright install --with-deps chromium	2026-09-30T00:53:41.8770503Z libxrandr2 set to manually installed.
repository	Run npx --prefix frontend playwright install --with-deps chromium	2026-09-30T00:53:41.8771694Z fonts-noto-color-emoji is already the newest version (2.047-0ubuntu0.24.04.1).
repository	Run npx --prefix frontend playwright install --with-deps chromium	2026-09-30T00:53:41.8772730Z libfontconfig1 is already the newest version (2.15.0-1.1ubuntu2).
repository	Run npx --prefix frontend playwright install --with-deps chromium	2026-09-30T00:53:41.8773547Z libfontconfig1 set to manually installed.
repository	Run npx --prefix frontend playwright install --with-deps chromium	2026-09-30T00:53:41.8774069Z libfreetype6 is already the newest version (2.13.2+dfsg-1ubuntu0.1).
repository	Run npx --prefix frontend playwright install --with-deps chromium	2026-09-30T00:53:41.8774526Z libfreetype6 set to manually installed.
repository	Run npx --prefix frontend playwright install --with-deps chromium	2026-09-30T00:53:41.8774960Z fonts-liberation is already the newest version (1:2.1.5-3).
repository	Run npx --prefix frontend playwright install --with-deps chromium	2026-09-30T00:53:41.8775398Z fonts-liberation set to manually installed.
repository	Run npx --prefix frontend playwright install --with-deps chromium	2026-09-30T00:53:41.8775824Z The following additional packages will be installed:
repository	Run npx --prefix frontend playwright install --with-deps chromium	2026-09-30T00:53:41.8776361Z   gir1.2-glib-2.0 libglib2.0-bin libglib2.0-data xfonts-encodings xfonts-utils
repository	Run npx --prefix frontend playwright install --with-deps chromium	2026-09-30T00:53:41.8776778Z   xserver-common
repository	Run npx --prefix frontend playwright install --with-deps chromium	2026-09-30T00:53:41.8777014Z Suggested packages:
repository	Run npx --prefix frontend playwright install --with-deps chromium	2026-09-30T00:53:41.8777244Z   low-memory-monitor
repository	Run npx --prefix frontend playwright install --with-deps chromium	2026-09-30T00:53:41.8777484Z Recommended packages:
repository	Run npx --prefix frontend playwright install --with-deps chromium	2026-09-30T00:53:41.8777797Z   fonts-ipafont-mincho fonts-tlwg-loma xfonts-base
repository	Run npx --prefix frontend playwright install --with-deps chromium	2026-09-30T00:53:41.8974935Z The following NEW packages will be installed:
repository	Run npx --prefix frontend playwright install --with-deps chromium	2026-09-30T00:53:41.8975678Z   fonts-freefont-ttf fonts-ipafont-gothic fonts-tlwg-loma-otf fonts-unifont
repository	Run npx --prefix frontend playwright install --with-deps chromium	2026-09-30T00:53:41.8984662Z   fonts-wqy-zenhei xfonts-cyrillic xfonts-encodings xfonts-scalable
repository	Run npx --prefix frontend playwright install --with-deps chromium	2026-09-30T00:53:41.8985244Z   xfonts-utils
repository	Run npx --prefix frontend playwright install --with-deps chromium	2026-09-30T00:53:41.8989182Z The following packages will be upgraded:
repository	Run npx --prefix frontend playwright install --with-deps chromium	2026-09-30T00:53:41.8996789Z   gir1.2-glib-2.0 libglib2.0-0t64 libglib2.0-bin libglib2.0-data
repository	Run npx --prefix frontend playwright install --with-deps chromium	2026-09-30T00:53:41.8997309Z   xserver-common xvfb
repository	Run npx --prefix frontend playwright install --with-deps chromium	2026-09-30T00:53:41.9180034Z 6 upgraded, 9 newly installed, 0 to remove and 36 not upgraded.
repository	Run npx --prefix frontend playwright install --with-deps chromium	2026-09-30T00:53:41.9180898Z Need to get 23.9 MB of archives.
repository	Run npx --prefix frontend playwright install --with-deps chromium	2026-09-30T00:53:41.9181935Z After this operation, 79.6 MB of additional disk space will be used.
repository	Run npx --prefix frontend playwright install --with-deps chromium	2026-09-30T00:53:41.9182778Z Get:1 file:/etc/apt/apt-mirrors.txt Mirrorlist [144 B]
repository	Run npx --prefix frontend playwright install --with-deps chromium	2026-09-30T00:53:41.9603530Z Get:2 http://azure.archive.ubuntu.com/ubuntu noble/universe amd64 fonts-ipafont-gothic all 00303-21ubuntu1 [3513 kB]
repository	Run npx --prefix frontend playwright install --with-deps chromium	2026-09-30T00:53:42.0196007Z Get:3 http://azure.archive.ubuntu.com/ubuntu noble-updates/main amd64 libglib2.0-data all 2.80.0-6ubuntu3.9 [50.1 kB]
repository	Run npx --prefix frontend playwright install --with-deps chromium	2026-09-30T00:53:42.0462464Z Get:4 http://azure.archive.ubuntu.com/ubuntu noble-updates/main amd64 libglib2.0-bin amd64 2.80.0-6ubuntu3.9 [97.9 kB]
repository	Run npx --prefix frontend playwright install --with-deps chromium	2026-09-30T00:53:42.0730422Z Get:5 http://azure.archive.ubuntu.com/ubuntu noble-updates/main amd64 gir1.2-glib-2.0 amd64 2.80.0-6ubuntu3.9 [183 kB]
repository	Run npx --prefix frontend playwright install --with-deps chromium	2026-09-30T00:53:42.1003776Z Get:6 http://azure.archive.ubuntu.com/ubuntu noble-updates/main amd64 libglib2.0-0t64 amd64 2.80.0-6ubuntu3.9 [1547 kB]
repository	Run npx --prefix frontend playwright install --with-deps chromium	2026-09-30T00:53:42.1406827Z Get:7 http://azure.archive.ubuntu.com/ubuntu noble/main amd64 fonts-freefont-ttf all 20211204+svn4273-2 [5641 kB]
repository	Run npx --prefix frontend playwright install --with-deps chromium	2026-09-30T00:53:42.2265233Z Get:8 http://azure.archive.ubuntu.com/ubuntu noble/universe amd64 fonts-tlwg-loma-otf all 1:0.7.3-1 [107 kB]
repository	Run npx --prefix frontend playwright install --with-deps chromium	2026-09-30T00:53:42.2532715Z Get:9 http://azure.archive.ubuntu.com/ubuntu noble/universe amd64 fonts-unifont all 1:15.1.01-1build1 [2993 kB]
repository	Run npx --prefix frontend playwright install --with-deps chromium	2026-09-30T00:53:42.3196691Z Get:10 http://azure.archive.ubuntu.com/ubuntu noble/universe amd64 fonts-wqy-zenhei all 0.9.45-8 [7472 kB]
repository	Run npx --prefix frontend playwright install --with-deps chromium	2026-09-30T00:53:42.5119837Z Get:11 http://azure.archive.ubuntu.com/ubuntu noble/main amd64 xfonts-encodings all 1:1.0.5-0ubuntu2 [578 kB]
repository	Run npx --prefix frontend playwright install --with-deps chromium	2026-09-30T00:53:42.5483925Z Get:12 http://azure.archive.ubuntu.com/ubuntu noble/main amd64 xfonts-utils amd64 1:7.7+6build3 [94.4 kB]
repository	Run npx --prefix frontend playwright install --with-deps chromium	2026-09-30T00:53:42.5755799Z Get:13 http://azure.archive.ubuntu.com/ubuntu noble/universe amd64 xfonts-cyrillic all 1:1.0.5+nmu1 [384 kB]
repository	Run npx --prefix frontend playwright install --with-deps chromium	2026-09-30T00:53:42.6085507Z Get:14 http://azure.archive.ubuntu.com/ubuntu noble/main amd64 xfonts-scalable all 1:1.0.3-1.3 [304 kB]
repository	Run npx --prefix frontend playwright install --with-deps chromium	2026-09-30T00:53:42.6388551Z Get:15 http://azure.archive.ubuntu.com/ubuntu noble-updates/main amd64 xserver-common all 2:21.1.12-1ubuntu1.8 [34.8 kB]
repository	Run npx --prefix frontend playwright install --with-deps chromium	2026-09-30T00:53:42.6656334Z Get:16 http://azure.archive.ubuntu.com/ubuntu noble-updates/universe amd64 xvfb amd64 2:21.1.12-1ubuntu1.8 [877 kB]
repository	Run npx --prefix frontend playwright install --with-deps chromium	2026-09-30T00:53:42.9395010Z Fetched 23.9 MB in 1s (30.9 MB/s)
repository	Run npx --prefix frontend playwright install --with-deps chromium	2026-09-30T00:53:42.9628866Z Selecting previously unselected package fonts-ipafont-gothic.
repository	Run npx --prefix frontend playwright install --with-deps chromium	2026-09-30T00:53:42.9936369Z (Reading database ... 
repository	Run npx --prefix frontend playwright install --with-deps chromium	2026-09-30T00:53:42.9937187Z (Reading database ... 5%
repository	Run npx --prefix frontend playwright install --with-deps chromium	2026-09-30T00:53:42.9937470Z (Reading database ... 10%
repository	Run npx --prefix frontend playwright install --with-deps chromium	2026-09-30T00:53:42.9937740Z (Reading database ... 15%
repository	Run npx --prefix frontend playwright install --with-deps chromium	2026-09-30T00:53:42.9938033Z (Reading database ... 20%
repository	Run npx --prefix frontend playwright install --with-deps chromium	2026-09-30T00:53:42.9938367Z (Reading database ... 25%
repository	Run npx --prefix frontend playwright install --with-deps chromium	2026-09-30T00:53:42.9938685Z (Reading database ... 30%
repository	Run npx --prefix frontend playwright install --with-deps chromium	2026-09-30T00:53:42.9938922Z (Reading database ... 35%
repository	Run npx --prefix frontend playwright install --with-deps chromium	2026-09-30T00:53:42.9939174Z (Reading database ... 40%
repository	Run npx --prefix frontend playwright install --with-deps chromium	2026-09-30T00:53:42.9939418Z (Reading database ... 45%
repository	Run npx --prefix frontend playwright install --with-deps chromium	2026-09-30T00:53:42.9939671Z (Reading database ... 50%
repository	Run npx --prefix frontend playwright install --with-deps chromium	2026-09-30T00:53:43.0004931Z (Reading database ... 55%
repository	Run npx --prefix frontend playwright install --with-deps chromium	2026-09-30T00:53:43.0508529Z (Reading database ... 60%
repository	Run npx --prefix frontend playwright install --with-deps chromium	2026-09-30T00:53:43.2551046Z (Reading database ... 65%
repository	Run npx --prefix frontend playwright install --with-deps chromium	2026-09-30T00:53:43.4904833Z (Reading database ... 70%
repository	Run npx --prefix frontend playwright install --with-deps chromium	2026-09-30T00:53:43.6492411Z (Reading database ... 75%
repository	Run npx --prefix frontend playwright install --with-deps chromium	2026-09-30T00:53:43.7985182Z (Reading database ... 80%
repository	Run npx --prefix frontend playwright install --with-deps chromium	2026-09-30T00:53:43.9419317Z (Reading database ... 85%
repository	Run npx --prefix frontend playwright install --with-deps chromium	2026-09-30T00:53:44.0596573Z (Reading database ... 90%
repository	Run npx --prefix frontend playwright install --with-deps chromium	2026-09-30T00:53:44.1545868Z (Reading database ... 95%
repository	Run npx --prefix frontend playwright install --with-deps chromium	2026-09-30T00:53:44.1546598Z (Reading database ... 100%
repository	Run npx --prefix frontend playwright install --with-deps chromium	2026-09-30T00:53:44.1547254Z (Reading database ... 202190 files and directories currently installed.)
repository	Run npx --prefix frontend playwright install --with-deps chromium	2026-09-30T00:53:44.1592075Z Preparing to unpack .../00-fonts-ipafont-gothic_00303-21ubuntu1_all.deb ...
repository	Run npx --prefix frontend playwright install --with-deps chromium	2026-09-30T00:53:44.1683650Z Unpacking fonts-ipafont-gothic (00303-21ubuntu1) ...
repository	Run npx --prefix frontend playwright install --with-deps chromium	2026-09-30T00:53:44.4111324Z Preparing to unpack .../01-libglib2.0-data_2.80.0-6ubuntu3.9_all.deb ...
repository	Run npx --prefix frontend playwright install --with-deps chromium	2026-09-30T00:53:44.4134513Z Unpacking libglib2.0-data (2.80.0-6ubuntu3.9) over (2.80.0-6ubuntu3.8) ...
repository	Run npx --prefix frontend playwright install --with-deps chromium	2026-09-30T00:53:44.4475234Z Preparing to unpack .../02-libglib2.0-bin_2.80.0-6ubuntu3.9_amd64.deb ...
repository	Run npx --prefix frontend playwright install --with-deps chromium	2026-09-30T00:53:44.4492482Z Unpacking libglib2.0-bin (2.80.0-6ubuntu3.9) over (2.80.0-6ubuntu3.8) ...
repository	Run npx --prefix frontend playwright install --with-deps chromium	2026-09-30T00:53:44.4975513Z Preparing to unpack .../03-gir1.2-glib-2.0_2.80.0-6ubuntu3.9_amd64.deb ...
repository	Run npx --prefix frontend playwright install --with-deps chromium	2026-09-30T00:53:44.4993817Z Unpacking gir1.2-glib-2.0:amd64 (2.80.0-6ubuntu3.9) over (2.80.0-6ubuntu3.8) ...
repository	Run npx --prefix frontend playwright install --with-deps chromium	2026-09-30T00:53:44.5381073Z Preparing to unpack .../04-libglib2.0-0t64_2.80.0-6ubuntu3.9_amd64.deb ...
repository	Run npx --prefix frontend playwright install --with-deps chromium	2026-09-30T00:53:44.5452019Z Unpacking libglib2.0-0t64:amd64 (2.80.0-6ubuntu3.9) over (2.80.0-6ubuntu3.8) ...
repository	Run npx --prefix frontend playwright install --with-deps chromium	2026-09-30T00:53:44.5859752Z Selecting previously unselected package fonts-freefont-ttf.
repository	Run npx --prefix frontend playwright install --with-deps chromium	2026-09-30T00:53:44.5992248Z Preparing to unpack .../05-fonts-freefont-ttf_20211204+svn4273-2_all.deb ...
repository	Run npx --prefix frontend playwright install --with-deps chromium	2026-09-30T00:53:44.5999295Z Unpacking fonts-freefont-ttf (20211204+svn4273-2) ...
repository	Run npx --prefix frontend playwright install --with-deps chromium	2026-09-30T00:53:44.6827040Z Selecting previously unselected package fonts-tlwg-loma-otf.
repository	Run npx --prefix frontend playwright install --with-deps chromium	2026-09-30T00:53:44.6954277Z Preparing to unpack .../06-fonts-tlwg-loma-otf_1%3a0.7.3-1_all.deb ...
repository	Run npx --prefix frontend playwright install --with-deps chromium	2026-09-30T00:53:44.6960895Z Unpacking fonts-tlwg-loma-otf (1:0.7.3-1) ...
repository	Run npx --prefix frontend playwright install --with-deps chromium	2026-09-30T00:53:44.7181297Z Selecting previously unselected package fonts-unifont.
repository	Run npx --prefix frontend playwright install --with-deps chromium	2026-09-30T00:53:44.7309663Z Preparing to unpack .../07-fonts-unifont_1%3a15.1.01-1build1_all.deb ...
repository	Run npx --prefix frontend playwright install --with-deps chromium	2026-09-30T00:53:44.7317415Z Unpacking fonts-unifont (1:15.1.01-1build1) ...
repository	Run npx --prefix frontend playwright install --with-deps chromium	2026-09-30T00:53:44.8398170Z Selecting previously unselected package fonts-wqy-zenhei.
repository	Run npx --prefix frontend playwright install --with-deps chromium	2026-09-30T00:53:44.8524722Z Preparing to unpack .../08-fonts-wqy-zenhei_0.9.45-8_all.deb ...
repository	Run npx --prefix frontend playwright install --with-deps chromium	2026-09-30T00:53:44.8626754Z Unpacking fonts-wqy-zenhei (0.9.45-8) ...
repository	Run npx --prefix frontend playwright install --with-deps chromium	2026-09-30T00:53:45.3237563Z Selecting previously unselected package xfonts-encodings.
repository	Run npx --prefix frontend playwright install --with-deps chromium	2026-09-30T00:53:45.3366160Z Preparing to unpack .../09-xfonts-encodings_1%3a1.0.5-0ubuntu2_all.deb ...
repository	Run npx --prefix frontend playwright install --with-deps chromium	2026-09-30T00:53:45.3375407Z Unpacking xfonts-encodings (1:1.0.5-0ubuntu2) ...
repository	Run npx --prefix frontend playwright install --with-deps chromium	2026-09-30T00:53:45.3724892Z Selecting previously unselected package xfonts-utils.
repository	Run npx --prefix frontend playwright install --with-deps chromium	2026-09-30T00:53:45.3852063Z Preparing to unpack .../10-xfonts-utils_1%3a7.7+6build3_amd64.deb ...
repository	Run npx --prefix frontend playwright install --with-deps chromium	2026-09-30T00:53:45.3860476Z Unpacking xfonts-utils (1:7.7+6build3) ...
repository	Run npx --prefix frontend playwright install --with-deps chromium	2026-09-30T00:53:45.4190283Z Selecting previously unselected package xfonts-cyrillic.
repository	Run npx --prefix frontend playwright install --with-deps chromium	2026-09-30T00:53:45.4317966Z Preparing to unpack .../11-xfonts-cyrillic_1%3a1.0.5+nmu1_all.deb ...
repository	Run npx --prefix frontend playwright install --with-deps chromium	2026-09-30T00:53:45.4326860Z Unpacking xfonts-cyrillic (1:1.0.5+nmu1) ...
repository	Run npx --prefix frontend playwright install --with-deps chromium	2026-09-30T00:53:45.4662900Z Selecting previously unselected package xfonts-scalable.
repository	Run npx --prefix frontend playwright install --with-deps chromium	2026-09-30T00:53:45.4789122Z Preparing to unpack .../12-xfonts-scalable_1%3a1.0.3-1.3_all.deb ...
repository	Run npx --prefix frontend playwright install --with-deps chromium	2026-09-30T00:53:45.4796731Z Unpacking xfonts-scalable (1:1.0.3-1.3) ...
repository	Run npx --prefix frontend playwright install --with-deps chromium	2026-09-30T00:53:45.6206560Z Preparing to unpack .../13-xserver-common_2%3a21.1.12-1ubuntu1.8_all.deb ...
repository	Run npx --prefix frontend playwright install --with-deps chromium	2026-09-30T00:53:45.6229224Z Unpacking xserver-common (2:21.1.12-1ubuntu1.8) over (2:21.1.12-1ubuntu1.6) ...
repository	Run npx --prefix frontend playwright install --with-deps chromium	2026-09-30T00:53:45.6577776Z Preparing to unpack .../14-xvfb_2%3a21.1.12-1ubuntu1.8_amd64.deb ...
repository	Run npx --prefix frontend playwright install --with-deps chromium	2026-09-30T00:53:45.6597044Z Unpacking xvfb (2:21.1.12-1ubuntu1.8) over (2:21.1.12-1ubuntu1.6) ...
repository	Run npx --prefix frontend playwright install --with-deps chromium	2026-09-30T00:53:45.7130386Z Setting up fonts-wqy-zenhei (0.9.45-8) ...
repository	Run npx --prefix frontend playwright install --with-deps chromium	2026-09-30T00:53:45.7249828Z Setting up fonts-freefont-ttf (20211204+svn4273-2) ...
repository	Run npx --prefix frontend playwright install --with-deps chromium	2026-09-30T00:53:45.7268332Z Setting up libglib2.0-0t64:amd64 (2.80.0-6ubuntu3.9) ...
repository	Run npx --prefix frontend playwright install --with-deps chromium	2026-09-30T00:53:45.7377930Z Setting up libglib2.0-data (2.80.0-6ubuntu3.9) ...
repository	Run npx --prefix frontend playwright install --with-deps chromium	2026-09-30T00:53:45.7394960Z Setting up fonts-tlwg-loma-otf (1:0.7.3-1) ...
repository	Run npx --prefix frontend playwright install --with-deps chromium	2026-09-30T00:53:45.7412715Z Setting up xfonts-encodings (1:1.0.5-0ubuntu2) ...
repository	Run npx --prefix frontend playwright install --with-deps chromium	2026-09-30T00:53:45.7431267Z Setting up gir1.2-glib-2.0:amd64 (2.80.0-6ubuntu3.9) ...
repository	Run npx --prefix frontend playwright install --with-deps chromium	2026-09-30T00:53:45.7450615Z Setting up fonts-ipafont-gothic (00303-21ubuntu1) ...
repository	Run npx --prefix frontend playwright install --with-deps chromium	2026-09-30T00:53:45.7517899Z update-alternatives: using /usr/share/fonts/opentype/ipafont-gothic/ipag.ttf to provide /usr/share/fonts/truetype/fonts-japanese-gothic.ttf (fonts-japanese-gothic.ttf) in auto mode
repository	Run npx --prefix frontend playwright install --with-deps chromium	2026-09-30T00:53:45.7533069Z Setting up xserver-common (2:21.1.12-1ubuntu1.8) ...
repository	Run npx --prefix frontend playwright install --with-deps chromium	2026-09-30T00:53:45.7551883Z Setting up fonts-unifont (1:15.1.01-1build1) ...
repository	Run npx --prefix frontend playwright install --with-deps chromium	2026-09-30T00:53:45.7569778Z Setting up xvfb (2:21.1.12-1ubuntu1.8) ...
repository	Run npx --prefix frontend playwright install --with-deps chromium	2026-09-30T00:53:45.7589611Z Setting up libglib2.0-bin (2.80.0-6ubuntu3.9) ...
repository	Run npx --prefix frontend playwright install --with-deps chromium	2026-09-30T00:53:45.7606823Z Setting up xfonts-utils (1:7.7+6build3) ...
repository	Run npx --prefix frontend playwright install --with-deps chromium	2026-09-30T00:53:45.7647982Z Setting up xfonts-cyrillic (1:1.0.5+nmu1) ...
repository	Run npx --prefix frontend playwright install --with-deps chromium	2026-09-30T00:53:45.7944342Z Setting up xfonts-scalable (1:1.0.3-1.3) ...
repository	Run npx --prefix frontend playwright install --with-deps chromium	2026-09-30T00:53:45.8225576Z Processing triggers for libc-bin (2.39-0ubuntu8.9) ...
repository	Run npx --prefix frontend playwright install --with-deps chromium	2026-09-30T00:53:45.8545265Z Processing triggers for man-db (2.12.0-4build2) ...
repository	Run npx --prefix frontend playwright install --with-deps chromium	2026-09-30T00:53:45.8567141Z Not building database; man-db/auto-update is not 'true'.
repository	Run npx --prefix frontend playwright install --with-deps chromium	2026-09-30T00:53:45.8578882Z Processing triggers for fontconfig (2.15.0-1.1ubuntu2) ...
repository	Run npx --prefix frontend playwright install --with-deps chromium	2026-09-30T00:53:46.5134042Z 
repository	Run npx --prefix frontend playwright install --with-deps chromium	2026-09-30T00:53:46.5135068Z Running kernel seems to be up-to-date.
repository	Run npx --prefix frontend playwright install --with-deps chromium	2026-09-30T00:53:46.5135494Z 
repository	Run npx --prefix frontend playwright install --with-deps chromium	2026-09-30T00:53:46.5135690Z Restarting services...
repository	Run npx --prefix frontend playwright install --with-deps chromium	2026-09-30T00:53:46.5589413Z  systemctl restart packagekit.service php8.3-fpm.service polkit.service udisks2.service
repository	Run npx --prefix frontend playwright install --with-deps chromium	2026-09-30T00:53:46.6902232Z 
repository	Run npx --prefix frontend playwright install --with-deps chromium	2026-09-30T00:53:46.6902991Z Service restarts being deferred:
repository	Run npx --prefix frontend playwright install --with-deps chromium	2026-09-30T00:53:46.6903760Z  systemctl restart ModemManager.service
repository	Run npx --prefix frontend playwright install --with-deps chromium	2026-09-30T00:53:46.6904433Z  systemctl restart networkd-dispatcher.service
repository	Run npx --prefix frontend playwright install --with-deps chromium	2026-09-30T00:53:46.6905194Z 
repository	Run npx --prefix frontend playwright install --with-deps chromium	2026-09-30T00:53:46.6905529Z No containers need to be restarted.
repository	Run npx --prefix frontend playwright install --with-deps chromium	2026-09-30T00:53:46.6905861Z 
repository	Run npx --prefix frontend playwright install --with-deps chromium	2026-09-30T00:53:46.6906192Z No user sessions are running outdated binaries.
repository	Run npx --prefix frontend playwright install --with-deps chromium	2026-09-30T00:53:46.6906676Z 
repository	Run npx --prefix frontend playwright install --with-deps chromium	2026-09-30T00:53:46.6907234Z No VM guests are running outdated hypervisor (qemu) binaries on this host.
repository	Run npx --prefix frontend playwright install --with-deps chromium	2026-09-30T00:53:47.6698209Z Downloading Chrome for Testing 151.0.7922.34 (playwright chromium v1234) from https://cdn.playwright.dev/builds/cft/151.0.7922.34/linux64/chrome-linux64.zip
repository	Run npx --prefix frontend playwright install --with-deps chromium	2026-09-30T00:53:48.7103324Z |                                                                                |   0% of 184.3 MiB
repository	Run npx --prefix frontend playwright install --with-deps chromium	2026-09-30T00:53:49.0007119Z |■■■■■■■■                                                                        |  10% of 184.3 MiB
repository	Run npx --prefix frontend playwright install --with-deps chromium	2026-09-30T00:53:49.1946816Z |■■■■■■■■■■■■■■■■                                                                |  20% of 184.3 MiB
repository	Run npx --prefix frontend playwright install --with-deps chromium	2026-09-30T00:53:49.4527597Z |■■■■■■■■■■■■■■■■■■■■■■■■                                                        |  30% of 184.3 MiB
repository	Run npx --prefix frontend playwright install --with-deps chromium	2026-09-30T00:53:49.6923548Z |■■■■■■■■■■■■■■■■■■■■■■■■■■■■■■■■                                                |  40% of 184.3 MiB
repository	Run npx --prefix frontend playwright install --with-deps chromium	2026-09-30T00:53:49.8155345Z |■■■■■■■■■■■■■■■■■■■■■■■■■■■■■■■■■■■■■■■■                                        |  50% of 184.3 MiB
repository	Run npx --prefix frontend playwright install --with-deps chromium	2026-09-30T00:53:49.9584012Z |■■■■■■■■■■■■■■■■■■■■■■■■■■■■■■■■■■■■■■■■■■■■■■■■                                |  60% of 184.3 MiB
repository	Run npx --prefix frontend playwright install --with-deps chromium	2026-09-30T00:53:50.0825436Z |■■■■■■■■■■■■■■■■■■■■■■■■■■■■■■■■■■■■■■■■■■■■■■■■■■■■■■■■                        |  70% of 184.3 MiB
repository	Run npx --prefix frontend playwright install --with-deps chromium	2026-09-30T00:53:50.3722885Z |■■■■■■■■■■■■■■■■■■■■■■■■■■■■■■■■■■■■■■■■■■■■■■■■■■■■■■■■■■■■■■■■                |  80% of 184.3 MiB
repository	Run npx --prefix frontend playwright install --with-deps chromium	2026-09-30T00:53:50.5137603Z |■■■■■■■■■■■■■■■■■■■■■■■■■■■■■■■■■■■■■■■■■■■■■■■■■■■■■■■■■■■■■■■■■■■■■■■■        |  90% of 184.3 MiB
repository	Run npx --prefix frontend playwright install --with-deps chromium	2026-09-30T00:53:50.6823659Z |■■■■■■■■■■■■■■■■■■■■■■■■■■■■■■■■■■■■■■■■■■■■■■■■■■■■■■■■■■■■■■■■■■■■■■■■■■■■■■■■| 100% of 184.3 MiB
repository	Run npx --prefix frontend playwright install --with-deps chromium	2026-09-30T00:53:53.4958881Z Chrome for Testing 151.0.7922.34 (playwright chromium v1234) downloaded to /home/runner/.cache/ms-playwright/chromium-1234
repository	Run npx --prefix frontend playwright install --with-deps chromium	2026-09-30T00:53:53.4963253Z Downloading FFmpeg (playwright ffmpeg v1011) from https://cdn.playwright.dev/dbazure/download/playwright/builds/ffmpeg/1011/ffmpeg-linux.zip
repository	Run npx --prefix frontend playwright install --with-deps chromium	2026-09-30T00:53:54.5334929Z |                                                                                |   0% of 2.3 MiB
repository	Run npx --prefix frontend playwright install --with-deps chromium	2026-09-30T00:53:54.5735964Z |■■■■■■■■                                                                        |  10% of 2.3 MiB
repository	Run npx --prefix frontend playwright install --with-deps chromium	2026-09-30T00:53:54.6001788Z |■■■■■■■■■■■■■■■■                                                                |  20% of 2.3 MiB
repository	Run npx --prefix frontend playwright install --with-deps chromium	2026-09-30T00:53:54.6137800Z |■■■■■■■■■■■■■■■■■■■■■■■■                                                        |  30% of 2.3 MiB
repository	Run npx --prefix frontend playwright install --with-deps chromium	2026-09-30T00:53:54.6277884Z |■■■■■■■■■■■■■■■■■■■■■■■■■■■■■■■■                                                |  40% of 2.3 MiB
repository	Run npx --prefix frontend playwright install --with-deps chromium	2026-09-30T00:53:54.6347747Z |■■■■■■■■■■■■■■■■■■■■■■■■■■■■■■■■■■■■■■■■                                        |  50% of 2.3 MiB
repository	Run npx --prefix frontend playwright install --with-deps chromium	2026-09-30T00:53:54.6458743Z |■■■■■■■■■■■■■■■■■■■■■■■■■■■■■■■■■■■■■■■■■■■■■■■■                                |  60% of 2.3 MiB
repository	Run npx --prefix frontend playwright install --with-deps chromium	2026-09-30T00:53:54.6519493Z |■■■■■■■■■■■■■■■■■■■■■■■■■■■■■■■■■■■■■■■■■■■■■■■■■■■■■■■■                        |  70% of 2.3 MiB
repository	Run npx --prefix frontend playwright install --with-deps chromium	2026-09-30T00:53:54.6569874Z |■■■■■■■■■■■■■■■■■■■■■■■■■■■■■■■■■■■■■■■■■■■■■■■■■■■■■■■■■■■■■■■■                |  80% of 2.3 MiB
repository	Run npx --prefix frontend playwright install --with-deps chromium	2026-09-30T00:53:54.6809095Z |■■■■■■■■■■■■■■■■■■■■■■■■■■■■■■■■■■■■■■■■■■■■■■■■■■■■■■■■■■■■■■■■■■■■■■■■        |  90% of 2.3 MiB
repository	Run npx --prefix frontend playwright install --with-deps chromium	2026-09-30T00:53:54.6864253Z |■■■■■■■■■■■■■■■■■■■■■■■■■■■■■■■■■■■■■■■■■■■■■■■■■■■■■■■■■■■■■■■■■■■■■■■■■■■■■■■■| 100% of 2.3 MiB
repository	Run npx --prefix frontend playwright install --with-deps chromium	2026-09-30T00:53:54.7480307Z FFmpeg (playwright ffmpeg v1011) downloaded to /home/runner/.cache/ms-playwright/ffmpeg-1011
repository	Run npx --prefix frontend playwright install --with-deps chromium	2026-09-30T00:53:54.7484812Z Downloading Chrome Headless Shell 151.0.7922.34 (playwright chromium-headless-shell v1234) from https://cdn.playwright.dev/builds/cft/151.0.7922.34/linux64/chrome-headless-shell-linux64.zip
repository	Run npx --prefix frontend playwright install --with-deps chromium	2026-09-30T00:53:55.8282618Z |                                                                                |   0% of 114.7 MiB
repository	Run npx --prefix frontend playwright install --with-deps chromium	2026-09-30T00:53:56.1896128Z |■■■■■■■■                                                                        |  10% of 114.7 MiB
repository	Run npx --prefix frontend playwright install --with-deps chromium	2026-09-30T00:53:56.3424924Z |■■■■■■■■■■■■■■■■                                                                |  20% of 114.7 MiB
repository	Run npx --prefix frontend playwright install --with-deps chromium	2026-09-30T00:53:58.8375953Z |■■■■■■■■■■■■■■■■■■■■■■■■                                                        |  30% of 114.7 MiB
repository	Run npx --prefix frontend playwright install --with-deps chromium	2026-09-30T00:53:59.0098655Z |■■■■■■■■■■■■■■■■■■■■■■■■■■■■■■■■                                                |  40% of 114.7 MiB
repository	Run npx --prefix frontend playwright install --with-deps chromium	2026-09-30T00:53:59.1525024Z |■■■■■■■■■■■■■■■■■■■■■■■■■■■■■■■■■■■■■■■■                                        |  50% of 114.7 MiB
repository	Run npx --prefix frontend playwright install --with-deps chromium	2026-09-30T00:53:59.3098366Z |■■■■■■■■■■■■■■■■■■■■■■■■■■■■■■■■■■■■■■■■■■■■■■■■                                |  60% of 114.7 MiB
repository	Run npx --prefix frontend playwright install --with-deps chromium	2026-09-30T00:53:59.5327446Z |■■■■■■■■■■■■■■■■■■■■■■■■■■■■■■■■■■■■■■■■■■■■■■■■■■■■■■■■                        |  70% of 114.7 MiB
repository	Run npx --prefix frontend playwright install --with-deps chromium	2026-09-30T00:53:59.6419643Z |■■■■■■■■■■■■■■■■■■■■■■■■■■■■■■■■■■■■■■■■■■■■■■■■■■■■■■■■■■■■■■■■                |  80% of 114.7 MiB
repository	Run npx --prefix frontend playwright install --with-deps chromium	2026-09-30T00:53:59.8027650Z |■■■■■■■■■■■■■■■■■■■■■■■■■■■■■■■■■■■■■■■■■■■■■■■■■■■■■■■■■■■■■■■■■■■■■■■■        |  90% of 114.7 MiB
repository	Run npx --prefix frontend playwright install --with-deps chromium	2026-09-30T00:53:59.8960623Z |■■■■■■■■■■■■■■■■■■■■■■■■■■■■■■■■■■■■■■■■■■■■■■■■■■■■■■■■■■■■■■■■■■■■■■■■■■■■■■■■| 100% of 114.7 MiB
repository	Run npx --prefix frontend playwright install --with-deps chromium	2026-09-30T00:54:01.8585484Z Chrome Headless Shell 151.0.7922.34 (playwright chromium-headless-shell v1234) downloaded to /home/runner/.cache/ms-playwright/chromium_headless_shell-1234
repository	Prepare an isolated runtime	﻿2026-09-30T00:54:01.8840502Z ##[group]Run python backend/scripts/prepare_slice0_compose.py --project verity-ci --identity-mail --port-offset 1700 --output /tmp/verity-ci.json
repository	Prepare an isolated runtime	2026-09-30T00:54:01.8841907Z ^[[36;1mpython backend/scripts/prepare_slice0_compose.py --project verity-ci --identity-mail --port-offset 1700 --output /tmp/verity-ci.json^[[0m
repository	Prepare an isolated runtime	2026-09-30T00:54:01.8906109Z shell: /usr/bin/bash -e {0}
repository	Prepare an isolated runtime	2026-09-30T00:54:01.8906373Z env:
repository	Prepare an isolated runtime	2026-09-30T00:54:01.8906645Z   pythonLocation: /opt/hostedtoolcache/Python/3.12.14/x64
repository	Prepare an isolated runtime	2026-09-30T00:54:01.8907295Z   PKG_CONFIG_PATH: /opt/hostedtoolcache/Python/3.12.14/x64/lib/pkgconfig
repository	Prepare an isolated runtime	2026-09-30T00:54:01.8907758Z   Python_ROOT_DIR: /opt/hostedtoolcache/Python/3.12.14/x64
repository	Prepare an isolated runtime	2026-09-30T00:54:01.8908472Z   Python2_ROOT_DIR: /opt/hostedtoolcache/Python/3.12.14/x64
repository	Prepare an isolated runtime	2026-09-30T00:54:01.8909131Z   Python3_ROOT_DIR: /opt/hostedtoolcache/Python/3.12.14/x64
repository	Prepare an isolated runtime	2026-09-30T00:54:01.8909530Z   LD_LIBRARY_PATH: /opt/hostedtoolcache/Python/3.12.14/x64/lib
repository	Prepare an isolated runtime	2026-09-30T00:54:01.8909867Z ##[endgroup]
repository	Prepare an isolated runtime	2026-09-30T00:54:02.3632839Z Wrote isolated project verity-ci to /tmp/verity-ci.json
repository	Build runtime and verification images	﻿2026-09-30T00:54:02.3728672Z ##[group]Run docker compose -f /tmp/verity-ci.json --profile verification build backend celery-worker celery-beat migrate frontend verification minio minio-init jaeger grafana
repository	Build runtime and verification images	2026-09-30T00:54:02.3730005Z ^[[36;1mdocker compose -f /tmp/verity-ci.json --profile verification build backend celery-worker celery-beat migrate frontend verification minio minio-init jaeger grafana^[[0m
repository	Build runtime and verification images	2026-09-30T00:54:02.3795080Z shell: /usr/bin/bash -e {0}
repository	Build runtime and verification images	2026-09-30T00:54:02.3795345Z env:
repository	Build runtime and verification images	2026-09-30T00:54:02.3795625Z   pythonLocation: /opt/hostedtoolcache/Python/3.12.14/x64
repository	Build runtime and verification images	2026-09-30T00:54:02.3796079Z   PKG_CONFIG_PATH: /opt/hostedtoolcache/Python/3.12.14/x64/lib/pkgconfig
repository	Build runtime and verification images	2026-09-30T00:54:02.3796527Z   Python_ROOT_DIR: /opt/hostedtoolcache/Python/3.12.14/x64
repository	Build runtime and verification images	2026-09-30T00:54:02.3796936Z   Python2_ROOT_DIR: /opt/hostedtoolcache/Python/3.12.14/x64
repository	Build runtime and verification images	2026-09-30T00:54:02.3797327Z   Python3_ROOT_DIR: /opt/hostedtoolcache/Python/3.12.14/x64
repository	Build runtime and verification images	2026-09-30T00:54:02.3797722Z   LD_LIBRARY_PATH: /opt/hostedtoolcache/Python/3.12.14/x64/lib
repository	Build runtime and verification images	2026-09-30T00:54:02.3798089Z ##[endgroup]
repository	Build runtime and verification images	2026-09-30T00:54:05.6237261Z #1 [internal] load local bake definitions
repository	Build runtime and verification images	2026-09-30T00:54:05.7749257Z #1 reading from stdin 3.77kB done
repository	Build runtime and verification images	2026-09-30T00:54:05.7749700Z #1 DONE 0.0s
repository	Build runtime and verification images	2026-09-30T00:54:06.0727020Z 
repository	Build runtime and verification images	2026-09-30T00:54:06.0728023Z #2 [frontend internal] load build definition from Dockerfile
repository	Build runtime and verification images	2026-09-30T00:54:06.0728787Z #2 transferring dockerfile: 1.07kB 0.0s done
repository	Build runtime and verification images	2026-09-30T00:54:06.0729356Z #2 DONE 0.0s
repository	Build runtime and verification images	2026-09-30T00:54:06.0729575Z 
repository	Build runtime and verification images	2026-09-30T00:54:06.0729987Z #3 [grafana internal] load build definition from Dockerfile
repository	Build runtime and verification images	2026-09-30T00:54:06.0730759Z #3 transferring dockerfile: 1.88kB 0.0s done
repository	Build runtime and verification images	2026-09-30T00:54:06.0731267Z #3 DONE 0.0s
repository	Build runtime and verification images	2026-09-30T00:54:06.0731698Z 
repository	Build runtime and verification images	2026-09-30T00:54:06.0731963Z #4 [celery-beat internal] load build definition from Dockerfile
repository	Build runtime and verification images	2026-09-30T00:54:06.0732399Z #4 transferring dockerfile: 2.03kB 0.0s done
repository	Build runtime and verification images	2026-09-30T00:54:06.0732676Z #4 DONE 0.0s
repository	Build runtime and verification images	2026-09-30T00:54:06.0732794Z 
repository	Build runtime and verification images	2026-09-30T00:54:06.0733012Z #5 [jaeger internal] load build definition from Dockerfile
repository	Build runtime and verification images	2026-09-30T00:54:06.0733438Z #5 transferring dockerfile: 645B 0.0s done
repository	Build runtime and verification images	2026-09-30T00:54:06.0733708Z #5 DONE 0.0s
repository	Build runtime and verification images	2026-09-30T00:54:06.0733821Z 
repository	Build runtime and verification images	2026-09-30T00:54:06.0734044Z #6 [minio-init internal] load build definition from Dockerfile
repository	Build runtime and verification images	2026-09-30T00:54:06.0734452Z #6 transferring dockerfile: 2.90kB 0.0s done
repository	Build runtime and verification images	2026-09-30T00:54:06.0734730Z #6 DONE 0.0s
repository	Build runtime and verification images	2026-09-30T00:54:06.0734839Z 
repository	Build runtime and verification images	2026-09-30T00:54:06.0735071Z #7 [auth] library/alpine:pull token for registry-1.docker.io
repository	Build runtime and verification images	2026-09-30T00:54:06.2237880Z #7 DONE 0.0s
repository	Build runtime and verification images	2026-09-30T00:54:06.2238146Z 
repository	Build runtime and verification images	2026-09-30T00:54:06.2238531Z #8 [auth] jaegertracing/jaeger:pull token for registry-1.docker.io
repository	Build runtime and verification images	2026-09-30T00:54:06.2239043Z #8 DONE 0.0s
repository	Build runtime and verification images	2026-09-30T00:54:06.2239203Z 
repository	Build runtime and verification images	2026-09-30T00:54:06.2239506Z #9 [auth] library/node:pull token for registry-1.docker.io
repository	Build runtime and verification images	2026-09-30T00:54:06.2239942Z #9 DONE 0.0s
repository	Build runtime and verification images	2026-09-30T00:54:06.2240093Z 
repository	Build runtime and verification images	2026-09-30T00:54:06.2240392Z #10 [auth] library/python:pull token for registry-1.docker.io
repository	Build runtime and verification images	2026-09-30T00:54:06.2240826Z #10 DONE 0.0s
repository	Build runtime and verification images	2026-09-30T00:54:06.2241004Z 
repository	Build runtime and verification images	2026-09-30T00:54:06.2241297Z #11 [auth] library/golang:pull token for registry-1.docker.io
repository	Build runtime and verification images	2026-09-30T00:54:06.2241932Z #11 DONE 0.0s
repository	Build runtime and verification images	2026-09-30T00:54:06.2242076Z 
repository	Build runtime and verification images	2026-09-30T00:54:06.2242375Z #12 [auth] grafana/grafana:pull token for registry-1.docker.io
repository	Build runtime and verification images	2026-09-30T00:54:06.2242800Z #12 DONE 0.0s
repository	Build runtime and verification images	2026-09-30T00:54:06.2242945Z 
repository	Build runtime and verification images	2026-09-30T00:54:06.2243882Z #13 [celery-worker internal] load metadata for gcr.io/distroless/base-debian13:nonroot@sha256:0896741ba5bafd3ac87ea025a5f578952f2d238ddc3614cb368acc983a687aa2
repository	Build runtime and verification images	2026-09-30T00:54:06.4613560Z #13 DONE 0.3s
repository	Build runtime and verification images	2026-09-30T00:54:06.4614232Z 
repository	Build runtime and verification images	2026-09-30T00:54:06.4615672Z #14 [celery-worker internal] load metadata for docker.io/library/python:3.12-slim-trixie@sha256:2f17fc044b579bab302c2e8054d3a686e2cb9a83de48e70534b94cd8ebbe06a9
repository	Build runtime and verification images	2026-09-30T00:54:06.6118992Z #14 DONE 0.6s
repository	Build runtime and verification images	2026-09-30T00:54:06.6125364Z 
repository	Build runtime and verification images	2026-09-30T00:54:06.6127262Z #15 [grafana internal] load metadata for docker.io/library/alpine:3.24.2@sha256:294b683cb724975bec92580e1e685676bd4b50bda910ddb8c51d4cabeaec77e6
repository	Build runtime and verification images	2026-09-30T00:54:06.6129330Z #15 DONE 0.5s
repository	Build runtime and verification images	2026-09-30T00:54:06.6133201Z 
repository	Build runtime and verification images	2026-09-30T00:54:06.6134727Z #16 [minio-init internal] load metadata for docker.io/library/golang:1.26.8-alpine3.24@sha256:8ac98ca534ac3f51e1f420a1dd2c15e74c75cfa0f23f3ad27eb5d7236c349a0c
repository	Build runtime and verification images	2026-09-30T00:54:06.6136244Z #16 DONE 0.6s
repository	Build runtime and verification images	2026-09-30T00:54:06.6136679Z 
repository	Build runtime and verification images	2026-09-30T00:54:06.6138057Z #17 [jaeger internal] load metadata for docker.io/jaegertracing/jaeger:2.21.0@sha256:3d0ac795ff98aa04d1be04311d2dac6c25b4bfc8322dc02e53bc5b170c5018c3
repository	Build runtime and verification images	2026-09-30T00:54:06.6139494Z #17 DONE 0.6s
repository	Build runtime and verification images	2026-09-30T00:54:06.6139887Z 
repository	Build runtime and verification images	2026-09-30T00:54:06.6140355Z #18 [jaeger internal] load .dockerignore
repository	Build runtime and verification images	2026-09-30T00:54:06.6141225Z #18 transferring context: 2B done
repository	Build runtime and verification images	2026-09-30T00:54:06.6142235Z #18 DONE 0.0s
repository	Build runtime and verification images	2026-09-30T00:54:06.6142641Z 
repository	Build runtime and verification images	2026-09-30T00:54:06.6143968Z #19 [minio-init internal] load metadata for docker.io/library/alpine:3.22@sha256:5291449c3df73caf6ed85e649dec1b9e818b39a5d8c871e97afc13e9cd5e8fa8
repository	Build runtime and verification images	2026-09-30T00:54:06.6145332Z #19 DONE 0.6s
repository	Build runtime and verification images	2026-09-30T00:54:06.6145598Z 
repository	Build runtime and verification images	2026-09-30T00:54:06.6146891Z #20 [frontend internal] load metadata for docker.io/library/node:22-alpine@sha256:b6f26b36c8ff49624cfdac716b8ea1138d606df02586a77d364bb5536a634f85
repository	Build runtime and verification images	2026-09-30T00:54:06.6148369Z #20 DONE 0.6s
repository	Build runtime and verification images	2026-09-30T00:54:06.6148783Z 
repository	Build runtime and verification images	2026-09-30T00:54:06.6149272Z #21 [minio internal] load .dockerignore
repository	Build runtime and verification images	2026-09-30T00:54:06.6150125Z #21 transferring context: 2B done
repository	Build runtime and verification images	2026-09-30T00:54:06.6150806Z #21 DONE 0.0s
repository	Build runtime and verification images	2026-09-30T00:54:06.6151217Z 
repository	Build runtime and verification images	2026-09-30T00:54:06.6152050Z #22 [frontend internal] load .dockerignore
repository	Build runtime and verification images	2026-09-30T00:54:06.6153102Z #22 transferring context: 96B done
repository	Build runtime and verification images	2026-09-30T00:54:06.6153833Z #22 DONE 0.0s
repository	Build runtime and verification images	2026-09-30T00:54:06.6154251Z 
repository	Build runtime and verification images	2026-09-30T00:54:06.6154752Z #23 [frontend internal] load build context
repository	Build runtime and verification images	2026-09-30T00:54:06.6155486Z #23 DONE 0.0s
repository	Build runtime and verification images	2026-09-30T00:54:06.6155895Z 
repository	Build runtime and verification images	2026-09-30T00:54:06.6156381Z #24 [celery-beat internal] load .dockerignore
repository	Build runtime and verification images	2026-09-30T00:54:06.6157265Z #24 transferring context: 105B 0.0s done
repository	Build runtime and verification images	2026-09-30T00:54:06.6157996Z #24 DONE 0.0s
repository	Build runtime and verification images	2026-09-30T00:54:06.6158392Z 
repository	Build runtime and verification images	2026-09-30T00:54:06.6158876Z #25 [jaeger internal] load build context
repository	Build runtime and verification images	2026-09-30T00:54:06.6159721Z #25 transferring context: 740B done
repository	Build runtime and verification images	2026-09-30T00:54:06.6160421Z #25 DONE 0.0s
repository	Build runtime and verification images	2026-09-30T00:54:06.6160810Z 
repository	Build runtime and verification images	2026-09-30T00:54:06.6162500Z #26 [grafana internal] load metadata for docker.io/grafana/grafana:13.2.3@sha256:b28bae15e219c998fb0e0424ed724930cc61b1f61fb404d47c862f9a23f9e572
repository	Build runtime and verification images	2026-09-30T00:54:06.6163923Z #26 DONE 0.6s
repository	Build runtime and verification images	2026-09-30T00:54:06.6164339Z 
repository	Build runtime and verification images	2026-09-30T00:54:06.6165669Z #27 [backend runtime-os 1/1] FROM gcr.io/distroless/base-debian13:nonroot@sha256:0896741ba5bafd3ac87ea025a5f578952f2d238ddc3614cb368acc983a687aa2
repository	Build runtime and verification images	2026-09-30T00:54:06.6167899Z #27 resolve gcr.io/distroless/base-debian13:nonroot@sha256:0896741ba5bafd3ac87ea025a5f578952f2d238ddc3614cb368acc983a687aa2
repository	Build runtime and verification images	2026-09-30T00:54:06.7186255Z #27 ...
repository	Build runtime and verification images	2026-09-30T00:54:06.7187091Z 
repository	Build runtime and verification images	2026-09-30T00:54:06.7187614Z #28 [grafana internal] load .dockerignore
repository	Build runtime and verification images	2026-09-30T00:54:06.7188700Z #28 transferring context: 2B done
repository	Build runtime and verification images	2026-09-30T00:54:06.7189614Z #28 DONE 0.0s
repository	Build runtime and verification images	2026-09-30T00:54:06.7190034Z 
repository	Build runtime and verification images	2026-09-30T00:54:06.7190524Z #23 [frontend internal] load build context
repository	Build runtime and verification images	2026-09-30T00:54:06.7191755Z #23 transferring context: 692.36kB 0.1s done
repository	Build runtime and verification images	2026-09-30T00:54:06.7192613Z #23 DONE 0.1s
repository	Build runtime and verification images	2026-09-30T00:54:06.7194641Z 
repository	Build runtime and verification images	2026-09-30T00:54:06.7196291Z #27 [celery-beat runtime-os 1/1] FROM gcr.io/distroless/base-debian13:nonroot@sha256:0896741ba5bafd3ac87ea025a5f578952f2d238ddc3614cb368acc983a687aa2
repository	Build runtime and verification images	2026-09-30T00:54:06.7202020Z #27 resolve gcr.io/distroless/base-debian13:nonroot@sha256:0896741ba5bafd3ac87ea025a5f578952f2d238ddc3614cb368acc983a687aa2 0.0s done
repository	Build runtime and verification images	2026-09-30T00:54:06.8984556Z #27 ...
repository	Build runtime and verification images	2026-09-30T00:54:06.8984905Z 
repository	Build runtime and verification images	2026-09-30T00:54:06.8985328Z #29 [backend internal] load build context
repository	Build runtime and verification images	2026-09-30T00:54:06.8986131Z #29 transferring context: 1.45MB 0.1s done
repository	Build runtime and verification images	2026-09-30T00:54:06.8986707Z #29 DONE 0.1s
repository	Build runtime and verification images	2026-09-30T00:54:06.8986969Z 
repository	Build runtime and verification images	2026-09-30T00:54:06.8987310Z #30 [verification internal] load build context
repository	Build runtime and verification images	2026-09-30T00:54:06.8988302Z #30 transferring context: 2.08MB 0.1s done
repository	Build runtime and verification images	2026-09-30T00:54:06.8988655Z #30 DONE 0.1s
repository	Build runtime and verification images	2026-09-30T00:54:06.8988799Z 
repository	Build runtime and verification images	2026-09-30T00:54:06.8989673Z #27 [celery-beat runtime-os 1/1] FROM gcr.io/distroless/base-debian13:nonroot@sha256:0896741ba5bafd3ac87ea025a5f578952f2d238ddc3614cb368acc983a687aa2
repository	Build runtime and verification images	2026-09-30T00:54:06.8990958Z #27 sha256:65795e700eda57743efe12537e031042bd7832a19cc23f772acf2057dc7566f1 3.63kB / 3.63kB done
repository	Build runtime and verification images	2026-09-30T00:54:06.8992263Z #27 sha256:cf992c1b1b2f6792527fa80ce3fd623a13fc03cf3a27da59d44f8ab0e105d3ea 3.76kB / 3.76kB done
repository	Build runtime and verification images	2026-09-30T00:54:06.8993294Z #27 sha256:0896741ba5bafd3ac87ea025a5f578952f2d238ddc3614cb368acc983a687aa2 1.79kB / 1.79kB done
repository	Build runtime and verification images	2026-09-30T00:54:07.7456069Z #27 ...
repository	Build runtime and verification images	2026-09-30T00:54:07.7456598Z 
repository	Build runtime and verification images	2026-09-30T00:54:07.7459906Z #31 [minio-init client-build 3/6] ADD --checksum=sha256:4cea8ed209c8f96e59ea1a5cc4901019b54c2be6d6f5f16c6749ea8bdcf4172e https://codeload.github.com/minio/mc/tar.gz/d6541ea280b73a834b64d4097e21f2be77676104 /tmp/source.tgz
repository	Build runtime and verification images	2026-09-30T00:54:07.7462318Z #31 DONE 1.1s
repository	Build runtime and verification images	2026-09-30T00:54:07.8981488Z 
repository	Build runtime and verification images	2026-09-30T00:54:07.8984603Z #32 [backend runtime-base 1/4] FROM docker.io/library/python:3.12-slim-trixie@sha256:2f17fc044b579bab302c2e8054d3a686e2cb9a83de48e70534b94cd8ebbe06a9
repository	Build runtime and verification images	2026-09-30T00:54:07.8987822Z #32 resolve docker.io/library/python:3.12-slim-trixie@sha256:2f17fc044b579bab302c2e8054d3a686e2cb9a83de48e70534b94cd8ebbe06a9 0.0s done
repository	Build runtime and verification images	2026-09-30T00:54:07.8989966Z #32 sha256:2f17fc044b579bab302c2e8054d3a686e2cb9a83de48e70534b94cd8ebbe06a9 10.37kB / 10.37kB done
repository	Build runtime and verification images	2026-09-30T00:54:07.8990943Z #32 sha256:44ff437bba879d4941b710a369a8f19266aea34b29002807f0c487fabc9eec9b 1.75kB / 1.75kB done
repository	Build runtime and verification images	2026-09-30T00:54:07.8993135Z #32 sha256:9e87977b867847e186d066f531ef783b006d582a985c341c269446088d90f2c4 5.65kB / 5.65kB done
repository	Build runtime and verification images	2026-09-30T00:54:08.1045090Z #32 ...
repository	Build runtime and verification images	2026-09-30T00:54:08.1045459Z 
repository	Build runtime and verification images	2026-09-30T00:54:08.1048172Z #33 [grafana plugins-amd64 2/4] ADD --checksum=sha256:2a2458a646e735715a47bddc02a0dbb86a0c88412bc7851f3fd7de212b0a7c14 https://github.com/grafana/grafana-jaeger-datasource/releases/download/v13.0.4/jaeger-13.0.4.linux_amd64.zip /tmp/jaeger.zip
repository	Build runtime and verification images	2026-09-30T00:54:08.1050620Z #33 DONE 1.4s
repository	Build runtime and verification images	2026-09-30T00:54:08.1051029Z 
repository	Build runtime and verification images	2026-09-30T00:54:08.1052790Z #34 [grafana stage-1 1/4] FROM docker.io/library/alpine:3.24.2@sha256:294b683cb724975bec92580e1e685676bd4b50bda910ddb8c51d4cabeaec77e6
repository	Build runtime and verification images	2026-09-30T00:54:08.1055422Z #34 resolve docker.io/library/alpine:3.24.2@sha256:294b683cb724975bec92580e1e685676bd4b50bda910ddb8c51d4cabeaec77e6 0.0s done
repository	Build runtime and verification images	2026-09-30T00:54:08.1057778Z #34 sha256:294b683cb724975bec92580e1e685676bd4b50bda910ddb8c51d4cabeaec77e6 9.22kB / 9.22kB done
repository	Build runtime and verification images	2026-09-30T00:54:08.1059948Z #34 sha256:d56c381f961d307a21b3ca004cf1e3910f106644aefb1f43e654c8a56c4fd395 1.02kB / 1.02kB done
repository	Build runtime and verification images	2026-09-30T00:54:08.1062945Z #34 sha256:320994c3b997e2ec6433f717f153e108023c5bec8fefa8d76b83451d16d05ea8 611B / 611B done
repository	Build runtime and verification images	2026-09-30T00:54:08.1065249Z #34 sha256:e2de96513ba9eb53b431787ec8a65cdde380ac4772a3e4c4b714dcfde2a102b5 3.85MB / 3.85MB 0.1s done
repository	Build runtime and verification images	2026-09-30T00:54:08.1067450Z #34 extracting sha256:e2de96513ba9eb53b431787ec8a65cdde380ac4772a3e4c4b714dcfde2a102b5 0.6s done
repository	Build runtime and verification images	2026-09-30T00:54:08.1069453Z #34 DONE 1.5s
repository	Build runtime and verification images	2026-09-30T00:54:08.1069830Z 
repository	Build runtime and verification images	2026-09-30T00:54:08.1071191Z #35 [minio-init client 1/4] FROM docker.io/library/alpine:3.22@sha256:5291449c3df73caf6ed85e649dec1b9e818b39a5d8c871e97afc13e9cd5e8fa8
repository	Build runtime and verification images	2026-09-30T00:54:08.1073569Z #35 resolve docker.io/library/alpine:3.22@sha256:5291449c3df73caf6ed85e649dec1b9e818b39a5d8c871e97afc13e9cd5e8fa8 0.0s done
repository	Build runtime and verification images	2026-09-30T00:54:08.1075948Z #35 sha256:5291449c3df73caf6ed85e649dec1b9e818b39a5d8c871e97afc13e9cd5e8fa8 9.22kB / 9.22kB done
repository	Build runtime and verification images	2026-09-30T00:54:08.1077480Z #35 sha256:3e9b4b680bfc9fb5269227cffbd6d42be39fbf7c0b908123913864aa4447e764 1.02kB / 1.02kB done
repository	Build runtime and verification images	2026-09-30T00:54:08.1079002Z #35 sha256:c83674e1999044d33d751661371b873539f47e5b5c5ca3320c7e0377acca6238 611B / 611B done
repository	Build runtime and verification images	2026-09-30T00:54:08.1080423Z #35 sha256:53f8f5e03afd86ade91b7aa57a749f5a3d1419c113be5d8c10e7ee61bb5ab887 3.79MB / 3.79MB 0.4s done
repository	Build runtime and verification images	2026-09-30T00:54:08.1082214Z #35 extracting sha256:53f8f5e03afd86ade91b7aa57a749f5a3d1419c113be5d8c10e7ee61bb5ab887 0.3s done
repository	Build runtime and verification images	2026-09-30T00:54:08.1083459Z #35 DONE 1.5s
repository	Build runtime and verification images	2026-09-30T00:54:08.2105327Z 
repository	Build runtime and verification images	2026-09-30T00:54:08.2108509Z #36 [grafana plugins-amd64 2/4] ADD --checksum=sha256:2a2458a646e735715a47bddc02a0dbb86a0c88412bc7851f3fd7de212b0a7c14 https://github.com/grafana/grafana-jaeger-datasource/releases/download/v13.0.4/jaeger-13.0.4.linux_amd64.zip /tmp/jaeger.zip
repository	Build runtime and verification images	2026-09-30T00:54:08.2111033Z #36 DONE 0.1s
repository	Build runtime and verification images	2026-09-30T00:54:08.2112964Z 
repository	Build runtime and verification images	2026-09-30T00:54:08.2115655Z #37 [grafana plugins-amd64 3/4] ADD --checksum=sha256:8bdd6583e398f84d497dabec0287563b9eee471d711dea08a21482db5cd5a294 https://github.com/grafana/grafana-prometheus-datasource/releases/download/v13.2.3/prometheus-13.2.3.linux_amd64.zip /tmp/prometheus.zip
repository	Build runtime and verification images	2026-09-30T00:54:08.2119024Z #37 DONE 1.5s
repository	Build runtime and verification images	2026-09-30T00:54:08.2119470Z 
repository	Build runtime and verification images	2026-09-30T00:54:08.2120812Z #38 [minio client-build 1/6] FROM docker.io/library/golang:1.26.8-alpine3.24@sha256:8ac98ca534ac3f51e1f420a1dd2c15e74c75cfa0f23f3ad27eb5d7236c349a0c
repository	Build runtime and verification images	2026-09-30T00:54:08.2125371Z #38 resolve docker.io/library/golang:1.26.8-alpine3.24@sha256:8ac98ca534ac3f51e1f420a1dd2c15e74c75cfa0f23f3ad27eb5d7236c349a0c 0.0s done
repository	Build runtime and verification images	2026-09-30T00:54:08.2142621Z #38 sha256:8ac98ca534ac3f51e1f420a1dd2c15e74c75cfa0f23f3ad27eb5d7236c349a0c 10.29kB / 10.29kB done
repository	Build runtime and verification images	2026-09-30T00:54:08.2145460Z #38 sha256:66f9a494af2b76ecb3eab75ff47166df61caec6d200c59d556b77327493d83a8 1.92kB / 1.92kB done
repository	Build runtime and verification images	2026-09-30T00:54:08.2147224Z #38 sha256:c5fe2bbc8331458475b45686d82e0c28b1161addfe33f1ebac0a715a29587701 2.19kB / 2.19kB done
repository	Build runtime and verification images	2026-09-30T00:54:08.2149921Z #38 sha256:e2de96513ba9eb53b431787ec8a65cdde380ac4772a3e4c4b714dcfde2a102b5 3.85MB / 3.85MB 0.1s done
repository	Build runtime and verification images	2026-09-30T00:54:08.2152966Z #38 extracting sha256:e2de96513ba9eb53b431787ec8a65cdde380ac4772a3e4c4b714dcfde2a102b5 0.6s done
repository	Build runtime and verification images	2026-09-30T00:54:08.2154763Z #38 sha256:4009a0783f338ed55a73885b00ecad4c761c55b29337bc83f4ba5893b456a80c 247.52kB / 247.52kB 1.5s done
repository	Build runtime and verification images	2026-09-30T00:54:08.2158676Z #38 extracting sha256:4009a0783f338ed55a73885b00ecad4c761c55b29337bc83f4ba5893b456a80c
repository	Build runtime and verification images	2026-09-30T00:54:08.2183064Z #38 sha256:2cb3e687d353c47479f7eb82d6cc1b230f1d252bfefaddbeec9d3de57edf5d49 22.02MB / 67.31MB 1.6s
repository	Build runtime and verification images	2026-09-30T00:54:08.2185629Z #38 sha256:68ed9cc945387f62e6993f95484c65db531f4a4c6c076363d90fd1d575e36633 126B / 126B 1.5s done
repository	Build runtime and verification images	2026-09-30T00:54:08.2188213Z #38 sha256:4f4fb700ef54461cfa02571ae0db9a0dc1e0cdb5577484a6d75e68dc38e8acc1 0B / 32B 1.6s
repository	Build runtime and verification images	2026-09-30T00:54:08.3138169Z #38 ...
repository	Build runtime and verification images	2026-09-30T00:54:08.3138943Z 
repository	Build runtime and verification images	2026-09-30T00:54:08.3141258Z #39 [minio server-build 3/6] ADD --checksum=sha256:09ffb1ddfa9636348f8d029f9680bb086840dccf9d34370e8462151d28e95f97 https://codeload.github.com/minio/minio/tar.gz/5aebb3970e132ca231508152c0333cb223c83d70 /tmp/source.tgz
repository	Build runtime and verification images	2026-09-30T00:54:08.3143658Z #39 DONE 1.7s
repository	Build runtime and verification images	2026-09-30T00:54:08.3144122Z 
repository	Build runtime and verification images	2026-09-30T00:54:08.3145829Z #38 [minio client-build 1/6] FROM docker.io/library/golang:1.26.8-alpine3.24@sha256:8ac98ca534ac3f51e1f420a1dd2c15e74c75cfa0f23f3ad27eb5d7236c349a0c
repository	Build runtime and verification images	2026-09-30T00:54:08.3147860Z #38 sha256:2cb3e687d353c47479f7eb82d6cc1b230f1d252bfefaddbeec9d3de57edf5d49 32.51MB / 67.31MB 1.7s
repository	Build runtime and verification images	2026-09-30T00:54:08.3149627Z #38 sha256:68ed9cc945387f62e6993f95484c65db531f4a4c6c076363d90fd1d575e36633 126B / 126B 1.5s done
repository	Build runtime and verification images	2026-09-30T00:54:08.3151667Z #38 sha256:4f4fb700ef54461cfa02571ae0db9a0dc1e0cdb5577484a6d75e68dc38e8acc1 32B / 32B 1.7s
repository	Build runtime and verification images	2026-09-30T00:54:08.4394609Z #38 ...
repository	Build runtime and verification images	2026-09-30T00:54:08.4396160Z 
repository	Build runtime and verification images	2026-09-30T00:54:08.4398771Z #40 [grafana plugins-amd64 3/4] ADD --checksum=sha256:8bdd6583e398f84d497dabec0287563b9eee471d711dea08a21482db5cd5a294 https://github.com/grafana/grafana-prometheus-datasource/releases/download/v13.2.3/prometheus-13.2.3.linux_amd64.zip /tmp/prometheus.zip
repository	Build runtime and verification images	2026-09-30T00:54:08.4401208Z #40 DONE 0.1s
repository	Build runtime and verification images	2026-09-30T00:54:08.4401907Z 
repository	Build runtime and verification images	2026-09-30T00:54:08.4403311Z #38 [minio client-build 1/6] FROM docker.io/library/golang:1.26.8-alpine3.24@sha256:8ac98ca534ac3f51e1f420a1dd2c15e74c75cfa0f23f3ad27eb5d7236c349a0c
repository	Build runtime and verification images	2026-09-30T00:54:08.4405246Z #38 sha256:2cb3e687d353c47479f7eb82d6cc1b230f1d252bfefaddbeec9d3de57edf5d49 42.99MB / 67.31MB 1.8s
repository	Build runtime and verification images	2026-09-30T00:54:08.4407191Z #38 sha256:4f4fb700ef54461cfa02571ae0db9a0dc1e0cdb5577484a6d75e68dc38e8acc1 32B / 32B 1.7s done
repository	Build runtime and verification images	2026-09-30T00:54:08.5280119Z #38 extracting sha256:4009a0783f338ed55a73885b00ecad4c761c55b29337bc83f4ba5893b456a80c 0.3s done
repository	Build runtime and verification images	2026-09-30T00:54:08.5283528Z #38 sha256:4f4fb700ef54461cfa02571ae0db9a0dc1e0cdb5577484a6d75e68dc38e8acc1 32B / 32B 1.7s done
repository	Build runtime and verification images	2026-09-30T00:54:08.6446566Z #38 sha256:2cb3e687d353c47479f7eb82d6cc1b230f1d252bfefaddbeec9d3de57edf5d49 67.31MB / 67.31MB 1.9s done
repository	Build runtime and verification images	2026-09-30T00:54:08.7678501Z #38 ...
repository	Build runtime and verification images	2026-09-30T00:54:08.7692506Z 
repository	Build runtime and verification images	2026-09-30T00:54:08.7694144Z #41 [jaeger stage-1 2/4] RUN mkdir -p /etc/jaeger /tmp/badger-v2/key /tmp/badger-v2/data     && chmod 1777 /tmp     && chown -R 10001:0 /tmp/badger-v2
repository	Build runtime and verification images	2026-09-30T00:54:08.7695518Z #41 DONE 0.6s
repository	Build runtime and verification images	2026-09-30T00:54:08.7695924Z 
repository	Build runtime and verification images	2026-09-30T00:54:08.7697274Z #38 [minio client-build 1/6] FROM docker.io/library/golang:1.26.8-alpine3.24@sha256:8ac98ca534ac3f51e1f420a1dd2c15e74c75cfa0f23f3ad27eb5d7236c349a0c
repository	Build runtime and verification images	2026-09-30T00:54:08.7700600Z #38 extracting sha256:2cb3e687d353c47479f7eb82d6cc1b230f1d252bfefaddbeec9d3de57edf5d49
repository	Build runtime and verification images	2026-09-30T00:54:09.6588365Z #38 ...
repository	Build runtime and verification images	2026-09-30T00:54:09.6588864Z 
repository	Build runtime and verification images	2026-09-30T00:54:09.6591324Z #42 [minio server 2/5] RUN apk add --no-cache ca-certificates && addgroup -g 10001 minio && adduser -D -H -u 10001 -G minio minio     && mkdir /data && chown minio:minio /data
repository	Build runtime and verification images	2026-09-30T00:54:09.6594191Z #42 0.497 fetch https://dl-cdn.alpinelinux.org/alpine/v3.22/main/x86_64/APKINDEX.tar.gz
repository	Build runtime and verification images	2026-09-30T00:54:09.6595506Z #42 0.599 fetch https://dl-cdn.alpinelinux.org/alpine/v3.22/community/x86_64/APKINDEX.tar.gz
repository	Build runtime and verification images	2026-09-30T00:54:09.6596564Z #42 1.068 (1/1) Installing ca-certificates (20260909-r0)
repository	Build runtime and verification images	2026-09-30T00:54:09.6597292Z #42 1.117 Executing busybox-1.37.0-r20.trigger
repository	Build runtime and verification images	2026-09-30T00:54:09.6598060Z #42 1.131 Executing ca-certificates-20260909-r0.trigger
repository	Build runtime and verification images	2026-09-30T00:54:09.6598701Z #42 1.252 OK: 8 MiB in 17 packages
repository	Build runtime and verification images	2026-09-30T00:54:09.6599110Z #42 DONE 1.5s
repository	Build runtime and verification images	2026-09-30T00:54:09.6599304Z 
repository	Build runtime and verification images	2026-09-30T00:54:09.6600331Z #38 [minio client-build 1/6] FROM docker.io/library/golang:1.26.8-alpine3.24@sha256:8ac98ca534ac3f51e1f420a1dd2c15e74c75cfa0f23f3ad27eb5d7236c349a0c
repository	Build runtime and verification images	2026-09-30T00:54:10.1775198Z #38 ...
repository	Build runtime and verification images	2026-09-30T00:54:10.1775532Z 
repository	Build runtime and verification images	2026-09-30T00:54:10.1776716Z #43 [minio-init client 2/4] RUN apk add --no-cache ca-certificates && addgroup -g 10001 minio && adduser -D -u 10001 -G minio minio
repository	Build runtime and verification images	2026-09-30T00:54:10.1778636Z #43 0.629 fetch https://dl-cdn.alpinelinux.org/alpine/v3.22/main/x86_64/APKINDEX.tar.gz
repository	Build runtime and verification images	2026-09-30T00:54:10.1780626Z #43 0.885 fetch https://dl-cdn.alpinelinux.org/alpine/v3.22/community/x86_64/APKINDEX.tar.gz
repository	Build runtime and verification images	2026-09-30T00:54:10.1793802Z #43 1.655 (1/1) Installing ca-certificates (20260909-r0)
repository	Build runtime and verification images	2026-09-30T00:54:10.1794547Z #43 1.694 Executing busybox-1.37.0-r20.trigger
repository	Build runtime and verification images	2026-09-30T00:54:10.1795274Z #43 1.713 Executing ca-certificates-20260909-r0.trigger
repository	Build runtime and verification images	2026-09-30T00:54:10.1795943Z #43 1.810 OK: 8 MiB in 17 packages
repository	Build runtime and verification images	2026-09-30T00:54:10.1796375Z #43 DONE 2.1s
repository	Build runtime and verification images	2026-09-30T00:54:10.1796602Z 
repository	Build runtime and verification images	2026-09-30T00:54:10.1797758Z #38 [minio client-build 1/6] FROM docker.io/library/golang:1.26.8-alpine3.24@sha256:8ac98ca534ac3f51e1f420a1dd2c15e74c75cfa0f23f3ad27eb5d7236c349a0c
repository	Build runtime and verification images	2026-09-30T00:54:10.3887879Z #38 ...
repository	Build runtime and verification images	2026-09-30T00:54:10.3888450Z 
repository	Build runtime and verification images	2026-09-30T00:54:10.3890103Z #44 [grafana plugins-amd64 4/4] RUN mkdir /plugins && unzip -q /tmp/jaeger.zip -d /plugins && unzip -q /tmp/prometheus.zip -d /plugins && chmod +x /plugins/*/gpx_*
repository	Build runtime and verification images	2026-09-30T00:54:10.3892265Z #44 DONE 2.0s
repository	Build runtime and verification images	2026-09-30T00:54:10.3892649Z 
repository	Build runtime and verification images	2026-09-30T00:54:10.3893973Z #38 [minio client-build 1/6] FROM docker.io/library/golang:1.26.8-alpine3.24@sha256:8ac98ca534ac3f51e1f420a1dd2c15e74c75cfa0f23f3ad27eb5d7236c349a0c
repository	Build runtime and verification images	2026-09-30T00:54:11.8582265Z #38 ...
repository	Build runtime and verification images	2026-09-30T00:54:11.8582815Z 
repository	Build runtime and verification images	2026-09-30T00:54:11.8584337Z #45 [jaeger upstream 1/1] FROM docker.io/jaegertracing/jaeger:2.21.0@sha256:3d0ac795ff98aa04d1be04311d2dac6c25b4bfc8322dc02e53bc5b170c5018c3
repository	Build runtime and verification images	2026-09-30T00:54:11.8586606Z #45 resolve docker.io/jaegertracing/jaeger:2.21.0@sha256:3d0ac795ff98aa04d1be04311d2dac6c25b4bfc8322dc02e53bc5b170c5018c3 0.0s done
repository	Build runtime and verification images	2026-09-30T00:54:11.8593224Z #45 extracting sha256:9926de6285bea63eed6de53a9c3df5168d48ade47715136fd97ff659923b18f8 done
repository	Build runtime and verification images	2026-09-30T00:54:11.8594797Z #45 sha256:3d0ac795ff98aa04d1be04311d2dac6c25b4bfc8322dc02e53bc5b170c5018c3 3.12kB / 3.12kB done
repository	Build runtime and verification images	2026-09-30T00:54:11.8596532Z #45 sha256:35cd1b523cd977d78513d7e4a4474fa0e4aa505e6da956f4438d4d6241e1e5ef 1.24kB / 1.24kB done
repository	Build runtime and verification images	2026-09-30T00:54:11.8598484Z #45 sha256:51f7cf34678178e0bbd51eeaab4104aa8f729eac33f7dfa51fdba5f62b9c3a34 3.96kB / 3.96kB done
repository	Build runtime and verification images	2026-09-30T00:54:11.8600182Z #45 sha256:9926de6285bea63eed6de53a9c3df5168d48ade47715136fd97ff659923b18f8 104.79kB / 104.79kB 0.1s done
repository	Build runtime and verification images	2026-09-30T00:54:11.8602123Z #45 sha256:d9b64a1d4fc60c3461519a71f0a7cdae36d1390c1c37ff487db173f4ce4adf75 20.20kB / 20.20kB 0.1s done
repository	Build runtime and verification images	2026-09-30T00:54:11.8603777Z #45 sha256:28ede702a59e8cf964364605d43c280252f12ecdb9c5942efa170e5c12f172fa 50.82MB / 50.82MB 1.4s
repository	Build runtime and verification images	2026-09-30T00:54:11.8605395Z #45 sha256:157d41acf62c2579c488f87f4b829ec3880f5d9982f073ef4fdb94869d2d6e8b 293B / 293B 0.6s done
repository	Build runtime and verification images	2026-09-30T00:54:11.8606995Z #45 extracting sha256:d9b64a1d4fc60c3461519a71f0a7cdae36d1390c1c37ff487db173f4ce4adf75 done
repository	Build runtime and verification images	2026-09-30T00:54:11.8608556Z #45 extracting sha256:28ede702a59e8cf964364605d43c280252f12ecdb9c5942efa170e5c12f172fa 3.5s done
repository	Build runtime and verification images	2026-09-30T00:54:11.8610105Z #45 extracting sha256:157d41acf62c2579c488f87f4b829ec3880f5d9982f073ef4fdb94869d2d6e8b done
repository	Build runtime and verification images	2026-09-30T00:54:11.9633444Z #45 ...
repository	Build runtime and verification images	2026-09-30T00:54:11.9634411Z 
repository	Build runtime and verification images	2026-09-30T00:54:11.9635550Z #46 [jaeger stage-1 3/4] COPY --from=upstream --chown=10001:0 /cmd/jaeger/jaeger-linux /usr/local/bin/jaeger
repository	Build runtime and verification images	2026-09-30T00:54:12.3062661Z #46 DONE 0.3s
repository	Build runtime and verification images	2026-09-30T00:54:12.3063435Z 
repository	Build runtime and verification images	2026-09-30T00:54:12.3064500Z #47 [jaeger stage-1 4/4] COPY --chown=10001:0 config.yaml /etc/jaeger/config.yaml
repository	Build runtime and verification images	2026-09-30T00:54:12.3065705Z #47 DONE 0.0s
repository	Build runtime and verification images	2026-09-30T00:54:12.3066231Z 
repository	Build runtime and verification images	2026-09-30T00:54:12.3067786Z #27 [celery-beat runtime-os 1/1] FROM gcr.io/distroless/base-debian13:nonroot@sha256:0896741ba5bafd3ac87ea025a5f578952f2d238ddc3614cb368acc983a687aa2
repository	Build runtime and verification images	2026-09-30T00:54:12.3070224Z #27 sha256:2cc7ee286bf3a9e6af5f71756d7fc8e22e23ce65fec9047d774511ffcef79fa8 124.53kB / 124.53kB 2.1s done
repository	Build runtime and verification images	2026-09-30T00:54:12.3072506Z #27 sha256:c172f21841dff4c8cf45cde46589c1c2616cefe7e819965e92e6d3475c428aa0 12.68kB / 12.68kB 2.0s done
repository	Build runtime and verification images	2026-09-30T00:54:12.3074615Z #27 extracting sha256:2cc7ee286bf3a9e6af5f71756d7fc8e22e23ce65fec9047d774511ffcef79fa8 done
repository	Build runtime and verification images	2026-09-30T00:54:12.3076598Z #27 sha256:218cf840d0d95a86231eb9d33d26ac8a520a4299c6096cb70a0c2fb2a87c9e0a 288.06kB / 288.06kB 2.2s done
repository	Build runtime and verification images	2026-09-30T00:54:12.3078417Z #27 sha256:f6069939f718601b38d25ec5ed5631ed047e4da24acec2e252f8f29d251be718 254.67kB / 254.67kB 2.2s done
repository	Build runtime and verification images	2026-09-30T00:54:12.3079828Z #27 extracting sha256:c172f21841dff4c8cf45cde46589c1c2616cefe7e819965e92e6d3475c428aa0 done
repository	Build runtime and verification images	2026-09-30T00:54:12.3080779Z #27 sha256:d6b1b89eccacc15c2420b2776d72c1dae334a00805ed9af54bf2f71e4d536f28 32.09kB / 32.09kB 2.2s done
repository	Build runtime and verification images	2026-09-30T00:54:12.3085449Z #27 extracting sha256:218cf840d0d95a86231eb9d33d26ac8a520a4299c6096cb70a0c2fb2a87c9e0a 0.1s done
repository	Build runtime and verification images	2026-09-30T00:54:12.3087471Z #27 sha256:7c12895b777bcaa8ccae0605b4de635b68fc32d60fa08f421dc3818bf55ee212 188B / 188B 2.4s done
repository	Build runtime and verification images	2026-09-30T00:54:12.3089251Z #27 sha256:2780920e5dbfbe103d03a583ed75345306e572ec5a48cb10361f046767d9f29a 67B / 67B 2.3s done
repository	Build runtime and verification images	2026-09-30T00:54:12.3090893Z #27 sha256:3214acf345c0cc6bbdb56b698a41ccdefc624a09d6beb0d38b5de0b2303ecaf4 123B / 123B 2.4s done
repository	Build runtime and verification images	2026-09-30T00:54:12.3096230Z #27 sha256:b839dfae01f66e15c6a8b63520557ed315bdfe036342fa7a0c537259f10d7a9a 351B / 351B 2.5s done
repository	Build runtime and verification images	2026-09-30T00:54:12.3097904Z #27 sha256:dd64bf2dd177757451a98fcdc999a339c35dee5d9872d8f4dc69c8f3c4dd0112 80B / 80B 2.5s done
repository	Build runtime and verification images	2026-09-30T00:54:12.3120573Z #27 sha256:52630fc75a18675c530ed9eba5f55eca09b03e91bd5bc15307918bbc1a7e7296 162B / 162B 2.4s done
repository	Build runtime and verification images	2026-09-30T00:54:12.3123514Z #27 sha256:ebddc55facdc6b1f7e0f30816a5fc7cc62f38abdf76c0a8b0a0ce52085754795 311B / 311B 2.6s done
repository	Build runtime and verification images	2026-09-30T00:54:12.3125510Z #27 sha256:c4bc6f35ff5e25aa1afe7a148a0b6f10a760f54e298f86a4a4d44b91f1afbfab 143.34kB / 143.34kB 2.6s done
repository	Build runtime and verification images	2026-09-30T00:54:12.3129520Z #27 sha256:b96fe2995f90d0ef0bf14f9b4a67b5f4e77d478e6108166e0565adc9efd6e4a3 5.08MB / 5.08MB 2.7s done
repository	Build runtime and verification images	2026-09-30T00:54:12.3131153Z #27 sha256:58c0c263dc73f20a6488f5a19989645aea42be93147eb5a52bf69112982e34a5 3.07MB / 3.07MB 2.8s done
repository	Build runtime and verification images	2026-09-30T00:54:12.3133936Z #27 sha256:bd8962e292918c50c90edebd9684c053bc386b9c5503acd8fec75d0c6f93a0b7 372.77kB / 372.77kB 2.8s done
repository	Build runtime and verification images	2026-09-30T00:54:12.3135692Z #27 extracting sha256:f6069939f718601b38d25ec5ed5631ed047e4da24acec2e252f8f29d251be718 0.1s done
repository	Build runtime and verification images	2026-09-30T00:54:12.3136806Z #27 sha256:cac2ae0193cb073e7492050b05fc342a888651b4bbc966908c8793f889c299ba 96.15kB / 96.15kB 2.9s done
repository	Build runtime and verification images	2026-09-30T00:54:12.3138353Z #27 extracting sha256:d6b1b89eccacc15c2420b2776d72c1dae334a00805ed9af54bf2f71e4d536f28 0.0s done
repository	Build runtime and verification images	2026-09-30T00:54:12.3139777Z #27 extracting sha256:2780920e5dbfbe103d03a583ed75345306e572ec5a48cb10361f046767d9f29a done
repository	Build runtime and verification images	2026-09-30T00:54:12.3141121Z #27 extracting sha256:7c12895b777bcaa8ccae0605b4de635b68fc32d60fa08f421dc3818bf55ee212 done
repository	Build runtime and verification images	2026-09-30T00:54:12.3142681Z #27 extracting sha256:3214acf345c0cc6bbdb56b698a41ccdefc624a09d6beb0d38b5de0b2303ecaf4 done
repository	Build runtime and verification images	2026-09-30T00:54:12.3144179Z #27 extracting sha256:52630fc75a18675c530ed9eba5f55eca09b03e91bd5bc15307918bbc1a7e7296 done
repository	Build runtime and verification images	2026-09-30T00:54:12.3145615Z #27 extracting sha256:dd64bf2dd177757451a98fcdc999a339c35dee5d9872d8f4dc69c8f3c4dd0112 done
repository	Build runtime and verification images	2026-09-30T00:54:12.3147009Z #27 extracting sha256:b839dfae01f66e15c6a8b63520557ed315bdfe036342fa7a0c537259f10d7a9a done
repository	Build runtime and verification images	2026-09-30T00:54:12.3148381Z #27 extracting sha256:ebddc55facdc6b1f7e0f30816a5fc7cc62f38abdf76c0a8b0a0ce52085754795 done
repository	Build runtime and verification images	2026-09-30T00:54:12.3149779Z #27 extracting sha256:c4bc6f35ff5e25aa1afe7a148a0b6f10a760f54e298f86a4a4d44b91f1afbfab done
repository	Build runtime and verification images	2026-09-30T00:54:12.3151252Z #27 extracting sha256:b96fe2995f90d0ef0bf14f9b4a67b5f4e77d478e6108166e0565adc9efd6e4a3 0.4s done
repository	Build runtime and verification images	2026-09-30T00:54:12.3152903Z #27 extracting sha256:58c0c263dc73f20a6488f5a19989645aea42be93147eb5a52bf69112982e34a5
repository	Build runtime and verification images	2026-09-30T00:54:12.5627345Z #27 extracting sha256:58c0c263dc73f20a6488f5a19989645aea42be93147eb5a52bf69112982e34a5 0.3s done
repository	Build runtime and verification images	2026-09-30T00:54:12.6667155Z #27 extracting sha256:58c0c263dc73f20a6488f5a19989645aea42be93147eb5a52bf69112982e34a5 0.3s done
repository	Build runtime and verification images	2026-09-30T00:54:12.6668063Z #27 extracting sha256:bd8962e292918c50c90edebd9684c053bc386b9c5503acd8fec75d0c6f93a0b7 0.0s done
repository	Build runtime and verification images	2026-09-30T00:54:12.6669649Z #27 extracting sha256:cac2ae0193cb073e7492050b05fc342a888651b4bbc966908c8793f889c299ba done
repository	Build runtime and verification images	2026-09-30T00:54:12.9193359Z #27 DONE 6.2s
repository	Build runtime and verification images	2026-09-30T00:54:12.9194203Z 
repository	Build runtime and verification images	2026-09-30T00:54:12.9194676Z #48 [verification runtime 1/6] WORKDIR /app
repository	Build runtime and verification images	2026-09-30T00:54:12.9195226Z #48 DONE 0.0s
repository	Build runtime and verification images	2026-09-30T00:54:12.9195437Z 
repository	Build runtime and verification images	2026-09-30T00:54:12.9196651Z #32 [backend runtime-base 1/4] FROM docker.io/library/python:3.12-slim-trixie@sha256:2f17fc044b579bab302c2e8054d3a686e2cb9a83de48e70534b94cd8ebbe06a9
repository	Build runtime and verification images	2026-09-30T00:54:12.9198437Z #32 sha256:6b37362b3da78869050b894b799ad4df04f1f3b52774087db0d81151570244c8 29.83MB / 29.83MB 3.1s done
repository	Build runtime and verification images	2026-09-30T00:54:12.9199988Z #32 sha256:3764a9a7d1e8a98213ab2201a41dbf3da9c60240ea35a5ea96ab994555070a70 1.29MB / 1.29MB 2.9s done
repository	Build runtime and verification images	2026-09-30T00:54:12.9201747Z #32 sha256:b0dc7f87bef15c2536cb182d6c48b52f90a0522884ec9eb222f833fa97ffebf0 12.12MB / 12.12MB 3.1s done
repository	Build runtime and verification images	2026-09-30T00:54:12.9203239Z #32 sha256:06ad939ed42b51caafb25b14810875d14e0ee0c441d3e2e5e46475fb8c150bca 249B / 249B 3.0s done
repository	Build runtime and verification images	2026-09-30T00:54:12.9204988Z #32 extracting sha256:6b37362b3da78869050b894b799ad4df04f1f3b52774087db0d81151570244c8 3.0s
repository	Build runtime and verification images	2026-09-30T00:54:13.1940845Z #32 ...
repository	Build runtime and verification images	2026-09-30T00:54:13.1941143Z 
repository	Build runtime and verification images	2026-09-30T00:54:13.1941562Z #49 [jaeger] exporting to image
repository	Build runtime and verification images	2026-09-30T00:54:13.1942763Z #49 exporting layers 0.8s done
repository	Build runtime and verification images	2026-09-30T00:54:13.1943876Z #49 writing image sha256:8b945eb8f3ead108d67b1e91ed206339c5ba7e349a919b89c81039812a52c1a3 done
repository	Build runtime and verification images	2026-09-30T00:54:13.1944793Z #49 naming to docker.io/library/verity-ci-jaeger done
repository	Build runtime and verification images	2026-09-30T00:54:13.1946145Z #49 DONE 0.8s
repository	Build runtime and verification images	2026-09-30T00:54:13.1946355Z 
repository	Build runtime and verification images	2026-09-30T00:54:13.1947098Z #50 [jaeger] resolving provenance for metadata file
repository	Build runtime and verification images	2026-09-30T00:54:13.1947684Z #50 DONE 0.0s
repository	Build runtime and verification images	2026-09-30T00:54:13.3274021Z 
repository	Build runtime and verification images	2026-09-30T00:54:13.3277633Z #32 [backend runtime-base 1/4] FROM docker.io/library/python:3.12-slim-trixie@sha256:2f17fc044b579bab302c2e8054d3a686e2cb9a83de48e70534b94cd8ebbe06a9
repository	Build runtime and verification images	2026-09-30T00:54:13.4512101Z #32 extracting sha256:6b37362b3da78869050b894b799ad4df04f1f3b52774087db0d81151570244c8 3.5s done
repository	Build runtime and verification images	2026-09-30T00:54:13.4513576Z #32 extracting sha256:3764a9a7d1e8a98213ab2201a41dbf3da9c60240ea35a5ea96ab994555070a70
repository	Build runtime and verification images	2026-09-30T00:54:13.6697082Z #32 extracting sha256:3764a9a7d1e8a98213ab2201a41dbf3da9c60240ea35a5ea96ab994555070a70 0.2s done
repository	Build runtime and verification images	2026-09-30T00:54:13.7719580Z #32 extracting sha256:b0dc7f87bef15c2536cb182d6c48b52f90a0522884ec9eb222f833fa97ffebf0
repository	Build runtime and verification images	2026-09-30T00:54:13.9769736Z #32 ...
repository	Build runtime and verification images	2026-09-30T00:54:13.9770038Z 
repository	Build runtime and verification images	2026-09-30T00:54:13.9771313Z #51 [frontend builder 1/7] FROM docker.io/library/node:22-alpine@sha256:b6f26b36c8ff49624cfdac716b8ea1138d606df02586a77d364bb5536a634f85
repository	Build runtime and verification images	2026-09-30T00:54:13.9777041Z #51 resolve docker.io/library/node:22-alpine@sha256:b6f26b36c8ff49624cfdac716b8ea1138d606df02586a77d364bb5536a634f85 0.0s done
repository	Build runtime and verification images	2026-09-30T00:54:13.9778715Z #51 extracting sha256:e2de96513ba9eb53b431787ec8a65cdde380ac4772a3e4c4b714dcfde2a102b5 0.6s done
repository	Build runtime and verification images	2026-09-30T00:54:13.9780113Z #51 sha256:b6f26b36c8ff49624cfdac716b8ea1138d606df02586a77d364bb5536a634f85 6.41kB / 6.41kB done
repository	Build runtime and verification images	2026-09-30T00:54:13.9781733Z #51 sha256:b64da1de5a51067ab8e75f0bc8dbd0905d8894baa22261f439a4572f41291e50 1.72kB / 1.72kB done
repository	Build runtime and verification images	2026-09-30T00:54:13.9783094Z #51 sha256:d8123cc242555fddfbc6735537cc6c78c3e33807fcf82b585c840e8cd36353d9 6.57kB / 6.57kB done
repository	Build runtime and verification images	2026-09-30T00:54:13.9784573Z #51 sha256:e2de96513ba9eb53b431787ec8a65cdde380ac4772a3e4c4b714dcfde2a102b5 3.85MB / 3.85MB 0.1s done
repository	Build runtime and verification images	2026-09-30T00:54:13.9786156Z #51 sha256:1a3a899a8294dd12f21fb3f36579c74b05013aacbcf71d6db947dda5e1c59d06 55.68MB / 55.68MB 2.1s done
repository	Build runtime and verification images	2026-09-30T00:54:13.9787724Z #51 sha256:ec179e2ee07230312183920d42bf49c2ef18644e3d7186ffa92b02dd2e26a835 1.26MB / 1.26MB 1.8s done
repository	Build runtime and verification images	2026-09-30T00:54:13.9789224Z #51 sha256:65213f1a3de84db18197276d9be6a34fad98eec70604aeaa6821556d932c2676 444B / 444B 1.9s done
repository	Build runtime and verification images	2026-09-30T00:54:13.9790671Z #51 extracting sha256:1a3a899a8294dd12f21fb3f36579c74b05013aacbcf71d6db947dda5e1c59d06 5.0s done
repository	Build runtime and verification images	2026-09-30T00:54:13.9792518Z #51 extracting sha256:ec179e2ee07230312183920d42bf49c2ef18644e3d7186ffa92b02dd2e26a835 0.1s done
repository	Build runtime and verification images	2026-09-30T00:54:13.9793944Z #51 extracting sha256:65213f1a3de84db18197276d9be6a34fad98eec70604aeaa6821556d932c2676 done
repository	Build runtime and verification images	2026-09-30T00:54:13.9794827Z #51 DONE 7.4s
repository	Build runtime and verification images	2026-09-30T00:54:13.9795063Z 
repository	Build runtime and verification images	2026-09-30T00:54:13.9796235Z #32 [backend runtime-base 1/4] FROM docker.io/library/python:3.12-slim-trixie@sha256:2f17fc044b579bab302c2e8054d3a686e2cb9a83de48e70534b94cd8ebbe06a9
repository	Build runtime and verification images	2026-09-30T00:54:14.1191967Z #32 ...
repository	Build runtime and verification images	2026-09-30T00:54:14.1192290Z 
repository	Build runtime and verification images	2026-09-30T00:54:14.1192611Z #52 [frontend builder 2/7] WORKDIR /app
repository	Build runtime and verification images	2026-09-30T00:54:14.1193186Z #52 DONE 0.0s
repository	Build runtime and verification images	2026-09-30T00:54:14.1193418Z 
repository	Build runtime and verification images	2026-09-30T00:54:14.1193898Z #53 [frontend builder 3/7] COPY package.json package-lock.json ./
repository	Build runtime and verification images	2026-09-30T00:54:14.1194556Z #53 DONE 0.1s
repository	Build runtime and verification images	2026-09-30T00:54:14.1194777Z 
repository	Build runtime and verification images	2026-09-30T00:54:14.1195936Z #32 [backend runtime-base 1/4] FROM docker.io/library/python:3.12-slim-trixie@sha256:2f17fc044b579bab302c2e8054d3a686e2cb9a83de48e70534b94cd8ebbe06a9
repository	Build runtime and verification images	2026-09-30T00:54:14.8453280Z #32 ...
repository	Build runtime and verification images	2026-09-30T00:54:14.8454086Z 
repository	Build runtime and verification images	2026-09-30T00:54:14.8456072Z #54 [frontend runner 3/6] RUN rm -rf /usr/local/lib/node_modules/npm /opt/yarn-*     && rm -f /usr/local/bin/npm /usr/local/bin/npx /usr/local/bin/yarn /usr/local/bin/yarnpkg
repository	Build runtime and verification images	2026-09-30T00:54:14.8458780Z #54 DONE 0.7s
repository	Build runtime and verification images	2026-09-30T00:54:14.8460136Z 
repository	Build runtime and verification images	2026-09-30T00:54:14.8461811Z #32 [backend runtime-base 1/4] FROM docker.io/library/python:3.12-slim-trixie@sha256:2f17fc044b579bab302c2e8054d3a686e2cb9a83de48e70534b94cd8ebbe06a9
repository	Build runtime and verification images	2026-09-30T00:54:15.2773593Z #32 extracting sha256:b0dc7f87bef15c2536cb182d6c48b52f90a0522884ec9eb222f833fa97ffebf0 1.5s done
repository	Build runtime and verification images	2026-09-30T00:54:15.3883879Z #32 extracting sha256:06ad939ed42b51caafb25b14810875d14e0ee0c441d3e2e5e46475fb8c150bca done
repository	Build runtime and verification images	2026-09-30T00:54:15.3888666Z #32 DONE 8.8s
repository	Build runtime and verification images	2026-09-30T00:54:15.3889409Z 
repository	Build runtime and verification images	2026-09-30T00:54:15.3890303Z #55 [celery-beat runtime-base 2/4] WORKDIR /app
repository	Build runtime and verification images	2026-09-30T00:54:15.5096535Z #55 DONE 0.0s
repository	Build runtime and verification images	2026-09-30T00:54:15.5097940Z 
repository	Build runtime and verification images	2026-09-30T00:54:15.5098401Z #56 [migrate runtime-base 3/4] COPY requirements.lock ./
repository	Build runtime and verification images	2026-09-30T00:54:15.5099028Z #56 DONE 0.0s
repository	Build runtime and verification images	2026-09-30T00:54:15.5099263Z 
repository	Build runtime and verification images	2026-09-30T00:54:15.5100576Z #57 [migrate runtime-base 4/4] RUN pip install --no-cache-dir --only-binary=:all: --require-hashes -r requirements.lock     && useradd --create-home --uid 1000 azaeron
repository	Build runtime and verification images	2026-09-30T00:54:16.6626424Z #57 ...
repository	Build runtime and verification images	2026-09-30T00:54:16.6626753Z 
repository	Build runtime and verification images	2026-09-30T00:54:16.6627845Z #58 [grafana stage-3 1/3] FROM docker.io/grafana/grafana:13.2.3@sha256:b28bae15e219c998fb0e0424ed724930cc61b1f61fb404d47c862f9a23f9e572
repository	Build runtime and verification images	2026-09-30T00:54:16.6629976Z #58 resolve docker.io/grafana/grafana:13.2.3@sha256:b28bae15e219c998fb0e0424ed724930cc61b1f61fb404d47c862f9a23f9e572 0.0s done
repository	Build runtime and verification images	2026-09-30T00:54:16.6632418Z #58 sha256:fe28f8795cacedcab7a315750dc2ad6bb6f7b63ac720525cb76b15b6647a28c4 6.68kB / 6.68kB done
repository	Build runtime and verification images	2026-09-30T00:54:16.6633912Z #58 sha256:d84563330dc9d2fd2bc096d0fb96021b5319c75bf6ed555566709998e823dec4 2.62kB / 2.62kB done
repository	Build runtime and verification images	2026-09-30T00:54:16.6635720Z #58 sha256:e2de96513ba9eb53b431787ec8a65cdde380ac4772a3e4c4b714dcfde2a102b5 3.85MB / 3.85MB 0.0s done
repository	Build runtime and verification images	2026-09-30T00:54:16.6637534Z #58 sha256:b28bae15e219c998fb0e0424ed724930cc61b1f61fb404d47c862f9a23f9e572 1.08kB / 1.08kB done
repository	Build runtime and verification images	2026-09-30T00:54:16.6639265Z #58 sha256:4f4fb700ef54461cfa02571ae0db9a0dc1e0cdb5577484a6d75e68dc38e8acc1 32B / 32B 1.6s done
repository	Build runtime and verification images	2026-09-30T00:54:16.6640951Z #58 sha256:ea451e312748b0a8e119e2265016b9cdddb6a7a83c5144ac9e828496057fdf30 139B / 139B 3.0s done
repository	Build runtime and verification images	2026-09-30T00:54:16.6642885Z #58 extracting sha256:ea451e312748b0a8e119e2265016b9cdddb6a7a83c5144ac9e828496057fdf30 done
repository	Build runtime and verification images	2026-09-30T00:54:16.6644701Z #58 sha256:ba2ecfd3c6207f59fbb0d26b118bc890d4a22c1c274435ea815bd875c5dec847 76.01kB / 76.01kB 3.1s done
repository	Build runtime and verification images	2026-09-30T00:54:16.6646596Z #58 sha256:91f414527dad6e0335deebfade823c3fa8ea9fb5d1dda97728668bc27bacab39 8.73MB / 8.73MB 3.3s done
repository	Build runtime and verification images	2026-09-30T00:54:16.6648497Z #58 sha256:5af7baea3f4a5c8845b4977de2bf0567d1f8802e92b3d20abe271335ad0647ca 6.81MB / 6.81MB 3.1s done
repository	Build runtime and verification images	2026-09-30T00:54:16.6650247Z #58 extracting sha256:5af7baea3f4a5c8845b4977de2bf0567d1f8802e92b3d20abe271335ad0647ca 1.6s done
repository	Build runtime and verification images	2026-09-30T00:54:16.6652355Z #58 sha256:b34ebaea0ada4ab4979de028f66355cfe3d341fb8a81dfe415ff8f7775716a3c 303.81MB / 303.81MB 4.9s done
repository	Build runtime and verification images	2026-09-30T00:54:16.6654195Z #58 sha256:d5e91d35e4a0310edaf73ff355499d14f0968929573c3bc7f018f946bd2e4fb7 32.56kB / 32.56kB 3.2s done
repository	Build runtime and verification images	2026-09-30T00:54:16.6656024Z #58 sha256:0ea8972a4a11f27e407b011251ef6db2ed2663d96a65dbec09b44d7a30b36308 158.95MB / 158.95MB 4.6s done
repository	Build runtime and verification images	2026-09-30T00:54:16.6657776Z #58 sha256:bb9dbccd408535fffb7077f8e668ae564935b6ac3df574e500e0921b53abf9a4 182B / 182B 3.4s done
repository	Build runtime and verification images	2026-09-30T00:54:16.6659595Z #58 sha256:37bc7484dfb53c48ac14627eb97b1bafafed58d6b5fc804203e4728d233cfc8b 1.33kB / 1.33kB 3.5s done
repository	Build runtime and verification images	2026-09-30T00:54:16.6661636Z #58 extracting sha256:91f414527dad6e0335deebfade823c3fa8ea9fb5d1dda97728668bc27bacab39 0.4s done
repository	Build runtime and verification images	2026-09-30T00:54:16.6663368Z #58 extracting sha256:ba2ecfd3c6207f59fbb0d26b118bc890d4a22c1c274435ea815bd875c5dec847 done
repository	Build runtime and verification images	2026-09-30T00:54:16.6664994Z #58 extracting sha256:d5e91d35e4a0310edaf73ff355499d14f0968929573c3bc7f018f946bd2e4fb7 done
repository	Build runtime and verification images	2026-09-30T00:54:16.6668660Z #58 extracting sha256:b34ebaea0ada4ab4979de028f66355cfe3d341fb8a81dfe415ff8f7775716a3c 4.3s
repository	Build runtime and verification images	2026-09-30T00:54:18.1727057Z #58 ...
repository	Build runtime and verification images	2026-09-30T00:54:18.1727653Z 
repository	Build runtime and verification images	2026-09-30T00:54:18.1730070Z #57 [migrate runtime-base 4/4] RUN pip install --no-cache-dir --only-binary=:all: --require-hashes -r requirements.lock     && useradd --create-home --uid 1000 azaeron
repository	Build runtime and verification images	2026-09-30T00:54:18.1732523Z #57 2.748 Collecting alembic==1.14.0 (from -r requirements.lock (line 3))
repository	Build runtime and verification images	2026-09-30T00:54:18.2779904Z #57 2.784   Downloading alembic-1.14.0-py3-none-any.whl (233 kB)
repository	Build runtime and verification images	2026-09-30T00:54:18.2783011Z #57 2.834 Collecting amqp==5.4.0 (from -r requirements.lock (line 7))
repository	Build runtime and verification images	2026-09-30T00:54:18.2784695Z #57 2.840   Downloading amqp-5.4.0-py3-none-any.whl (51 kB)
repository	Build runtime and verification images	2026-09-30T00:54:18.3780566Z #57 2.853 Collecting annotated-doc==0.0.5 (from -r requirements.lock (line 11))
repository	Build runtime and verification images	2026-09-30T00:54:18.3782934Z #57 2.862   Downloading annotated_doc-0.0.5-py3-none-any.whl (5.3 kB)
repository	Build runtime and verification images	2026-09-30T00:54:18.3785233Z #57 2.872 Collecting annotated-types==0.8.0 (from -r requirements.lock (line 15))
repository	Build runtime and verification images	2026-09-30T00:54:18.3786789Z #57 2.900   Downloading annotated_types-0.8.0-py3-none-any.whl (13 kB)
repository	Build runtime and verification images	2026-09-30T00:54:18.3788130Z #57 2.926 Collecting anyio==4.15.1 (from -r requirements.lock (line 19))
repository	Build runtime and verification images	2026-09-30T00:54:18.3789384Z #57 2.930   Downloading anyio-4.15.1-py3-none-any.whl (132 kB)
repository	Build runtime and verification images	2026-09-30T00:54:18.5023912Z #57 2.953 Collecting argon2-cffi==25.1.0 (from -r requirements.lock (line 26))
repository	Build runtime and verification images	2026-09-30T00:54:18.5025261Z #57 2.960   Downloading argon2_cffi-25.1.0-py3-none-any.whl (14 kB)
repository	Build runtime and verification images	2026-09-30T00:54:18.5026820Z #57 2.976 Collecting argon2-cffi-bindings==26.1.0 (from -r requirements.lock (line 30))
repository	Build runtime and verification images	2026-09-30T00:54:18.5028819Z #57 2.980   Downloading argon2_cffi_bindings-26.1.0-cp310-abi3-manylinux_2_26_x86_64.manylinux_2_28_x86_64.whl (26 kB)
repository	Build runtime and verification images	2026-09-30T00:54:18.5030502Z #57 3.005 Collecting asgiref==3.12.1 (from -r requirements.lock (line 73))
repository	Build runtime and verification images	2026-09-30T00:54:18.5032064Z #57 3.010   Downloading asgiref-3.12.1-py3-none-any.whl (25 kB)
repository	Build runtime and verification images	2026-09-30T00:54:18.6221324Z #57 3.077 Collecting asyncpg==0.30.0 (from -r requirements.lock (line 77))
repository	Build runtime and verification images	2026-09-30T00:54:18.6223506Z #57 3.085   Downloading asyncpg-0.30.0-cp312-cp312-manylinux_2_17_x86_64.manylinux2014_x86_64.whl (3.6 MB)
repository	Build runtime and verification images	2026-09-30T00:54:18.6225517Z #57 3.130      ━━━━━━━━━━━━━━━━━━━━━━━━━━━━━━━━━━━━━━━━ 3.6/3.6 MB 109.7 MB/s eta 0:00:00
repository	Build runtime and verification images	2026-09-30T00:54:18.7259907Z #57 3.226 Collecting bcrypt==4.0.1 (from -r requirements.lock (line 128))
repository	Build runtime and verification images	2026-09-30T00:54:18.7261551Z #57 3.231   Downloading bcrypt-4.0.1-cp36-abi3-manylinux_2_28_x86_64.whl (593 kB)
repository	Build runtime and verification images	2026-09-30T00:54:18.7263614Z #57 3.252      ━━━━━━━━━━━━━━━━━━━━━━━━━━━━━━━━━━━━━ 593.7/593.7 kB 484.4 MB/s eta 0:00:00
repository	Build runtime and verification images	2026-09-30T00:54:18.7265083Z #57 3.271 Collecting beautifulsoup4==4.12.3 (from -r requirements.lock (line 151))
repository	Build runtime and verification images	2026-09-30T00:54:18.7266385Z #57 3.276   Downloading beautifulsoup4-4.12.3-py3-none-any.whl (147 kB)
repository	Build runtime and verification images	2026-09-30T00:54:18.8409963Z #57 3.301 Collecting billiard==4.3.0 (from -r requirements.lock (line 155))
repository	Build runtime and verification images	2026-09-30T00:54:18.8413119Z #57 3.306   Downloading billiard-4.3.0-py3-none-any.whl (88 kB)
repository	Build runtime and verification images	2026-09-30T00:54:18.8415112Z #57 3.348 Collecting celery==5.4.0 (from -r requirements.lock (line 159))
repository	Build runtime and verification images	2026-09-30T00:54:18.8416424Z #57 3.352   Downloading celery-5.4.0-py3-none-any.whl (425 kB)
repository	Build runtime and verification images	2026-09-30T00:54:18.9999075Z #57 3.416 Collecting certifi==2026.7.22 (from -r requirements.lock (line 163))
repository	Build runtime and verification images	2026-09-30T00:54:19.0001308Z #57 3.421   Downloading certifi-2026.7.22-py3-none-any.whl (136 kB)
repository	Build runtime and verification images	2026-09-30T00:54:19.1594466Z #57 3.638 Collecting cffi==2.1.1 (from -r requirements.lock (line 170))
repository	Build runtime and verification images	2026-09-30T00:54:19.1596987Z #57 3.645   Downloading cffi-2.1.1-cp312-cp312-manylinux2014_x86_64.manylinux_2_17_x86_64.whl (221 kB)
repository	Build runtime and verification images	2026-09-30T00:54:19.2627048Z #57 3.828 Collecting charset-normalizer==3.5.1 (from -r requirements.lock (line 274))
repository	Build runtime and verification images	2026-09-30T00:54:19.3644617Z #57 3.841   Downloading charset_normalizer-3.5.1-cp312-cp312-manylinux2014_x86_64.manylinux_2_17_x86_64.manylinux_2_28_x86_64.whl (248 kB)
repository	Build runtime and verification images	2026-09-30T00:54:19.3648139Z #57 3.873 Collecting click==8.5.0 (from -r requirements.lock (line 448))
repository	Build runtime and verification images	2026-09-30T00:54:19.3649507Z #57 3.881   Downloading click-8.5.0-py3-none-any.whl (125 kB)
repository	Build runtime and verification images	2026-09-30T00:54:19.3650684Z #57 3.899 Collecting click-didyoumean==0.3.1 (from -r requirements.lock (line 457))
repository	Build runtime and verification images	2026-09-30T00:54:19.3652495Z #57 3.904   Downloading click_didyoumean-0.3.1-py3-none-any.whl (3.6 kB)
repository	Build runtime and verification images	2026-09-30T00:54:19.3653588Z #57 3.915 Collecting click-plugins==1.1.1.2 (from -r requirements.lock (line 461))
repository	Build runtime and verification images	2026-09-30T00:54:19.3654653Z #57 3.920   Downloading click_plugins-1.1.1.2-py2.py3-none-any.whl (11 kB)
repository	Build runtime and verification images	2026-09-30T00:54:19.3655669Z #57 3.933 Collecting click-repl==0.4.0 (from -r requirements.lock (line 465))
repository	Build runtime and verification images	2026-09-30T00:54:19.6120342Z #57 3.939   Downloading click_repl-0.4.0-py3-none-any.whl (14 kB)
repository	Build runtime and verification images	2026-09-30T00:54:19.9629438Z #57 4.427 Collecting cryptography==50.0.1 (from -r requirements.lock (line 469))
repository	Build runtime and verification images	2026-09-30T00:54:19.9632479Z #57 4.438   Downloading cryptography-50.0.1-cp311-abi3-manylinux_2_34_x86_64.whl (4.7 MB)
repository	Build runtime and verification images	2026-09-30T00:54:19.9634171Z #57 4.456      ━━━━━━━━━━━━━━━━━━━━━━━━━━━━━━━━━━━━━━━━ 4.7/4.7 MB 281.3 MB/s eta 0:00:00
repository	Build runtime and verification images	2026-09-30T00:54:19.9635276Z #57 4.477 Collecting deprecated==1.3.1 (from -r requirements.lock (line 519))
repository	Build runtime and verification images	2026-09-30T00:54:19.9638588Z #57 4.482   Downloading deprecated-1.3.1-py2.py3-none-any.whl (11 kB)
repository	Build runtime and verification images	2026-09-30T00:54:19.9639735Z #57 4.508 Collecting dnspython==2.8.0 (from -r requirements.lock (line 526))
repository	Build runtime and verification images	2026-09-30T00:54:19.9640757Z #57 4.519   Downloading dnspython-2.8.0-py3-none-any.whl (331 kB)
repository	Build runtime and verification images	2026-09-30T00:54:20.0891539Z #57 4.538 Collecting email-validator==2.2.0 (from -r requirements.lock (line 530))
repository	Build runtime and verification images	2026-09-30T00:54:20.0893436Z #57 4.542   Downloading email_validator-2.2.0-py3-none-any.whl (33 kB)
repository	Build runtime and verification images	2026-09-30T00:54:20.0894544Z #57 4.621 Collecting fastapi==0.141.1 (from -r requirements.lock (line 534))
repository	Build runtime and verification images	2026-09-30T00:54:20.0895524Z #57 4.626   Downloading fastapi-0.141.1-py3-none-any.whl (131 kB)
repository	Build runtime and verification images	2026-09-30T00:54:20.2435264Z #57 4.664 Collecting googleapis-common-protos==1.75.0 (from -r requirements.lock (line 538))
repository	Build runtime and verification images	2026-09-30T00:54:20.2437359Z #57 4.667   Downloading googleapis_common_protos-1.75.0-py3-none-any.whl (300 kB)
repository	Build runtime and verification images	2026-09-30T00:54:20.4036379Z #57 4.932 Collecting greenlet==3.5.6 (from -r requirements.lock (line 542))
repository	Build runtime and verification images	2026-09-30T00:54:20.4042232Z #57 4.939   Downloading greenlet-3.5.6-cp312-cp312-manylinux_2_24_x86_64.manylinux_2_28_x86_64.whl (621 kB)
repository	Build runtime and verification images	2026-09-30T00:54:20.4044197Z #57 4.947      ━━━━━━━━━━━━━━━━━━━━━━━━━━━━━━━━━━━━━ 621.4/621.4 kB 129.3 MB/s eta 0:00:00
repository	Build runtime and verification images	2026-09-30T00:54:21.3929152Z #57 5.852 Collecting grpcio==1.84.0 (from -r requirements.lock (line 623))
repository	Build runtime and verification images	2026-09-30T00:54:21.3930983Z #57 5.857   Downloading grpcio-1.84.0-cp312-cp312-manylinux2014_x86_64.manylinux_2_17_x86_64.whl (7.2 MB)
repository	Build runtime and verification images	2026-09-30T00:54:21.3933380Z #57 5.903      ━━━━━━━━━━━━━━━━━━━━━━━━━━━━━━━━━━━━━━━━ 7.2/7.2 MB 257.7 MB/s eta 0:00:00
repository	Build runtime and verification images	2026-09-30T00:54:21.3934640Z #57 5.925 Collecting h11==0.16.0 (from -r requirements.lock (line 686))
repository	Build runtime and verification images	2026-09-30T00:54:21.3936014Z #57 5.930   Downloading h11-0.16.0-py3-none-any.whl (37 kB)
repository	Build runtime and verification images	2026-09-30T00:54:21.5077030Z #57 5.968 Collecting httpcore==1.0.9 (from -r requirements.lock (line 692))
repository	Build runtime and verification images	2026-09-30T00:54:21.5078529Z #57 5.976   Downloading httpcore-1.0.9-py3-none-any.whl (78 kB)
repository	Build runtime and verification images	2026-09-30T00:54:21.5080136Z #57 6.042 Collecting httptools==0.8.0 (from -r requirements.lock (line 696))
repository	Build runtime and verification images	2026-09-30T00:54:21.5082237Z #57 6.056   Downloading httptools-0.8.0-cp312-cp312-manylinux1_x86_64.manylinux_2_28_x86_64.manylinux_2_5_x86_64.whl (523 kB)
repository	Build runtime and verification images	2026-09-30T00:54:21.5084019Z #57 6.081 Collecting httpx==0.27.0 (from -r requirements.lock (line 748))
repository	Build runtime and verification images	2026-09-30T00:54:21.6281150Z #57 6.108   Downloading httpx-0.27.0-py3-none-any.whl (75 kB)
repository	Build runtime and verification images	2026-09-30T00:54:21.6282807Z #57 6.124 Collecting idna==3.20 (from -r requirements.lock (line 752))
repository	Build runtime and verification images	2026-09-30T00:54:21.6283724Z #57 6.130   Downloading idna-3.20-py3-none-any.whl (69 kB)
repository	Build runtime and verification images	2026-09-30T00:54:21.6284751Z #57 6.203 Collecting importlib-metadata==8.5.0 (from -r requirements.lock (line 759))
repository	Build runtime and verification images	2026-09-30T00:54:21.8683204Z #57 6.207   Downloading importlib_metadata-8.5.0-py3-none-any.whl (26 kB)
repository	Build runtime and verification images	2026-09-30T00:54:21.8712535Z #57 6.230 Collecting itsdangerous==2.2.0 (from -r requirements.lock (line 763))
repository	Build runtime and verification images	2026-09-30T00:54:21.8732233Z #57 6.240   Downloading itsdangerous-2.2.0-py3-none-any.whl (16 kB)
repository	Build runtime and verification images	2026-09-30T00:54:21.8742350Z #57 6.277 Collecting kombu==5.6.2 (from -r requirements.lock (line 767))
repository	Build runtime and verification images	2026-09-30T00:54:21.8769536Z #57 6.281   Downloading kombu-5.6.2-py3-none-any.whl (214 kB)
repository	Build runtime and verification images	2026-09-30T00:54:22.0172700Z #57 ...
repository	Build runtime and verification images	2026-09-30T00:54:22.0201962Z 
repository	Build runtime and verification images	2026-09-30T00:54:22.0214194Z #38 [minio client-build 1/6] FROM docker.io/library/golang:1.26.8-alpine3.24@sha256:8ac98ca534ac3f51e1f420a1dd2c15e74c75cfa0f23f3ad27eb5d7236c349a0c
repository	Build runtime and verification images	2026-09-30T00:54:22.0242460Z #38 extracting sha256:2cb3e687d353c47479f7eb82d6cc1b230f1d252bfefaddbeec9d3de57edf5d49 12.6s
repository	Build runtime and verification images	2026-09-30T00:54:22.3962667Z #38 ...
repository	Build runtime and verification images	2026-09-30T00:54:22.3981742Z 
repository	Build runtime and verification images	2026-09-30T00:54:22.4003271Z #57 [migrate runtime-base 4/4] RUN pip install --no-cache-dir --only-binary=:all: --require-hashes -r requirements.lock     && useradd --create-home --uid 1000 azaeron
repository	Build runtime and verification images	2026-09-30T00:54:22.4032345Z #57 6.822 Collecting lxml==6.1.3 (from -r requirements.lock (line 771))
repository	Build runtime and verification images	2026-09-30T00:54:22.4048860Z #57 6.828   Downloading lxml-6.1.3-cp312-cp312-manylinux_2_26_x86_64.manylinux_2_28_x86_64.whl (5.2 MB)
repository	Build runtime and verification images	2026-09-30T00:54:22.4055646Z #57 6.852      ━━━━━━━━━━━━━━━━━━━━━━━━━━━━━━━━━━━━━━━━ 5.2/5.2 MB 305.2 MB/s eta 0:00:00
repository	Build runtime and verification images	2026-09-30T00:54:22.4057168Z #57 6.880 Collecting mako==1.4.1 (from -r requirements.lock (line 949))
repository	Build runtime and verification images	2026-09-30T00:54:22.4058372Z #57 6.887   Downloading mako-1.4.1-py3-none-any.whl (80 kB)
repository	Build runtime and verification images	2026-09-30T00:54:22.5358741Z #57 6.982 Collecting markupsafe==3.0.3 (from -r requirements.lock (line 953))
repository	Build runtime and verification images	2026-09-30T00:54:22.5360664Z #57 6.988   Downloading markupsafe-3.0.3-cp312-cp312-manylinux2014_x86_64.manylinux_2_17_x86_64.manylinux_2_28_x86_64.whl (22 kB)
repository	Build runtime and verification images	2026-09-30T00:54:22.5362694Z #57 7.023 Collecting minio==7.2.12 (from -r requirements.lock (line 1044))
repository	Build runtime and verification images	2026-09-30T00:54:22.5363941Z #57 7.028   Downloading minio-7.2.12-py3-none-any.whl (94 kB)
repository	Build runtime and verification images	2026-09-30T00:54:22.8594339Z #57 7.329 Collecting numpy==2.5.3 (from -r requirements.lock (line 1048))
repository	Build runtime and verification images	2026-09-30T00:54:22.8595212Z #57 7.338   Downloading numpy-2.5.3-cp312-cp312-manylinux_2_27_x86_64.manylinux_2_28_x86_64.whl (16.7 MB)
repository	Build runtime and verification images	2026-09-30T00:54:22.8596217Z #57 7.382      ━━━━━━━━━━━━━━━━━━━━━━━━━━━━━━━━━━━━━━━ 16.7/16.7 MB 408.6 MB/s eta 0:00:00
repository	Build runtime and verification images	2026-09-30T00:54:22.9743165Z #57 7.434 Collecting opentelemetry-api==1.28.0 (from -r requirements.lock (line 1116))
repository	Build runtime and verification images	2026-09-30T00:54:22.9744634Z #57 7.443   Downloading opentelemetry_api-1.28.0-py3-none-any.whl (64 kB)
repository	Build runtime and verification images	2026-09-30T00:54:22.9746148Z #57 7.461 Collecting opentelemetry-exporter-otlp-proto-common==1.28.0 (from -r requirements.lock (line 1127))
repository	Build runtime and verification images	2026-09-30T00:54:22.9747676Z #57 7.467   Downloading opentelemetry_exporter_otlp_proto_common-1.28.0-py3-none-any.whl (18 kB)
repository	Build runtime and verification images	2026-09-30T00:54:22.9749173Z #57 7.497 Collecting opentelemetry-exporter-otlp-proto-grpc==1.28.0 (from -r requirements.lock (line 1131))
repository	Build runtime and verification images	2026-09-30T00:54:22.9750979Z #57 7.507   Downloading opentelemetry_exporter_otlp_proto_grpc-1.28.0-py3-none-any.whl (18 kB)
repository	Build runtime and verification images	2026-09-30T00:54:22.9752785Z #57 7.529 Collecting opentelemetry-instrumentation==0.49b0 (from -r requirements.lock (line 1135))
repository	Build runtime and verification images	2026-09-30T00:54:22.9754118Z #57 7.533   Downloading opentelemetry_instrumentation-0.49b0-py3-none-any.whl (30 kB)
repository	Build runtime and verification images	2026-09-30T00:54:23.0745515Z #57 7.557 Collecting opentelemetry-instrumentation-asgi==0.49b0 (from -r requirements.lock (line 1141))
repository	Build runtime and verification images	2026-09-30T00:54:23.0747115Z #57 7.563   Downloading opentelemetry_instrumentation_asgi-0.49b0-py3-none-any.whl (16 kB)
repository	Build runtime and verification images	2026-09-30T00:54:23.0748757Z #57 7.588 Collecting opentelemetry-instrumentation-fastapi==0.49b0 (from -r requirements.lock (line 1145))
repository	Build runtime and verification images	2026-09-30T00:54:23.0750276Z #57 7.593   Downloading opentelemetry_instrumentation_fastapi-0.49b0-py3-none-any.whl (12 kB)
repository	Build runtime and verification images	2026-09-30T00:54:23.0752012Z #57 7.614 Collecting opentelemetry-proto==1.28.0 (from -r requirements.lock (line 1149))
repository	Build runtime and verification images	2026-09-30T00:54:23.0753241Z #57 7.621   Downloading opentelemetry_proto-1.28.0-py3-none-any.whl (55 kB)
repository	Build runtime and verification images	2026-09-30T00:54:23.0754390Z #57 7.644 Collecting opentelemetry-sdk==1.28.0 (from -r requirements.lock (line 1155))
repository	Build runtime and verification images	2026-09-30T00:54:23.1746775Z #57 7.651   Downloading opentelemetry_sdk-1.28.0-py3-none-any.whl (118 kB)
repository	Build runtime and verification images	2026-09-30T00:54:23.1756517Z #57 7.672 Collecting opentelemetry-semantic-conventions==0.49b0 (from -r requirements.lock (line 1161))
repository	Build runtime and verification images	2026-09-30T00:54:23.1767489Z #57 7.677   Downloading opentelemetry_semantic_conventions-0.49b0-py3-none-any.whl (159 kB)
repository	Build runtime and verification images	2026-09-30T00:54:23.1769168Z #57 7.697 Collecting opentelemetry-util-http==0.49b0 (from -r requirements.lock (line 1169))
repository	Build runtime and verification images	2026-09-30T00:54:23.1771030Z #57 7.701   Downloading opentelemetry_util_http-0.49b0-py3-none-any.whl (6.9 kB)
repository	Build runtime and verification images	2026-09-30T00:54:23.1772722Z #57 7.721 Collecting packaging==26.3 (from -r requirements.lock (line 1175))
repository	Build runtime and verification images	2026-09-30T00:54:23.1773946Z #57 7.725   Downloading packaging-26.3-py3-none-any.whl (129 kB)
repository	Build runtime and verification images	2026-09-30T00:54:23.1775278Z #57 7.749 Collecting pdfminer-six==20260107 (from -r requirements.lock (line 1181))
repository	Build runtime and verification images	2026-09-30T00:54:23.2969495Z #57 7.754   Downloading pdfminer_six-20260107-py3-none-any.whl (6.6 MB)
repository	Build runtime and verification images	2026-09-30T00:54:23.2971700Z #57 7.791      ━━━━━━━━━━━━━━━━━━━━━━━━━━━━━━━━━━━━━━━━ 6.6/6.6 MB 218.4 MB/s eta 0:00:00
repository	Build runtime and verification images	2026-09-30T00:54:23.2973080Z #57 7.816 Collecting pdfplumber==0.11.10 (from -r requirements.lock (line 1185))
repository	Build runtime and verification images	2026-09-30T00:54:23.2974345Z #57 7.822   Downloading pdfplumber-0.11.10-py3-none-any.whl (60 kB)
repository	Build runtime and verification images	2026-09-30T00:54:23.2975597Z #57 7.837 Collecting pgvector==0.3.0 (from -r requirements.lock (line 1189))
repository	Build runtime and verification images	2026-09-30T00:54:23.2976773Z #57 7.846   Downloading pgvector-0.3.0-py2.py3-none-any.whl (23 kB)
repository	Build runtime and verification images	2026-09-30T00:54:23.5908006Z #57 8.058 Collecting pillow==12.3.0 (from -r requirements.lock (line 1192))
repository	Build runtime and verification images	2026-09-30T00:54:23.5916046Z #57 8.063   Downloading pillow-12.3.0-cp312-cp312-manylinux_2_27_x86_64.manylinux_2_28_x86_64.whl (6.9 MB)
repository	Build runtime and verification images	2026-09-30T00:54:23.7062970Z #57 8.174      ━━━━━━━━━━━━━━━━━━━━━━━━━━━━━━━━━━━━━━━━ 6.9/6.9 MB 61.8 MB/s eta 0:00:00
repository	Build runtime and verification images	2026-09-30T00:54:23.7065127Z #57 8.202 Collecting prometheus-client==0.21.0 (from -r requirements.lock (line 1281))
repository	Build runtime and verification images	2026-09-30T00:54:23.7066994Z #57 8.207   Downloading prometheus_client-0.21.0-py3-none-any.whl (54 kB)
repository	Build runtime and verification images	2026-09-30T00:54:23.7069365Z #57 8.234 Collecting prompt-toolkit==3.0.53 (from -r requirements.lock (line 1285))
repository	Build runtime and verification images	2026-09-30T00:54:23.7070975Z #57 8.281   Downloading prompt_toolkit-3.0.53-py3-none-any.whl (392 kB)
repository	Build runtime and verification images	2026-09-30T00:54:24.0368325Z #57 8.483 Collecting protobuf==5.29.6 (from -r requirements.lock (line 1289))
repository	Build runtime and verification images	2026-09-30T00:54:24.0369759Z #57 8.496   Downloading protobuf-5.29.6-cp38-abi3-manylinux2014_x86_64.whl (320 kB)
repository	Build runtime and verification images	2026-09-30T00:54:24.0371093Z #57 8.514 Collecting pycparser==3.0 (from -r requirements.lock (line 1304))
repository	Build runtime and verification images	2026-09-30T00:54:24.0381300Z #57 8.520   Downloading pycparser-3.0-py3-none-any.whl (48 kB)
repository	Build runtime and verification images	2026-09-30T00:54:24.2607972Z #57 ...
repository	Build runtime and verification images	2026-09-30T00:54:24.2608408Z 
repository	Build runtime and verification images	2026-09-30T00:54:24.2609767Z #38 [minio client-build 1/6] FROM docker.io/library/golang:1.26.8-alpine3.24@sha256:8ac98ca534ac3f51e1f420a1dd2c15e74c75cfa0f23f3ad27eb5d7236c349a0c
repository	Build runtime and verification images	2026-09-30T00:54:24.2612321Z #38 extracting sha256:2cb3e687d353c47479f7eb82d6cc1b230f1d252bfefaddbeec9d3de57edf5d49 14.1s done
repository	Build runtime and verification images	2026-09-30T00:54:24.2614011Z #38 extracting sha256:68ed9cc945387f62e6993f95484c65db531f4a4c6c076363d90fd1d575e36633 done
repository	Build runtime and verification images	2026-09-30T00:54:24.2615525Z #38 extracting sha256:4f4fb700ef54461cfa02571ae0db9a0dc1e0cdb5577484a6d75e68dc38e8acc1 done
repository	Build runtime and verification images	2026-09-30T00:54:24.2616569Z #38 DONE 17.5s
repository	Build runtime and verification images	2026-09-30T00:54:24.2616933Z 
repository	Build runtime and verification images	2026-09-30T00:54:24.2618350Z #57 [migrate runtime-base 4/4] RUN pip install --no-cache-dir --only-binary=:all: --require-hashes -r requirements.lock     && useradd --create-home --uid 1000 azaeron
repository	Build runtime and verification images	2026-09-30T00:54:24.2624831Z #57 8.645 Collecting pycryptodome==3.23.0 (from -r requirements.lock (line 1308))
repository	Build runtime and verification images	2026-09-30T00:54:24.2629384Z #57 8.671   Downloading pycryptodome-3.23.0-cp37-abi3-manylinux_2_17_x86_64.manylinux2014_x86_64.whl (2.3 MB)
repository	Build runtime and verification images	2026-09-30T00:54:24.2631926Z #57 8.682      ━━━━━━━━━━━━━━━━━━━━━━━━━━━━━━━━━━━━━━━━ 2.3/2.3 MB 317.7 MB/s eta 0:00:00
repository	Build runtime and verification images	2026-09-30T00:54:24.2635511Z #57 ...
repository	Build runtime and verification images	2026-09-30T00:54:24.2637786Z 
repository	Build runtime and verification images	2026-09-30T00:54:24.2638264Z #59 [frontend builder 4/7] RUN npm ci
repository	Build runtime and verification images	2026-09-30T00:54:24.2927046Z #59 ...
repository	Build runtime and verification images	2026-09-30T00:54:24.2930087Z 
repository	Build runtime and verification images	2026-09-30T00:54:24.2930698Z #60 [minio client-build 2/6] WORKDIR /src
repository	Build runtime and verification images	2026-09-30T00:54:25.4537245Z #60 DONE 1.2s
repository	Build runtime and verification images	2026-09-30T00:54:25.4538169Z 
repository	Build runtime and verification images	2026-09-30T00:54:25.4540284Z #61 [minio-init client-build 3/6] ADD --checksum=sha256:4cea8ed209c8f96e59ea1a5cc4901019b54c2be6d6f5f16c6749ea8bdcf4172e https://codeload.github.com/minio/mc/tar.gz/d6541ea280b73a834b64d4097e21f2be77676104 /tmp/source.tgz
repository	Build runtime and verification images	2026-09-30T00:54:25.4543131Z #61 DONE 0.0s
repository	Build runtime and verification images	2026-09-30T00:54:25.4543515Z 
repository	Build runtime and verification images	2026-09-30T00:54:25.4545398Z #62 [minio server-build 3/6] ADD --checksum=sha256:09ffb1ddfa9636348f8d029f9680bb086840dccf9d34370e8462151d28e95f97 https://codeload.github.com/minio/minio/tar.gz/5aebb3970e132ca231508152c0333cb223c83d70 /tmp/source.tgz
repository	Build runtime and verification images	2026-09-30T00:54:25.4547172Z #62 DONE 0.1s
repository	Build runtime and verification images	2026-09-30T00:54:25.4547513Z 
repository	Build runtime and verification images	2026-09-30T00:54:25.4548351Z #63 [minio server-build 4/6] RUN tar -xzf /tmp/source.tgz --strip-components=1 && rm /tmp/source.tgz
repository	Build runtime and verification images	2026-09-30T00:54:26.1988447Z #63 ...
repository	Build runtime and verification images	2026-09-30T00:54:26.1989555Z 
repository	Build runtime and verification images	2026-09-30T00:54:26.1990719Z #64 [minio-init client-build 4/6] RUN tar -xzf /tmp/source.tgz --strip-components=1 && rm /tmp/source.tgz
repository	Build runtime and verification images	2026-09-30T00:54:26.1992138Z #64 DONE 0.7s
repository	Build runtime and verification images	2026-09-30T00:54:26.3426960Z 
repository	Build runtime and verification images	2026-09-30T00:54:26.3428940Z #57 [migrate runtime-base 4/4] RUN pip install --no-cache-dir --only-binary=:all: --require-hashes -r requirements.lock     && useradd --create-home --uid 1000 azaeron
repository	Build runtime and verification images	2026-09-30T00:54:26.3431200Z #57 9.042 Collecting pydantic==2.13.5 (from -r requirements.lock (line 1351))
repository	Build runtime and verification images	2026-09-30T00:54:26.3432828Z #57 9.046   Downloading pydantic-2.13.5-py3-none-any.whl (472 kB)
repository	Build runtime and verification images	2026-09-30T00:54:26.3434178Z #57 10.14 Collecting pydantic-core==2.46.5 (from -r requirements.lock (line 1358))
repository	Build runtime and verification images	2026-09-30T00:54:26.3435800Z #57 10.15   Downloading pydantic_core-2.46.5-cp312-cp312-manylinux_2_17_x86_64.manylinux2014_x86_64.whl (2.1 MB)
repository	Build runtime and verification images	2026-09-30T00:54:26.3437772Z #57 10.16      ━━━━━━━━━━━━━━━━━━━━━━━━━━━━━━━━━━━━━━━━ 2.1/2.1 MB 332.6 MB/s eta 0:00:00
repository	Build runtime and verification images	2026-09-30T00:54:26.3439113Z #57 10.18 Collecting pydantic-settings==2.15.0 (from -r requirements.lock (line 1480))
repository	Build runtime and verification images	2026-09-30T00:54:26.3440534Z #57 10.18   Downloading pydantic_settings-2.15.0-py3-none-any.whl (69 kB)
repository	Build runtime and verification images	2026-09-30T00:54:26.3442233Z #57 10.21 Collecting pyjwt==2.14.0 (from -r requirements.lock (line 1484))
repository	Build runtime and verification images	2026-09-30T00:54:26.3443453Z #57 10.21   Downloading pyjwt-2.14.0-py3-none-any.whl (32 kB)
repository	Build runtime and verification images	2026-09-30T00:54:26.3444509Z #57 10.39 Collecting pypdfium2==5.13.0 (from -r requirements.lock (line 1488))
repository	Build runtime and verification images	2026-09-30T00:54:26.3445810Z #57 10.40   Downloading pypdfium2-5.13.0-py3-none-manylinux_2_17_x86_64.manylinux2014_x86_64.whl (3.7 MB)
repository	Build runtime and verification images	2026-09-30T00:54:26.3447139Z #57 10.41      ━━━━━━━━━━━━━━━━━━━━━━━━━━━━━━━━━━━━━━━━ 3.7/3.7 MB 420.9 MB/s eta 0:00:00
repository	Build runtime and verification images	2026-09-30T00:54:26.3448471Z #57 10.44 Collecting pyphen==0.18.1 (from -r requirements.lock (line 1512))
repository	Build runtime and verification images	2026-09-30T00:54:26.3449395Z #57 10.44   Downloading pyphen-0.18.1-py3-none-any.whl (2.1 MB)
repository	Build runtime and verification images	2026-09-30T00:54:26.3450378Z #57 10.50      ━━━━━━━━━━━━━━━━━━━━━━━━━━━━━━━━━━━━━━━━ 2.1/2.1 MB 256.3 MB/s eta 0:00:00
repository	Build runtime and verification images	2026-09-30T00:54:26.3451617Z #57 10.53 Collecting python-dateutil==2.9.0 (from -r requirements.lock (line 1516))
repository	Build runtime and verification images	2026-09-30T00:54:26.3452804Z #57 10.54   Downloading python_dateutil-2.9.0-py2.py3-none-any.whl (230 kB)
repository	Build runtime and verification images	2026-09-30T00:54:26.3453988Z #57 10.55 Collecting python-docx==1.1.2 (from -r requirements.lock (line 1522))
repository	Build runtime and verification images	2026-09-30T00:54:26.3455340Z #57 10.55   Downloading python_docx-1.1.2-py3-none-any.whl (244 kB)
repository	Build runtime and verification images	2026-09-30T00:54:26.3456387Z #57 10.59 Collecting python-dotenv==1.2.3 (from -r requirements.lock (line 1526))
repository	Build runtime and verification images	2026-09-30T00:54:26.3457372Z #57 10.59   Downloading python_dotenv-1.2.3-py3-none-any.whl (22 kB)
repository	Build runtime and verification images	2026-09-30T00:54:26.3458387Z #57 10.62 Collecting python-multipart==0.0.32 (from -r requirements.lock (line 1532))
repository	Build runtime and verification images	2026-09-30T00:54:26.3459425Z #57 10.63   Downloading python_multipart-0.0.32-py3-none-any.whl (30 kB)
repository	Build runtime and verification images	2026-09-30T00:54:26.3460289Z #57 10.72 Collecting pyyaml==6.0.3 (from -r requirements.lock (line 1536))
repository	Build runtime and verification images	2026-09-30T00:54:26.3462050Z #57 10.72   Downloading pyyaml-6.0.3-cp312-cp312-manylinux2014_x86_64.manylinux_2_17_x86_64.manylinux_2_28_x86_64.whl (807 kB)
repository	Build runtime and verification images	2026-09-30T00:54:26.3464844Z #57 10.74      ━━━━━━━━━━━━━━━━━━━━━━━━━━━━━━━━━━━━━ 807.9/807.9 kB 423.6 MB/s eta 0:00:00
repository	Build runtime and verification images	2026-09-30T00:54:26.3465879Z #57 10.76 Collecting redis==5.2.0 (from -r requirements.lock (line 1611))
repository	Build runtime and verification images	2026-09-30T00:54:26.3466809Z #57 10.77   Downloading redis-5.2.0-py3-none-any.whl (261 kB)
repository	Build runtime and verification images	2026-09-30T00:54:26.4037314Z #57 10.97 Collecting setuptools==84.0.0 (from -r requirements.lock (line 1615))
repository	Build runtime and verification images	2026-09-30T00:54:26.5039228Z #57 10.97   Downloading setuptools-84.0.0-py3-none-any.whl (818 kB)
repository	Build runtime and verification images	2026-09-30T00:54:26.5041331Z #57 10.98      ━━━━━━━━━━━━━━━━━━━━━━━━━━━━━━━━━━━━━ 818.2/818.2 kB 479.1 MB/s eta 0:00:00
repository	Build runtime and verification images	2026-09-30T00:54:26.5043475Z #57 11.02 Collecting six==1.17.0 (from -r requirements.lock (line 1619))
repository	Build runtime and verification images	2026-09-30T00:54:26.5044795Z #57 11.03   Downloading six-1.17.0-py2.py3-none-any.whl (11 kB)
repository	Build runtime and verification images	2026-09-30T00:54:26.5045964Z #57 11.05 Collecting sniffio==1.3.1 (from -r requirements.lock (line 1623))
repository	Build runtime and verification images	2026-09-30T00:54:26.5047173Z #57 11.05   Downloading sniffio-1.3.1-py3-none-any.whl (10 kB)
repository	Build runtime and verification images	2026-09-30T00:54:26.6050601Z #57 11.08 Collecting soupsieve==2.9.2 (from -r requirements.lock (line 1627))
repository	Build runtime and verification images	2026-09-30T00:54:26.6053358Z #57 11.08   Downloading soupsieve-2.9.2-py3-none-any.whl (37 kB)
repository	Build runtime and verification images	2026-09-30T00:54:26.9307897Z #57 ...
repository	Build runtime and verification images	2026-09-30T00:54:26.9308705Z 
repository	Build runtime and verification images	2026-09-30T00:54:26.9309680Z #63 [minio server-build 4/6] RUN tar -xzf /tmp/source.tgz --strip-components=1 && rm /tmp/source.tgz
repository	Build runtime and verification images	2026-09-30T00:54:26.9310773Z #63 DONE 1.3s
repository	Build runtime and verification images	2026-09-30T00:54:27.0612510Z 
repository	Build runtime and verification images	2026-09-30T00:54:27.0614449Z #58 [grafana stage-3 1/3] FROM docker.io/grafana/grafana:13.2.3@sha256:b28bae15e219c998fb0e0424ed724930cc61b1f61fb404d47c862f9a23f9e572
repository	Build runtime and verification images	2026-09-30T00:54:27.0616574Z #58 extracting sha256:b34ebaea0ada4ab4979de028f66355cfe3d341fb8a81dfe415ff8f7775716a3c 14.7s
repository	Build runtime and verification images	2026-09-30T00:54:27.2686976Z #58 ...
repository	Build runtime and verification images	2026-09-30T00:54:27.2690077Z 
repository	Build runtime and verification images	2026-09-30T00:54:27.2692491Z #57 [migrate runtime-base 4/4] RUN pip install --no-cache-dir --only-binary=:all: --require-hashes -r requirements.lock     && useradd --create-home --uid 1000 azaeron
repository	Build runtime and verification images	2026-09-30T00:54:27.2694656Z #57 11.75 Collecting sqlalchemy==2.0.36 (from -r requirements.lock (line 1631))
repository	Build runtime and verification images	2026-09-30T00:54:27.2696720Z #57 11.75   Downloading SQLAlchemy-2.0.36-cp312-cp312-manylinux_2_17_x86_64.manylinux2014_x86_64.whl (3.2 MB)
repository	Build runtime and verification images	2026-09-30T00:54:27.2698587Z #57 11.76      ━━━━━━━━━━━━━━━━━━━━━━━━━━━━━━━━━━━━━━━━ 3.2/3.2 MB 467.8 MB/s eta 0:00:00
repository	Build runtime and verification images	2026-09-30T00:54:27.2699818Z #57 11.81 Collecting starlette==1.6.0 (from -r requirements.lock (line 1692))
repository	Build runtime and verification images	2026-09-30T00:54:27.2700988Z #57 11.82   Downloading starlette-1.6.0-py3-none-any.whl (75 kB)
repository	Build runtime and verification images	2026-09-30T00:54:27.2702490Z #57 11.84 Collecting structlog==24.4.0 (from -r requirements.lock (line 1696))
repository	Build runtime and verification images	2026-09-30T00:54:27.3695676Z #57 11.84   Downloading structlog-24.4.0-py3-none-any.whl (67 kB)
repository	Build runtime and verification images	2026-09-30T00:54:27.3698082Z #57 11.88 Collecting textstat==0.7.4 (from -r requirements.lock (line 1700))
repository	Build runtime and verification images	2026-09-30T00:54:27.3699842Z #57 11.89   Downloading textstat-0.7.4-py3-none-any.whl (105 kB)
repository	Build runtime and verification images	2026-09-30T00:54:27.3701290Z #57 11.91 Collecting typing-extensions==4.16.0 (from -r requirements.lock (line 1703))
repository	Build runtime and verification images	2026-09-30T00:54:27.3702985Z #57 11.92   Downloading typing_extensions-4.16.0-py3-none-any.whl (45 kB)
repository	Build runtime and verification images	2026-09-30T00:54:27.3704388Z #57 11.93 Collecting typing-inspection==0.4.4 (from -r requirements.lock (line 1720))
repository	Build runtime and verification images	2026-09-30T00:54:27.3706202Z #57 11.93   Downloading typing_inspection-0.4.4-py3-none-any.whl (14 kB)
repository	Build runtime and verification images	2026-09-30T00:54:27.5144809Z #57 11.95 Collecting tzdata==2026.4 (from -r requirements.lock (line 1727))
repository	Build runtime and verification images	2026-09-30T00:54:27.5146421Z #57 11.96   Downloading tzdata-2026.4-py2.py3-none-any.whl (347 kB)
repository	Build runtime and verification images	2026-09-30T00:54:27.5148043Z #57 12.01 Collecting urllib3==2.8.0 (from -r requirements.lock (line 1733))
repository	Build runtime and verification images	2026-09-30T00:54:27.5149717Z #57 12.01   Downloading urllib3-2.8.0-py3-none-any.whl (135 kB)
repository	Build runtime and verification images	2026-09-30T00:54:27.6516698Z #57 12.04 Collecting uvicorn==0.53.0 (from -r requirements.lock (line 1737))
repository	Build runtime and verification images	2026-09-30T00:54:27.6521221Z #57 12.05   Downloading uvicorn-0.53.0-py3-none-any.whl (87 kB)
repository	Build runtime and verification images	2026-09-30T00:54:27.6523848Z #57 12.11 Collecting uvloop==0.22.1 (from -r requirements.lock (line 1741))
repository	Build runtime and verification images	2026-09-30T00:54:27.6528582Z #57 12.12   Downloading uvloop-0.22.1-cp312-cp312-manylinux2014_x86_64.manylinux_2_17_x86_64.manylinux_2_28_x86_64.whl (4.4 MB)
repository	Build runtime and verification images	2026-09-30T00:54:27.6534893Z #57 12.14      ━━━━━━━━━━━━━━━━━━━━━━━━━━━━━━━━━━━━━━━━ 4.4/4.4 MB 263.0 MB/s eta 0:00:00
repository	Build runtime and verification images	2026-09-30T00:54:27.6537670Z #57 12.16 Collecting vine==5.1.0 (from -r requirements.lock (line 1792))
repository	Build runtime and verification images	2026-09-30T00:54:27.6539841Z #57 12.17   Downloading vine-5.1.0-py3-none-any.whl (9.6 kB)
repository	Build runtime and verification images	2026-09-30T00:54:27.8674255Z #57 12.41 Collecting watchfiles==1.2.0 (from -r requirements.lock (line 1799))
repository	Build runtime and verification images	2026-09-30T00:54:28.0285121Z #57 12.44   Downloading watchfiles-1.2.0-cp312-cp312-manylinux_2_17_x86_64.manylinux2014_x86_64.whl (456 kB)
repository	Build runtime and verification images	2026-09-30T00:54:28.0287071Z #57 12.45 Collecting wcwidth==0.8.4 (from -r requirements.lock (line 1908))
repository	Build runtime and verification images	2026-09-30T00:54:28.0288509Z #57 12.45   Downloading wcwidth-0.8.4-py3-none-any.whl (299 kB)
repository	Build runtime and verification images	2026-09-30T00:54:28.3909418Z #57 12.81 Collecting websockets==17.1 (from -r requirements.lock (line 1912))
repository	Build runtime and verification images	2026-09-30T00:54:28.3912179Z #57 12.81   Downloading websockets-17.1-cp312-cp312-manylinux1_x86_64.manylinux_2_28_x86_64.manylinux_2_5_x86_64.whl (224 kB)
repository	Build runtime and verification images	2026-09-30T00:54:28.9629293Z #57 13.54 Collecting wrapt==1.17.3 (from -r requirements.lock (line 2062))
repository	Build runtime and verification images	2026-09-30T00:54:29.1455443Z #57 13.54   Downloading wrapt-1.17.3-cp312-cp312-manylinux1_x86_64.manylinux_2_28_x86_64.manylinux_2_5_x86_64.whl (88 kB)
repository	Build runtime and verification images	2026-09-30T00:54:29.1467060Z #57 13.56 Collecting zipp==4.1.0 (from -r requirements.lock (line 2147))
repository	Build runtime and verification images	2026-09-30T00:54:29.1468520Z #57 13.57   Downloading zipp-4.1.0-py3-none-any.whl (10 kB)
repository	Build runtime and verification images	2026-09-30T00:54:30.4177786Z #57 14.82 Installing collected packages: zipp, wrapt, websockets, wcwidth, vine, uvloop, urllib3, tzdata, typing-extensions, structlog, soupsieve, sniffio, six, setuptools, redis, pyyaml, python-multipart, python-dotenv, pyphen, pypdfium2, pyjwt, pycryptodome, pycparser, protobuf, prometheus-client, pillow, packaging, opentelemetry-util-http, numpy, markupsafe, lxml, itsdangerous, idna, httptools, h11, greenlet, dnspython, click, charset-normalizer, certifi, billiard, bcrypt, asyncpg, asgiref, annotated-types, annotated-doc, uvicorn, typing-inspection, textstat, sqlalchemy, python-docx, python-dateutil, pydantic-core, prompt-toolkit, pgvector, opentelemetry-proto, mako, importlib-metadata, httpcore, grpcio, googleapis-common-protos, email-validator, deprecated, click-plugins, click-didyoumean, cffi, beautifulsoup4, anyio, amqp, watchfiles, starlette, pydantic, opentelemetry-exporter-otlp-proto-common, opentelemetry-api, kombu, httpx, cryptography, click-repl, argon2-cffi-bindings, alembic, pydantic-settings, pdfminer-six, opentelemetry-semantic-conventions, fastapi, celery, argon2-cffi, pdfplumber, opentelemetry-sdk, opentelemetry-instrumentation, minio, opentelemetry-instrumentation-asgi, opentelemetry-exporter-otlp-proto-grpc, opentelemetry-instrumentation-fastapi
repository	Build runtime and verification images	2026-09-30T00:54:34.1841714Z #57 ...
repository	Build runtime and verification images	2026-09-30T00:54:34.1842830Z 
repository	Build runtime and verification images	2026-09-30T00:54:34.1844188Z #58 [grafana stage-3 1/3] FROM docker.io/grafana/grafana:13.2.3@sha256:b28bae15e219c998fb0e0424ed724930cc61b1f61fb404d47c862f9a23f9e572
repository	Build runtime and verification images	2026-09-30T00:54:34.1846151Z #58 extracting sha256:b34ebaea0ada4ab4979de028f66355cfe3d341fb8a81dfe415ff8f7775716a3c 16.4s done
repository	Build runtime and verification images	2026-09-30T00:54:34.1848263Z #58 extracting sha256:0ea8972a4a11f27e407b011251ef6db2ed2663d96a65dbec09b44d7a30b36308 4.4s
repository	Build runtime and verification images	2026-09-30T00:54:35.7293429Z #58 extracting sha256:0ea8972a4a11f27e407b011251ef6db2ed2663d96a65dbec09b44d7a30b36308 5.9s done
repository	Build runtime and verification images	2026-09-30T00:54:36.0583915Z #58 ...
repository	Build runtime and verification images	2026-09-30T00:54:36.0584502Z 
repository	Build runtime and verification images	2026-09-30T00:54:36.0587316Z #65 [minio-init client-build 5/6] RUN --mount=type=cache,target=/go/pkg/mod     go get github.com/prometheus/prometheus@v0.311.3       golang.org/x/crypto@v0.55.0 google.golang.org/grpc@v1.83.2     && go mod tidy && go mod download && go mod verify
repository	Build runtime and verification images	2026-09-30T00:54:36.0589491Z #65 1.195 go: downloading google.golang.org/grpc v1.83.2
repository	Build runtime and verification images	2026-09-30T00:54:36.0590462Z #65 1.211 go: downloading golang.org/x/crypto v0.55.0
repository	Build runtime and verification images	2026-09-30T00:54:36.0591723Z #65 1.211 go: downloading github.com/prometheus/prometheus v0.311.3
repository	Build runtime and verification images	2026-09-30T00:54:36.0593037Z #65 3.391 go: downloading golang.org/x/net v0.58.0
repository	Build runtime and verification images	2026-09-30T00:54:36.0594067Z #65 3.647 go: downloading google.golang.org/protobuf v1.36.11
repository	Build runtime and verification images	2026-09-30T00:54:36.0595071Z #65 3.711 go: downloading golang.org/x/sys v0.47.0
repository	Build runtime and verification images	2026-09-30T00:54:36.0596386Z #65 4.750 go: downloading google.golang.org/genproto/googleapis/rpc v0.0.0-20260526163538-3dc84a4a5aaa
repository	Build runtime and verification images	2026-09-30T00:54:36.0597534Z #65 4.959 go: downloading golang.org/x/text v0.41.0
repository	Build runtime and verification images	2026-09-30T00:54:36.0598487Z #65 5.914 go: downloading github.com/coreos/go-systemd/v22 v22.6.0
repository	Build runtime and verification images	2026-09-30T00:54:36.0599460Z #65 5.914 go: downloading github.com/go-logr/logr v1.4.3
repository	Build runtime and verification images	2026-09-30T00:54:36.0600678Z #65 5.937 go: downloading github.com/klauspost/compress v1.18.5
repository	Build runtime and verification images	2026-09-30T00:54:36.0601949Z #65 5.939 go: downloading github.com/prometheus/client_golang v1.23.2
repository	Build runtime and verification images	2026-09-30T00:54:36.0602999Z #65 5.947 go: downloading github.com/prometheus/common v0.67.5
repository	Build runtime and verification images	2026-09-30T00:54:36.0604003Z #65 5.959 go: downloading github.com/prometheus/procfs v0.16.1
repository	Build runtime and verification images	2026-09-30T00:54:36.0604963Z #65 6.014 go: downloading github.com/stretchr/testify v1.11.1
repository	Build runtime and verification images	2026-09-30T00:54:36.0605943Z #65 6.071 go: downloading go.opentelemetry.io/auto/sdk v1.2.1
repository	Build runtime and verification images	2026-09-30T00:54:36.0606903Z #65 6.113 go: downloading go.opentelemetry.io/otel v1.44.0
repository	Build runtime and verification images	2026-09-30T00:54:36.0607886Z #65 6.114 go: downloading go.opentelemetry.io/otel/metric v1.44.0
repository	Build runtime and verification images	2026-09-30T00:54:36.0608874Z #65 6.181 go: downloading go.opentelemetry.io/otel/sdk v1.44.0
repository	Build runtime and verification images	2026-09-30T00:54:36.0609910Z #65 6.195 go: downloading go.opentelemetry.io/otel/sdk/metric v1.44.0
repository	Build runtime and verification images	2026-09-30T00:54:36.0610944Z #65 6.323 go: downloading go.opentelemetry.io/otel/trace v1.44.0
repository	Build runtime and verification images	2026-09-30T00:54:36.0612036Z #65 6.358 go: downloading go.uber.org/zap v1.27.1
repository	Build runtime and verification images	2026-09-30T00:54:36.0612902Z #65 6.373 go: downloading golang.org/x/sync v0.22.0
repository	Build runtime and verification images	2026-09-30T00:54:36.0613981Z #65 6.387 go: downloading golang.org/x/term v0.45.0
repository	Build runtime and verification images	2026-09-30T00:54:36.0615245Z #65 6.402 go: downloading google.golang.org/genproto/googleapis/api v0.0.0-20260526163538-3dc84a4a5aaa
repository	Build runtime and verification images	2026-09-30T00:54:36.0616407Z #65 7.736 go: upgraded go 1.23.0 => 1.25.0
repository	Build runtime and verification images	2026-09-30T00:54:36.0617184Z #65 7.736 go: removed toolchain go1.23.10
repository	Build runtime and verification images	2026-09-30T00:54:36.0618190Z #65 7.736 go: upgraded github.com/coreos/go-systemd/v22 v22.5.0 => v22.6.0
repository	Build runtime and verification images	2026-09-30T00:54:36.0619405Z #65 7.736 go: upgraded github.com/klauspost/compress v1.18.0 => v1.18.5
repository	Build runtime and verification images	2026-09-30T00:54:36.0620599Z #65 7.736 go: upgraded github.com/prometheus/client_golang v1.21.1 => v1.23.2
repository	Build runtime and verification images	2026-09-30T00:54:36.0621941Z #65 7.736 go: upgraded github.com/prometheus/common v0.63.0 => v0.67.5
repository	Build runtime and verification images	2026-09-30T00:54:36.0623416Z #65 7.736 go: upgraded github.com/prometheus/procfs v0.16.0 => v0.16.1
repository	Build runtime and verification images	2026-09-30T00:54:36.0624580Z #65 7.736 go: upgraded github.com/prometheus/prometheus v0.303.0 => v0.311.3
repository	Build runtime and verification images	2026-09-30T00:54:36.0625629Z #65 7.736 go: upgraded go.uber.org/zap v1.27.0 => v1.27.1
repository	Build runtime and verification images	2026-09-30T00:54:36.0626573Z #65 7.736 go: upgraded golang.org/x/crypto v0.40.0 => v0.55.0
repository	Build runtime and verification images	2026-09-30T00:54:36.0627500Z #65 7.736 go: upgraded golang.org/x/net v0.42.0 => v0.58.0
repository	Build runtime and verification images	2026-09-30T00:54:36.0628401Z #65 7.736 go: upgraded golang.org/x/sync v0.16.0 => v0.22.0
repository	Build runtime and verification images	2026-09-30T00:54:36.0629336Z #65 7.736 go: upgraded golang.org/x/sys v0.34.0 => v0.47.0
repository	Build runtime and verification images	2026-09-30T00:54:36.0630505Z #65 7.736 go: upgraded golang.org/x/term v0.33.0 => v0.45.0
repository	Build runtime and verification images	2026-09-30T00:54:36.0631671Z #65 7.736 go: upgraded golang.org/x/text v0.27.0 => v0.41.0
repository	Build runtime and verification images	2026-09-30T00:54:36.0633237Z #65 7.736 go: upgraded google.golang.org/genproto/googleapis/api v0.0.0-20250311173030-29e43e6258d7 => v0.0.0-20260526163538-3dc84a4a5aaa
repository	Build runtime and verification images	2026-09-30T00:54:36.0635212Z #65 7.736 go: upgraded google.golang.org/genproto/googleapis/rpc v0.0.0-20250303144028-a0af3efb3deb => v0.0.0-20260526163538-3dc84a4a5aaa
repository	Build runtime and verification images	2026-09-30T00:54:36.0636654Z #65 7.736 go: upgraded google.golang.org/grpc v1.71.0 => v1.83.2
repository	Build runtime and verification images	2026-09-30T00:54:36.0637668Z #65 7.736 go: upgraded google.golang.org/protobuf v1.36.6 => v1.36.11
repository	Build runtime and verification images	2026-09-30T00:54:36.0638784Z #65 7.907 go: downloading gopkg.in/check.v1 v1.0.0-20201130134442-10cb98267c6c
repository	Build runtime and verification images	2026-09-30T00:54:36.0640042Z #65 7.907 go: downloading github.com/minio/pkg/v3 v3.1.0
repository	Build runtime and verification images	2026-09-30T00:54:36.0640999Z #65 7.910 go: downloading github.com/juju/ratelimit v1.0.2
repository	Build runtime and verification images	2026-09-30T00:54:36.0642171Z #65 8.108 go: downloading github.com/dustin/go-humanize v1.0.1
repository	Build runtime and verification images	2026-09-30T00:54:36.0643171Z #65 8.168 go: downloading github.com/jedib0t/go-pretty/v6 v6.6.7
repository	Build runtime and verification images	2026-09-30T00:54:36.0644078Z #65 8.168 go: downloading github.com/minio/cli v1.24.2
repository	Build runtime and verification images	2026-09-30T00:54:36.0645011Z #65 8.168 go: downloading github.com/minio/minio-go/v7 v7.0.90
repository	Build runtime and verification images	2026-09-30T00:54:36.0645943Z #65 8.275 go: downloading github.com/rs/xid v1.6.0
repository	Build runtime and verification images	2026-09-30T00:54:36.0646894Z #65 8.431 go: downloading github.com/charmbracelet/bubbles v0.20.0
repository	Build runtime and verification images	2026-09-30T00:54:36.0647929Z #65 8.563 go: downloading github.com/charmbracelet/bubbletea v1.3.4
repository	Build runtime and verification images	2026-09-30T00:54:36.0648976Z #65 8.563 go: downloading github.com/charmbracelet/lipgloss v1.0.0
repository	Build runtime and verification images	2026-09-30T00:54:36.0649947Z #65 8.563 go: downloading github.com/cheggaaa/pb v1.0.29
repository	Build runtime and verification images	2026-09-30T00:54:36.0650854Z #65 8.563 go: downloading github.com/fatih/color v1.18.0
repository	Build runtime and verification images	2026-09-30T00:54:36.0652028Z #65 8.563 go: downloading github.com/golang-jwt/jwt/v4 v4.5.2
repository	Build runtime and verification images	2026-09-30T00:54:36.0653236Z #65 8.563 go: downloading github.com/google/shlex v0.0.0-20191202100458-e7afc7fbc510
repository	Build runtime and verification images	2026-09-30T00:54:36.0654287Z #65 8.563 go: downloading github.com/google/uuid v1.6.0
repository	Build runtime and verification images	2026-09-30T00:54:36.0655291Z #65 8.563 go: downloading github.com/inconshreveable/mousetrap v1.1.0
repository	Build runtime and verification images	2026-09-30T00:54:36.0656310Z #65 9.086 go: downloading github.com/mattn/go-ieproxy v0.0.12
repository	Build runtime and verification images	2026-09-30T00:54:36.0657247Z #65 9.086 go: downloading github.com/mattn/go-isatty v0.0.20
repository	Build runtime and verification images	2026-09-30T00:54:36.0658197Z #65 9.086 go: downloading github.com/minio/colorjson v1.0.8
repository	Build runtime and verification images	2026-09-30T00:54:36.0659333Z #65 9.086 go: downloading github.com/minio/filepath v1.0.0
repository	Build runtime and verification images	2026-09-30T00:54:36.0660543Z #65 9.094 go: downloading github.com/minio/madmin-go/v3 v3.0.107-0.20250415152934-4b504b82db63
repository	Build runtime and verification images	2026-09-30T00:54:36.0661928Z #65 9.118 go: downloading github.com/minio/selfupdate v0.6.0
repository	Build runtime and verification images	2026-09-30T00:54:36.0662947Z #65 9.120 go: downloading github.com/mitchellh/go-homedir v1.1.0
repository	Build runtime and verification images	2026-09-30T00:54:36.0663902Z #65 9.136 go: downloading github.com/muesli/reflow v0.3.0
repository	Build runtime and verification images	2026-09-30T00:54:36.0664823Z #65 9.173 go: downloading github.com/muesli/termenv v0.16.0
repository	Build runtime and verification images	2026-09-30T00:54:36.0665815Z #65 9.173 go: downloading github.com/olekukonko/tablewriter v0.0.5
repository	Build runtime and verification images	2026-09-30T00:54:36.0666781Z #65 9.192 go: downloading github.com/pkg/xattr v0.4.10
repository	Build runtime and verification images	2026-09-30T00:54:36.0667699Z #65 9.207 go: downloading github.com/posener/complete v1.2.3
repository	Build runtime and verification images	2026-09-30T00:54:36.0668913Z #65 9.360 go: downloading github.com/rjeczalik/notify v0.9.3
repository	Build runtime and verification images	2026-09-30T00:54:36.0669894Z #65 9.362 go: downloading github.com/shirou/gopsutil/v3 v3.24.5
repository	Build runtime and verification images	2026-09-30T00:54:36.0670852Z #65 9.674 go: downloading github.com/tidwall/gjson v1.18.0
repository	Build runtime and verification images	2026-09-30T00:54:36.0672051Z #65 9.924 go: downloading github.com/vbauerster/mpb/v8 v8.9.3
repository	Build runtime and verification images	2026-09-30T00:54:36.0672959Z #65 10.02 go: downloading gopkg.in/yaml.v2 v2.4.0
repository	Build runtime and verification images	2026-09-30T00:54:36.2018946Z #65 10.06 go: downloading github.com/kr/pretty v0.3.1
repository	Build runtime and verification images	2026-09-30T00:54:36.2021017Z #65 10.12 go: downloading github.com/mattn/go-colorable v0.1.14
repository	Build runtime and verification images	2026-09-30T00:54:36.2022978Z #65 10.17 go: downloading github.com/mattn/go-runewidth v0.0.16
repository	Build runtime and verification images	2026-09-30T00:54:36.2024238Z #65 ...
repository	Build runtime and verification images	2026-09-30T00:54:36.2024639Z 
repository	Build runtime and verification images	2026-09-30T00:54:36.2027535Z #66 [minio server-build 5/6] RUN --mount=type=cache,target=/go/pkg/mod     go get github.com/apache/thrift@v0.24.0 github.com/buger/jsonparser@v1.1.2       github.com/go-jose/go-jose/v4@v4.1.4 github.com/prometheus/prometheus@v0.311.3       github.com/rabbitmq/amqp091-go@v1.13.0       golang.org/x/crypto@v0.55.0 google.golang.org/grpc@v1.83.2     && go mod download && go mod verify
repository	Build runtime and verification images	2026-09-30T00:54:36.2030481Z #66 1.658 go: downloading github.com/go-jose/go-jose/v4 v4.1.4
repository	Build runtime and verification images	2026-09-30T00:54:36.2031747Z #66 1.666 go: downloading github.com/buger/jsonparser v1.1.2
repository	Build runtime and verification images	2026-09-30T00:54:36.2032875Z #66 1.666 go: downloading github.com/apache/thrift v0.24.0
repository	Build runtime and verification images	2026-09-30T00:54:36.2034048Z #66 1.817 go: downloading github.com/rabbitmq/amqp091-go v1.13.0
repository	Build runtime and verification images	2026-09-30T00:54:36.2035417Z #66 4.409 go: downloading google.golang.org/genproto v0.0.0-20260217215200-42d3e9bedb6d
repository	Build runtime and verification images	2026-09-30T00:54:36.2036582Z #66 7.019 go: downloading cel.dev/expr v0.25.2
repository	Build runtime and verification images	2026-09-30T00:54:36.2037509Z #66 7.048 go: downloading cloud.google.com/go v0.121.6
repository	Build runtime and verification images	2026-09-30T00:54:36.2038430Z #66 7.048 go: downloading cloud.google.com/go/auth v0.18.2
repository	Build runtime and verification images	2026-09-30T00:54:36.2039492Z #66 7.050 go: downloading cloud.google.com/go/compute/metadata v0.9.0
repository	Build runtime and verification images	2026-09-30T00:54:36.2040515Z #66 7.060 go: downloading cloud.google.com/go/iam v1.5.3
repository	Build runtime and verification images	2026-09-30T00:54:36.2041789Z #66 7.088 go: downloading cloud.google.com/go/logging v1.13.2
repository	Build runtime and verification images	2026-09-30T00:54:36.2042952Z #66 7.115 go: downloading cloud.google.com/go/longrunning v0.8.0
repository	Build runtime and verification images	2026-09-30T00:54:36.2044282Z #66 7.193 go: downloading cloud.google.com/go/monitoring v1.24.3
repository	Build runtime and verification images	2026-09-30T00:54:36.2045717Z #66 7.196 go: downloading cloud.google.com/go/storage v1.56.0
repository	Build runtime and verification images	2026-09-30T00:54:36.2047168Z #66 7.226 go: downloading cloud.google.com/go/trace v1.11.7
repository	Build runtime and verification images	2026-09-30T00:54:36.2048782Z #66 7.324 go: downloading github.com/Azure/azure-sdk-for-go/sdk/azcore v1.21.0
repository	Build runtime and verification images	2026-09-30T00:54:36.2050610Z #66 7.337 go: downloading github.com/Azure/azure-sdk-for-go/sdk/azidentity v1.13.1
repository	Build runtime and verification images	2026-09-30T00:54:36.2052791Z #66 7.362 go: downloading github.com/Azure/azure-sdk-for-go/sdk/internal v1.11.2
repository	Build runtime and verification images	2026-09-30T00:54:36.2054470Z #66 7.391 go: downloading github.com/AzureAD/microsoft-authentication-library-for-go v1.6.0
repository	Build runtime and verification images	2026-09-30T00:54:36.2056477Z #66 7.402 go: downloading github.com/GoogleCloudPlatform/opentelemetry-operations-go/detectors/gcp v1.33.0
repository	Build runtime and verification images	2026-09-30T00:54:36.2058600Z #66 7.432 go: downloading github.com/GoogleCloudPlatform/opentelemetry-operations-go/exporter/metric v0.53.0
repository	Build runtime and verification images	2026-09-30T00:54:36.2060601Z #66 7.432 go: downloading github.com/GoogleCloudPlatform/opentelemetry-operations-go/internal/cloudmock v0.53.0
repository	Build runtime and verification images	2026-09-30T00:54:36.2063470Z #66 7.445 go: downloading github.com/GoogleCloudPlatform/opentelemetry-operations-go/internal/resourcemapping v0.53.0
repository	Build runtime and verification images	2026-09-30T00:54:36.2065411Z #66 7.450 go: downloading github.com/cncf/xds/go v0.0.0-20260202195803-dba9d589def2
repository	Build runtime and verification images	2026-09-30T00:54:36.2067104Z #66 7.452 go: downloading github.com/envoyproxy/go-control-plane v0.14.0
repository	Build runtime and verification images	2026-09-30T00:54:36.2068595Z #66 7.462 go: downloading github.com/envoyproxy/go-control-plane/envoy v1.37.0
repository	Build runtime and verification images	2026-09-30T00:54:36.2070070Z #66 7.555 go: downloading github.com/envoyproxy/protoc-gen-validate v1.3.3
repository	Build runtime and verification images	2026-09-30T00:54:36.2071863Z #66 7.555 go: downloading github.com/go-openapi/analysis v0.24.2
repository	Build runtime and verification images	2026-09-30T00:54:36.2073470Z #66 7.555 go: downloading github.com/go-openapi/errors v0.22.7
repository	Build runtime and verification images	2026-09-30T00:54:36.2074680Z #66 7.569 go: downloading github.com/go-openapi/jsonpointer v0.22.5
repository	Build runtime and verification images	2026-09-30T00:54:36.2076220Z #66 7.572 go: downloading github.com/go-openapi/jsonreference v0.21.4
repository	Build runtime and verification images	2026-09-30T00:54:36.2077370Z #66 7.603 go: downloading github.com/go-openapi/loads v0.23.2
repository	Build runtime and verification images	2026-09-30T00:54:36.2078446Z #66 7.603 go: downloading github.com/go-openapi/spec v0.22.3
repository	Build runtime and verification images	2026-09-30T00:54:36.2079809Z #66 7.676 go: downloading github.com/go-openapi/strfmt v0.26.1
repository	Build runtime and verification images	2026-09-30T00:54:36.2080935Z #66 7.721 go: downloading github.com/go-openapi/swag v0.25.4
repository	Build runtime and verification images	2026-09-30T00:54:36.2083093Z #66 7.730 go: downloading github.com/go-openapi/validate v0.25.1
repository	Build runtime and verification images	2026-09-30T00:54:36.2084247Z #66 7.740 go: downloading github.com/golang-jwt/jwt/v5 v5.3.1
repository	Build runtime and verification images	2026-09-30T00:54:36.2085550Z #66 7.852 go: downloading github.com/google/pprof v0.0.0-20260302011040-a15ffb7f9dcc
repository	Build runtime and verification images	2026-09-30T00:54:36.2089777Z #66 7.856 go: downloading github.com/googleapis/enterprise-certificate-proxy v0.3.14
repository	Build runtime and verification images	2026-09-30T00:54:36.2091135Z #66 7.943 go: downloading github.com/googleapis/gax-go/v2 v2.18.0
repository	Build runtime and verification images	2026-09-30T00:54:36.2092612Z #66 7.951 go: downloading github.com/gorilla/websocket v1.5.4-0.20250319132907-e064f32e3674
repository	Build runtime and verification images	2026-09-30T00:54:36.2093786Z #66 7.968 go: downloading github.com/miekg/dns v1.1.72
repository	Build runtime and verification images	2026-09-30T00:54:36.2095021Z #66 7.977 go: downloading github.com/modern-go/reflect2 v1.0.3-0.20250322232337-35a7c28c31ee
repository	Build runtime and verification images	2026-09-30T00:54:36.2096277Z #66 7.985 go: downloading github.com/rogpeppe/go-internal v1.14.1
repository	Build runtime and verification images	2026-09-30T00:54:36.2097386Z #66 8.082 go: downloading github.com/spiffe/go-spiffe/v2 v2.7.0
repository	Build runtime and verification images	2026-09-30T00:54:36.2098417Z #66 8.108 go: downloading go.mongodb.org/mongo-driver v1.17.6
repository	Build runtime and verification images	2026-09-30T00:54:36.2099560Z #66 8.179 go: downloading go.opentelemetry.io/contrib/detectors/gcp v1.44.0
repository	Build runtime and verification images	2026-09-30T00:54:36.2101062Z #66 8.256 go: downloading go.opentelemetry.io/contrib/instrumentation/google.golang.org/grpc/otelgrpc v0.61.0
repository	Build runtime and verification images	2026-09-30T00:54:36.2102929Z #66 8.272 go: downloading go.opentelemetry.io/contrib/instrumentation/net/http/otelhttp v0.67.0
repository	Build runtime and verification images	2026-09-30T00:54:36.2104416Z #66 8.292 go: downloading go.opentelemetry.io/otel/exporters/stdout/stdoutmetric v1.36.0
repository	Build runtime and verification images	2026-09-30T00:54:36.2105550Z #66 8.369 go: downloading golang.org/x/mod v0.38.0
repository	Build runtime and verification images	2026-09-30T00:54:36.2106450Z #66 8.469 go: downloading golang.org/x/oauth2 v0.36.0
repository	Build runtime and verification images	2026-09-30T00:54:36.2107346Z #66 8.517 go: downloading golang.org/x/time v0.15.0
repository	Build runtime and verification images	2026-09-30T00:54:36.2108215Z #66 8.550 go: downloading golang.org/x/tools v0.48.0
repository	Build runtime and verification images	2026-09-30T00:54:36.2109138Z #66 8.750 go: downloading google.golang.org/api v0.272.0
repository	Build runtime and verification images	2026-09-30T00:54:36.3139074Z #66 ...
repository	Build runtime and verification images	2026-09-30T00:54:36.3139960Z 
repository	Build runtime and verification images	2026-09-30T00:54:36.3142426Z #65 [minio-init client-build 5/6] RUN --mount=type=cache,target=/go/pkg/mod     go get github.com/prometheus/prometheus@v0.311.3       golang.org/x/crypto@v0.55.0 google.golang.org/grpc@v1.83.2     && go mod tidy && go mod download && go mod verify
repository	Build runtime and verification images	2026-09-30T00:54:36.3146732Z #65 10.18 go: downloading github.com/charmbracelet/x/ansi v0.8.0
repository	Build runtime and verification images	2026-09-30T00:54:36.3147946Z #65 10.22 go: downloading github.com/charmbracelet/x/exp/golden v0.0.0-20240815200342-61de596daa2b
repository	Build runtime and verification images	2026-09-30T00:54:36.3149091Z #65 10.22 go: downloading github.com/charmbracelet/x/term v0.2.1
repository	Build runtime and verification images	2026-09-30T00:54:36.3150159Z #65 10.27 go: downloading github.com/erikgeiser/coninput v0.0.0-20211004153227-1c3628e74d0f
repository	Build runtime and verification images	2026-09-30T00:54:36.3151245Z #65 10.27 go: downloading github.com/mattn/go-localereader v0.0.1
repository	Build runtime and verification images	2026-09-30T00:54:36.3152517Z #65 10.28 go: downloading github.com/muesli/ansi v0.0.0-20230316100256-276c6243b2f6
repository	Build runtime and verification images	2026-09-30T00:54:36.4527670Z #65 10.31 go: downloading github.com/muesli/cancelreader v0.2.2
repository	Build runtime and verification images	2026-09-30T00:54:36.4529374Z #65 10.32 go: downloading github.com/rivo/uniseg v0.4.7
repository	Build runtime and verification images	2026-09-30T00:54:36.4530612Z #65 10.37 go: downloading github.com/go-ini/ini v1.67.0
repository	Build runtime and verification images	2026-09-30T00:54:36.4531740Z #65 10.42 go: downloading github.com/goccy/go-json v0.10.5
repository	Build runtime and verification images	2026-09-30T00:54:36.5530628Z #65 10.52 go: downloading github.com/minio/crc64nvme v1.0.1
repository	Build runtime and verification images	2026-09-30T00:54:36.5532887Z #65 10.52 go: downloading github.com/minio/md5-simd v1.1.2
repository	Build runtime and verification images	2026-09-30T00:54:36.6604332Z #65 10.57 go: downloading github.com/lestrrat-go/jwx/v2 v2.1.4
repository	Build runtime and verification images	2026-09-30T00:54:36.6605817Z #65 10.63 go: downloading github.com/minio/mux v1.9.0
repository	Build runtime and verification images	2026-09-30T00:54:36.8110406Z #65 ...
repository	Build runtime and verification images	2026-09-30T00:54:36.8110689Z 
repository	Build runtime and verification images	2026-09-30T00:54:36.8110970Z #59 [frontend builder 4/7] RUN npm ci
repository	Build runtime and verification images	2026-09-30T00:54:36.8112435Z #59 12.60 npm warn deprecated recharts@2.15.4: 1.x and 2.x branches are no longer active. Bump to Recharts v3 to receive latest features and bugfixes. See https://github.com/recharts/recharts/wiki/3.0-migration-guide
repository	Build runtime and verification images	2026-09-30T00:54:36.8430713Z #59 13.31 npm warn deprecated eslint@9.39.5: This version is no longer supported. Please see https://eslint.org/version-support for other options.
repository	Build runtime and verification images	2026-09-30T00:54:36.8923224Z #59 ...
repository	Build runtime and verification images	2026-09-30T00:54:36.8923853Z 
repository	Build runtime and verification images	2026-09-30T00:54:36.8925860Z #65 [minio-init client-build 5/6] RUN --mount=type=cache,target=/go/pkg/mod     go get github.com/prometheus/prometheus@v0.311.3       golang.org/x/crypto@v0.55.0 google.golang.org/grpc@v1.83.2     && go mod tidy && go mod download && go mod verify
repository	Build runtime and verification images	2026-09-30T00:54:36.8928023Z #65 10.86 go: downloading github.com/fatih/structs v1.1.0
repository	Build runtime and verification images	2026-09-30T00:54:37.0474489Z #65 10.86 go: downloading go.etcd.io/etcd/client/v3 v3.5.19
repository	Build runtime and verification images	2026-09-30T00:54:37.0475388Z #65 10.86 go: downloading gopkg.in/yaml.v3 v3.0.1
repository	Build runtime and verification images	2026-09-30T00:54:37.0476130Z #65 10.86 go: downloading aead.dev/minisign v0.3.0
repository	Build runtime and verification images	2026-09-30T00:54:37.0935536Z #65 11.06 go: downloading github.com/hashicorp/go-multierror v1.1.1
repository	Build runtime and verification images	2026-09-30T00:54:37.2369459Z #65 11.07 go: downloading github.com/aymanbagabas/go-osc52/v2 v2.0.1
repository	Build runtime and verification images	2026-09-30T00:54:37.2370474Z #65 11.11 go: downloading github.com/lucasb-eyer/go-colorful v1.2.0
repository	Build runtime and verification images	2026-09-30T00:54:37.2371128Z #65 11.11 go: downloading github.com/cespare/xxhash/v2 v2.3.0
repository	Build runtime and verification images	2026-09-30T00:54:37.2372467Z #65 11.12 go: downloading github.com/secure-io/sio-go v0.3.1
repository	Build runtime and verification images	2026-09-30T00:54:37.2373448Z #65 11.13 go: downloading github.com/tinylib/msgp v1.2.5
repository	Build runtime and verification images	2026-09-30T00:54:37.2374432Z #65 11.21 go: downloading github.com/prometheus/prom2json v1.4.2
repository	Build runtime and verification images	2026-09-30T00:54:37.3957789Z #65 11.23 go: downloading github.com/safchain/ethtool v0.5.10
repository	Build runtime and verification images	2026-09-30T00:54:37.3958888Z #65 11.25 go: downloading github.com/beorn7/perks v1.0.1
repository	Build runtime and verification images	2026-09-30T00:54:37.3959877Z #65 11.28 go: downloading github.com/prometheus/client_model v0.6.2
repository	Build runtime and verification images	2026-09-30T00:54:37.3960845Z #65 11.28 go: downloading go.uber.org/goleak v1.3.0
repository	Build runtime and verification images	2026-09-30T00:54:37.3962078Z #65 11.28 go: downloading github.com/google/go-cmp v0.7.0
repository	Build runtime and verification images	2026-09-30T00:54:37.3962996Z #65 11.29 go: downloading github.com/tidwall/match v1.1.1
repository	Build runtime and verification images	2026-09-30T00:54:37.3963932Z #65 11.37 go: downloading github.com/tidwall/pretty v1.2.1
repository	Build runtime and verification images	2026-09-30T00:54:37.5498413Z #65 11.38 go: downloading github.com/power-devops/perfstat v0.0.0-20240221224432-82ca36839d55
repository	Build runtime and verification images	2026-09-30T00:54:37.5499695Z #65 11.42 go: downloading github.com/lufia/plan9stats v0.0.0-20250317134145-8bc96cf8fc35
repository	Build runtime and verification images	2026-09-30T00:54:37.5500630Z #65 11.42 go: downloading github.com/shoenig/go-m1cpu v0.1.6
repository	Build runtime and verification images	2026-09-30T00:54:37.5501698Z #65 11.52 go: downloading github.com/tklauser/go-sysconf v0.3.15
repository	Build runtime and verification images	2026-09-30T00:54:37.7184093Z #65 11.53 go: downloading github.com/yusufpapurcu/wmi v1.2.4
repository	Build runtime and verification images	2026-09-30T00:54:37.7185350Z #65 11.54 go: downloading github.com/VividCortex/ewma v1.2.0
repository	Build runtime and verification images	2026-09-30T00:54:37.7186655Z #65 11.54 go: downloading github.com/acarl005/stripansi v0.0.0-20180116102854-5a71ef0e047d
repository	Build runtime and verification images	2026-09-30T00:54:37.7188393Z #65 11.60 go: downloading github.com/kr/text v0.2.0
repository	Build runtime and verification images	2026-09-30T00:54:37.7189544Z #65 11.60 go: downloading github.com/rogpeppe/go-internal v1.10.0
repository	Build runtime and verification images	2026-09-30T00:54:37.7190930Z #65 11.60 go: downloading github.com/davecgh/go-spew v1.1.2-0.20180830191138-d8f796af33cc
repository	Build runtime and verification images	2026-09-30T00:54:37.7197474Z #65 11.61 go: downloading github.com/pmezard/go-difflib v1.0.1-0.20181226105442-5d4384ee4fb2
repository	Build runtime and verification images	2026-09-30T00:54:37.8431924Z #65 11.69 go: downloading github.com/klauspost/cpuid/v2 v2.2.10
repository	Build runtime and verification images	2026-09-30T00:54:37.8433413Z #65 11.70 go: downloading github.com/aymanbagabas/go-udiff v0.2.0
repository	Build runtime and verification images	2026-09-30T00:54:37.8456977Z #65 11.70 go: downloading github.com/lestrrat-go/option v1.0.1
repository	Build runtime and verification images	2026-09-30T00:54:37.8457978Z #65 11.73 go: downloading github.com/decred/dcrd/dcrec/secp256k1/v4 v4.4.0
repository	Build runtime and verification images	2026-09-30T00:54:37.8459758Z #65 11.75 go: downloading github.com/lestrrat-go/blackmagic v1.0.2
repository	Build runtime and verification images	2026-09-30T00:54:37.8460328Z #65 11.76 go: downloading github.com/lestrrat-go/httprc v1.0.6
repository	Build runtime and verification images	2026-09-30T00:54:37.8464714Z #65 11.77 go: downloading github.com/lestrrat-go/iter v1.0.2
repository	Build runtime and verification images	2026-09-30T00:54:37.8465555Z #65 11.81 go: downloading github.com/hashicorp/errwrap v1.1.0
repository	Build runtime and verification images	2026-09-30T00:54:37.9521807Z #65 11.82 go: downloading go.etcd.io/etcd/api/v3 v3.5.19
repository	Build runtime and verification images	2026-09-30T00:54:37.9523172Z #65 11.87 go: downloading go.etcd.io/etcd/client/pkg/v3 v3.5.19
repository	Build runtime and verification images	2026-09-30T00:54:37.9525523Z #65 11.90 go: downloading github.com/munnerz/goautoneg v0.0.0-20191010083416-a7dc8b61c822
repository	Build runtime and verification images	2026-09-30T00:54:37.9527867Z #65 11.92 go: downloading github.com/philhofer/fwd v1.1.3-0.20240916144458-20a13a1f6b7c
repository	Build runtime and verification images	2026-09-30T00:54:38.1503062Z #65 11.94 go: downloading go.yaml.in/yaml/v2 v2.4.4
repository	Build runtime and verification images	2026-09-30T00:54:38.1504601Z #65 11.95 go: downloading github.com/kylelemons/godebug v1.1.0
repository	Build runtime and verification images	2026-09-30T00:54:38.1506088Z #65 11.95 go: downloading github.com/matttproud/golang_protobuf_extensions v1.0.4
repository	Build runtime and verification images	2026-09-30T00:54:38.1507754Z #65 11.95 go: downloading github.com/shoenig/test v0.6.4
repository	Build runtime and verification images	2026-09-30T00:54:38.1508915Z #65 11.99 go: downloading github.com/go-ole/go-ole v1.3.0
repository	Build runtime and verification images	2026-09-30T00:54:38.1509790Z #65 12.12 go: downloading github.com/tklauser/numcpus v0.10.0
repository	Build runtime and verification images	2026-09-30T00:54:38.2584885Z #65 12.13 go: downloading github.com/lestrrat-go/httpcc v1.0.1
repository	Build runtime and verification images	2026-09-30T00:54:38.2585967Z #65 12.14 go: downloading github.com/segmentio/asm v1.2.0
repository	Build runtime and verification images	2026-09-30T00:54:38.2590740Z #65 12.16 go: downloading github.com/gogo/protobuf v1.3.2
repository	Build runtime and verification images	2026-09-30T00:54:38.2593652Z #65 12.16 go: downloading github.com/golang/protobuf v1.5.4
repository	Build runtime and verification images	2026-09-30T00:54:38.2597129Z #65 12.17 go: downloading github.com/coreos/go-semver v0.3.1
repository	Build runtime and verification images	2026-09-30T00:54:38.2602977Z #65 12.22 go: downloading go.uber.org/multierr v1.11.0
repository	Build runtime and verification images	2026-09-30T00:54:38.3769094Z #65 ...
repository	Build runtime and verification images	2026-09-30T00:54:38.3770716Z 
repository	Build runtime and verification images	2026-09-30T00:54:38.3772477Z #58 [grafana stage-3 1/3] FROM docker.io/grafana/grafana:13.2.3@sha256:b28bae15e219c998fb0e0424ed724930cc61b1f61fb404d47c862f9a23f9e572
repository	Build runtime and verification images	2026-09-30T00:54:38.3774401Z #58 extracting sha256:bb9dbccd408535fffb7077f8e668ae564935b6ac3df574e500e0921b53abf9a4 done
repository	Build runtime and verification images	2026-09-30T00:54:38.3776032Z #58 extracting sha256:4f4fb700ef54461cfa02571ae0db9a0dc1e0cdb5577484a6d75e68dc38e8acc1 done
repository	Build runtime and verification images	2026-09-30T00:54:38.3777675Z #58 extracting sha256:37bc7484dfb53c48ac14627eb97b1bafafed58d6b5fc804203e4728d233cfc8b done
repository	Build runtime and verification images	2026-09-30T00:54:38.3778767Z #58 DONE 31.7s
repository	Build runtime and verification images	2026-09-30T00:54:38.5303258Z 
repository	Build runtime and verification images	2026-09-30T00:54:38.5305094Z #67 [grafana stage-3 2/3] RUN rm -rf /usr/share/grafana/data/plugins-bundled/*
repository	Build runtime and verification images	2026-09-30T00:54:38.9560016Z #67 DONE 0.6s
repository	Build runtime and verification images	2026-09-30T00:54:38.9567529Z 
repository	Build runtime and verification images	2026-09-30T00:54:38.9572920Z #65 [minio-init client-build 5/6] RUN --mount=type=cache,target=/go/pkg/mod     go get github.com/prometheus/prometheus@v0.311.3       golang.org/x/crypto@v0.55.0 google.golang.org/grpc@v1.83.2     && go mod tidy && go mod download && go mod verify
repository	Build runtime and verification images	2026-09-30T00:54:38.9581003Z #65 12.76 go: downloading github.com/grafana/regexp v0.0.0-20250905093917-f7b3be9d1853
repository	Build runtime and verification images	2026-09-30T00:54:38.9582093Z #65 12.77 go: downloading gonum.org/v1/gonum v0.17.0
repository	Build runtime and verification images	2026-09-30T00:54:38.9582821Z #65 12.83 go: downloading github.com/go-logr/stdr v1.2.2
repository	Build runtime and verification images	2026-09-30T00:54:39.0983628Z #65 ...
repository	Build runtime and verification images	2026-09-30T00:54:39.0984625Z 
repository	Build runtime and verification images	2026-09-30T00:54:39.0986050Z #68 [grafana stage-3 3/3] COPY --from=plugins --chown=472:0 /plugins/ /usr/share/grafana/data/plugins-bundled/
repository	Build runtime and verification images	2026-09-30T00:54:39.1002670Z #68 DONE 0.1s
repository	Build runtime and verification images	2026-09-30T00:54:39.2518267Z 
repository	Build runtime and verification images	2026-09-30T00:54:39.2519122Z #69 [grafana] exporting to image
repository	Build runtime and verification images	2026-09-30T00:54:39.2519979Z #69 exporting layers
repository	Build runtime and verification images	2026-09-30T00:54:41.0070910Z #69 exporting layers 1.9s done
repository	Build runtime and verification images	2026-09-30T00:54:41.2055534Z #69 writing image sha256:7bb97397dd6239f042dd477470c9d46d342d7f767efb856b5c9bd6e62f90e0c2 done
repository	Build runtime and verification images	2026-09-30T00:54:41.2056812Z #69 naming to docker.io/library/verity-ci-grafana done
repository	Build runtime and verification images	2026-09-30T00:54:41.2058108Z #69 DONE 1.9s
repository	Build runtime and verification images	2026-09-30T00:54:41.2058655Z 
repository	Build runtime and verification images	2026-09-30T00:54:41.2059255Z #70 [grafana] resolving provenance for metadata file
repository	Build runtime and verification images	2026-09-30T00:54:41.2060078Z #70 DONE 0.0s
repository	Build runtime and verification images	2026-09-30T00:54:41.2060557Z 
repository	Build runtime and verification images	2026-09-30T00:54:41.2063881Z #66 [minio server-build 5/6] RUN --mount=type=cache,target=/go/pkg/mod     go get github.com/apache/thrift@v0.24.0 github.com/buger/jsonparser@v1.1.2       github.com/go-jose/go-jose/v4@v4.1.4 github.com/prometheus/prometheus@v0.311.3       github.com/rabbitmq/amqp091-go@v1.13.0       golang.org/x/crypto@v0.55.0 google.golang.org/grpc@v1.83.2     && go mod download && go mod verify
repository	Build runtime and verification images	2026-09-30T00:54:41.2067035Z #66 10.97 go: upgraded go 1.24.0 => 1.25.0
repository	Build runtime and verification images	2026-09-30T00:54:41.2067887Z #66 10.97 go: removed toolchain go1.24.2
repository	Build runtime and verification images	2026-09-30T00:54:41.2068814Z #66 10.97 go: upgraded cel.dev/expr v0.23.1 => v0.25.2
repository	Build runtime and verification images	2026-09-30T00:54:41.2069852Z #66 10.97 go: upgraded cloud.google.com/go v0.120.1 => v0.121.6
repository	Build runtime and verification images	2026-09-30T00:54:41.2070968Z #66 10.97 go: upgraded cloud.google.com/go/auth v0.16.0 => v0.18.2
repository	Build runtime and verification images	2026-09-30T00:54:41.2072506Z #66 10.97 go: upgraded cloud.google.com/go/compute/metadata v0.6.0 => v0.9.0
repository	Build runtime and verification images	2026-09-30T00:54:41.2073687Z #66 10.97 go: upgraded cloud.google.com/go/iam v1.5.2 => v1.5.3
repository	Build runtime and verification images	2026-09-30T00:54:41.2074843Z #66 10.97 go: upgraded cloud.google.com/go/monitoring v1.24.2 => v1.24.3
repository	Build runtime and verification images	2026-09-30T00:54:41.2076106Z #66 10.97 go: upgraded cloud.google.com/go/storage v1.52.0 => v1.56.0
repository	Build runtime and verification images	2026-09-30T00:54:41.2077357Z #66 10.97 go: upgraded github.com/Azure/azure-sdk-for-go/sdk/azcore v1.18.0 => v1.21.0
repository	Build runtime and verification images	2026-09-30T00:54:41.2078812Z #66 10.97 go: upgraded github.com/Azure/azure-sdk-for-go/sdk/azidentity v1.9.0 => v1.13.1
repository	Build runtime and verification images	2026-09-30T00:54:41.2080328Z #66 10.97 go: upgraded github.com/Azure/azure-sdk-for-go/sdk/internal v1.11.1 => v1.11.2
repository	Build runtime and verification images	2026-09-30T00:54:41.2082136Z #66 10.97 go: upgraded github.com/AzureAD/microsoft-authentication-library-for-go v1.4.2 => v1.6.0
repository	Build runtime and verification images	2026-09-30T00:54:41.2083913Z #66 10.97 go: upgraded github.com/GoogleCloudPlatform/opentelemetry-operations-go/detectors/gcp v1.27.0 => v1.33.0
repository	Build runtime and verification images	2026-09-30T00:54:41.2085868Z #66 10.97 go: upgraded github.com/GoogleCloudPlatform/opentelemetry-operations-go/exporter/metric v0.51.0 => v0.53.0
repository	Build runtime and verification images	2026-09-30T00:54:41.2087892Z #66 10.97 go: upgraded github.com/GoogleCloudPlatform/opentelemetry-operations-go/internal/resourcemapping v0.51.0 => v0.53.0
repository	Build runtime and verification images	2026-09-30T00:54:41.2089482Z #66 10.97 go: upgraded github.com/apache/thrift v0.21.0 => v0.24.0
repository	Build runtime and verification images	2026-09-30T00:54:41.2090559Z #66 10.97 go: upgraded github.com/buger/jsonparser v1.1.1 => v1.1.2
repository	Build runtime and verification images	2026-09-30T00:54:41.2092325Z #66 10.97 go: upgraded github.com/cncf/xds/go v0.0.0-20250326154945-ae57f3c0d45f => v0.0.0-20260202195803-dba9d589def2
repository	Build runtime and verification images	2026-09-30T00:54:41.2093846Z #66 10.97 go: upgraded github.com/coreos/go-systemd/v22 v22.5.0 => v22.6.0
repository	Build runtime and verification images	2026-09-30T00:54:41.2095186Z #66 10.97 go: upgraded github.com/envoyproxy/go-control-plane/envoy v1.32.4 => v1.37.0
repository	Build runtime and verification images	2026-09-30T00:54:41.2096577Z #66 10.97 go: upgraded github.com/envoyproxy/protoc-gen-validate v1.2.1 => v1.3.3
repository	Build runtime and verification images	2026-09-30T00:54:41.2097847Z #66 10.97 go: upgraded github.com/go-jose/go-jose/v4 v4.1.0 => v4.1.4
repository	Build runtime and verification images	2026-09-30T00:54:41.2098927Z #66 10.97 go: upgraded github.com/go-logr/logr v1.4.2 => v1.4.3
repository	Build runtime and verification images	2026-09-30T00:54:41.2100073Z #66 10.97 go: upgraded github.com/go-openapi/analysis v0.23.0 => v0.24.2
repository	Build runtime and verification images	2026-09-30T00:54:41.2101103Z #66 10.97 go: upgraded github.com/go-openapi/errors v0.22.1 => v0.22.7
repository	Build runtime and verification images	2026-09-30T00:54:41.2102370Z #66 10.97 go: upgraded github.com/go-openapi/jsonpointer v0.21.1 => v0.22.5
repository	Build runtime and verification images	2026-09-30T00:54:41.2103425Z #66 10.97 go: upgraded github.com/go-openapi/jsonreference v0.21.0 => v0.21.4
repository	Build runtime and verification images	2026-09-30T00:54:41.2104436Z #66 10.97 go: upgraded github.com/go-openapi/loads v0.22.0 => v0.23.2
repository	Build runtime and verification images	2026-09-30T00:54:41.2105377Z #66 10.97 go: upgraded github.com/go-openapi/spec v0.21.0 => v0.22.3
repository	Build runtime and verification images	2026-09-30T00:54:41.2106324Z #66 10.97 go: upgraded github.com/go-openapi/strfmt v0.23.0 => v0.26.1
repository	Build runtime and verification images	2026-09-30T00:54:41.2107402Z #66 10.97 go: upgraded github.com/go-openapi/swag v0.23.1 => v0.25.4
repository	Build runtime and verification images	2026-09-30T00:54:41.2108882Z #66 10.97 go: upgraded github.com/go-openapi/validate v0.24.0 => v0.25.1
repository	Build runtime and verification images	2026-09-30T00:54:41.2110049Z #66 10.97 go: upgraded github.com/golang-jwt/jwt/v5 v5.2.2 => v5.3.1
repository	Build runtime and verification images	2026-09-30T00:54:41.2111794Z #66 10.97 go: upgraded github.com/google/pprof v0.0.0-20250422154841-e1f9c1950416 => v0.0.0-20260302011040-a15ffb7f9dcc
repository	Build runtime and verification images	2026-09-30T00:54:41.2113478Z #66 10.97 go: upgraded github.com/googleapis/enterprise-certificate-proxy v0.3.6 => v0.3.14
repository	Build runtime and verification images	2026-09-30T00:54:41.2114840Z #66 10.97 go: upgraded github.com/googleapis/gax-go/v2 v2.14.1 => v2.18.0
repository	Build runtime and verification images	2026-09-30T00:54:41.2116269Z #66 10.97 go: upgraded github.com/gorilla/websocket v1.5.3 => v1.5.4-0.20250319132907-e064f32e3674
repository	Build runtime and verification images	2026-09-30T00:54:41.2117927Z #66 10.97 go: upgraded github.com/klauspost/compress v1.18.0 => v1.18.5
repository	Build runtime and verification images	2026-09-30T00:54:41.2119094Z #66 10.97 go: upgraded github.com/miekg/dns v1.1.65 => v1.1.72
repository	Build runtime and verification images	2026-09-30T00:54:41.2120368Z #66 10.97 go: upgraded github.com/modern-go/reflect2 v1.0.2 => v1.0.3-0.20250322232337-35a7c28c31ee
repository	Build runtime and verification images	2026-09-30T00:54:41.2122086Z #66 10.97 go: upgraded github.com/prometheus/client_golang v1.22.0 => v1.23.2
repository	Build runtime and verification images	2026-09-30T00:54:41.2123311Z #66 10.97 go: upgraded github.com/prometheus/common v0.63.0 => v0.67.5
repository	Build runtime and verification images	2026-09-30T00:54:41.2124553Z #66 10.97 go: upgraded github.com/prometheus/prometheus v0.303.0 => v0.311.3
repository	Build runtime and verification images	2026-09-30T00:54:41.2125809Z #66 10.97 go: upgraded github.com/rabbitmq/amqp091-go v1.10.0 => v1.13.0
repository	Build runtime and verification images	2026-09-30T00:54:41.2126949Z #66 10.97 go: upgraded github.com/spiffe/go-spiffe/v2 v2.5.0 => v2.7.0
repository	Build runtime and verification images	2026-09-30T00:54:41.2128074Z #66 10.97 go: upgraded go.mongodb.org/mongo-driver v1.17.3 => v1.17.6
repository	Build runtime and verification images	2026-09-30T00:54:41.2129257Z #66 10.97 go: upgraded go.opentelemetry.io/auto/sdk v1.1.0 => v1.2.1
repository	Build runtime and verification images	2026-09-30T00:54:41.2130609Z #66 10.97 go: upgraded go.opentelemetry.io/contrib/detectors/gcp v1.35.0 => v1.44.0
repository	Build runtime and verification images	2026-09-30T00:54:41.2132452Z #66 10.97 go: upgraded go.opentelemetry.io/contrib/instrumentation/google.golang.org/grpc/otelgrpc v0.60.0 => v0.61.0
repository	Build runtime and verification images	2026-09-30T00:54:41.2134295Z #66 10.97 go: upgraded go.opentelemetry.io/contrib/instrumentation/net/http/otelhttp v0.60.0 => v0.67.0
repository	Build runtime and verification images	2026-09-30T00:54:41.2135678Z #66 10.97 go: upgraded go.opentelemetry.io/otel v1.35.0 => v1.44.0
repository	Build runtime and verification images	2026-09-30T00:54:41.2136875Z #66 10.97 go: upgraded go.opentelemetry.io/otel/metric v1.35.0 => v1.44.0
repository	Build runtime and verification images	2026-09-30T00:54:41.2138063Z #66 10.97 go: upgraded go.opentelemetry.io/otel/sdk v1.35.0 => v1.44.0
repository	Build runtime and verification images	2026-09-30T00:54:41.2139293Z #66 10.97 go: upgraded go.opentelemetry.io/otel/sdk/metric v1.35.0 => v1.44.0
repository	Build runtime and verification images	2026-09-30T00:54:41.2140531Z #66 10.97 go: upgraded go.opentelemetry.io/otel/trace v1.35.0 => v1.44.0
repository	Build runtime and verification images	2026-09-30T00:54:41.2141865Z #66 10.97 go: upgraded go.uber.org/zap v1.27.0 => v1.27.1
repository	Build runtime and verification images	2026-09-30T00:54:41.2142927Z #66 10.97 go: upgraded golang.org/x/crypto v0.37.0 => v0.55.0
repository	Build runtime and verification images	2026-09-30T00:54:41.2143912Z #66 10.97 go: upgraded golang.org/x/mod v0.24.0 => v0.38.0
repository	Build runtime and verification images	2026-09-30T00:54:41.2145061Z #66 10.97 go: upgraded golang.org/x/net v0.39.0 => v0.58.0
repository	Build runtime and verification images	2026-09-30T00:54:41.2146228Z #66 10.97 go: upgraded golang.org/x/oauth2 v0.29.0 => v0.36.0
repository	Build runtime and verification images	2026-09-30T00:54:41.2147209Z #66 10.97 go: upgraded golang.org/x/sync v0.13.0 => v0.22.0
repository	Build runtime and verification images	2026-09-30T00:54:41.2148205Z #66 10.97 go: upgraded golang.org/x/sys v0.32.0 => v0.47.0
repository	Build runtime and verification images	2026-09-30T00:54:41.2149152Z #66 10.97 go: upgraded golang.org/x/term v0.31.0 => v0.45.0
repository	Build runtime and verification images	2026-09-30T00:54:41.2150187Z #66 10.97 go: upgraded golang.org/x/text v0.24.0 => v0.41.0
repository	Build runtime and verification images	2026-09-30T00:54:41.2151161Z #66 10.97 go: upgraded golang.org/x/time v0.11.0 => v0.15.0
repository	Build runtime and verification images	2026-09-30T00:54:41.2152506Z #66 10.97 go: upgraded golang.org/x/tools v0.32.0 => v0.48.0
repository	Build runtime and verification images	2026-09-30T00:54:41.2153642Z #66 10.97 go: upgraded google.golang.org/api v0.230.0 => v0.272.0
repository	Build runtime and verification images	2026-09-30T00:54:41.2155168Z #66 10.97 go: upgraded google.golang.org/genproto v0.0.0-20250422160041-2d3770c4ea7f => v0.0.0-20260217215200-42d3e9bedb6d
repository	Build runtime and verification images	2026-09-30T00:54:41.2157160Z #66 10.97 go: upgraded google.golang.org/genproto/googleapis/api v0.0.0-20250422160041-2d3770c4ea7f => v0.0.0-20260526163538-3dc84a4a5aaa
repository	Build runtime and verification images	2026-09-30T00:54:41.2159307Z #66 10.97 go: upgraded google.golang.org/genproto/googleapis/rpc v0.0.0-20250422160041-2d3770c4ea7f => v0.0.0-20260526163538-3dc84a4a5aaa
repository	Build runtime and verification images	2026-09-30T00:54:41.2161239Z #66 10.97 go: upgraded google.golang.org/grpc v1.72.0 => v1.83.2
repository	Build runtime and verification images	2026-09-30T00:54:41.2162589Z #66 10.97 go: upgraded google.golang.org/protobuf v1.36.6 => v1.36.11
repository	Build runtime and verification images	2026-09-30T00:54:43.0302998Z #66 ...
repository	Build runtime and verification images	2026-09-30T00:54:43.0303597Z 
repository	Build runtime and verification images	2026-09-30T00:54:43.0304391Z #59 [frontend builder 4/7] RUN npm ci
repository	Build runtime and verification images	2026-09-30T00:54:43.0305248Z #59 28.52 
repository	Build runtime and verification images	2026-09-30T00:54:43.0306131Z #59 28.52 added 404 packages, and audited 405 packages in 28s
repository	Build runtime and verification images	2026-09-30T00:54:43.0306980Z #59 28.52 
repository	Build runtime and verification images	2026-09-30T00:54:43.0307721Z #59 28.52 150 packages are looking for funding
repository	Build runtime and verification images	2026-09-30T00:54:43.0308968Z #59 28.52   run `npm fund` for details
repository	Build runtime and verification images	2026-09-30T00:54:43.0309691Z #59 28.52 
repository	Build runtime and verification images	2026-09-30T00:54:43.0310354Z #59 28.52 found 0 vulnerabilities
repository	Build runtime and verification images	2026-09-30T00:54:43.0311086Z #59 28.52 npm notice
repository	Build runtime and verification images	2026-09-30T00:54:43.0312320Z #59 28.52 npm notice New major version of npm available! 10.9.8 -> 12.1.0
repository	Build runtime and verification images	2026-09-30T00:54:43.0313528Z #59 28.52 npm notice Changelog: https://github.com/npm/cli/releases/tag/v12.1.0
repository	Build runtime and verification images	2026-09-30T00:54:43.0314658Z #59 28.52 npm notice To update run: npm install -g npm@12.1.0
repository	Build runtime and verification images	2026-09-30T00:54:43.0315423Z #59 28.52 npm notice
repository	Build runtime and verification images	2026-09-30T00:54:43.2494447Z #59 DONE 29.2s
repository	Build runtime and verification images	2026-09-30T00:54:43.2495411Z 
repository	Build runtime and verification images	2026-09-30T00:54:43.2498873Z #66 [minio server-build 5/6] RUN --mount=type=cache,target=/go/pkg/mod     go get github.com/apache/thrift@v0.24.0 github.com/buger/jsonparser@v1.1.2       github.com/go-jose/go-jose/v4@v4.1.4 github.com/prometheus/prometheus@v0.311.3       github.com/rabbitmq/amqp091-go@v1.13.0       golang.org/x/crypto@v0.55.0 google.golang.org/grpc@v1.83.2     && go mod download && go mod verify
repository	Build runtime and verification images	2026-09-30T00:54:43.3549547Z #66 ...
repository	Build runtime and verification images	2026-09-30T00:54:43.3550713Z 
repository	Build runtime and verification images	2026-09-30T00:54:43.3551732Z #71 [frontend builder 5/7] COPY . .
repository	Build runtime and verification images	2026-09-30T00:54:43.3552684Z #71 DONE 0.1s
repository	Build runtime and verification images	2026-09-30T00:54:43.5054800Z 
repository	Build runtime and verification images	2026-09-30T00:54:43.5056673Z #72 [frontend builder 6/7] RUN mkdir -p public
repository	Build runtime and verification images	2026-09-30T00:54:43.6483845Z #72 DONE 0.3s
repository	Build runtime and verification images	2026-09-30T00:54:43.6487035Z 
repository	Build runtime and verification images	2026-09-30T00:54:43.6490564Z #66 [minio server-build 5/6] RUN --mount=type=cache,target=/go/pkg/mod     go get github.com/apache/thrift@v0.24.0 github.com/buger/jsonparser@v1.1.2       github.com/go-jose/go-jose/v4@v4.1.4 github.com/prometheus/prometheus@v0.311.3       github.com/rabbitmq/amqp091-go@v1.13.0       golang.org/x/crypto@v0.55.0 google.golang.org/grpc@v1.83.2     && go mod download && go mod verify
repository	Build runtime and verification images	2026-09-30T00:54:43.8023172Z #66 ...
repository	Build runtime and verification images	2026-09-30T00:54:43.8024270Z 
repository	Build runtime and verification images	2026-09-30T00:54:43.8025118Z #73 [frontend builder 7/7] RUN npm run build
repository	Build runtime and verification images	2026-09-30T00:54:44.3766761Z #73 0.726 
repository	Build runtime and verification images	2026-09-30T00:54:44.3768288Z #73 0.726 > azaeron-frontend@1.0.0 build
repository	Build runtime and verification images	2026-09-30T00:54:44.3769417Z #73 0.726 > node ./node_modules/next/dist/bin/next build
repository	Build runtime and verification images	2026-09-30T00:54:44.3770178Z #73 0.726 
repository	Build runtime and verification images	2026-09-30T00:54:45.2279044Z #73 1.580 ▲ Next.js 16.3.3 (Turbopack)
repository	Build runtime and verification images	2026-09-30T00:54:45.4917809Z #73 1.843 ✓ Running next.config.ts took 262ms
repository	Build runtime and verification images	2026-09-30T00:54:45.7217683Z #73 1.866 
repository	Build runtime and verification images	2026-09-30T00:54:45.7218709Z #73 1.918   Creating an optimized production build ...
repository	Build runtime and verification images	2026-09-30T00:54:48.7054634Z #73 ...
repository	Build runtime and verification images	2026-09-30T00:54:48.7055851Z 
repository	Build runtime and verification images	2026-09-30T00:54:48.7057961Z #65 [minio-init client-build 5/6] RUN --mount=type=cache,target=/go/pkg/mod     go get github.com/prometheus/prometheus@v0.311.3       golang.org/x/crypto@v0.55.0 google.golang.org/grpc@v1.83.2     && go mod tidy && go mod download && go mod verify
repository	Build runtime and verification images	2026-09-30T00:54:48.7059867Z #65 21.50 all modules verified
repository	Build runtime and verification images	2026-09-30T00:54:48.7060452Z #65 DONE 22.7s
repository	Build runtime and verification images	2026-09-30T00:54:48.8559442Z 
repository	Build runtime and verification images	2026-09-30T00:54:48.8562556Z #74 [minio-init client-build 6/6] RUN --mount=type=cache,target=/go/pkg/mod --mount=type=cache,target=/root/.cache/go-build     go build -trimpath -tags kqueue -ldflags='-s -w' -o /out/mc .
repository	Build runtime and verification images	2026-09-30T00:54:53.0677704Z #74 ...
repository	Build runtime and verification images	2026-09-30T00:54:53.0679277Z 
repository	Build runtime and verification images	2026-09-30T00:54:53.0680982Z #57 [celery-beat runtime-base 4/4] RUN pip install --no-cache-dir --only-binary=:all: --require-hashes -r requirements.lock     && useradd --create-home --uid 1000 azaeron
repository	Build runtime and verification images	2026-09-30T00:54:53.0685904Z #57 36.71 WARNING: Running pip as the 'root' user can result in broken permissions and conflicting behaviour with the system package manager, possibly rendering your system unusable. It is recommended to use a virtual environment instead: https://pip.pypa.io/warnings/venv. Use the --root-user-action option if you know what you are doing and want to suppress this warning.
repository	Build runtime and verification images	2026-09-30T00:54:53.0703413Z #57 36.73 Successfully installed alembic-1.14.0 amqp-5.4.0 annotated-doc-0.0.5 annotated-types-0.8.0 anyio-4.15.1 argon2-cffi-25.1.0 argon2-cffi-bindings-26.1.0 asgiref-3.12.1 asyncpg-0.30.0 bcrypt-4.0.1 beautifulsoup4-4.12.3 billiard-4.3.0 celery-5.4.0 certifi-2026.7.22 cffi-2.1.1 charset-normalizer-3.5.1 click-8.5.0 click-didyoumean-0.3.1 click-plugins-1.1.1.2 click-repl-0.4.0 cryptography-50.0.1 deprecated-1.3.1 dnspython-2.8.0 email-validator-2.2.0 fastapi-0.141.1 googleapis-common-protos-1.75.0 greenlet-3.5.6 grpcio-1.84.0 h11-0.16.0 httpcore-1.0.9 httptools-0.8.0 httpx-0.27.0 idna-3.20 importlib-metadata-8.5.0 itsdangerous-2.2.0 kombu-5.6.2 lxml-6.1.3 mako-1.4.1 markupsafe-3.0.3 minio-7.2.12 numpy-2.5.3 opentelemetry-api-1.28.0 opentelemetry-exporter-otlp-proto-common-1.28.0 opentelemetry-exporter-otlp-proto-grpc-1.28.0 opentelemetry-instrumentation-0.49b0 opentelemetry-instrumentation-asgi-0.49b0 opentelemetry-instrumentation-fastapi-0.49b0 opentelemetry-proto-1.28.0 opentelemetry-sdk-1.28.0 opentelemetry-semantic-conventions-0.49b0 opentelemetry-util-http-0.49b0 packaging-26.3 pdfminer-six-20260107 pdfplumber-0.11.10 pgvector-0.3.0 pillow-12.3.0 prometheus-client-0.21.0 prompt-toolkit-3.0.53 protobuf-5.29.6 pycparser-3.0 pycryptodome-3.23.0 pydantic-2.13.5 pydantic-core-2.46.5 pydantic-settings-2.15.0 pyjwt-2.14.0 pypdfium2-5.13.0 pyphen-0.18.1 python-dateutil-2.9.0 python-docx-1.1.2 python-dotenv-1.2.3 python-multipart-0.0.32 pyyaml-6.0.3 redis-5.2.0 setuptools-84.0.0 six-1.17.0 sniffio-1.3.1 soupsieve-2.9.2 sqlalchemy-2.0.36 starlette-1.6.0 structlog-24.4.0 textstat-0.7.4 typing-extensions-4.16.0 typing-inspection-0.4.4 tzdata-2026.4 urllib3-2.8.0 uvicorn-0.53.0 uvloop-0.22.1 vine-5.1.0 watchfiles-1.2.0 wcwidth-0.8.4 websockets-17.1 wrapt-1.17.3 zipp-4.1.0
repository	Build runtime and verification images	2026-09-30T00:54:53.0757306Z #57 DONE 37.5s
repository	Build runtime and verification images	2026-09-30T00:54:53.0757710Z 
repository	Build runtime and verification images	2026-09-30T00:54:53.0758932Z #75 [verification runtime-base 4/4] RUN pip install --no-cache-dir --only-binary=:all: --require-hashes -r requirements.lock     && useradd --create-home --uid 1000 azaeron
repository	Build runtime and verification images	2026-09-30T00:54:53.0760113Z #75 CACHED
repository	Build runtime and verification images	2026-09-30T00:54:53.0760286Z 
repository	Build runtime and verification images	2026-09-30T00:54:53.0760678Z #76 [verification runtime-base 3/4] COPY requirements.lock ./
repository	Build runtime and verification images	2026-09-30T00:54:53.0761249Z #76 CACHED
repository	Build runtime and verification images	2026-09-30T00:54:53.0761756Z 
repository	Build runtime and verification images	2026-09-30T00:54:53.0762203Z #77 [verification verification-base 1/2] COPY requirements-dev.lock ./
repository	Build runtime and verification images	2026-09-30T00:54:53.0763065Z #77 DONE 0.0s
repository	Build runtime and verification images	2026-09-30T00:54:53.2160631Z 
repository	Build runtime and verification images	2026-09-30T00:54:53.2164932Z #78 [backend assemble 1/3] COPY --from=runtime-os / /base/
repository	Build runtime and verification images	2026-09-30T00:54:53.5024967Z #78 DONE 0.5s
repository	Build runtime and verification images	2026-09-30T00:54:53.5025697Z 
repository	Build runtime and verification images	2026-09-30T00:54:53.5026594Z #79 [migrate assemble 2/3] COPY scripts/assemble_runtime.py /assemble_runtime.py
repository	Build runtime and verification images	2026-09-30T00:54:53.5027871Z #79 DONE 0.0s
repository	Build runtime and verification images	2026-09-30T00:54:53.5028485Z 
repository	Build runtime and verification images	2026-09-30T00:54:53.5029122Z #80 [backend assemble 3/3] RUN python /assemble_runtime.py
repository	Build runtime and verification images	2026-09-30T00:54:58.7076840Z #80 ...
repository	Build runtime and verification images	2026-09-30T00:54:58.7077671Z 
repository	Build runtime and verification images	2026-09-30T00:54:58.7089389Z #81 [verification verification-base 2/2] RUN pip install --no-cache-dir --only-binary=:all: --require-hashes -r requirements-dev.lock
repository	Build runtime and verification images	2026-09-30T00:54:58.7093387Z #81 3.426 Collecting aiosqlite==0.20.0 (from -r requirements-dev.lock (line 3))
repository	Build runtime and verification images	2026-09-30T00:54:58.7096565Z #81 3.458   Downloading aiosqlite-0.20.0-py3-none-any.whl (15 kB)
repository	Build runtime and verification images	2026-09-30T00:54:58.7098329Z #81 3.474 Requirement already satisfied: alembic==1.14.0 in /usr/local/lib/python3.12/site-packages (from -r requirements-dev.lock (line 7)) (1.14.0)
repository	Build runtime and verification images	2026-09-30T00:54:58.7100508Z #81 3.477 Requirement already satisfied: amqp==5.4.0 in /usr/local/lib/python3.12/site-packages (from -r requirements-dev.lock (line 13)) (5.4.0)
repository	Build runtime and verification images	2026-09-30T00:54:58.7103390Z #81 3.479 Requirement already satisfied: annotated-doc==0.0.5 in /usr/local/lib/python3.12/site-packages (from -r requirements-dev.lock (line 19)) (0.0.5)
repository	Build runtime and verification images	2026-09-30T00:54:58.7105678Z #81 3.481 Requirement already satisfied: annotated-types==0.8.0 in /usr/local/lib/python3.12/site-packages (from -r requirements-dev.lock (line 25)) (0.8.0)
repository	Build runtime and verification images	2026-09-30T00:54:58.7107896Z #81 3.482 Requirement already satisfied: anyio==4.15.1 in /usr/local/lib/python3.12/site-packages (from -r requirements-dev.lock (line 31)) (4.15.1)
repository	Build runtime and verification images	2026-09-30T00:54:58.7110134Z #81 3.483 Requirement already satisfied: argon2-cffi==25.1.0 in /usr/local/lib/python3.12/site-packages (from -r requirements-dev.lock (line 39)) (25.1.0)
repository	Build runtime and verification images	2026-09-30T00:54:58.7113172Z #81 3.484 Requirement already satisfied: argon2-cffi-bindings==26.1.0 in /usr/local/lib/python3.12/site-packages (from -r requirements-dev.lock (line 45)) (26.1.0)
repository	Build runtime and verification images	2026-09-30T00:54:58.7115500Z #81 3.494 Requirement already satisfied: asgiref==3.12.1 in /usr/local/lib/python3.12/site-packages (from -r requirements-dev.lock (line 90)) (3.12.1)
repository	Build runtime and verification images	2026-09-30T00:54:58.7117720Z #81 3.494 Requirement already satisfied: asyncpg==0.30.0 in /usr/local/lib/python3.12/site-packages (from -r requirements-dev.lock (line 96)) (0.30.0)
repository	Build runtime and verification images	2026-09-30T00:54:58.7119929Z #81 3.494 Requirement already satisfied: bcrypt==4.0.1 in /usr/local/lib/python3.12/site-packages (from -r requirements-dev.lock (line 149)) (4.0.1)
repository	Build runtime and verification images	2026-09-30T00:54:58.7122820Z #81 3.494 Requirement already satisfied: beautifulsoup4==4.12.3 in /usr/local/lib/python3.12/site-packages (from -r requirements-dev.lock (line 174)) (4.12.3)
repository	Build runtime and verification images	2026-09-30T00:54:58.7125592Z #81 3.494 Requirement already satisfied: billiard==4.3.0 in /usr/local/lib/python3.12/site-packages (from -r requirements-dev.lock (line 180)) (4.3.0)
repository	Build runtime and verification images	2026-09-30T00:54:58.7127232Z #81 3.591 Collecting black==26.5.1 (from -r requirements-dev.lock (line 186))
repository	Build runtime and verification images	2026-09-30T00:54:58.7128807Z #81 3.597   Downloading black-26.5.1-cp312-cp312-manylinux2014_x86_64.manylinux_2_17_x86_64.manylinux_2_28_x86_64.whl (1.9 MB)
repository	Build runtime and verification images	2026-09-30T00:54:58.7130637Z #81 3.635      ━━━━━━━━━━━━━━━━━━━━━━━━━━━━━━━━━━━━━━━━ 1.9/1.9 MB 90.3 MB/s eta 0:00:00
repository	Build runtime and verification images	2026-09-30T00:54:58.7132607Z #81 3.670 Requirement already satisfied: celery==5.4.0 in /usr/local/lib/python3.12/site-packages (from -r requirements-dev.lock (line 215)) (5.4.0)
repository	Build runtime and verification images	2026-09-30T00:54:58.7134871Z #81 3.674 Requirement already satisfied: certifi==2026.7.22 in /usr/local/lib/python3.12/site-packages (from -r requirements-dev.lock (line 221)) (2026.7.22)
repository	Build runtime and verification images	2026-09-30T00:54:58.7137068Z #81 3.674 Requirement already satisfied: cffi==2.1.1 in /usr/local/lib/python3.12/site-packages (from -r requirements-dev.lock (line 229)) (2.1.1)
repository	Build runtime and verification images	2026-09-30T00:54:58.7139357Z #81 3.674 Requirement already satisfied: charset-normalizer==3.5.1 in /usr/local/lib/python3.12/site-packages (from -r requirements-dev.lock (line 334)) (3.5.1)
repository	Build runtime and verification images	2026-09-30T00:54:58.7141772Z #81 3.674 Requirement already satisfied: click==8.5.0 in /usr/local/lib/python3.12/site-packages (from -r requirements-dev.lock (line 510)) (8.5.0)
repository	Build runtime and verification images	2026-09-30T00:54:58.7144040Z #81 3.674 Requirement already satisfied: click-didyoumean==0.3.1 in /usr/local/lib/python3.12/site-packages (from -r requirements-dev.lock (line 521)) (0.3.1)
repository	Build runtime and verification images	2026-09-30T00:54:58.7146342Z #81 3.678 Requirement already satisfied: click-plugins==1.1.1.2 in /usr/local/lib/python3.12/site-packages (from -r requirements-dev.lock (line 527)) (1.1.1.2)
repository	Build runtime and verification images	2026-09-30T00:54:58.7148596Z #81 3.678 Requirement already satisfied: click-repl==0.4.0 in /usr/local/lib/python3.12/site-packages (from -r requirements-dev.lock (line 533)) (0.4.0)
repository	Build runtime and verification images	2026-09-30T00:54:58.7150881Z #81 3.678 Requirement already satisfied: cryptography==50.0.1 in /usr/local/lib/python3.12/site-packages (from -r requirements-dev.lock (line 539)) (50.0.1)
repository	Build runtime and verification images	2026-09-30T00:54:58.7153506Z #81 3.707 Requirement already satisfied: deprecated==1.3.1 in /usr/local/lib/python3.12/site-packages (from -r requirements-dev.lock (line 590)) (1.3.1)
repository	Build runtime and verification images	2026-09-30T00:54:58.7156139Z #81 3.707 Requirement already satisfied: dnspython==2.8.0 in /usr/local/lib/python3.12/site-packages (from -r requirements-dev.lock (line 598)) (2.8.0)
repository	Build runtime and verification images	2026-09-30T00:54:58.7158415Z #81 3.707 Requirement already satisfied: email-validator==2.2.0 in /usr/local/lib/python3.12/site-packages (from -r requirements-dev.lock (line 604)) (2.2.0)
repository	Build runtime and verification images	2026-09-30T00:54:58.7160118Z #81 3.707 Collecting factory-boy==3.3.0 (from -r requirements-dev.lock (line 610))
repository	Build runtime and verification images	2026-09-30T00:54:58.7161264Z #81 3.712   Downloading factory_boy-3.3.0-py2.py3-none-any.whl (36 kB)
repository	Build runtime and verification images	2026-09-30T00:54:58.7162643Z #81 3.848 Collecting faker==30.0.0 (from -r requirements-dev.lock (line 614))
repository	Build runtime and verification images	2026-09-30T00:54:58.7163937Z #81 3.854   Downloading Faker-30.0.0-py3-none-any.whl (1.8 MB)
repository	Build runtime and verification images	2026-09-30T00:54:58.7165232Z #81 3.873      ━━━━━━━━━━━━━━━━━━━━━━━━━━━━━━━━━━━━━━━━ 1.8/1.8 MB 132.3 MB/s eta 0:00:00
repository	Build runtime and verification images	2026-09-30T00:54:58.7167012Z #81 3.889 Requirement already satisfied: fastapi==0.141.1 in /usr/local/lib/python3.12/site-packages (from -r requirements-dev.lock (line 620)) (0.141.1)
repository	Build runtime and verification images	2026-09-30T00:54:58.7169369Z #81 3.893 Requirement already satisfied: googleapis-common-protos==1.75.0 in /usr/local/lib/python3.12/site-packages (from -r requirements-dev.lock (line 626)) (1.75.0)
repository	Build runtime and verification images	2026-09-30T00:54:58.7172035Z #81 3.894 Requirement already satisfied: greenlet==3.5.6 in /usr/local/lib/python3.12/site-packages (from -r requirements-dev.lock (line 632)) (3.5.6)
repository	Build runtime and verification images	2026-09-30T00:54:58.7174264Z #81 3.895 Requirement already satisfied: grpcio==1.84.0 in /usr/local/lib/python3.12/site-packages (from -r requirements-dev.lock (line 715)) (1.84.0)
repository	Build runtime and verification images	2026-09-30T00:54:58.7176438Z #81 3.895 Requirement already satisfied: h11==0.16.0 in /usr/local/lib/python3.12/site-packages (from -r requirements-dev.lock (line 780)) (0.16.0)
repository	Build runtime and verification images	2026-09-30T00:54:58.7178629Z #81 3.896 Requirement already satisfied: httpcore==1.0.9 in /usr/local/lib/python3.12/site-packages (from -r requirements-dev.lock (line 787)) (1.0.9)
repository	Build runtime and verification images	2026-09-30T00:54:58.7180818Z #81 3.897 Requirement already satisfied: httptools==0.8.0 in /usr/local/lib/python3.12/site-packages (from -r requirements-dev.lock (line 793)) (0.8.0)
repository	Build runtime and verification images	2026-09-30T00:54:58.7183221Z #81 3.898 Requirement already satisfied: httpx==0.27.0 in /usr/local/lib/python3.12/site-packages (from -r requirements-dev.lock (line 847)) (0.27.0)
repository	Build runtime and verification images	2026-09-30T00:54:58.7185324Z #81 3.899 Requirement already satisfied: idna==3.20 in /usr/local/lib/python3.12/site-packages (from -r requirements-dev.lock (line 853)) (3.20)
repository	Build runtime and verification images	2026-09-30T00:54:58.7187599Z #81 3.901 Requirement already satisfied: importlib-metadata==8.5.0 in /usr/local/lib/python3.12/site-packages (from -r requirements-dev.lock (line 861)) (8.5.0)
repository	Build runtime and verification images	2026-09-30T00:54:58.7189328Z #81 3.910 Collecting iniconfig==2.3.0 (from -r requirements-dev.lock (line 867))
repository	Build runtime and verification images	2026-09-30T00:54:58.7190445Z #81 3.924   Downloading iniconfig-2.3.0-py3-none-any.whl (7.5 kB)
repository	Build runtime and verification images	2026-09-30T00:54:58.7192366Z #81 3.927 Requirement already satisfied: itsdangerous==2.2.0 in /usr/local/lib/python3.12/site-packages (from -r requirements-dev.lock (line 871)) (2.2.0)
repository	Build runtime and verification images	2026-09-30T00:54:58.7194854Z #81 3.928 Requirement already satisfied: kombu==5.6.2 in /usr/local/lib/python3.12/site-packages (from -r requirements-dev.lock (line 877)) (5.6.2)
repository	Build runtime and verification images	2026-09-30T00:54:58.7197032Z #81 3.931 Requirement already satisfied: lxml==6.1.3 in /usr/local/lib/python3.12/site-packages (from -r requirements-dev.lock (line 883)) (6.1.3)
repository	Build runtime and verification images	2026-09-30T00:54:58.7199196Z #81 3.932 Requirement already satisfied: mako==1.4.1 in /usr/local/lib/python3.12/site-packages (from -r requirements-dev.lock (line 1063)) (1.4.1)
repository	Build runtime and verification images	2026-09-30T00:54:58.7201554Z #81 3.933 Requirement already satisfied: markupsafe==3.0.3 in /usr/local/lib/python3.12/site-packages (from -r requirements-dev.lock (line 1069)) (3.0.3)
repository	Build runtime and verification images	2026-09-30T00:54:58.7203824Z #81 3.934 Requirement already satisfied: minio==7.2.12 in /usr/local/lib/python3.12/site-packages (from -r requirements-dev.lock (line 1162)) (7.2.12)
repository	Build runtime and verification images	2026-09-30T00:54:58.7205417Z #81 4.137 Collecting mypy==1.11.0 (from -r requirements-dev.lock (line 1168))
repository	Build runtime and verification images	2026-09-30T00:54:58.7206985Z #81 4.145   Downloading mypy-1.11.0-cp312-cp312-manylinux_2_17_x86_64.manylinux2014_x86_64.manylinux_2_28_x86_64.whl (12.5 MB)
repository	Build runtime and verification images	2026-09-30T00:54:58.7208760Z #81 4.227      ━━━━━━━━━━━━━━━━━━━━━━━━━━━━━━━━━━━━━━━ 12.5/12.5 MB 168.0 MB/s eta 0:00:00
repository	Build runtime and verification images	2026-09-30T00:54:58.7210043Z #81 4.279 Collecting mypy-extensions==1.1.0 (from -r requirements-dev.lock (line 1197))
repository	Build runtime and verification images	2026-09-30T00:54:58.7211285Z #81 4.285   Downloading mypy_extensions-1.1.0-py3-none-any.whl (5.0 kB)
repository	Build runtime and verification images	2026-09-30T00:54:58.7213401Z #81 4.289 Requirement already satisfied: numpy==2.5.3 in /usr/local/lib/python3.12/site-packages (from -r requirements-dev.lock (line 1203)) (2.5.3)
repository	Build runtime and verification images	2026-09-30T00:54:58.7216072Z #81 4.292 Requirement already satisfied: opentelemetry-api==1.28.0 in /usr/local/lib/python3.12/site-packages (from -r requirements-dev.lock (line 1273)) (1.28.0)
repository	Build runtime and verification images	2026-09-30T00:54:58.7218679Z #81 4.293 Requirement already satisfied: opentelemetry-exporter-otlp-proto-common==1.28.0 in /usr/local/lib/python3.12/site-packages (from -r requirements-dev.lock (line 1285)) (1.28.0)
repository	Build runtime and verification images	2026-09-30T00:54:58.7221642Z #81 4.294 Requirement already satisfied: opentelemetry-exporter-otlp-proto-grpc==1.28.0 in /usr/local/lib/python3.12/site-packages (from -r requirements-dev.lock (line 1291)) (1.28.0)
repository	Build runtime and verification images	2026-09-30T00:54:58.7224322Z #81 4.297 Requirement already satisfied: opentelemetry-instrumentation==0.49b0 in /usr/local/lib/python3.12/site-packages (from -r requirements-dev.lock (line 1297)) (0.49b0)
repository	Build runtime and verification images	2026-09-30T00:54:58.7227004Z #81 4.298 Requirement already satisfied: opentelemetry-instrumentation-asgi==0.49b0 in /usr/local/lib/python3.12/site-packages (from -r requirements-dev.lock (line 1304)) (0.49b0)
repository	Build runtime and verification images	2026-09-30T00:54:58.7229711Z #81 4.299 Requirement already satisfied: opentelemetry-instrumentation-fastapi==0.49b0 in /usr/local/lib/python3.12/site-packages (from -r requirements-dev.lock (line 1310)) (0.49b0)
repository	Build runtime and verification images	2026-09-30T00:54:58.7232535Z #81 4.299 Requirement already satisfied: opentelemetry-proto==1.28.0 in /usr/local/lib/python3.12/site-packages (from -r requirements-dev.lock (line 1316)) (1.28.0)
repository	Build runtime and verification images	2026-09-30T00:54:58.7235086Z #81 4.300 Requirement already satisfied: opentelemetry-sdk==1.28.0 in /usr/local/lib/python3.12/site-packages (from -r requirements-dev.lock (line 1323)) (1.28.0)
repository	Build runtime and verification images	2026-09-30T00:54:58.7237607Z #81 4.301 Requirement already satisfied: opentelemetry-semantic-conventions==0.49b0 in /usr/local/lib/python3.12/site-packages (from -r requirements-dev.lock (line 1330)) (0.49b0)
repository	Build runtime and verification images	2026-09-30T00:54:58.7240139Z #81 4.302 Requirement already satisfied: opentelemetry-util-http==0.49b0 in /usr/local/lib/python3.12/site-packages (from -r requirements-dev.lock (line 1339)) (0.49b0)
repository	Build runtime and verification images	2026-09-30T00:54:58.7242661Z #81 4.304 Requirement already satisfied: packaging==26.3 in /usr/local/lib/python3.12/site-packages (from -r requirements-dev.lock (line 1346)) (26.3)
repository	Build runtime and verification images	2026-09-30T00:54:58.7244297Z #81 4.318 Collecting pathspec==1.1.1 (from -r requirements-dev.lock (line 1355))
repository	Build runtime and verification images	2026-09-30T00:54:58.7245365Z #81 4.324   Downloading pathspec-1.1.1-py3-none-any.whl (57 kB)
repository	Build runtime and verification images	2026-09-30T00:54:58.7247425Z #81 4.331 Requirement already satisfied: pdfminer-six==20260107 in /usr/local/lib/python3.12/site-packages (from -r requirements-dev.lock (line 1359)) (20260107)
repository	Build runtime and verification images	2026-09-30T00:54:58.7249733Z #81 4.332 Requirement already satisfied: pdfplumber==0.11.10 in /usr/local/lib/python3.12/site-packages (from -r requirements-dev.lock (line 1365)) (0.11.10)
repository	Build runtime and verification images	2026-09-30T00:54:58.7252154Z #81 4.333 Requirement already satisfied: pgvector==0.3.0 in /usr/local/lib/python3.12/site-packages (from -r requirements-dev.lock (line 1371)) (0.3.0)
repository	Build runtime and verification images	2026-09-30T00:54:58.7254340Z #81 4.334 Requirement already satisfied: pillow==12.3.0 in /usr/local/lib/python3.12/site-packages (from -r requirements-dev.lock (line 1376)) (12.3.0)
repository	Build runtime and verification images	2026-09-30T00:54:58.7256020Z #81 4.358 Collecting platformdirs==4.11.11 (from -r requirements-dev.lock (line 1467))
repository	Build runtime and verification images	2026-09-30T00:54:58.7257228Z #81 4.363   Downloading platformdirs-4.11.11-py3-none-any.whl (24 kB)
repository	Build runtime and verification images	2026-09-30T00:54:58.7258350Z #81 4.392 Collecting pluggy==1.6.0 (from -r requirements-dev.lock (line 1471))
repository	Build runtime and verification images	2026-09-30T00:54:58.7272540Z #81 4.392   Downloading pluggy-1.6.0-py3-none-any.whl (20 kB)
repository	Build runtime and verification images	2026-09-30T00:54:58.7274491Z #81 4.392 Requirement already satisfied: prometheus-client==0.21.0 in /usr/local/lib/python3.12/site-packages (from -r requirements-dev.lock (line 1475)) (0.21.0)
repository	Build runtime and verification images	2026-09-30T00:54:58.7276845Z #81 4.392 Requirement already satisfied: prompt-toolkit==3.0.53 in /usr/local/lib/python3.12/site-packages (from -r requirements-dev.lock (line 1481)) (3.0.53)
repository	Build runtime and verification images	2026-09-30T00:54:58.7279100Z #81 4.392 Requirement already satisfied: protobuf==5.29.6 in /usr/local/lib/python3.12/site-packages (from -r requirements-dev.lock (line 1487)) (5.29.6)
repository	Build runtime and verification images	2026-09-30T00:54:58.7287728Z #81 4.392 Requirement already satisfied: pycparser==3.0 in /usr/local/lib/python3.12/site-packages (from -r requirements-dev.lock (line 1503)) (3.0)
repository	Build runtime and verification images	2026-09-30T00:54:58.7313381Z #81 4.392 Requirement already satisfied: pycryptodome==3.23.0 in /usr/local/lib/python3.12/site-packages (from -r requirements-dev.lock (line 1509)) (3.23.0)
repository	Build runtime and verification images	2026-09-30T00:54:58.7315754Z #81 4.392 Requirement already satisfied: pydantic==2.13.5 in /usr/local/lib/python3.12/site-packages (from -r requirements-dev.lock (line 1554)) (2.13.5)
repository	Build runtime and verification images	2026-09-30T00:54:58.7318030Z #81 4.393 Requirement already satisfied: pydantic-core==2.46.5 in /usr/local/lib/python3.12/site-packages (from -r requirements-dev.lock (line 1562)) (2.46.5)
repository	Build runtime and verification images	2026-09-30T00:54:58.7320461Z #81 4.393 Requirement already satisfied: pydantic-settings==2.15.0 in /usr/local/lib/python3.12/site-packages (from -r requirements-dev.lock (line 1686)) (2.15.0)
repository	Build runtime and verification images	2026-09-30T00:54:58.7322430Z #81 4.416 Collecting pygments==2.21.0 (from -r requirements-dev.lock (line 1692))
repository	Build runtime and verification images	2026-09-30T00:54:58.7323538Z #81 4.421   Downloading pygments-2.21.0-py3-none-any.whl (1.3 MB)
repository	Build runtime and verification images	2026-09-30T00:54:58.7324975Z #81 4.430      ━━━━━━━━━━━━━━━━━━━━━━━━━━━━━━━━━━━━━━━━ 1.3/1.3 MB 170.1 MB/s eta 0:00:00
repository	Build runtime and verification images	2026-09-30T00:54:58.7326663Z #81 4.438 Requirement already satisfied: pyjwt==2.14.0 in /usr/local/lib/python3.12/site-packages (from -r requirements-dev.lock (line 1696)) (2.14.0)
repository	Build runtime and verification images	2026-09-30T00:54:58.7328875Z #81 4.439 Requirement already satisfied: pypdfium2==5.13.0 in /usr/local/lib/python3.12/site-packages (from -r requirements-dev.lock (line 1702)) (5.13.0)
repository	Build runtime and verification images	2026-09-30T00:54:58.7343256Z #81 4.440 Requirement already satisfied: pyphen==0.18.1 in /usr/local/lib/python3.12/site-packages (from -r requirements-dev.lock (line 1728)) (0.18.1)
repository	Build runtime and verification images	2026-09-30T00:54:58.7344806Z #81 4.480 Collecting pytest==9.1.1 (from -r requirements-dev.lock (line 1734))
repository	Build runtime and verification images	2026-09-30T00:54:58.7345755Z #81 4.485   Downloading pytest-9.1.1-py3-none-any.whl (386 kB)
repository	Build runtime and verification images	2026-09-30T00:54:58.7346824Z #81 4.518 Collecting pytest-asyncio==1.4.0 (from -r requirements-dev.lock (line 1740))
repository	Build runtime and verification images	2026-09-30T00:54:58.7347862Z #81 4.526   Downloading pytest_asyncio-1.4.0-py3-none-any.whl (16 kB)
repository	Build runtime and verification images	2026-09-30T00:54:58.7349546Z #81 4.531 Requirement already satisfied: python-dateutil==2.9.0 in /usr/local/lib/python3.12/site-packages (from -r requirements-dev.lock (line 1744)) (2.9.0)
repository	Build runtime and verification images	2026-09-30T00:54:58.7352536Z #81 4.532 Requirement already satisfied: python-docx==1.1.2 in /usr/local/lib/python3.12/site-packages (from -r requirements-dev.lock (line 1752)) (1.1.2)
repository	Build runtime and verification images	2026-09-30T00:54:58.7354799Z #81 4.533 Requirement already satisfied: python-dotenv==1.2.3 in /usr/local/lib/python3.12/site-packages (from -r requirements-dev.lock (line 1758)) (1.2.3)
repository	Build runtime and verification images	2026-09-30T00:54:58.7357026Z #81 4.534 Requirement already satisfied: python-multipart==0.0.32 in /usr/local/lib/python3.12/site-packages (from -r requirements-dev.lock (line 1765)) (0.0.32)
repository	Build runtime and verification images	2026-09-30T00:54:58.7358652Z #81 4.552 Collecting pytokens==0.4.1 (from -r requirements-dev.lock (line 1771))
repository	Build runtime and verification images	2026-09-30T00:54:58.7360180Z #81 4.557   Downloading pytokens-0.4.1-cp312-cp312-manylinux2014_x86_64.manylinux_2_17_x86_64.manylinux_2_28_x86_64.whl (269 kB)
repository	Build runtime and verification images	2026-09-30T00:54:58.7452933Z #81 4.562 Requirement already satisfied: pyyaml==6.0.3 in /usr/local/lib/python3.12/site-packages (from -r requirements-dev.lock (line 1815)) (6.0.3)
repository	Build runtime and verification images	2026-09-30T00:54:58.7455247Z #81 4.563 Requirement already satisfied: redis==5.2.0 in /usr/local/lib/python3.12/site-packages (from -r requirements-dev.lock (line 1892)) (5.2.0)
repository	Build runtime and verification images	2026-09-30T00:54:58.7456744Z #81 5.153 Collecting ruff==0.6.0 (from -r requirements-dev.lock (line 1898))
repository	Build runtime and verification images	2026-09-30T00:54:58.7457997Z #81 5.161   Downloading ruff-0.6.0-py3-none-manylinux_2_17_x86_64.manylinux2014_x86_64.whl (10.2 MB)
repository	Build runtime and verification images	2026-09-30T00:54:58.7459593Z #81 5.247      ━━━━━━━━━━━━━━━━━━━━━━━━━━━━━━━━━━━━━━━ 10.2/10.2 MB 129.3 MB/s eta 0:00:00
repository	Build runtime and verification images	2026-09-30T00:54:58.7461258Z #81 5.271 Requirement already satisfied: setuptools==84.0.0 in /usr/local/lib/python3.12/site-packages (from -r requirements-dev.lock (line 1918)) (84.0.0)
repository	Build runtime and verification images	2026-09-30T00:54:58.7524791Z #81 5.273 Requirement already satisfied: six==1.17.0 in /usr/local/lib/python3.12/site-packages (from -r requirements-dev.lock (line 1924)) (1.17.0)
repository	Build runtime and verification images	2026-09-30T00:54:58.7526867Z #81 5.273 Requirement already satisfied: sniffio==1.3.1 in /usr/local/lib/python3.12/site-packages (from -r requirements-dev.lock (line 1930)) (1.3.1)
repository	Build runtime and verification images	2026-09-30T00:54:58.7529027Z #81 5.275 Requirement already satisfied: soupsieve==2.9.2 in /usr/local/lib/python3.12/site-packages (from -r requirements-dev.lock (line 1936)) (2.9.2)
repository	Build runtime and verification images	2026-09-30T00:54:58.7531225Z #81 5.277 Requirement already satisfied: sqlalchemy==2.0.36 in /usr/local/lib/python3.12/site-packages (from -r requirements-dev.lock (line 1942)) (2.0.36)
repository	Build runtime and verification images	2026-09-30T00:54:58.7533712Z #81 5.277 Requirement already satisfied: starlette==1.6.0 in /usr/local/lib/python3.12/site-packages (from -r requirements-dev.lock (line 2004)) (1.6.0)
repository	Build runtime and verification images	2026-09-30T00:54:58.7535835Z #81 5.278 Requirement already satisfied: structlog==24.4.0 in /usr/local/lib/python3.12/site-packages (from -r requirements-dev.lock (line 2010)) (24.4.0)
repository	Build runtime and verification images	2026-09-30T00:54:58.7537971Z #81 5.279 Requirement already satisfied: textstat==0.7.4 in /usr/local/lib/python3.12/site-packages (from -r requirements-dev.lock (line 2016)) (0.7.4)
repository	Build runtime and verification images	2026-09-30T00:54:58.7540174Z #81 5.280 Requirement already satisfied: typing-extensions==4.16.0 in /usr/local/lib/python3.12/site-packages (from -r requirements-dev.lock (line 2021)) (4.16.0)
repository	Build runtime and verification images	2026-09-30T00:54:58.7663315Z #81 5.282 Requirement already satisfied: typing-inspection==0.4.4 in /usr/local/lib/python3.12/site-packages (from -r requirements-dev.lock (line 2042)) (0.4.4)
repository	Build runtime and verification images	2026-09-30T00:54:58.7665733Z #81 5.282 Requirement already satisfied: tzdata==2026.4 in /usr/local/lib/python3.12/site-packages (from -r requirements-dev.lock (line 2050)) (2026.4)
repository	Build runtime and verification images	2026-09-30T00:54:58.7667894Z #81 5.283 Requirement already satisfied: urllib3==2.8.0 in /usr/local/lib/python3.12/site-packages (from -r requirements-dev.lock (line 2057)) (2.8.0)
repository	Build runtime and verification images	2026-09-30T00:54:58.7670139Z #81 5.284 Requirement already satisfied: uvicorn==0.53.0 in /usr/local/lib/python3.12/site-packages (from -r requirements-dev.lock (line 2063)) (0.53.0)
repository	Build runtime and verification images	2026-09-30T00:54:58.7732997Z #81 5.286 Requirement already satisfied: uvloop==0.22.1 in /usr/local/lib/python3.12/site-packages (from -r requirements-dev.lock (line 2069)) (0.22.1)
repository	Build runtime and verification images	2026-09-30T00:54:58.7735701Z #81 5.286 Requirement already satisfied: vine==5.1.0 in /usr/local/lib/python3.12/site-packages (from -r requirements-dev.lock (line 2122)) (5.1.0)
repository	Build runtime and verification images	2026-09-30T00:54:58.7737830Z #81 5.287 Requirement already satisfied: watchfiles==1.2.0 in /usr/local/lib/python3.12/site-packages (from -r requirements-dev.lock (line 2130)) (1.2.0)
repository	Build runtime and verification images	2026-09-30T00:54:58.7739951Z #81 5.288 Requirement already satisfied: wcwidth==0.8.4 in /usr/local/lib/python3.12/site-packages (from -r requirements-dev.lock (line 2241)) (0.8.4)
repository	Build runtime and verification images	2026-09-30T00:54:58.7742334Z #81 5.290 Requirement already satisfied: websockets==17.1 in /usr/local/lib/python3.12/site-packages (from -r requirements-dev.lock (line 2247)) (17.1)
repository	Build runtime and verification images	2026-09-30T00:54:58.7744511Z #81 5.290 Requirement already satisfied: wrapt==1.17.3 in /usr/local/lib/python3.12/site-packages (from -r requirements-dev.lock (line 2399)) (1.17.3)
repository	Build runtime and verification images	2026-09-30T00:54:58.7746594Z #81 5.291 Requirement already satisfied: zipp==4.1.0 in /usr/local/lib/python3.12/site-packages (from -r requirements-dev.lock (line 2485)) (4.1.0)
repository	Build runtime and verification images	2026-09-30T00:54:59.3628922Z #81 6.452 Installing collected packages: ruff, pytokens, pygments, pluggy, platformdirs, pathspec, mypy-extensions, iniconfig, aiosqlite, pytest, mypy, faker, black, pytest-asyncio, factory-boy
repository	Build runtime and verification images	2026-09-30T00:54:59.6871059Z #81 ...
repository	Build runtime and verification images	2026-09-30T00:54:59.6871865Z 
repository	Build runtime and verification images	2026-09-30T00:54:59.6874878Z #66 [minio server-build 5/6] RUN --mount=type=cache,target=/go/pkg/mod     go get github.com/apache/thrift@v0.24.0 github.com/buger/jsonparser@v1.1.2       github.com/go-jose/go-jose/v4@v4.1.4 github.com/prometheus/prometheus@v0.311.3       github.com/rabbitmq/amqp091-go@v1.13.0       golang.org/x/crypto@v0.55.0 google.golang.org/grpc@v1.83.2     && go mod download && go mod verify
repository	Build runtime and verification images	2026-09-30T00:54:59.6877942Z #66 32.94 all modules verified
repository	Build runtime and verification images	2026-09-30T00:55:00.2629247Z #66 DONE 33.5s
repository	Build runtime and verification images	2026-09-30T00:55:00.2629871Z 
repository	Build runtime and verification images	2026-09-30T00:55:00.2630470Z #80 [backend assemble 3/3] RUN python /assemble_runtime.py
repository	Build runtime and verification images	2026-09-30T00:55:00.4165251Z #80 ...
repository	Build runtime and verification images	2026-09-30T00:55:00.4168511Z 
repository	Build runtime and verification images	2026-09-30T00:55:00.4170619Z #82 [minio server-build 6/6] RUN --mount=type=cache,target=/go/pkg/mod --mount=type=cache,target=/root/.cache/go-build     go build -mod=mod -trimpath -tags kqueue -ldflags='-s -w' -o /out/minio .     && go mod verify
repository	Build runtime and verification images	2026-09-30T00:55:01.4466958Z #82 1.177 go: downloading github.com/go-openapi/swag/loading v0.25.4
repository	Build runtime and verification images	2026-09-30T00:55:01.4468436Z #82 1.177 go: downloading github.com/go-openapi/swag/yamlutils v0.25.4
repository	Build runtime and verification images	2026-09-30T00:55:01.7712561Z #82 1.507 go: downloading github.com/go-openapi/swag/jsonname v0.25.5
repository	Build runtime and verification images	2026-09-30T00:55:01.8903998Z #82 1.507 go: downloading github.com/go-openapi/swag/mangling v0.25.4
repository	Build runtime and verification images	2026-09-30T00:55:01.8905534Z #82 1.511 go: downloading github.com/go-openapi/swag/jsonutils v0.25.4
repository	Build runtime and verification images	2026-09-30T00:55:01.8906981Z #82 1.512 go: downloading github.com/go-openapi/swag/stringutils v0.25.4
repository	Build runtime and verification images	2026-09-30T00:55:01.8908360Z #82 1.555 go: downloading github.com/go-openapi/swag/cmdutils v0.25.4
repository	Build runtime and verification images	2026-09-30T00:55:01.8909568Z #82 1.562 go: downloading github.com/go-openapi/swag/conv v0.25.4
repository	Build runtime and verification images	2026-09-30T00:55:01.8910752Z #82 1.562 go: downloading github.com/go-openapi/swag/fileutils v0.25.4
repository	Build runtime and verification images	2026-09-30T00:55:01.8912178Z #82 1.581 go: downloading github.com/go-openapi/swag/netutils v0.25.4
repository	Build runtime and verification images	2026-09-30T00:55:01.8913331Z #82 1.587 go: downloading github.com/go-openapi/swag/typeutils v0.25.4
repository	Build runtime and verification images	2026-09-30T00:55:01.8914451Z #82 1.590 go: downloading github.com/go-viper/mapstructure/v2 v2.5.0
repository	Build runtime and verification images	2026-09-30T00:55:01.8915537Z #82 1.625 go: downloading github.com/oklog/ulid/v2 v2.1.1
repository	Build runtime and verification images	2026-09-30T00:55:02.1484498Z #82 1.693 go: downloading go.yaml.in/yaml/v3 v3.0.4
repository	Build runtime and verification images	2026-09-30T00:55:04.0943613Z #82 ...
repository	Build runtime and verification images	2026-09-30T00:55:04.0944172Z 
repository	Build runtime and verification images	2026-09-30T00:55:04.0944910Z #80 [backend assemble 3/3] RUN python /assemble_runtime.py
repository	Build runtime and verification images	2026-09-30T00:55:04.0945845Z #80 DONE 10.6s
repository	Build runtime and verification images	2026-09-30T00:55:04.2429669Z 
repository	Build runtime and verification images	2026-09-30T00:55:04.2432136Z #81 [verification verification-base 2/2] RUN pip install --no-cache-dir --only-binary=:all: --require-hashes -r requirements-dev.lock
repository	Build runtime and verification images	2026-09-30T00:55:07.3436119Z #81 ...
repository	Build runtime and verification images	2026-09-30T00:55:07.3437275Z 
repository	Build runtime and verification images	2026-09-30T00:55:07.3438209Z #83 [migrate runtime 2/6] COPY --from=assemble /runtime-root/ /
repository	Build runtime and verification images	2026-09-30T00:55:09.3665492Z #83 ...
repository	Build runtime and verification images	2026-09-30T00:55:09.3666861Z 
repository	Build runtime and verification images	2026-09-30T00:55:09.3668602Z #81 [verification verification-base 2/2] RUN pip install --no-cache-dir --only-binary=:all: --require-hashes -r requirements-dev.lock
repository	Build runtime and verification images	2026-09-30T00:55:09.3673872Z #81 15.88 WARNING: Running pip as the 'root' user can result in broken permissions and conflicting behaviour with the system package manager, possibly rendering your system unusable. It is recommended to use a virtual environment instead: https://pip.pypa.io/warnings/venv. Use the --root-user-action option if you know what you are doing and want to suppress this warning.
repository	Build runtime and verification images	2026-09-30T00:55:09.3678737Z #81 15.88 Successfully installed aiosqlite-0.20.0 black-26.5.1 factory-boy-3.3.0 faker-30.0.0 iniconfig-2.3.0 mypy-1.11.0 mypy-extensions-1.1.0 pathspec-1.1.1 platformdirs-4.11.11 pluggy-1.6.0 pygments-2.21.0 pytest-9.1.1 pytest-asyncio-1.4.0 pytokens-0.4.1 ruff-0.6.0
repository	Build runtime and verification images	2026-09-30T00:55:09.3680845Z #81 DONE 16.5s
repository	Build runtime and verification images	2026-09-30T00:55:09.5164230Z 
repository	Build runtime and verification images	2026-09-30T00:55:09.5165987Z #84 [verification verification-assemble 1/3] COPY --from=runtime-os / /base/
repository	Build runtime and verification images	2026-09-30T00:55:10.1010871Z #84 DONE 0.7s
repository	Build runtime and verification images	2026-09-30T00:55:10.1013534Z 
repository	Build runtime and verification images	2026-09-30T00:55:10.1015735Z #74 [minio-init client-build 6/6] RUN --mount=type=cache,target=/go/pkg/mod --mount=type=cache,target=/root/.cache/go-build     go build -trimpath -tags kqueue -ldflags='-s -w' -o /out/mc .
repository	Build runtime and verification images	2026-09-30T00:55:10.3201530Z #74 ...
repository	Build runtime and verification images	2026-09-30T00:55:10.3202866Z 
repository	Build runtime and verification images	2026-09-30T00:55:10.3204386Z #85 [verification verification-assemble 2/3] COPY scripts/assemble_runtime.py /assemble_runtime.py
repository	Build runtime and verification images	2026-09-30T00:55:10.3205494Z #85 DONE 0.0s
repository	Build runtime and verification images	2026-09-30T00:55:10.3205917Z 
repository	Build runtime and verification images	2026-09-30T00:55:10.3206829Z #86 [verification verification-assemble 3/3] RUN python /assemble_runtime.py --include-sqlite
repository	Build runtime and verification images	2026-09-30T00:55:11.3178954Z #86 ...
repository	Build runtime and verification images	2026-09-30T00:55:11.3180860Z 
repository	Build runtime and verification images	2026-09-30T00:55:11.3181764Z #83 [backend runtime 2/6] COPY --from=assemble /runtime-root/ /
repository	Build runtime and verification images	2026-09-30T00:55:11.3182619Z #83 DONE 3.8s
repository	Build runtime and verification images	2026-09-30T00:55:11.3182976Z 
repository	Build runtime and verification images	2026-09-30T00:55:11.3183540Z #87 [migrate runtime 3/6] COPY --chown=65532:65532 app ./app
repository	Build runtime and verification images	2026-09-30T00:55:11.5651332Z #87 DONE 0.2s
repository	Build runtime and verification images	2026-09-30T00:55:11.5653530Z 
repository	Build runtime and verification images	2026-09-30T00:55:11.5654476Z #88 [celery-beat runtime 4/6] COPY --chown=65532:65532 alembic ./alembic
repository	Build runtime and verification images	2026-09-30T00:55:11.5655515Z #88 DONE 0.0s
repository	Build runtime and verification images	2026-09-30T00:55:11.5655945Z 
repository	Build runtime and verification images	2026-09-30T00:55:11.5656802Z #89 [backend runtime 5/6] COPY --chown=65532:65532 migration_snapshots ./migration_snapshots
repository	Build runtime and verification images	2026-09-30T00:55:11.5657910Z #89 DONE 0.0s
repository	Build runtime and verification images	2026-09-30T00:55:11.5658343Z 
repository	Build runtime and verification images	2026-09-30T00:55:11.5659038Z #90 [celery-worker runtime 6/6] COPY --chown=65532:65532 alembic.ini ./
repository	Build runtime and verification images	2026-09-30T00:55:11.5659959Z #90 DONE 0.0s
repository	Build runtime and verification images	2026-09-30T00:55:11.5660371Z 
repository	Build runtime and verification images	2026-09-30T00:55:11.5660912Z #91 [migrate] exporting to image
repository	Build runtime and verification images	2026-09-30T00:55:11.5661887Z #91 exporting layers
repository	Build runtime and verification images	2026-09-30T00:55:19.2498050Z #91 ...
repository	Build runtime and verification images	2026-09-30T00:55:19.2501025Z 
repository	Build runtime and verification images	2026-09-30T00:55:19.2502096Z #92 [celery-worker] exporting to image
repository	Build runtime and verification images	2026-09-30T00:55:19.2503626Z #92 exporting layers 7.8s done
repository	Build runtime and verification images	2026-09-30T00:55:19.2505098Z #92 writing image sha256:20ace9eaed9516e1dbca748e67e11279b8dcc6c1b69a2fb67dbb1e2c452a7f91
repository	Build runtime and verification images	2026-09-30T00:55:19.3721600Z #92 writing image sha256:20ace9eaed9516e1dbca748e67e11279b8dcc6c1b69a2fb67dbb1e2c452a7f91 done
repository	Build runtime and verification images	2026-09-30T00:55:19.3724726Z #92 naming to docker.io/library/verity-ci-celery-worker done
repository	Build runtime and verification images	2026-09-30T00:55:19.3725778Z #92 DONE 7.9s
repository	Build runtime and verification images	2026-09-30T00:55:19.3726334Z 
repository	Build runtime and verification images	2026-09-30T00:55:19.3726876Z #93 [celery-beat] exporting to image
repository	Build runtime and verification images	2026-09-30T00:55:19.3727728Z #93 exporting layers 7.8s done
repository	Build runtime and verification images	2026-09-30T00:55:19.3728950Z #93 writing image sha256:20ace9eaed9516e1dbca748e67e11279b8dcc6c1b69a2fb67dbb1e2c452a7f91 done
repository	Build runtime and verification images	2026-09-30T00:55:19.3730502Z #93 naming to docker.io/library/verity-ci-celery-beat 0.0s done
repository	Build runtime and verification images	2026-09-30T00:55:19.3732071Z #93 DONE 7.9s
repository	Build runtime and verification images	2026-09-30T00:55:19.3732557Z 
repository	Build runtime and verification images	2026-09-30T00:55:19.3733288Z #91 [migrate] exporting to image
repository	Build runtime and verification images	2026-09-30T00:55:19.3734521Z #91 exporting layers 7.8s done
repository	Build runtime and verification images	2026-09-30T00:55:19.3735885Z #91 writing image sha256:20ace9eaed9516e1dbca748e67e11279b8dcc6c1b69a2fb67dbb1e2c452a7f91 done
repository	Build runtime and verification images	2026-09-30T00:55:19.3742641Z #91 naming to docker.io/library/verity-ci-migrate 0.0s done
repository	Build runtime and verification images	2026-09-30T00:55:19.3743636Z #91 DONE 7.9s
repository	Build runtime and verification images	2026-09-30T00:55:19.3744019Z 
repository	Build runtime and verification images	2026-09-30T00:55:19.3744428Z #94 [backend] exporting to image
repository	Build runtime and verification images	2026-09-30T00:55:19.3745084Z #94 exporting layers 7.8s done
repository	Build runtime and verification images	2026-09-30T00:55:19.3746156Z #94 writing image sha256:20ace9eaed9516e1dbca748e67e11279b8dcc6c1b69a2fb67dbb1e2c452a7f91 done
repository	Build runtime and verification images	2026-09-30T00:55:19.3747322Z #94 naming to docker.io/library/verity-ci-backend 0.0s done
repository	Build runtime and verification images	2026-09-30T00:55:19.3748047Z #94 DONE 7.9s
repository	Build runtime and verification images	2026-09-30T00:55:19.3748620Z 
repository	Build runtime and verification images	2026-09-30T00:55:19.3749415Z #95 [celery-worker] resolving provenance for metadata file
repository	Build runtime and verification images	2026-09-30T00:55:19.5560802Z #95 DONE 0.0s
repository	Build runtime and verification images	2026-09-30T00:55:19.5562410Z 
repository	Build runtime and verification images	2026-09-30T00:55:19.5563196Z #96 [migrate] resolving provenance for metadata file
repository	Build runtime and verification images	2026-09-30T00:55:19.5564567Z #96 DONE 0.0s
repository	Build runtime and verification images	2026-09-30T00:55:19.5565010Z 
repository	Build runtime and verification images	2026-09-30T00:55:19.5565592Z #97 [celery-beat] resolving provenance for metadata file
repository	Build runtime and verification images	2026-09-30T00:55:19.5566478Z #97 DONE 0.0s
repository	Build runtime and verification images	2026-09-30T00:55:19.5566920Z 
repository	Build runtime and verification images	2026-09-30T00:55:19.5567472Z #98 [backend] resolving provenance for metadata file
repository	Build runtime and verification images	2026-09-30T00:55:19.5568243Z #98 DONE 0.0s
repository	Build runtime and verification images	2026-09-30T00:55:19.5568719Z 
repository	Build runtime and verification images	2026-09-30T00:55:19.5569205Z #73 [frontend builder 7/7] RUN npm run build
repository	Build runtime and verification images	2026-09-30T00:55:28.4340834Z #73 44.78 ✓ Compiled successfully in 42s
repository	Build runtime and verification images	2026-09-30T00:55:28.5791891Z #73 44.78   Running TypeScript ...
repository	Build runtime and verification images	2026-09-30T00:55:48.2574936Z #73 ...
repository	Build runtime and verification images	2026-09-30T00:55:48.2576200Z 
repository	Build runtime and verification images	2026-09-30T00:55:48.2577900Z #86 [verification verification-assemble 3/3] RUN python /assemble_runtime.py --include-sqlite
repository	Build runtime and verification images	2026-09-30T00:55:48.2579284Z #86 DONE 38.1s
repository	Build runtime and verification images	2026-09-30T00:55:48.4088735Z 
repository	Build runtime and verification images	2026-09-30T00:55:48.4098029Z #73 [frontend builder 7/7] RUN npm run build
repository	Build runtime and verification images	2026-09-30T00:55:50.4102591Z #73 66.76   Finished TypeScript in 22.0s ...
repository	Build runtime and verification images	2026-09-30T00:55:50.5954411Z #73 66.80   Collecting page data using 3 workers ...
repository	Build runtime and verification images	2026-09-30T00:55:52.9910144Z #73 69.34   Generating static pages using 3 workers (0/30) ...
repository	Build runtime and verification images	2026-09-30T00:55:54.1413735Z #73 70.49   Generating static pages using 3 workers (7/30) 
repository	Build runtime and verification images	2026-09-30T00:55:54.2948597Z #73 70.60   Generating static pages using 3 workers (14/30) 
repository	Build runtime and verification images	2026-09-30T00:55:54.5178663Z #73 70.86   Generating static pages using 3 workers (22/30) 
repository	Build runtime and verification images	2026-09-30T00:55:54.7862545Z #73 71.14 ✓ Generating static pages using 3 workers (30/30) in 1798ms
repository	Build runtime and verification images	2026-09-30T00:55:54.9625073Z #73 71.16   Finalizing page optimization ...
repository	Build runtime and verification images	2026-09-30T00:55:55.8205582Z #73 72.17 
repository	Build runtime and verification images	2026-09-30T00:55:55.8208339Z #73 72.17 Route (app)
repository	Build runtime and verification images	2026-09-30T00:55:55.8209874Z #73 72.17 ┌ ○ /
repository	Build runtime and verification images	2026-09-30T00:55:55.8210722Z #73 72.17 ├ ○ /_not-found
repository	Build runtime and verification images	2026-09-30T00:55:55.8211767Z #73 72.17 ├ ○ /admin
repository	Build runtime and verification images	2026-09-30T00:55:55.8212510Z #73 72.17 ├ ○ /ai
repository	Build runtime and verification images	2026-09-30T00:55:55.8213226Z #73 72.17 ├ ○ /authorship
repository	Build runtime and verification images	2026-09-30T00:55:55.8213991Z #73 72.17 ├ ○ /check
repository	Build runtime and verification images	2026-09-30T00:55:55.8214752Z #73 72.17 ├ ○ /citations
repository	Build runtime and verification images	2026-09-30T00:55:55.8215595Z #73 72.17 ├ ○ /dashboard
repository	Build runtime and verification images	2026-09-30T00:55:55.8216371Z #73 72.17 ├ ○ /detector
repository	Build runtime and verification images	2026-09-30T00:55:55.8217186Z #73 72.17 ├ ○ /documents
repository	Build runtime and verification images	2026-09-30T00:55:55.8217963Z #73 72.17 ├ ƒ /documents/[id]
repository	Build runtime and verification images	2026-09-30T00:55:55.8218803Z #73 72.17 ├ ○ /erasure-status
repository	Build runtime and verification images	2026-09-30T00:55:55.8219675Z #73 72.17 ├ ○ /evidence-graph
repository	Build runtime and verification images	2026-09-30T00:55:55.8220589Z #73 72.17 ├ ○ /forgot-password
repository	Build runtime and verification images	2026-09-30T00:55:55.8221654Z #73 72.17 ├ ○ /help
repository	Build runtime and verification images	2026-09-30T00:55:55.8222436Z #73 72.17 ├ ○ /history
repository	Build runtime and verification images	2026-09-30T00:55:55.8223211Z #73 72.17 ├ ○ /humaniser
repository	Build runtime and verification images	2026-09-30T00:55:55.8223999Z #73 72.17 ├ ○ /login
repository	Build runtime and verification images	2026-09-30T00:55:55.8224778Z #73 72.17 ├ ○ /onboarding
repository	Build runtime and verification images	2026-09-30T00:55:55.8225578Z #73 72.17 ├ ○ /plagiarism
repository	Build runtime and verification images	2026-09-30T00:55:55.8226348Z #73 72.17 ├ ○ /provenance
repository	Build runtime and verification images	2026-09-30T00:55:55.8227143Z #73 72.17 ├ ○ /register
repository	Build runtime and verification images	2026-09-30T00:55:55.8227901Z #73 72.17 ├ ○ /reports
repository	Build runtime and verification images	2026-09-30T00:55:55.8228694Z #73 72.17 ├ ○ /reset-password
repository	Build runtime and verification images	2026-09-30T00:55:55.8229506Z #73 72.17 ├ ○ /settings
repository	Build runtime and verification images	2026-09-30T00:55:55.8230690Z #73 72.17 ├ ○ /similarity
repository	Build runtime and verification images	2026-09-30T00:55:55.8231766Z #73 72.17 ├ ○ /sources
repository	Build runtime and verification images	2026-09-30T00:55:55.8232567Z #73 72.17 ├ ○ /upload
repository	Build runtime and verification images	2026-09-30T00:55:55.8233365Z #73 72.17 ├ ○ /verify-email
repository	Build runtime and verification images	2026-09-30T00:55:55.8234165Z #73 72.17 └ ○ /write
repository	Build runtime and verification images	2026-09-30T00:55:55.8234821Z #73 72.17 
repository	Build runtime and verification images	2026-09-30T00:55:55.8235417Z #73 72.17 
repository	Build runtime and verification images	2026-09-30T00:55:55.8236422Z #73 72.17 ○  (Static)   prerendered as static content
repository	Build runtime and verification images	2026-09-30T00:55:55.8237866Z #73 72.17 ƒ  (Dynamic)  server-rendered on demand
repository	Build runtime and verification images	2026-09-30T00:55:55.8238747Z #73 72.17 
repository	Build runtime and verification images	2026-09-30T00:55:56.8540698Z #73 DONE 73.2s
repository	Build runtime and verification images	2026-09-30T00:55:56.8542696Z 
repository	Build runtime and verification images	2026-09-30T00:55:56.8543820Z #99 [verification verification 2/3] COPY --from=verification-assemble /runtime-root/ /
repository	Build runtime and verification images	2026-09-30T00:55:57.3757234Z #99 DONE 4.3s
repository	Build runtime and verification images	2026-09-30T00:55:57.3759416Z 
repository	Build runtime and verification images	2026-09-30T00:55:57.3761661Z #82 [minio server-build 6/6] RUN --mount=type=cache,target=/go/pkg/mod --mount=type=cache,target=/root/.cache/go-build     go build -mod=mod -trimpath -tags kqueue -ldflags='-s -w' -o /out/minio .     && go mod verify
repository	Build runtime and verification images	2026-09-30T00:55:57.5074932Z #82 ...
repository	Build runtime and verification images	2026-09-30T00:55:57.5076083Z 
repository	Build runtime and verification images	2026-09-30T00:55:57.5077134Z #100 [verification verification 3/3] COPY --chown=65532:65532 . .
repository	Build runtime and verification images	2026-09-30T00:55:57.5078175Z #100 DONE 0.1s
repository	Build runtime and verification images	2026-09-30T00:55:57.6585119Z 
repository	Build runtime and verification images	2026-09-30T00:55:57.6586951Z #101 [verification] exporting to image
repository	Build runtime and verification images	2026-09-30T00:55:57.6587869Z #101 exporting layers
repository	Build runtime and verification images	2026-09-30T00:56:00.5013481Z #101 ...
repository	Build runtime and verification images	2026-09-30T00:56:00.5014471Z 
repository	Build runtime and verification images	2026-09-30T00:56:00.5015417Z #102 [frontend runner 4/6] COPY --from=builder --chown=node:node /app/.next/standalone ./
repository	Build runtime and verification images	2026-09-30T00:56:00.5016497Z #102 DONE 1.0s
repository	Build runtime and verification images	2026-09-30T00:56:00.6113197Z 
repository	Build runtime and verification images	2026-09-30T00:56:00.6118654Z #103 [frontend runner 5/6] COPY --from=builder --chown=node:node /app/.next/static ./.next/static
repository	Build runtime and verification images	2026-09-30T00:56:00.6123694Z #103 DONE 0.0s
repository	Build runtime and verification images	2026-09-30T00:56:00.6124134Z 
repository	Build runtime and verification images	2026-09-30T00:56:00.6125037Z #104 [frontend runner 6/6] COPY --from=builder --chown=node:node /app/public ./public
repository	Build runtime and verification images	2026-09-30T00:56:00.6126120Z #104 DONE 0.0s
repository	Build runtime and verification images	2026-09-30T00:56:00.6126540Z 
repository	Build runtime and verification images	2026-09-30T00:56:00.6126991Z #105 [frontend] exporting to image
repository	Build runtime and verification images	2026-09-30T00:56:01.5068897Z #105 exporting layers 1.0s done
repository	Build runtime and verification images	2026-09-30T00:56:01.7074652Z #105 writing image sha256:ad723b7569b2824145c0630cdac62b940c1f53f77032f50906a09735e0bfca55 done
repository	Build runtime and verification images	2026-09-30T00:56:01.7079828Z #105 naming to docker.io/library/verity-ci-frontend done
repository	Build runtime and verification images	2026-09-30T00:56:01.7080975Z #105 DONE 1.1s
repository	Build runtime and verification images	2026-09-30T00:56:01.7081599Z 
repository	Build runtime and verification images	2026-09-30T00:56:01.7082182Z #106 [frontend] resolving provenance for metadata file
repository	Build runtime and verification images	2026-09-30T00:56:01.7082943Z #106 DONE 0.0s
repository	Build runtime and verification images	2026-09-30T00:56:01.7083342Z 
repository	Build runtime and verification images	2026-09-30T00:56:01.7085172Z #82 [minio server-build 6/6] RUN --mount=type=cache,target=/go/pkg/mod --mount=type=cache,target=/root/.cache/go-build     go build -mod=mod -trimpath -tags kqueue -ldflags='-s -w' -o /out/minio .     && go mod verify
repository	Build runtime and verification images	2026-09-30T00:56:04.1633017Z #82 ...
repository	Build runtime and verification images	2026-09-30T00:56:04.1633394Z 
repository	Build runtime and verification images	2026-09-30T00:56:04.1635998Z #101 [verification] exporting to image
repository	Build runtime and verification images	2026-09-30T00:56:04.1636620Z #101 exporting layers 6.7s done
repository	Build runtime and verification images	2026-09-30T00:56:04.4963078Z #101 writing image sha256:79bd04825abfb4b5ea32ba11ff861d2f95f1ab3908999cd21ae598a4067ddd52 done
repository	Build runtime and verification images	2026-09-30T00:56:04.4964273Z #101 naming to docker.io/library/verity-ci-verification done
repository	Build runtime and verification images	2026-09-30T00:56:04.4964863Z #101 DONE 6.7s
repository	Build runtime and verification images	2026-09-30T00:56:04.4965061Z 
repository	Build runtime and verification images	2026-09-30T00:56:04.4965458Z #107 [verification] resolving provenance for metadata file
repository	Build runtime and verification images	2026-09-30T00:56:04.4966017Z #107 DONE 0.0s
repository	Build runtime and verification images	2026-09-30T00:56:04.4966220Z 
repository	Build runtime and verification images	2026-09-30T00:56:04.4967791Z #82 [minio server-build 6/6] RUN --mount=type=cache,target=/go/pkg/mod --mount=type=cache,target=/root/.cache/go-build     go build -mod=mod -trimpath -tags kqueue -ldflags='-s -w' -o /out/minio .     && go mod verify
repository	Build runtime and verification images	2026-09-30T00:56:31.4465911Z #82 ...
repository	Build runtime and verification images	2026-09-30T00:56:31.4466207Z 
repository	Build runtime and verification images	2026-09-30T00:56:31.4467716Z #74 [minio-init client-build 6/6] RUN --mount=type=cache,target=/go/pkg/mod --mount=type=cache,target=/root/.cache/go-build     go build -trimpath -tags kqueue -ldflags='-s -w' -o /out/mc .
repository	Build runtime and verification images	2026-09-30T00:56:31.4469166Z #74 DONE 102.7s
repository	Build runtime and verification images	2026-09-30T00:56:31.5539716Z 
repository	Build runtime and verification images	2026-09-30T00:56:31.5540741Z #108 [minio-init client 3/4] COPY --from=client-build /out/mc /usr/local/bin/mc
repository	Build runtime and verification images	2026-09-30T00:56:31.5542052Z #108 DONE 0.1s
repository	Build runtime and verification images	2026-09-30T00:56:31.5544180Z 
repository	Build runtime and verification images	2026-09-30T00:56:31.5545970Z #82 [minio server-build 6/6] RUN --mount=type=cache,target=/go/pkg/mod --mount=type=cache,target=/root/.cache/go-build     go build -mod=mod -trimpath -tags kqueue -ldflags='-s -w' -o /out/minio .     && go mod verify
repository	Build runtime and verification images	2026-09-30T00:56:31.7196983Z #82 ...
repository	Build runtime and verification images	2026-09-30T00:56:31.7197443Z 
repository	Build runtime and verification images	2026-09-30T00:56:31.7198348Z #109 [minio-init client 4/4] COPY --from=client-build /src/LICENSE /usr/share/licenses/mc/LICENSE
repository	Build runtime and verification images	2026-09-30T00:56:31.7199181Z #109 DONE 0.0s
repository	Build runtime and verification images	2026-09-30T00:56:31.7199380Z 
repository	Build runtime and verification images	2026-09-30T00:56:31.7199628Z #110 [minio-init] exporting to image
repository	Build runtime and verification images	2026-09-30T00:56:31.7200085Z #110 exporting layers
repository	Build runtime and verification images	2026-09-30T00:56:32.0120811Z #110 exporting layers 0.4s done
repository	Build runtime and verification images	2026-09-30T00:56:32.0122543Z #110 writing image sha256:2c58ecfc4c240ce0e90ae48520e3af1d237c04cf8bd2e6175f11546d0178795e
repository	Build runtime and verification images	2026-09-30T00:56:32.1908863Z #110 writing image sha256:2c58ecfc4c240ce0e90ae48520e3af1d237c04cf8bd2e6175f11546d0178795e done
repository	Build runtime and verification images	2026-09-30T00:56:32.1910300Z #110 naming to docker.io/library/verity-ci-minio-init done
repository	Build runtime and verification images	2026-09-30T00:56:32.1911028Z #110 DONE 0.5s
repository	Build runtime and verification images	2026-09-30T00:56:32.1921776Z 
repository	Build runtime and verification images	2026-09-30T00:56:32.1922426Z #111 [minio-init] resolving provenance for metadata file
repository	Build runtime and verification images	2026-09-30T00:56:32.1923188Z #111 DONE 0.0s
repository	Build runtime and verification images	2026-09-30T00:56:32.1923514Z 
repository	Build runtime and verification images	2026-09-30T00:56:32.1925356Z #82 [minio server-build 6/6] RUN --mount=type=cache,target=/go/pkg/mod --mount=type=cache,target=/root/.cache/go-build     go build -mod=mod -trimpath -tags kqueue -ldflags='-s -w' -o /out/minio .     && go mod verify
repository	Build runtime and verification images	2026-09-30T00:57:16.1586381Z #82 135.9 all modules verified
repository	Build runtime and verification images	2026-09-30T00:57:16.8526963Z #82 DONE 136.6s
repository	Build runtime and verification images	2026-09-30T00:57:16.9668366Z 
repository	Build runtime and verification images	2026-09-30T00:57:16.9669312Z #112 [minio server 3/5] COPY --from=server-build /out/minio /usr/local/bin/minio
repository	Build runtime and verification images	2026-09-30T00:57:17.1053397Z #112 DONE 0.1s
repository	Build runtime and verification images	2026-09-30T00:57:17.2772166Z 
repository	Build runtime and verification images	2026-09-30T00:57:17.2773215Z #113 [minio server 4/5] COPY --from=server-build /src/LICENSE /usr/share/licenses/minio/LICENSE
repository	Build runtime and verification images	2026-09-30T00:57:17.2774067Z #113 DONE 0.0s
repository	Build runtime and verification images	2026-09-30T00:57:17.2774276Z 
repository	Build runtime and verification images	2026-09-30T00:57:17.2774909Z #114 [minio server 5/5] COPY --from=server-build /src/NOTICE /usr/share/licenses/minio/NOTICE
repository	Build runtime and verification images	2026-09-30T00:57:17.2775655Z #114 DONE 0.0s
repository	Build runtime and verification images	2026-09-30T00:57:17.2775856Z 
repository	Build runtime and verification images	2026-09-30T00:57:17.2776104Z #115 [minio] exporting to image
repository	Build runtime and verification images	2026-09-30T00:57:17.2776409Z #115 exporting layers
repository	Build runtime and verification images	2026-09-30T00:57:18.0102604Z #115 exporting layers 0.9s done
repository	Build runtime and verification images	2026-09-30T00:57:18.0347855Z #115 writing image sha256:1888f51bdd612e39d1c47124e4c7644ec472f2119feb41865d572acdf40927d4 done
repository	Build runtime and verification images	2026-09-30T00:57:18.0348802Z #115 naming to docker.io/library/verity-ci-minio done
repository	Build runtime and verification images	2026-09-30T00:57:18.0349539Z  grafana  Built
repository	Build runtime and verification images	2026-09-30T00:57:18.0349790Z  celery-worker  Built
repository	Build runtime and verification images	2026-09-30T00:57:18.0350021Z  jaeger  Built
repository	Build runtime and verification images	2026-09-30T00:57:18.0350231Z  celery-beat  Built
repository	Build runtime and verification images	2026-09-30T00:57:18.0350561Z  verification  Built
repository	Build runtime and verification images	2026-09-30T00:57:18.0350990Z  migrate  Built
repository	Build runtime and verification images	2026-09-30T00:57:18.0351611Z  minio-init  Built
repository	Build runtime and verification images	2026-09-30T00:57:18.0352014Z  backend  Built
repository	Build runtime and verification images	2026-09-30T00:57:18.0352325Z  frontend  Built
repository	Build runtime and verification images	2026-09-30T00:57:18.0352528Z  minio  Built
repository	Build runtime and verification images	2026-09-30T00:57:18.0352723Z #115 DONE 0.9s
repository	Build runtime and verification images	2026-09-30T00:57:18.0352845Z 
repository	Build runtime and verification images	2026-09-30T00:57:18.0353048Z #116 [minio] resolving provenance for metadata file
repository	Build runtime and verification images	2026-09-30T00:57:18.0353362Z #116 DONE 0.0s
repository	Migrate and wait for dependencies	﻿2026-09-30T00:57:18.0425070Z ##[group]Run docker compose -f /tmp/verity-ci.json up -d --wait --wait-timeout 180 backend celery-worker frontend jaeger otel-collector prometheus
repository	Migrate and wait for dependencies	2026-09-30T00:57:18.0426118Z ^[[36;1mdocker compose -f /tmp/verity-ci.json up -d --wait --wait-timeout 180 backend celery-worker frontend jaeger otel-collector prometheus^[[0m
repository	Migrate and wait for dependencies	2026-09-30T00:57:18.0509972Z shell: /usr/bin/bash -e {0}
repository	Migrate and wait for dependencies	2026-09-30T00:57:18.0510237Z env:
repository	Migrate and wait for dependencies	2026-09-30T00:57:18.0510505Z   pythonLocation: /opt/hostedtoolcache/Python/3.12.14/x64
repository	Migrate and wait for dependencies	2026-09-30T00:57:18.0510961Z   PKG_CONFIG_PATH: /opt/hostedtoolcache/Python/3.12.14/x64/lib/pkgconfig
repository	Migrate and wait for dependencies	2026-09-30T00:57:18.0511896Z   Python_ROOT_DIR: /opt/hostedtoolcache/Python/3.12.14/x64
repository	Migrate and wait for dependencies	2026-09-30T00:57:18.0512294Z   Python2_ROOT_DIR: /opt/hostedtoolcache/Python/3.12.14/x64
repository	Migrate and wait for dependencies	2026-09-30T00:57:18.0512694Z   Python3_ROOT_DIR: /opt/hostedtoolcache/Python/3.12.14/x64
repository	Migrate and wait for dependencies	2026-09-30T00:57:18.0513078Z   LD_LIBRARY_PATH: /opt/hostedtoolcache/Python/3.12.14/x64/lib
repository	Migrate and wait for dependencies	2026-09-30T00:57:18.0513403Z ##[endgroup]
repository	Migrate and wait for dependencies	2026-09-30T00:57:18.1561972Z  mailpit Pulling 
repository	Migrate and wait for dependencies	2026-09-30T00:57:18.1562720Z  otel-collector Pulling 
repository	Migrate and wait for dependencies	2026-09-30T00:57:18.1563619Z  postgres Pulling 
repository	Migrate and wait for dependencies	2026-09-30T00:57:18.1564200Z  prometheus Pulling 
repository	Migrate and wait for dependencies	2026-09-30T00:57:18.1564619Z  redis Pulling 
repository	Migrate and wait for dependencies	2026-09-30T00:57:18.5722516Z  487858d29734 Pulling fs layer 
repository	Migrate and wait for dependencies	2026-09-30T00:57:18.5723181Z  6bddf0169a34 Pulling fs layer 
repository	Migrate and wait for dependencies	2026-09-30T00:57:18.5723712Z  3859a559c288 Pulling fs layer 
repository	Migrate and wait for dependencies	2026-09-30T00:57:18.5724216Z  1e155d6744e4 Pulling fs layer 
repository	Migrate and wait for dependencies	2026-09-30T00:57:18.5724714Z  e1db8b9e6f1c Pulling fs layer 
repository	Migrate and wait for dependencies	2026-09-30T00:57:18.5725213Z  fde357b1187c Pulling fs layer 
repository	Migrate and wait for dependencies	2026-09-30T00:57:18.5725760Z  71af9fb8ff89 Pulling fs layer 
repository	Migrate and wait for dependencies	2026-09-30T00:57:18.5726264Z  4ce6fa7d0795 Pulling fs layer 
repository	Migrate and wait for dependencies	2026-09-30T00:57:18.5726771Z  f9de78a4ea69 Pulling fs layer 
repository	Migrate and wait for dependencies	2026-09-30T00:57:18.5727068Z  fde357b1187c Waiting 
repository	Migrate and wait for dependencies	2026-09-30T00:57:18.5727336Z  e1db8b9e6f1c Waiting 
repository	Migrate and wait for dependencies	2026-09-30T00:57:18.5727599Z  71af9fb8ff89 Waiting 
repository	Migrate and wait for dependencies	2026-09-30T00:57:18.5727860Z  4ce6fa7d0795 Waiting 
repository	Migrate and wait for dependencies	2026-09-30T00:57:18.5728114Z  f9de78a4ea69 Waiting 
repository	Migrate and wait for dependencies	2026-09-30T00:57:18.5728385Z  1e155d6744e4 Waiting 
repository	Migrate and wait for dependencies	2026-09-30T00:57:18.5785396Z  039e6f9f9752 Pulling fs layer 
repository	Migrate and wait for dependencies	2026-09-30T00:57:18.5786015Z  32a162df1425 Pulling fs layer 
repository	Migrate and wait for dependencies	2026-09-30T00:57:18.5786534Z  d100bd361c59 Pulling fs layer 
repository	Migrate and wait for dependencies	2026-09-30T00:57:18.5787035Z  ff16cf9d59a9 Pulling fs layer 
repository	Migrate and wait for dependencies	2026-09-30T00:57:18.5787553Z  f4b681e14ff8 Pulling fs layer 
repository	Migrate and wait for dependencies	2026-09-30T00:57:18.5788040Z  a8a8272ab698 Pulling fs layer 
repository	Migrate and wait for dependencies	2026-09-30T00:57:18.5788547Z  61c973a13167 Pulling fs layer 
repository	Migrate and wait for dependencies	2026-09-30T00:57:18.5789041Z  a372a0a1082a Pulling fs layer 
repository	Migrate and wait for dependencies	2026-09-30T00:57:18.5789555Z  e7c73af1eeb3 Pulling fs layer 
repository	Migrate and wait for dependencies	2026-09-30T00:57:18.5790069Z  8654846d99fb Pulling fs layer 
repository	Migrate and wait for dependencies	2026-09-30T00:57:18.5790587Z  03995e31cd48 Pulling fs layer 
repository	Migrate and wait for dependencies	2026-09-30T00:57:18.5791053Z  537cf577f508 Pulling fs layer 
repository	Migrate and wait for dependencies	2026-09-30T00:57:18.5791734Z  efb5baa83a6e Pulling fs layer 
repository	Migrate and wait for dependencies	2026-09-30T00:57:18.5792314Z  5471e06bfc52 Pulling fs layer 
repository	Migrate and wait for dependencies	2026-09-30T00:57:18.5792775Z  c7449a7c51b4 Pulling fs layer 
repository	Migrate and wait for dependencies	2026-09-30T00:57:18.5793312Z  8c8ff1de0b18 Pulling fs layer 
repository	Migrate and wait for dependencies	2026-09-30T00:57:18.5793786Z  61c973a13167 Waiting 
repository	Migrate and wait for dependencies	2026-09-30T00:57:18.5794186Z  a372a0a1082a Waiting 
repository	Migrate and wait for dependencies	2026-09-30T00:57:18.5794577Z  e7c73af1eeb3 Waiting 
repository	Migrate and wait for dependencies	2026-09-30T00:57:18.5794968Z  8654846d99fb Waiting 
repository	Migrate and wait for dependencies	2026-09-30T00:57:18.5795366Z  03995e31cd48 Waiting 
repository	Migrate and wait for dependencies	2026-09-30T00:57:18.5795774Z  537cf577f508 Waiting 
repository	Migrate and wait for dependencies	2026-09-30T00:57:18.5796147Z  efb5baa83a6e Waiting 
repository	Migrate and wait for dependencies	2026-09-30T00:57:18.5796532Z  5471e06bfc52 Waiting 
repository	Migrate and wait for dependencies	2026-09-30T00:57:18.5796902Z  c7449a7c51b4 Waiting 
repository	Migrate and wait for dependencies	2026-09-30T00:57:18.5797266Z  8c8ff1de0b18 Waiting 
repository	Migrate and wait for dependencies	2026-09-30T00:57:18.5797649Z  039e6f9f9752 Waiting 
repository	Migrate and wait for dependencies	2026-09-30T00:57:18.5798039Z  32a162df1425 Waiting 
repository	Migrate and wait for dependencies	2026-09-30T00:57:18.5798302Z  d100bd361c59 Waiting 
repository	Migrate and wait for dependencies	2026-09-30T00:57:18.5798514Z  ff16cf9d59a9 Waiting 
repository	Migrate and wait for dependencies	2026-09-30T00:57:18.5798720Z  f4b681e14ff8 Waiting 
repository	Migrate and wait for dependencies	2026-09-30T00:57:18.5798924Z  a8a8272ab698 Waiting 
repository	Migrate and wait for dependencies	2026-09-30T00:57:18.5799162Z  ea339a46f8c1 Pulling fs layer 
repository	Migrate and wait for dependencies	2026-09-30T00:57:18.5799444Z  3c661e367453 Pulling fs layer 
repository	Migrate and wait for dependencies	2026-09-30T00:57:18.5799703Z  84e0d013005a Pulling fs layer 
repository	Migrate and wait for dependencies	2026-09-30T00:57:18.5800228Z  ea339a46f8c1 Waiting 
repository	Migrate and wait for dependencies	2026-09-30T00:57:18.5800446Z  3c661e367453 Waiting 
repository	Migrate and wait for dependencies	2026-09-30T00:57:18.5800652Z  84e0d013005a Waiting 
repository	Migrate and wait for dependencies	2026-09-30T00:57:18.5829981Z  e2de96513ba9 Already exists 
repository	Migrate and wait for dependencies	2026-09-30T00:57:18.5845306Z  c51f29e3c516 Pulling fs layer 
repository	Migrate and wait for dependencies	2026-09-30T00:57:18.5845729Z  f00eefd5b29e Pulling fs layer 
repository	Migrate and wait for dependencies	2026-09-30T00:57:18.5846015Z  c51f29e3c516 Waiting 
repository	Migrate and wait for dependencies	2026-09-30T00:57:18.5846257Z  f00eefd5b29e Waiting 
repository	Migrate and wait for dependencies	2026-09-30T00:57:18.5939535Z  16333ee0c00f Pulling fs layer 
repository	Migrate and wait for dependencies	2026-09-30T00:57:18.5940097Z  83234986c742 Pulling fs layer 
repository	Migrate and wait for dependencies	2026-09-30T00:57:18.5940623Z  7eb50503c2b0 Pulling fs layer 
repository	Migrate and wait for dependencies	2026-09-30T00:57:18.5941671Z  1522f9c6f453 Pulling fs layer 
repository	Migrate and wait for dependencies	2026-09-30T00:57:18.5942202Z  9928009b15c8 Pulling fs layer 
repository	Migrate and wait for dependencies	2026-09-30T00:57:18.5942733Z  4f4fb700ef54 Pulling fs layer 
repository	Migrate and wait for dependencies	2026-09-30T00:57:18.5943269Z  4eb14bae0e1d Pulling fs layer 
repository	Migrate and wait for dependencies	2026-09-30T00:57:18.5943746Z  16333ee0c00f Waiting 
repository	Migrate and wait for dependencies	2026-09-30T00:57:18.5944150Z  1522f9c6f453 Waiting 
repository	Migrate and wait for dependencies	2026-09-30T00:57:18.5944532Z  9928009b15c8 Waiting 
repository	Migrate and wait for dependencies	2026-09-30T00:57:18.5944952Z  4f4fb700ef54 Waiting 
repository	Migrate and wait for dependencies	2026-09-30T00:57:18.5945345Z  83234986c742 Waiting 
repository	Migrate and wait for dependencies	2026-09-30T00:57:18.5945822Z  7eb50503c2b0 Waiting 
repository	Migrate and wait for dependencies	2026-09-30T00:57:18.5946229Z  4eb14bae0e1d Waiting 
repository	Migrate and wait for dependencies	2026-09-30T00:57:18.6512110Z  487858d29734 Downloading [>                                                  ]  15.75kB/800.5kB
repository	Migrate and wait for dependencies	2026-09-30T00:57:18.6588536Z  3859a559c288 Downloading [>                                                  ]  540.1kB/61.91MB
repository	Migrate and wait for dependencies	2026-09-30T00:57:18.6633174Z  487858d29734 Downloading [==================================================>]  800.5kB/800.5kB
repository	Migrate and wait for dependencies	2026-09-30T00:57:18.6634130Z  487858d29734 Verifying Checksum 
repository	Migrate and wait for dependencies	2026-09-30T00:57:18.6636335Z  487858d29734 Download complete 
repository	Migrate and wait for dependencies	2026-09-30T00:57:18.6637436Z  487858d29734 Extracting [==>                                                ]  32.77kB/800.5kB
repository	Migrate and wait for dependencies	2026-09-30T00:57:18.6664897Z  6bddf0169a34 Downloading [>                                                  ]  3.458kB/324.6kB
repository	Migrate and wait for dependencies	2026-09-30T00:57:18.6722983Z  6bddf0169a34 Downloading [==================================================>]  324.6kB/324.6kB
repository	Migrate and wait for dependencies	2026-09-30T00:57:18.6729991Z  6bddf0169a34 Verifying Checksum 
repository	Migrate and wait for dependencies	2026-09-30T00:57:18.6736032Z  6bddf0169a34 Download complete 
repository	Migrate and wait for dependencies	2026-09-30T00:57:18.6769512Z  487858d29734 Extracting [==================================================>]  800.5kB/800.5kB
repository	Migrate and wait for dependencies	2026-09-30T00:57:18.6773983Z  487858d29734 Extracting [==================================================>]  800.5kB/800.5kB
repository	Migrate and wait for dependencies	2026-09-30T00:57:18.7449254Z  487858d29734 Pull complete 
repository	Migrate and wait for dependencies	2026-09-30T00:57:18.7483849Z  6bddf0169a34 Extracting [=====>                                             ]  32.77kB/324.6kB
repository	Migrate and wait for dependencies	2026-09-30T00:57:18.7540936Z  1e155d6744e4 Downloading [>                                                  ]  523.7kB/50.99MB
repository	Migrate and wait for dependencies	2026-09-30T00:57:18.7543856Z  e1db8b9e6f1c Downloading [==================================================>]     657B/657B
repository	Migrate and wait for dependencies	2026-09-30T00:57:18.7549411Z  e1db8b9e6f1c Verifying Checksum 
repository	Migrate and wait for dependencies	2026-09-30T00:57:18.7550240Z  e1db8b9e6f1c Download complete 
repository	Migrate and wait for dependencies	2026-09-30T00:57:18.7595879Z  3859a559c288 Downloading [========================>                          ]  30.82MB/61.91MB
repository	Migrate and wait for dependencies	2026-09-30T00:57:18.7645958Z  6bddf0169a34 Extracting [==================================================>]  324.6kB/324.6kB
repository	Migrate and wait for dependencies	2026-09-30T00:57:18.7983464Z  6bddf0169a34 Extracting [==================================================>]  324.6kB/324.6kB
repository	Migrate and wait for dependencies	2026-09-30T00:57:18.8394919Z  fde357b1187c Downloading [=======================================>           ]  3.198kB/4.023kB
repository	Migrate and wait for dependencies	2026-09-30T00:57:18.8396278Z  fde357b1187c Downloading [==================================================>]  4.023kB/4.023kB
repository	Migrate and wait for dependencies	2026-09-30T00:57:18.8397899Z  fde357b1187c Verifying Checksum 
repository	Migrate and wait for dependencies	2026-09-30T00:57:18.8398689Z  fde357b1187c Download complete 
repository	Migrate and wait for dependencies	2026-09-30T00:57:18.8543559Z  1e155d6744e4 Downloading [=========================>                         ]  26.21MB/50.99MB
repository	Migrate and wait for dependencies	2026-09-30T00:57:18.8608708Z  3859a559c288 Downloading [================================================>  ]  60.55MB/61.91MB
repository	Migrate and wait for dependencies	2026-09-30T00:57:18.8654448Z  3859a559c288 Verifying Checksum 
repository	Migrate and wait for dependencies	2026-09-30T00:57:18.8659727Z  3859a559c288 Download complete 
repository	Migrate and wait for dependencies	2026-09-30T00:57:18.9146267Z  71af9fb8ff89 Downloading [==================================================>]  1.596kB/1.596kB
repository	Migrate and wait for dependencies	2026-09-30T00:57:18.9147632Z  71af9fb8ff89 Verifying Checksum 
repository	Migrate and wait for dependencies	2026-09-30T00:57:18.9149216Z  71af9fb8ff89 Download complete 
repository	Migrate and wait for dependencies	2026-09-30T00:57:18.9335619Z  1e155d6744e4 Verifying Checksum 
repository	Migrate and wait for dependencies	2026-09-30T00:57:18.9343053Z  1e155d6744e4 Download complete 
repository	Migrate and wait for dependencies	2026-09-30T00:57:18.9464146Z  4ce6fa7d0795 Downloading [==================================================>]     100B/100B
repository	Migrate and wait for dependencies	2026-09-30T00:57:18.9464993Z  4ce6fa7d0795 Verifying Checksum 
repository	Migrate and wait for dependencies	2026-09-30T00:57:18.9465852Z  4ce6fa7d0795 Download complete 
repository	Migrate and wait for dependencies	2026-09-30T00:57:18.9643603Z  6bddf0169a34 Pull complete 
repository	Migrate and wait for dependencies	2026-09-30T00:57:18.9747621Z  3859a559c288 Extracting [>                                                  ]  557.1kB/61.91MB
repository	Migrate and wait for dependencies	2026-09-30T00:57:18.9954175Z  f9de78a4ea69 Downloading [==================================================>]     714B/714B
repository	Migrate and wait for dependencies	2026-09-30T00:57:18.9955379Z  f9de78a4ea69 Download complete 
repository	Migrate and wait for dependencies	2026-09-30T00:57:19.0142998Z  039e6f9f9752 Downloading [>                                                  ]  294.3kB/28.23MB
repository	Migrate and wait for dependencies	2026-09-30T00:57:19.0214662Z  32a162df1425 Download complete 
repository	Migrate and wait for dependencies	2026-09-30T00:57:19.0758957Z  3859a559c288 Extracting [=====>                                             ]  7.242MB/61.91MB
repository	Migrate and wait for dependencies	2026-09-30T00:57:19.0799552Z  d100bd361c59 Downloading [>                                                  ]  48.51kB/4.534MB
repository	Migrate and wait for dependencies	2026-09-30T00:57:19.0990180Z  ff16cf9d59a9 Downloading [>                                                  ]  15.74kB/1.25MB
repository	Migrate and wait for dependencies	2026-09-30T00:57:19.1119823Z  d100bd361c59 Verifying Checksum 
repository	Migrate and wait for dependencies	2026-09-30T00:57:19.1120768Z  d100bd361c59 Download complete 
repository	Migrate and wait for dependencies	2026-09-30T00:57:19.1139070Z  ff16cf9d59a9 Verifying Checksum 
repository	Migrate and wait for dependencies	2026-09-30T00:57:19.1141668Z  ff16cf9d59a9 Download complete 
repository	Migrate and wait for dependencies	2026-09-30T00:57:19.1147012Z  039e6f9f9752 Downloading [==========================================>        ]  24.18MB/28.23MB
repository	Migrate and wait for dependencies	2026-09-30T00:57:19.1294499Z  039e6f9f9752 Verifying Checksum 
repository	Migrate and wait for dependencies	2026-09-30T00:57:19.1295836Z  039e6f9f9752 Download complete 
repository	Migrate and wait for dependencies	2026-09-30T00:57:19.1694074Z  039e6f9f9752 Extracting [>                                                  ]  294.9kB/28.23MB
repository	Migrate and wait for dependencies	2026-09-30T00:57:19.1839358Z  3859a559c288 Extracting [==========>                                        ]  12.81MB/61.91MB
repository	Migrate and wait for dependencies	2026-09-30T00:57:19.1932296Z  f4b681e14ff8 Downloading [>                                                  ]  81.28kB/8.066MB
repository	Migrate and wait for dependencies	2026-09-30T00:57:19.1993409Z  a8a8272ab698 Downloading [>                                                  ]  15.74kB/1.196MB
repository	Migrate and wait for dependencies	2026-09-30T00:57:19.2127499Z  61c973a13167 Download complete 
repository	Migrate and wait for dependencies	2026-09-30T00:57:19.2199654Z  a8a8272ab698 Verifying Checksum 
repository	Migrate and wait for dependencies	2026-09-30T00:57:19.2200698Z  a8a8272ab698 Download complete 
repository	Migrate and wait for dependencies	2026-09-30T00:57:19.2375395Z  f4b681e14ff8 Verifying Checksum 
repository	Migrate and wait for dependencies	2026-09-30T00:57:19.2383561Z  f4b681e14ff8 Download complete 
repository	Migrate and wait for dependencies	2026-09-30T00:57:19.2744973Z  039e6f9f9752 Extracting [======>                                            ]  3.834MB/28.23MB
repository	Migrate and wait for dependencies	2026-09-30T00:57:19.2896246Z  a372a0a1082a Downloading [==================================================>]  3.144kB/3.144kB
repository	Migrate and wait for dependencies	2026-09-30T00:57:19.2899691Z  a372a0a1082a Verifying Checksum 
repository	Migrate and wait for dependencies	2026-09-30T00:57:19.2900957Z  a372a0a1082a Download complete 
repository	Migrate and wait for dependencies	2026-09-30T00:57:19.3051648Z  e7c73af1eeb3 Downloading [>                                                  ]  537.5kB/111.8MB
repository	Migrate and wait for dependencies	2026-09-30T00:57:19.3125782Z  8654846d99fb Downloading [=================>                                 ]  3.479kB/10.01kB
repository	Migrate and wait for dependencies	2026-09-30T00:57:19.3130828Z  8654846d99fb Downloading [==================================================>]  10.01kB/10.01kB
repository	Migrate and wait for dependencies	2026-09-30T00:57:19.3136314Z  8654846d99fb Verifying Checksum 
repository	Migrate and wait for dependencies	2026-09-30T00:57:19.3142310Z  8654846d99fb Download complete 
repository	Migrate and wait for dependencies	2026-09-30T00:57:19.3242224Z  3859a559c288 Extracting [================>                                  ]  20.05MB/61.91MB
repository	Migrate and wait for dependencies	2026-09-30T00:57:19.3621140Z  03995e31cd48 Downloading [==================================================>]     128B/128B
repository	Migrate and wait for dependencies	2026-09-30T00:57:19.3634261Z  03995e31cd48 Verifying Checksum 
repository	Migrate and wait for dependencies	2026-09-30T00:57:19.3638014Z  03995e31cd48 Download complete 
repository	Migrate and wait for dependencies	2026-09-30T00:57:19.3760902Z  039e6f9f9752 Extracting [=============>                                     ]  7.373MB/28.23MB
repository	Migrate and wait for dependencies	2026-09-30T00:57:19.3903457Z  537cf577f508 Downloading [==================================================>]     168B/168B
repository	Migrate and wait for dependencies	2026-09-30T00:57:19.3904679Z  537cf577f508 Verifying Checksum 
repository	Migrate and wait for dependencies	2026-09-30T00:57:19.3905718Z  537cf577f508 Download complete 
repository	Migrate and wait for dependencies	2026-09-30T00:57:19.4076282Z  e7c73af1eeb3 Downloading [===========>                                       ]  25.06MB/111.8MB
repository	Migrate and wait for dependencies	2026-09-30T00:57:19.4273658Z  3859a559c288 Extracting [=====================>                             ]  26.18MB/61.91MB
repository	Migrate and wait for dependencies	2026-09-30T00:57:19.4411649Z  efb5baa83a6e Downloading [============================>                      ]  3.502kB/6.105kB
repository	Migrate and wait for dependencies	2026-09-30T00:57:19.4413368Z  efb5baa83a6e Downloading [==================================================>]  6.105kB/6.105kB
repository	Migrate and wait for dependencies	2026-09-30T00:57:19.4422764Z  efb5baa83a6e Verifying Checksum 
repository	Migrate and wait for dependencies	2026-09-30T00:57:19.4423599Z  efb5baa83a6e Download complete 
repository	Migrate and wait for dependencies	2026-09-30T00:57:19.4738322Z  5471e06bfc52 Downloading [==================================================>]     184B/184B
repository	Migrate and wait for dependencies	2026-09-30T00:57:19.4739631Z  5471e06bfc52 Verifying Checksum 
repository	Migrate and wait for dependencies	2026-09-30T00:57:19.4740255Z  5471e06bfc52 Download complete 
repository	Migrate and wait for dependencies	2026-09-30T00:57:19.5086932Z  e7c73af1eeb3 Downloading [=======================>                           ]  53.27MB/111.8MB
repository	Migrate and wait for dependencies	2026-09-30T00:57:19.5133754Z  039e6f9f9752 Extracting [================>                                  ]  9.437MB/28.23MB
repository	Migrate and wait for dependencies	2026-09-30T00:57:19.5206622Z  c7449a7c51b4 Downloading [=>                                                 ]    3.5kB/129.1kB
repository	Migrate and wait for dependencies	2026-09-30T00:57:19.5232201Z  c7449a7c51b4 Downloading [==================================================>]  129.1kB/129.1kB
repository	Migrate and wait for dependencies	2026-09-30T00:57:19.5240492Z  c7449a7c51b4 Verifying Checksum 
repository	Migrate and wait for dependencies	2026-09-30T00:57:19.5241370Z  c7449a7c51b4 Download complete 
repository	Migrate and wait for dependencies	2026-09-30T00:57:19.5360860Z  3859a559c288 Extracting [=======================>                           ]  29.52MB/61.91MB
repository	Migrate and wait for dependencies	2026-09-30T00:57:19.5496463Z  8c8ff1de0b18 Downloading [>                                                  ]  15.75kB/935.1kB
repository	Migrate and wait for dependencies	2026-09-30T00:57:19.5642239Z  8c8ff1de0b18 Verifying Checksum 
repository	Migrate and wait for dependencies	2026-09-30T00:57:19.5643231Z  8c8ff1de0b18 Download complete 
repository	Migrate and wait for dependencies	2026-09-30T00:57:19.6055860Z  ea339a46f8c1 Downloading [=>                                                 ]    3.5kB/104.8kB
repository	Migrate and wait for dependencies	2026-09-30T00:57:19.6074089Z  ea339a46f8c1 Downloading [==================================================>]  104.8kB/104.8kB
repository	Migrate and wait for dependencies	2026-09-30T00:57:19.6075012Z  ea339a46f8c1 Verifying Checksum 
repository	Migrate and wait for dependencies	2026-09-30T00:57:19.6075572Z  ea339a46f8c1 Download complete 
repository	Migrate and wait for dependencies	2026-09-30T00:57:19.6106003Z  e7c73af1eeb3 Downloading [====================================>              ]  81.42MB/111.8MB
repository	Migrate and wait for dependencies	2026-09-30T00:57:19.6119052Z  ea339a46f8c1 Extracting [===============>                                   ]  32.77kB/104.8kB
repository	Migrate and wait for dependencies	2026-09-30T00:57:19.6192052Z  ea339a46f8c1 Extracting [==================================================>]  104.8kB/104.8kB
repository	Migrate and wait for dependencies	2026-09-30T00:57:19.6232741Z  ea339a46f8c1 Pull complete 
repository	Migrate and wait for dependencies	2026-09-30T00:57:19.6403327Z  3859a559c288 Extracting [============================>                      ]  35.09MB/61.91MB
repository	Migrate and wait for dependencies	2026-09-30T00:57:19.6454897Z  039e6f9f9752 Extracting [===================>                               ]  11.21MB/28.23MB
repository	Migrate and wait for dependencies	2026-09-30T00:57:19.6620923Z  3c661e367453 Downloading [>                                                  ]  537.8kB/112.7MB
repository	Migrate and wait for dependencies	2026-09-30T00:57:19.6904044Z  84e0d013005a Downloading [==================================================>]     831B/831B
repository	Migrate and wait for dependencies	2026-09-30T00:57:19.6917660Z  84e0d013005a Verifying Checksum 
repository	Migrate and wait for dependencies	2026-09-30T00:57:19.6918526Z  84e0d013005a Download complete 
repository	Migrate and wait for dependencies	2026-09-30T00:57:19.7114771Z  e7c73af1eeb3 Downloading [===============================================>   ]  106.4MB/111.8MB
repository	Migrate and wait for dependencies	2026-09-30T00:57:19.7323707Z  e7c73af1eeb3 Verifying Checksum 
repository	Migrate and wait for dependencies	2026-09-30T00:57:19.7324629Z  e7c73af1eeb3 Download complete 
repository	Migrate and wait for dependencies	2026-09-30T00:57:19.7406334Z  3859a559c288 Extracting [====================================>              ]  45.12MB/61.91MB
repository	Migrate and wait for dependencies	2026-09-30T00:57:19.7491581Z  039e6f9f9752 Extracting [==========================>                        ]  15.04MB/28.23MB
repository	Migrate and wait for dependencies	2026-09-30T00:57:19.7625452Z  3c661e367453 Downloading [========>                                          ]  19.77MB/112.7MB
repository	Migrate and wait for dependencies	2026-09-30T00:57:19.7786782Z  c51f29e3c516 Downloading [>                                                  ]  113.1kB/10.23MB
repository	Migrate and wait for dependencies	2026-09-30T00:57:19.8113621Z  f00eefd5b29e Downloading [>                                                  ]    3.5kB/177.1kB
repository	Migrate and wait for dependencies	2026-09-30T00:57:19.8170390Z  f00eefd5b29e Downloading [==================================================>]  177.1kB/177.1kB
repository	Migrate and wait for dependencies	2026-09-30T00:57:19.8172821Z  f00eefd5b29e Verifying Checksum 
repository	Migrate and wait for dependencies	2026-09-30T00:57:19.8173773Z  f00eefd5b29e Download complete 
repository	Migrate and wait for dependencies	2026-09-30T00:57:19.8422978Z  c51f29e3c516 Verifying Checksum 
repository	Migrate and wait for dependencies	2026-09-30T00:57:19.8424452Z  c51f29e3c516 Download complete 
repository	Migrate and wait for dependencies	2026-09-30T00:57:19.8441031Z  3859a559c288 Extracting [===========================================>       ]  54.03MB/61.91MB
repository	Migrate and wait for dependencies	2026-09-30T00:57:19.8548324Z  c51f29e3c516 Extracting [>                                                  ]  131.1kB/10.23MB
repository	Migrate and wait for dependencies	2026-09-30T00:57:19.8574662Z  039e6f9f9752 Extracting [=================================>                 ]  18.87MB/28.23MB
repository	Migrate and wait for dependencies	2026-09-30T00:57:19.8648461Z  3c661e367453 Downloading [===================>                               ]  43.68MB/112.7MB
repository	Migrate and wait for dependencies	2026-09-30T00:57:19.9098180Z  16333ee0c00f Downloading [>                                                  ]  48.55kB/3.626MB
repository	Migrate and wait for dependencies	2026-09-30T00:57:19.9439321Z  16333ee0c00f Downloading [==================================================>]  3.626MB/3.626MB
repository	Migrate and wait for dependencies	2026-09-30T00:57:19.9456571Z  3859a559c288 Extracting [================================================>  ]  60.16MB/61.91MB
repository	Migrate and wait for dependencies	2026-09-30T00:57:19.9458512Z  83234986c742 Downloading [==================================================>]     949B/949B
repository	Migrate and wait for dependencies	2026-09-30T00:57:19.9467232Z  16333ee0c00f Verifying Checksum 
repository	Migrate and wait for dependencies	2026-09-30T00:57:19.9468449Z  16333ee0c00f Download complete 
repository	Migrate and wait for dependencies	2026-09-30T00:57:19.9470414Z  83234986c742 Verifying Checksum 
repository	Migrate and wait for dependencies	2026-09-30T00:57:19.9471235Z  83234986c742 Download complete 
repository	Migrate and wait for dependencies	2026-09-30T00:57:19.9512086Z  16333ee0c00f Extracting [>                                                  ]  65.54kB/3.626MB
repository	Migrate and wait for dependencies	2026-09-30T00:57:19.9561830Z  c51f29e3c516 Extracting [===============>                                   ]  3.146MB/10.23MB
repository	Migrate and wait for dependencies	2026-09-30T00:57:19.9658368Z  3c661e367453 Downloading [==============================>                    ]  68.13MB/112.7MB
repository	Migrate and wait for dependencies	2026-09-30T00:57:19.9680540Z  039e6f9f9752 Extracting [=====================================>             ]  21.23MB/28.23MB
repository	Migrate and wait for dependencies	2026-09-30T00:57:20.0498672Z  7eb50503c2b0 Downloading [>                                                  ]  3.499kB/198.6kB
repository	Migrate and wait for dependencies	2026-09-30T00:57:20.0569622Z  c51f29e3c516 Extracting [===========================>                       ]  5.636MB/10.23MB
repository	Migrate and wait for dependencies	2026-09-30T00:57:20.0570965Z  3859a559c288 Extracting [=================================================> ]  61.83MB/61.91MB
repository	Migrate and wait for dependencies	2026-09-30T00:57:20.0585179Z  1522f9c6f453 Downloading [>                                                  ]  130.4kB/12.42MB
repository	Migrate and wait for dependencies	2026-09-30T00:57:20.0593160Z  7eb50503c2b0 Downloading [==================================================>]  198.6kB/198.6kB
repository	Migrate and wait for dependencies	2026-09-30T00:57:20.0601178Z  7eb50503c2b0 Verifying Checksum 
repository	Migrate and wait for dependencies	2026-09-30T00:57:20.0609654Z  7eb50503c2b0 Download complete 
repository	Migrate and wait for dependencies	2026-09-30T00:57:20.0659627Z  3c661e367453 Downloading [========================================>          ]  90.95MB/112.7MB
repository	Migrate and wait for dependencies	2026-09-30T00:57:20.0788515Z  16333ee0c00f Extracting [==================>                                ]  1.311MB/3.626MB
repository	Migrate and wait for dependencies	2026-09-30T00:57:20.0844891Z  039e6f9f9752 Extracting [=========================================>         ]  23.59MB/28.23MB
repository	Migrate and wait for dependencies	2026-09-30T00:57:20.0939731Z  3859a559c288 Extracting [==================================================>]  61.91MB/61.91MB
repository	Migrate and wait for dependencies	2026-09-30T00:57:20.1507676Z  9928009b15c8 Downloading [==================================================>]     100B/100B
repository	Migrate and wait for dependencies	2026-09-30T00:57:20.1510815Z  9928009b15c8 Verifying Checksum 
repository	Migrate and wait for dependencies	2026-09-30T00:57:20.1517952Z  9928009b15c8 Download complete 
repository	Migrate and wait for dependencies	2026-09-30T00:57:20.1577651Z  c51f29e3c516 Extracting [=====================================>             ]  7.602MB/10.23MB
repository	Migrate and wait for dependencies	2026-09-30T00:57:20.1600354Z  1522f9c6f453 Downloading [=======================================>           ]   9.83MB/12.42MB
repository	Migrate and wait for dependencies	2026-09-30T00:57:20.1619189Z  3c661e367453 Verifying Checksum 
repository	Migrate and wait for dependencies	2026-09-30T00:57:20.1620905Z  3c661e367453 Download complete 
repository	Migrate and wait for dependencies	2026-09-30T00:57:20.1709171Z  1522f9c6f453 Verifying Checksum 
repository	Migrate and wait for dependencies	2026-09-30T00:57:20.1713276Z  1522f9c6f453 Download complete 
repository	Migrate and wait for dependencies	2026-09-30T00:57:20.1721208Z  16333ee0c00f Extracting [=============================================>     ]  3.277MB/3.626MB
repository	Migrate and wait for dependencies	2026-09-30T00:57:20.1800607Z  16333ee0c00f Extracting [==================================================>]  3.626MB/3.626MB
repository	Migrate and wait for dependencies	2026-09-30T00:57:20.2133468Z  c51f29e3c516 Extracting [==================================================>]  10.23MB/10.23MB
repository	Migrate and wait for dependencies	2026-09-30T00:57:20.2367066Z  4f4fb700ef54 Downloading [==================================================>]      32B/32B
repository	Migrate and wait for dependencies	2026-09-30T00:57:20.2367898Z  4f4fb700ef54 Verifying Checksum 
repository	Migrate and wait for dependencies	2026-09-30T00:57:20.2368225Z  4f4fb700ef54 Download complete 
repository	Migrate and wait for dependencies	2026-09-30T00:57:20.2412427Z  4eb14bae0e1d Downloading [==================================================>]     599B/599B
repository	Migrate and wait for dependencies	2026-09-30T00:57:20.2413214Z  4eb14bae0e1d Verifying Checksum 
repository	Migrate and wait for dependencies	2026-09-30T00:57:20.2413564Z  4eb14bae0e1d Download complete 
repository	Migrate and wait for dependencies	2026-09-30T00:57:20.3060487Z  3c661e367453 Extracting [>                                                  ]  557.1kB/112.7MB
repository	Migrate and wait for dependencies	2026-09-30T00:57:20.5045959Z  3c661e367453 Extracting [=>                                                 ]  3.342MB/112.7MB
repository	Migrate and wait for dependencies	2026-09-30T00:57:20.5064649Z  039e6f9f9752 Extracting [==========================================>        ]  23.89MB/28.23MB
repository	Migrate and wait for dependencies	2026-09-30T00:57:20.5959213Z  16333ee0c00f Pull complete 
repository	Migrate and wait for dependencies	2026-09-30T00:57:20.6420323Z  039e6f9f9752 Extracting [============================================>      ]  25.36MB/28.23MB
repository	Migrate and wait for dependencies	2026-09-30T00:57:20.6470466Z  3c661e367453 Extracting [===>                                               ]  7.242MB/112.7MB
repository	Migrate and wait for dependencies	2026-09-30T00:57:20.6479355Z  83234986c742 Extracting [==================================================>]     949B/949B
repository	Migrate and wait for dependencies	2026-09-30T00:57:20.6491139Z  83234986c742 Extracting [==================================================>]     949B/949B
repository	Migrate and wait for dependencies	2026-09-30T00:57:20.7521195Z  3c661e367453 Extracting [=====>                                             ]  12.26MB/112.7MB
repository	Migrate and wait for dependencies	2026-09-30T00:57:20.8607869Z  3c661e367453 Extracting [======>                                            ]   15.6MB/112.7MB
repository	Migrate and wait for dependencies	2026-09-30T00:57:20.9934006Z  3c661e367453 Extracting [=========>                                         ]  21.17MB/112.7MB
repository	Migrate and wait for dependencies	2026-09-30T00:57:21.1054393Z  3c661e367453 Extracting [=========>                                         ]  21.73MB/112.7MB
repository	Migrate and wait for dependencies	2026-09-30T00:57:21.1101787Z  83234986c742 Pull complete 
repository	Migrate and wait for dependencies	2026-09-30T00:57:21.1483412Z  7eb50503c2b0 Extracting [========>                                          ]  32.77kB/198.6kB
repository	Migrate and wait for dependencies	2026-09-30T00:57:21.3018493Z  3c661e367453 Extracting [==========>                                        ]  22.84MB/112.7MB
repository	Migrate and wait for dependencies	2026-09-30T00:57:21.3454888Z  7eb50503c2b0 Extracting [==================================================>]  198.6kB/198.6kB
repository	Migrate and wait for dependencies	2026-09-30T00:57:21.3514080Z  3859a559c288 Pull complete 
repository	Migrate and wait for dependencies	2026-09-30T00:57:21.3514618Z  c51f29e3c516 Pull complete 
repository	Migrate and wait for dependencies	2026-09-30T00:57:21.3542830Z  f00eefd5b29e Extracting [=========>                                         ]  32.77kB/177.1kB
repository	Migrate and wait for dependencies	2026-09-30T00:57:21.3586069Z  f00eefd5b29e Extracting [==================================================>]  177.1kB/177.1kB
repository	Migrate and wait for dependencies	2026-09-30T00:57:21.3738501Z  1e155d6744e4 Extracting [>                                                  ]  524.3kB/50.99MB
repository	Migrate and wait for dependencies	2026-09-30T00:57:21.3806177Z  039e6f9f9752 Extracting [===============================================>   ]  26.84MB/28.23MB
repository	Migrate and wait for dependencies	2026-09-30T00:57:21.3985346Z  7eb50503c2b0 Extracting [==================================================>]  198.6kB/198.6kB
repository	Migrate and wait for dependencies	2026-09-30T00:57:21.4049635Z  f00eefd5b29e Extracting [==================================================>]  177.1kB/177.1kB
repository	Migrate and wait for dependencies	2026-09-30T00:57:21.4051899Z  3c661e367453 Extracting [===========>                                       ]  25.07MB/112.7MB
repository	Migrate and wait for dependencies	2026-09-30T00:57:21.4815944Z  039e6f9f9752 Extracting [================================================>  ]  27.13MB/28.23MB
repository	Migrate and wait for dependencies	2026-09-30T00:57:21.5155745Z  3c661e367453 Extracting [============>                                      ]   27.3MB/112.7MB
repository	Migrate and wait for dependencies	2026-09-30T00:57:21.5205391Z  1e155d6744e4 Extracting [===>                                               ]   3.67MB/50.99MB
repository	Migrate and wait for dependencies	2026-09-30T00:57:21.6205689Z  f00eefd5b29e Pull complete 
repository	Migrate and wait for dependencies	2026-09-30T00:57:21.6208700Z  7eb50503c2b0 Pull complete 
repository	Migrate and wait for dependencies	2026-09-30T00:57:21.6218953Z  1e155d6744e4 Extracting [======>                                            ]  6.816MB/50.99MB
repository	Migrate and wait for dependencies	2026-09-30T00:57:21.6257872Z  3c661e367453 Extracting [=============>                                     ]  30.08MB/112.7MB
repository	Migrate and wait for dependencies	2026-09-30T00:57:21.6265735Z  1522f9c6f453 Extracting [>                                                  ]  131.1kB/12.42MB
repository	Migrate and wait for dependencies	2026-09-30T00:57:21.6348824Z  mailpit Pulled 
repository	Migrate and wait for dependencies	2026-09-30T00:57:21.7277596Z  3c661e367453 Extracting [===============>                                   ]  33.98MB/112.7MB
repository	Migrate and wait for dependencies	2026-09-30T00:57:21.7284384Z  1e155d6744e4 Extracting [==========>                                        ]  10.49MB/50.99MB
repository	Migrate and wait for dependencies	2026-09-30T00:57:21.7289539Z  1522f9c6f453 Extracting [==========>                                        ]  2.621MB/12.42MB
repository	Migrate and wait for dependencies	2026-09-30T00:57:21.8333361Z  1522f9c6f453 Extracting [===========================>                       ]  6.816MB/12.42MB
repository	Migrate and wait for dependencies	2026-09-30T00:57:21.8409292Z  3c661e367453 Extracting [=================>                                 ]  38.99MB/112.7MB
repository	Migrate and wait for dependencies	2026-09-30T00:57:21.8440796Z  1e155d6744e4 Extracting [=============>                                     ]  14.16MB/50.99MB
repository	Migrate and wait for dependencies	2026-09-30T00:57:21.9265070Z  039e6f9f9752 Extracting [================================================>  ]  27.43MB/28.23MB
repository	Migrate and wait for dependencies	2026-09-30T00:57:21.9349379Z  1522f9c6f453 Extracting [=============================================>     ]   11.4MB/12.42MB
repository	Migrate and wait for dependencies	2026-09-30T00:57:21.9498599Z  1e155d6744e4 Extracting [=================>                                 ]  18.35MB/50.99MB
repository	Migrate and wait for dependencies	2026-09-30T00:57:21.9529530Z  3c661e367453 Extracting [===================>                               ]  42.89MB/112.7MB
repository	Migrate and wait for dependencies	2026-09-30T00:57:21.9662230Z  1522f9c6f453 Extracting [==================================================>]  12.42MB/12.42MB
repository	Migrate and wait for dependencies	2026-09-30T00:57:22.0358198Z  1522f9c6f453 Pull complete 
repository	Migrate and wait for dependencies	2026-09-30T00:57:22.0364208Z  9928009b15c8 Extracting [==================================================>]     100B/100B
repository	Migrate and wait for dependencies	2026-09-30T00:57:22.0368536Z  9928009b15c8 Extracting [==================================================>]     100B/100B
repository	Migrate and wait for dependencies	2026-09-30T00:57:22.0386426Z  039e6f9f9752 Extracting [=================================================> ]  28.02MB/28.23MB
repository	Migrate and wait for dependencies	2026-09-30T00:57:22.0504202Z  1e155d6744e4 Extracting [=====================>                             ]  22.02MB/50.99MB
repository	Migrate and wait for dependencies	2026-09-30T00:57:22.0529972Z  9928009b15c8 Pull complete 
repository	Migrate and wait for dependencies	2026-09-30T00:57:22.0556888Z  4f4fb700ef54 Extracting [==================================================>]      32B/32B
repository	Migrate and wait for dependencies	2026-09-30T00:57:22.0559334Z  4f4fb700ef54 Extracting [==================================================>]      32B/32B
repository	Migrate and wait for dependencies	2026-09-30T00:57:22.0664829Z  4f4fb700ef54 Pull complete 
repository	Migrate and wait for dependencies	2026-09-30T00:57:22.0690373Z  3c661e367453 Extracting [====================>                              ]  46.79MB/112.7MB
repository	Migrate and wait for dependencies	2026-09-30T00:57:22.0718409Z  4eb14bae0e1d Extracting [==================================================>]     599B/599B
repository	Migrate and wait for dependencies	2026-09-30T00:57:22.0721627Z  4eb14bae0e1d Extracting [==================================================>]     599B/599B
repository	Migrate and wait for dependencies	2026-09-30T00:57:22.0824698Z  4eb14bae0e1d Pull complete 
repository	Migrate and wait for dependencies	2026-09-30T00:57:22.0877622Z  redis Pulled 
repository	Migrate and wait for dependencies	2026-09-30T00:57:22.1542608Z  1e155d6744e4 Extracting [=========================>                         ]  25.69MB/50.99MB
repository	Migrate and wait for dependencies	2026-09-30T00:57:22.1761669Z  3c661e367453 Extracting [======================>                            ]  51.81MB/112.7MB
repository	Migrate and wait for dependencies	2026-09-30T00:57:22.1774270Z  039e6f9f9752 Extracting [==================================================>]  28.23MB/28.23MB
repository	Migrate and wait for dependencies	2026-09-30T00:57:22.2144528Z  039e6f9f9752 Pull complete 
repository	Migrate and wait for dependencies	2026-09-30T00:57:22.2155273Z  32a162df1425 Extracting [==================================================>]   1.17kB/1.17kB
repository	Migrate and wait for dependencies	2026-09-30T00:57:22.2159770Z  32a162df1425 Extracting [==================================================>]   1.17kB/1.17kB
repository	Migrate and wait for dependencies	2026-09-30T00:57:22.2568946Z  1e155d6744e4 Extracting [=======================================>           ]  40.37MB/50.99MB
repository	Migrate and wait for dependencies	2026-09-30T00:57:22.2621626Z  32a162df1425 Pull complete 
repository	Migrate and wait for dependencies	2026-09-30T00:57:22.2641856Z  d100bd361c59 Extracting [>                                                  ]  65.54kB/4.534MB
repository	Migrate and wait for dependencies	2026-09-30T00:57:22.2761091Z  3c661e367453 Extracting [========================>                          ]  55.71MB/112.7MB
repository	Migrate and wait for dependencies	2026-09-30T00:57:22.3612104Z  1e155d6744e4 Extracting [=================================================> ]  50.86MB/50.99MB
repository	Migrate and wait for dependencies	2026-09-30T00:57:22.3649767Z  d100bd361c59 Extracting [============================================>      ]  4.063MB/4.534MB
repository	Migrate and wait for dependencies	2026-09-30T00:57:22.3761771Z  1e155d6744e4 Extracting [==================================================>]  50.99MB/50.99MB
repository	Migrate and wait for dependencies	2026-09-30T00:57:22.3875250Z  3c661e367453 Extracting [==========================>                        ]   59.6MB/112.7MB
repository	Migrate and wait for dependencies	2026-09-30T00:57:22.4024201Z  1e155d6744e4 Pull complete 
repository	Migrate and wait for dependencies	2026-09-30T00:57:22.4034061Z  d100bd361c59 Extracting [==================================================>]  4.534MB/4.534MB
repository	Migrate and wait for dependencies	2026-09-30T00:57:22.4041778Z  e1db8b9e6f1c Extracting [==================================================>]     657B/657B
repository	Migrate and wait for dependencies	2026-09-30T00:57:22.4044335Z  e1db8b9e6f1c Extracting [==================================================>]     657B/657B
repository	Migrate and wait for dependencies	2026-09-30T00:57:22.4155218Z  e1db8b9e6f1c Pull complete 
repository	Migrate and wait for dependencies	2026-09-30T00:57:22.4169684Z  fde357b1187c Extracting [==================================================>]  4.023kB/4.023kB
repository	Migrate and wait for dependencies	2026-09-30T00:57:22.4171114Z  fde357b1187c Extracting [==================================================>]  4.023kB/4.023kB
repository	Migrate and wait for dependencies	2026-09-30T00:57:22.4271951Z  fde357b1187c Pull complete 
repository	Migrate and wait for dependencies	2026-09-30T00:57:22.4290148Z  71af9fb8ff89 Extracting [==================================================>]  1.596kB/1.596kB
repository	Migrate and wait for dependencies	2026-09-30T00:57:22.4295829Z  71af9fb8ff89 Extracting [==================================================>]  1.596kB/1.596kB
repository	Migrate and wait for dependencies	2026-09-30T00:57:22.4373011Z  71af9fb8ff89 Pull complete 
repository	Migrate and wait for dependencies	2026-09-30T00:57:22.4384261Z  4ce6fa7d0795 Extracting [==================================================>]     100B/100B
repository	Migrate and wait for dependencies	2026-09-30T00:57:22.4386965Z  4ce6fa7d0795 Extracting [==================================================>]     100B/100B
repository	Migrate and wait for dependencies	2026-09-30T00:57:22.4486794Z  4ce6fa7d0795 Pull complete 
repository	Migrate and wait for dependencies	2026-09-30T00:57:22.4503003Z  f9de78a4ea69 Extracting [==================================================>]     714B/714B
repository	Migrate and wait for dependencies	2026-09-30T00:57:22.4505913Z  f9de78a4ea69 Extracting [==================================================>]     714B/714B
repository	Migrate and wait for dependencies	2026-09-30T00:57:22.4623988Z  f9de78a4ea69 Pull complete 
repository	Migrate and wait for dependencies	2026-09-30T00:57:22.4692659Z  prometheus Pulled 
repository	Migrate and wait for dependencies	2026-09-30T00:57:22.4783885Z  d100bd361c59 Pull complete 
repository	Migrate and wait for dependencies	2026-09-30T00:57:22.4797933Z  ff16cf9d59a9 Extracting [=>                                                 ]  32.77kB/1.25MB
repository	Migrate and wait for dependencies	2026-09-30T00:57:22.4932923Z  3c661e367453 Extracting [============================>                      ]  65.18MB/112.7MB
repository	Migrate and wait for dependencies	2026-09-30T00:57:22.5244828Z  ff16cf9d59a9 Extracting [==================================================>]   1.25MB/1.25MB
repository	Migrate and wait for dependencies	2026-09-30T00:57:22.5441112Z  ff16cf9d59a9 Pull complete 
repository	Migrate and wait for dependencies	2026-09-30T00:57:22.5463716Z  f4b681e14ff8 Extracting [>                                                  ]   98.3kB/8.066MB
repository	Migrate and wait for dependencies	2026-09-30T00:57:22.6132660Z  3c661e367453 Extracting [==============================>                    ]  69.07MB/112.7MB
repository	Migrate and wait for dependencies	2026-09-30T00:57:22.6566906Z  f4b681e14ff8 Extracting [====================>                              ]  3.342MB/8.066MB
repository	Migrate and wait for dependencies	2026-09-30T00:57:22.7449444Z  3c661e367453 Extracting [===============================>                   ]   71.3MB/112.7MB
repository	Migrate and wait for dependencies	2026-09-30T00:57:22.7569309Z  f4b681e14ff8 Extracting [===============================>                   ]  5.112MB/8.066MB
repository	Migrate and wait for dependencies	2026-09-30T00:57:22.8514210Z  3c661e367453 Extracting [==================================>                ]  77.99MB/112.7MB
repository	Migrate and wait for dependencies	2026-09-30T00:57:22.8572003Z  f4b681e14ff8 Extracting [==========================================>        ]  6.783MB/8.066MB
repository	Migrate and wait for dependencies	2026-09-30T00:57:22.8974155Z  f4b681e14ff8 Extracting [==================================================>]  8.066MB/8.066MB
repository	Migrate and wait for dependencies	2026-09-30T00:57:22.9533708Z  3c661e367453 Extracting [======================================>            ]   86.9MB/112.7MB
repository	Migrate and wait for dependencies	2026-09-30T00:57:22.9687960Z  f4b681e14ff8 Pull complete 
repository	Migrate and wait for dependencies	2026-09-30T00:57:22.9703416Z  a8a8272ab698 Extracting [=>                                                 ]  32.77kB/1.196MB
repository	Migrate and wait for dependencies	2026-09-30T00:57:23.0153980Z  a8a8272ab698 Extracting [==================================================>]  1.196MB/1.196MB
repository	Migrate and wait for dependencies	2026-09-30T00:57:23.0240970Z  a8a8272ab698 Extracting [==================================================>]  1.196MB/1.196MB
repository	Migrate and wait for dependencies	2026-09-30T00:57:23.0608894Z  3c661e367453 Extracting [==========================================>        ]   94.7MB/112.7MB
repository	Migrate and wait for dependencies	2026-09-30T00:57:23.0696108Z  a8a8272ab698 Pull complete 
repository	Migrate and wait for dependencies	2026-09-30T00:57:23.0715354Z  61c973a13167 Extracting [==================================================>]     116B/116B
repository	Migrate and wait for dependencies	2026-09-30T00:57:23.0724250Z  61c973a13167 Extracting [==================================================>]     116B/116B
repository	Migrate and wait for dependencies	2026-09-30T00:57:23.0821675Z  61c973a13167 Pull complete 
repository	Migrate and wait for dependencies	2026-09-30T00:57:23.0833685Z  a372a0a1082a Extracting [==================================================>]  3.144kB/3.144kB
repository	Migrate and wait for dependencies	2026-09-30T00:57:23.0841489Z  a372a0a1082a Extracting [==================================================>]  3.144kB/3.144kB
repository	Migrate and wait for dependencies	2026-09-30T00:57:23.0939870Z  a372a0a1082a Pull complete 
repository	Migrate and wait for dependencies	2026-09-30T00:57:23.1732745Z  e7c73af1eeb3 Extracting [>                                                  ]  557.1kB/111.8MB
repository	Migrate and wait for dependencies	2026-09-30T00:57:23.1734838Z  3c661e367453 Extracting [============================================>      ]  101.4MB/112.7MB
repository	Migrate and wait for dependencies	2026-09-30T00:57:23.2774827Z  3c661e367453 Extracting [===============================================>   ]  106.4MB/112.7MB
repository	Migrate and wait for dependencies	2026-09-30T00:57:23.2818095Z  e7c73af1eeb3 Extracting [==>                                                ]  6.128MB/111.8MB
repository	Migrate and wait for dependencies	2026-09-30T00:57:23.3471302Z  3c661e367453 Extracting [==================================================>]  112.7MB/112.7MB
repository	Migrate and wait for dependencies	2026-09-30T00:57:23.3881347Z  3c661e367453 Pull complete 
repository	Migrate and wait for dependencies	2026-09-30T00:57:23.3898047Z  84e0d013005a Extracting [==================================================>]     831B/831B
repository	Migrate and wait for dependencies	2026-09-30T00:57:23.3899652Z  84e0d013005a Extracting [==================================================>]     831B/831B
repository	Migrate and wait for dependencies	2026-09-30T00:57:23.3984345Z  84e0d013005a Pull complete 
repository	Migrate and wait for dependencies	2026-09-30T00:57:23.4034251Z  e7c73af1eeb3 Extracting [===>                                               ]  8.913MB/111.8MB
repository	Migrate and wait for dependencies	2026-09-30T00:57:23.4056174Z  otel-collector Pulled 
repository	Migrate and wait for dependencies	2026-09-30T00:57:23.5136852Z  e7c73af1eeb3 Extracting [=====>                                             ]  12.81MB/111.8MB
repository	Migrate and wait for dependencies	2026-09-30T00:57:23.6209572Z  e7c73af1eeb3 Extracting [=======>                                           ]  17.27MB/111.8MB
repository	Migrate and wait for dependencies	2026-09-30T00:57:23.7332695Z  e7c73af1eeb3 Extracting [=========>                                         ]  22.28MB/111.8MB
repository	Migrate and wait for dependencies	2026-09-30T00:57:23.8378795Z  e7c73af1eeb3 Extracting [=============>                                     ]  30.64MB/111.8MB
repository	Migrate and wait for dependencies	2026-09-30T00:57:23.9444165Z  e7c73af1eeb3 Extracting [=================>                                 ]  40.11MB/111.8MB
repository	Migrate and wait for dependencies	2026-09-30T00:57:24.0490483Z  e7c73af1eeb3 Extracting [======================>                            ]  49.58MB/111.8MB
repository	Migrate and wait for dependencies	2026-09-30T00:57:24.1498903Z  e7c73af1eeb3 Extracting [========================>                          ]  55.15MB/111.8MB
repository	Migrate and wait for dependencies	2026-09-30T00:57:24.2612494Z  e7c73af1eeb3 Extracting [===========================>                       ]  62.39MB/111.8MB
repository	Migrate and wait for dependencies	2026-09-30T00:57:24.3629977Z  e7c73af1eeb3 Extracting [================================>                  ]  72.97MB/111.8MB
repository	Migrate and wait for dependencies	2026-09-30T00:57:24.4674430Z  e7c73af1eeb3 Extracting [====================================>              ]  81.89MB/111.8MB
repository	Migrate and wait for dependencies	2026-09-30T00:57:24.5691314Z  e7c73af1eeb3 Extracting [========================================>          ]   90.8MB/111.8MB
repository	Migrate and wait for dependencies	2026-09-30T00:57:24.6850617Z  e7c73af1eeb3 Extracting [==========================================>        ]  95.81MB/111.8MB
repository	Migrate and wait for dependencies	2026-09-30T00:57:24.8040762Z  e7c73af1eeb3 Extracting [============================================>      ]  99.71MB/111.8MB
repository	Migrate and wait for dependencies	2026-09-30T00:57:24.9190016Z  e7c73af1eeb3 Extracting [==============================================>    ]  103.6MB/111.8MB
repository	Migrate and wait for dependencies	2026-09-30T00:57:25.0353911Z  e7c73af1eeb3 Extracting [===============================================>   ]  106.4MB/111.8MB
repository	Migrate and wait for dependencies	2026-09-30T00:57:25.1463347Z  e7c73af1eeb3 Extracting [================================================>  ]  108.1MB/111.8MB
repository	Migrate and wait for dependencies	2026-09-30T00:57:25.4316856Z  e7c73af1eeb3 Extracting [=================================================> ]  110.3MB/111.8MB
repository	Migrate and wait for dependencies	2026-09-30T00:57:25.5521038Z  e7c73af1eeb3 Extracting [==================================================>]  111.8MB/111.8MB
repository	Migrate and wait for dependencies	2026-09-30T00:57:26.0573162Z  e7c73af1eeb3 Pull complete 
repository	Migrate and wait for dependencies	2026-09-30T00:57:26.0586374Z  8654846d99fb Extracting [==================================================>]  10.01kB/10.01kB
repository	Migrate and wait for dependencies	2026-09-30T00:57:26.0590111Z  8654846d99fb Extracting [==================================================>]  10.01kB/10.01kB
repository	Migrate and wait for dependencies	2026-09-30T00:57:26.0716139Z  8654846d99fb Pull complete 
repository	Migrate and wait for dependencies	2026-09-30T00:57:26.0726502Z  03995e31cd48 Extracting [==================================================>]     128B/128B
repository	Migrate and wait for dependencies	2026-09-30T00:57:26.0730268Z  03995e31cd48 Extracting [==================================================>]     128B/128B
repository	Migrate and wait for dependencies	2026-09-30T00:57:26.0798015Z  03995e31cd48 Pull complete 
repository	Migrate and wait for dependencies	2026-09-30T00:57:26.0808623Z  537cf577f508 Extracting [==================================================>]     168B/168B
repository	Migrate and wait for dependencies	2026-09-30T00:57:26.0810280Z  537cf577f508 Extracting [==================================================>]     168B/168B
repository	Migrate and wait for dependencies	2026-09-30T00:57:26.0941306Z  537cf577f508 Pull complete 
repository	Migrate and wait for dependencies	2026-09-30T00:57:26.0951696Z  efb5baa83a6e Extracting [==================================================>]  6.105kB/6.105kB
repository	Migrate and wait for dependencies	2026-09-30T00:57:26.1018669Z  efb5baa83a6e Pull complete 
repository	Migrate and wait for dependencies	2026-09-30T00:57:26.1028505Z  5471e06bfc52 Extracting [==================================================>]     184B/184B
repository	Migrate and wait for dependencies	2026-09-30T00:57:26.1029981Z  5471e06bfc52 Extracting [==================================================>]     184B/184B
repository	Migrate and wait for dependencies	2026-09-30T00:57:26.1092716Z  5471e06bfc52 Pull complete 
repository	Migrate and wait for dependencies	2026-09-30T00:57:26.1102984Z  c7449a7c51b4 Extracting [============>                                      ]  32.77kB/129.1kB
repository	Migrate and wait for dependencies	2026-09-30T00:57:26.1112781Z  c7449a7c51b4 Extracting [==================================================>]  129.1kB/129.1kB
repository	Migrate and wait for dependencies	2026-09-30T00:57:26.1569322Z  c7449a7c51b4 Pull complete 
repository	Migrate and wait for dependencies	2026-09-30T00:57:26.1578412Z  8c8ff1de0b18 Extracting [=>                                                 ]  32.77kB/935.1kB
repository	Migrate and wait for dependencies	2026-09-30T00:57:26.1912409Z  8c8ff1de0b18 Extracting [==================================================>]  935.1kB/935.1kB
repository	Migrate and wait for dependencies	2026-09-30T00:57:26.1930482Z  8c8ff1de0b18 Extracting [==================================================>]  935.1kB/935.1kB
repository	Migrate and wait for dependencies	2026-09-30T00:57:26.2224420Z  8c8ff1de0b18 Pull complete 
repository	Migrate and wait for dependencies	2026-09-30T00:57:26.2272625Z  postgres Pulled 
repository	Migrate and wait for dependencies	2026-09-30T00:57:26.2303845Z  Network verity-ci_azaeron-network  Creating
repository	Migrate and wait for dependencies	2026-09-30T00:57:26.2652141Z  Network verity-ci_azaeron-network  Created
repository	Migrate and wait for dependencies	2026-09-30T00:57:26.2672955Z  Volume "verity-ci_prometheus_data"  Creating
repository	Migrate and wait for dependencies	2026-09-30T00:57:26.2686045Z  Volume "verity-ci_prometheus_data"  Created
repository	Migrate and wait for dependencies	2026-09-30T00:57:26.2689507Z  Volume "verity-ci_postgres_data"  Creating
repository	Migrate and wait for dependencies	2026-09-30T00:57:26.2697876Z  Volume "verity-ci_postgres_data"  Created
repository	Migrate and wait for dependencies	2026-09-30T00:57:26.2700471Z  Volume "verity-ci_minio_data"  Creating
repository	Migrate and wait for dependencies	2026-09-30T00:57:26.2713311Z  Volume "verity-ci_minio_data"  Created
repository	Migrate and wait for dependencies	2026-09-30T00:57:26.2716437Z  Volume "verity-ci_redis_data"  Creating
repository	Migrate and wait for dependencies	2026-09-30T00:57:26.2727350Z  Volume "verity-ci_redis_data"  Created
repository	Migrate and wait for dependencies	2026-09-30T00:57:26.2730433Z  Volume "verity-ci_jaeger_data"  Creating
repository	Migrate and wait for dependencies	2026-09-30T00:57:26.2737619Z  Volume "verity-ci_jaeger_data"  Created
repository	Migrate and wait for dependencies	2026-09-30T00:57:26.2743411Z  Container verity-ci-postgres-1  Creating
repository	Migrate and wait for dependencies	2026-09-30T00:57:26.2744540Z  Container verity-ci-mailpit-1  Creating
repository	Migrate and wait for dependencies	2026-09-30T00:57:26.2745169Z  Container verity-ci-prometheus-1  Creating
repository	Migrate and wait for dependencies	2026-09-30T00:57:26.2745761Z  Container verity-ci-jaeger-1  Creating
repository	Migrate and wait for dependencies	2026-09-30T00:57:26.2746374Z  Container verity-ci-redis-1  Creating
repository	Migrate and wait for dependencies	2026-09-30T00:57:26.2747398Z  Container verity-ci-minio-1  Creating
repository	Migrate and wait for dependencies	2026-09-30T00:57:26.2998835Z  Container verity-ci-mailpit-1  Created
repository	Migrate and wait for dependencies	2026-09-30T00:57:26.3029263Z  Container verity-ci-redis-1  Created
repository	Migrate and wait for dependencies	2026-09-30T00:57:26.3030465Z  Container verity-ci-celery-beat-1  Creating
repository	Migrate and wait for dependencies	2026-09-30T00:57:26.3033058Z  Container verity-ci-minio-1  Created
repository	Migrate and wait for dependencies	2026-09-30T00:57:26.3034360Z  Container verity-ci-minio-init-1  Creating
repository	Migrate and wait for dependencies	2026-09-30T00:57:26.3035437Z  Container verity-ci-jaeger-1  Created
repository	Migrate and wait for dependencies	2026-09-30T00:57:26.3036273Z  Container verity-ci-otel-collector-1  Creating
repository	Migrate and wait for dependencies	2026-09-30T00:57:26.3150303Z  Container verity-ci-prometheus-1  Created
repository	Migrate and wait for dependencies	2026-09-30T00:57:26.3151078Z  Container verity-ci-postgres-1  Created
repository	Migrate and wait for dependencies	2026-09-30T00:57:26.3152744Z  Container verity-ci-migrate-1  Creating
repository	Migrate and wait for dependencies	2026-09-30T00:57:26.3203349Z  Container verity-ci-otel-collector-1  Created
repository	Migrate and wait for dependencies	2026-09-30T00:57:26.3206157Z  Container verity-ci-minio-init-1  Created
repository	Migrate and wait for dependencies	2026-09-30T00:57:26.3233595Z  Container verity-ci-celery-beat-1  Created
repository	Migrate and wait for dependencies	2026-09-30T00:57:26.3282240Z  Container verity-ci-migrate-1  Created
repository	Migrate and wait for dependencies	2026-09-30T00:57:26.3283046Z  Container verity-ci-backend-1  Creating
repository	Migrate and wait for dependencies	2026-09-30T00:57:26.3283712Z  Container verity-ci-celery-worker-1  Creating
repository	Migrate and wait for dependencies	2026-09-30T00:57:26.3399792Z  Container verity-ci-celery-worker-1  Created
repository	Migrate and wait for dependencies	2026-09-30T00:57:26.3404465Z  Container verity-ci-backend-1  Created
repository	Migrate and wait for dependencies	2026-09-30T00:57:26.3405264Z  Container verity-ci-frontend-1  Creating
repository	Migrate and wait for dependencies	2026-09-30T00:57:26.3488030Z  Container verity-ci-frontend-1  Created
repository	Migrate and wait for dependencies	2026-09-30T00:57:26.3508673Z  Container verity-ci-redis-1  Starting
repository	Migrate and wait for dependencies	2026-09-30T00:57:26.3509360Z  Container verity-ci-minio-1  Starting
repository	Migrate and wait for dependencies	2026-09-30T00:57:26.3521837Z  Container verity-ci-mailpit-1  Starting
repository	Migrate and wait for dependencies	2026-09-30T00:57:26.3522504Z  Container verity-ci-postgres-1  Starting
repository	Migrate and wait for dependencies	2026-09-30T00:57:26.3523085Z  Container verity-ci-jaeger-1  Starting
repository	Migrate and wait for dependencies	2026-09-30T00:57:26.3523460Z  Container verity-ci-prometheus-1  Starting
repository	Migrate and wait for dependencies	2026-09-30T00:57:26.6953037Z  Container verity-ci-redis-1  Started
repository	Migrate and wait for dependencies	2026-09-30T00:57:26.6954067Z  Container verity-ci-redis-1  Waiting
repository	Migrate and wait for dependencies	2026-09-30T00:57:26.7273436Z  Container verity-ci-mailpit-1  Started
repository	Migrate and wait for dependencies	2026-09-30T00:57:26.7467957Z  Container verity-ci-jaeger-1  Started
repository	Migrate and wait for dependencies	2026-09-30T00:57:26.7468985Z  Container verity-ci-otel-collector-1  Starting
repository	Migrate and wait for dependencies	2026-09-30T00:57:26.7562066Z  Container verity-ci-postgres-1  Started
repository	Migrate and wait for dependencies	2026-09-30T00:57:26.7563190Z  Container verity-ci-postgres-1  Waiting
repository	Migrate and wait for dependencies	2026-09-30T00:57:26.7848889Z  Container verity-ci-prometheus-1  Started
repository	Migrate and wait for dependencies	2026-09-30T00:57:26.8748241Z  Container verity-ci-minio-1  Started
repository	Migrate and wait for dependencies	2026-09-30T00:57:26.8753570Z  Container verity-ci-minio-1  Waiting
repository	Migrate and wait for dependencies	2026-09-30T00:57:27.0306706Z  Container verity-ci-otel-collector-1  Started
repository	Migrate and wait for dependencies	2026-09-30T00:57:32.1970369Z  Container verity-ci-redis-1  Healthy
repository	Migrate and wait for dependencies	2026-09-30T00:57:32.1971135Z  Container verity-ci-celery-beat-1  Starting
repository	Migrate and wait for dependencies	2026-09-30T00:57:32.2595091Z  Container verity-ci-postgres-1  Healthy
repository	Migrate and wait for dependencies	2026-09-30T00:57:32.2597326Z  Container verity-ci-migrate-1  Starting
repository	Migrate and wait for dependencies	2026-09-30T00:57:32.3177457Z  Container verity-ci-celery-beat-1  Started
repository	Migrate and wait for dependencies	2026-09-30T00:57:32.3761854Z  Container verity-ci-minio-1  Healthy
repository	Migrate and wait for dependencies	2026-09-30T00:57:32.3763089Z  Container verity-ci-minio-init-1  Starting
repository	Migrate and wait for dependencies	2026-09-30T00:57:32.4093364Z  Container verity-ci-migrate-1  Started
repository	Migrate and wait for dependencies	2026-09-30T00:57:32.5288520Z  Container verity-ci-minio-init-1  Started
repository	Migrate and wait for dependencies	2026-09-30T00:57:32.5289483Z  Container verity-ci-migrate-1  Waiting
repository	Migrate and wait for dependencies	2026-09-30T00:57:32.5290278Z  Container verity-ci-minio-init-1  Waiting
repository	Migrate and wait for dependencies	2026-09-30T00:57:32.5291030Z  Container verity-ci-postgres-1  Waiting
repository	Migrate and wait for dependencies	2026-09-30T00:57:32.5293175Z  Container verity-ci-redis-1  Waiting
repository	Migrate and wait for dependencies	2026-09-30T00:57:32.5295779Z  Container verity-ci-migrate-1  Waiting
repository	Migrate and wait for dependencies	2026-09-30T00:57:32.5296468Z  Container verity-ci-minio-1  Waiting
repository	Migrate and wait for dependencies	2026-09-30T00:57:32.5309713Z  Container verity-ci-minio-init-1  Waiting
repository	Migrate and wait for dependencies	2026-09-30T00:57:32.5310764Z  Container verity-ci-postgres-1  Waiting
repository	Migrate and wait for dependencies	2026-09-30T00:57:32.5311925Z  Container verity-ci-redis-1  Waiting
repository	Migrate and wait for dependencies	2026-09-30T00:57:33.0336539Z  Container verity-ci-postgres-1  Healthy
repository	Migrate and wait for dependencies	2026-09-30T00:57:33.0337792Z  Container verity-ci-minio-1  Healthy
repository	Migrate and wait for dependencies	2026-09-30T00:57:33.0339161Z  Container verity-ci-redis-1  Healthy
repository	Migrate and wait for dependencies	2026-09-30T00:57:33.0340049Z  Container verity-ci-redis-1  Healthy
repository	Migrate and wait for dependencies	2026-09-30T00:57:33.0340904Z  Container verity-ci-postgres-1  Healthy
repository	Migrate and wait for dependencies	2026-09-30T00:57:33.5306081Z  Container verity-ci-minio-init-1  Exited
repository	Migrate and wait for dependencies	2026-09-30T00:57:33.5309617Z  Container verity-ci-minio-init-1  Exited
repository	Migrate and wait for dependencies	2026-09-30T00:57:35.5845772Z  Container verity-ci-migrate-1  Exited
repository	Migrate and wait for dependencies	2026-09-30T00:57:35.5846808Z  Container verity-ci-celery-worker-1  Starting
repository	Migrate and wait for dependencies	2026-09-30T00:57:35.5847557Z  Container verity-ci-migrate-1  Exited
repository	Migrate and wait for dependencies	2026-09-30T00:57:35.5848174Z  Container verity-ci-backend-1  Starting
repository	Migrate and wait for dependencies	2026-09-30T00:57:35.7379200Z  Container verity-ci-celery-worker-1  Started
repository	Migrate and wait for dependencies	2026-09-30T00:57:35.7701528Z  Container verity-ci-backend-1  Started
repository	Migrate and wait for dependencies	2026-09-30T00:57:35.7702552Z  Container verity-ci-backend-1  Waiting
repository	Migrate and wait for dependencies	2026-09-30T00:57:46.2720708Z  Container verity-ci-backend-1  Healthy
repository	Migrate and wait for dependencies	2026-09-30T00:57:46.2722161Z  Container verity-ci-frontend-1  Starting
repository	Migrate and wait for dependencies	2026-09-30T00:57:46.4000749Z  Container verity-ci-frontend-1  Started
repository	Migrate and wait for dependencies	2026-09-30T00:57:46.4002133Z  Container verity-ci-backend-1  Waiting
repository	Migrate and wait for dependencies	2026-09-30T00:57:46.4002983Z  Container verity-ci-postgres-1  Waiting
repository	Migrate and wait for dependencies	2026-09-30T00:57:46.4003385Z  Container verity-ci-jaeger-1  Waiting
repository	Migrate and wait for dependencies	2026-09-30T00:57:46.4003725Z  Container verity-ci-frontend-1  Waiting
repository	Migrate and wait for dependencies	2026-09-30T00:57:46.4004070Z  Container verity-ci-prometheus-1  Waiting
repository	Migrate and wait for dependencies	2026-09-30T00:57:46.4004401Z  Container verity-ci-redis-1  Waiting
repository	Migrate and wait for dependencies	2026-09-30T00:57:46.4004744Z  Container verity-ci-minio-init-1  Waiting
repository	Migrate and wait for dependencies	2026-09-30T00:57:46.4005095Z  Container verity-ci-celery-worker-1  Waiting
repository	Migrate and wait for dependencies	2026-09-30T00:57:46.4005440Z  Container verity-ci-mailpit-1  Waiting
repository	Migrate and wait for dependencies	2026-09-30T00:57:46.4005752Z  Container verity-ci-minio-1  Waiting
repository	Migrate and wait for dependencies	2026-09-30T00:57:46.4006075Z  Container verity-ci-otel-collector-1  Waiting
repository	Migrate and wait for dependencies	2026-09-30T00:57:46.4006416Z  Container verity-ci-celery-beat-1  Waiting
repository	Migrate and wait for dependencies	2026-09-30T00:57:46.4006737Z  Container verity-ci-migrate-1  Waiting
repository	Migrate and wait for dependencies	2026-09-30T00:57:46.9044298Z  Container verity-ci-mailpit-1  Healthy
repository	Migrate and wait for dependencies	2026-09-30T00:57:46.9044972Z  Container verity-ci-prometheus-1  Healthy
repository	Migrate and wait for dependencies	2026-09-30T00:57:46.9045614Z  Container verity-ci-backend-1  Healthy
repository	Migrate and wait for dependencies	2026-09-30T00:57:46.9046073Z  Container verity-ci-migrate-1  Exited
repository	Migrate and wait for dependencies	2026-09-30T00:57:46.9046671Z  Container verity-ci-minio-1  Healthy
repository	Migrate and wait for dependencies	2026-09-30T00:57:46.9047221Z  Container verity-ci-redis-1  Healthy
repository	Migrate and wait for dependencies	2026-09-30T00:57:46.9047809Z  Container verity-ci-celery-worker-1  Healthy
repository	Migrate and wait for dependencies	2026-09-30T00:57:46.9048420Z  Container verity-ci-postgres-1  Healthy
repository	Migrate and wait for dependencies	2026-09-30T00:57:46.9049027Z  Container verity-ci-celery-beat-1  Healthy
repository	Migrate and wait for dependencies	2026-09-30T00:57:46.9049660Z  Container verity-ci-jaeger-1  Healthy
repository	Migrate and wait for dependencies	2026-09-30T00:57:46.9050324Z  Container verity-ci-otel-collector-1  Healthy
repository	Migrate and wait for dependencies	2026-09-30T00:57:46.9050964Z  Container verity-ci-minio-init-1  Exited
repository	Migrate and wait for dependencies	2026-09-30T00:57:56.9019718Z  Container verity-ci-frontend-1  Healthy
repository	Execute repository gate including live browser and PostgreSQL tests	﻿2026-09-30T00:57:56.9129593Z ##[group]Run python scripts/verity_gate.py --compose /tmp/verity-ci.json --browser-url http://localhost:4700 --output docs/verity/evidence/ci
repository	Execute repository gate including live browser and PostgreSQL tests	2026-09-30T00:57:56.9131601Z ^[[36;1mpython scripts/verity_gate.py --compose /tmp/verity-ci.json --browser-url http://localhost:4700 --output docs/verity/evidence/ci^[[0m
repository	Execute repository gate including live browser and PostgreSQL tests	2026-09-30T00:57:56.9203628Z shell: /usr/bin/bash -e {0}
repository	Execute repository gate including live browser and PostgreSQL tests	2026-09-30T00:57:56.9203903Z env:
repository	Execute repository gate including live browser and PostgreSQL tests	2026-09-30T00:57:56.9204196Z   pythonLocation: /opt/hostedtoolcache/Python/3.12.14/x64
repository	Execute repository gate including live browser and PostgreSQL tests	2026-09-30T00:57:56.9204644Z   PKG_CONFIG_PATH: /opt/hostedtoolcache/Python/3.12.14/x64/lib/pkgconfig
repository	Execute repository gate including live browser and PostgreSQL tests	2026-09-30T00:57:56.9205090Z   Python_ROOT_DIR: /opt/hostedtoolcache/Python/3.12.14/x64
repository	Execute repository gate including live browser and PostgreSQL tests	2026-09-30T00:57:56.9205488Z   Python2_ROOT_DIR: /opt/hostedtoolcache/Python/3.12.14/x64
repository	Execute repository gate including live browser and PostgreSQL tests	2026-09-30T00:57:56.9205895Z   Python3_ROOT_DIR: /opt/hostedtoolcache/Python/3.12.14/x64
repository	Execute repository gate including live browser and PostgreSQL tests	2026-09-30T00:57:56.9206293Z   LD_LIBRARY_PATH: /opt/hostedtoolcache/Python/3.12.14/x64/lib
repository	Execute repository gate including live browser and PostgreSQL tests	2026-09-30T00:57:56.9206617Z ##[endgroup]
repository	Execute repository gate including live browser and PostgreSQL tests	2026-09-30T00:57:58.0142338Z backend-lint: PASS (0.57s)
repository	Execute repository gate including live browser and PostgreSQL tests	2026-09-30T00:58:05.8113190Z backend-format: PASS (8.37s)
repository	Execute repository gate including live browser and PostgreSQL tests	2026-09-30T00:58:21.5512412Z postgres-rls: PASS (15.74s)
repository	Execute repository gate including live browser and PostgreSQL tests	2026-09-30T00:58:36.6114747Z frontend-lint: PASS (15.06s)
repository	Execute repository gate including live browser and PostgreSQL tests	2026-09-30T00:58:36.7763185Z compose: PASS (0.16s)
repository	Execute repository gate including live browser and PostgreSQL tests	2026-09-30T00:58:50.5393508Z backend-typecheck: PASS (53.1s)
repository	Execute repository gate including live browser and PostgreSQL tests	2026-09-30T01:00:20.2909510Z unit-security-worker-contract: PASS (142.28s)
repository	Execute repository gate including live browser and PostgreSQL tests	2026-09-30T01:00:35.7746405Z frontend-build: PASS (15.48s)
repository	Execute repository gate including live browser and PostgreSQL tests	2026-09-30T01:00:41.1658203Z frontend-typecheck: PASS (5.39s)
repository	Execute repository gate including live browser and PostgreSQL tests	2026-09-30T01:05:32.6505002Z browser: PASS (291.48s)
repository	Install security scanners	﻿2026-09-30T01:05:32.7154175Z ##[group]Run python -m pip install pip-audit==2.10.1 bandit==1.9.4 detect-secrets==1.5.0
repository	Install security scanners	2026-09-30T01:05:32.7155198Z ^[[36;1mpython -m pip install pip-audit==2.10.1 bandit==1.9.4 detect-secrets==1.5.0^[[0m
repository	Install security scanners	2026-09-30T01:05:32.7222090Z shell: /usr/bin/bash -e {0}
repository	Install security scanners	2026-09-30T01:05:32.7222353Z env:
repository	Install security scanners	2026-09-30T01:05:32.7222629Z   pythonLocation: /opt/hostedtoolcache/Python/3.12.14/x64
repository	Install security scanners	2026-09-30T01:05:32.7223068Z   PKG_CONFIG_PATH: /opt/hostedtoolcache/Python/3.12.14/x64/lib/pkgconfig
repository	Install security scanners	2026-09-30T01:05:32.7223523Z   Python_ROOT_DIR: /opt/hostedtoolcache/Python/3.12.14/x64
repository	Install security scanners	2026-09-30T01:05:32.7223926Z   Python2_ROOT_DIR: /opt/hostedtoolcache/Python/3.12.14/x64
repository	Install security scanners	2026-09-30T01:05:32.7224352Z   Python3_ROOT_DIR: /opt/hostedtoolcache/Python/3.12.14/x64
repository	Install security scanners	2026-09-30T01:05:32.7224758Z   LD_LIBRARY_PATH: /opt/hostedtoolcache/Python/3.12.14/x64/lib
repository	Install security scanners	2026-09-30T01:05:32.7225098Z ##[endgroup]
repository	Install security scanners	2026-09-30T01:05:34.5691941Z Collecting pip-audit==2.10.1
repository	Install security scanners	2026-09-30T01:05:34.6175853Z   Downloading pip_audit-2.10.1-py3-none-any.whl.metadata (28 kB)
repository	Install security scanners	2026-09-30T01:05:34.6407093Z Collecting bandit==1.9.4
repository	Install security scanners	2026-09-30T01:05:34.6442034Z   Downloading bandit-1.9.4-py3-none-any.whl.metadata (7.1 kB)
repository	Install security scanners	2026-09-30T01:05:34.6600097Z Collecting detect-secrets==1.5.0
repository	Install security scanners	2026-09-30T01:05:34.6671374Z   Downloading detect_secrets-1.5.0-py3-none-any.whl.metadata (23 kB)
repository	Install security scanners	2026-09-30T01:05:34.6814951Z Collecting CacheControl>=0.13.0 (from CacheControl[filecache]>=0.13.0->pip-audit==2.10.1)
repository	Install security scanners	2026-09-30T01:05:34.6868594Z   Downloading cachecontrol-0.14.4-py3-none-any.whl.metadata (3.1 kB)
repository	Install security scanners	2026-09-30T01:05:34.7184243Z Collecting cyclonedx-python-lib<12,>=5 (from pip-audit==2.10.1)
repository	Install security scanners	2026-09-30T01:05:34.7220473Z   Downloading cyclonedx_python_lib-11.12.0-py3-none-any.whl.metadata (6.9 kB)
repository	Install security scanners	2026-09-30T01:05:34.7411545Z Collecting packaging>=23.0.0 (from pip-audit==2.10.1)
repository	Install security scanners	2026-09-30T01:05:34.7441970Z   Downloading packaging-26.3-py3-none-any.whl.metadata (3.5 kB)
repository	Install security scanners	2026-09-30T01:05:34.7566989Z Collecting pip-api>=0.0.28 (from pip-audit==2.10.1)
repository	Install security scanners	2026-09-30T01:05:34.7599099Z   Downloading pip_api-0.0.35-py3-none-any.whl.metadata (17 kB)
repository	Install security scanners	2026-09-30T01:05:34.7715779Z Collecting pip-requirements-parser>=32.0.0 (from pip-audit==2.10.1)
repository	Install security scanners	2026-09-30T01:05:34.7747755Z   Downloading pip_requirements_parser-32.0.1-py3-none-any.whl.metadata (9.3 kB)
repository	Install security scanners	2026-09-30T01:05:34.7946999Z Collecting requests>=2.31.0 (from pip-audit==2.10.1)
repository	Install security scanners	2026-09-30T01:05:34.7980367Z   Downloading requests-2.34.2-py3-none-any.whl.metadata (4.8 kB)
repository	Install security scanners	2026-09-30T01:05:34.8273078Z Collecting rich>=12.4 (from pip-audit==2.10.1)
repository	Install security scanners	2026-09-30T01:05:34.8306107Z   Downloading rich-15.0.0-py3-none-any.whl.metadata (18 kB)
repository	Install security scanners	2026-09-30T01:05:34.8694368Z Collecting tomli>=2.2.1 (from pip-audit==2.10.1)
repository	Install security scanners	2026-09-30T01:05:34.8733517Z   Downloading tomli-2.4.1-cp312-cp312-manylinux2014_x86_64.manylinux_2_17_x86_64.manylinux_2_28_x86_64.whl.metadata (10 kB)
repository	Install security scanners	2026-09-30T01:05:34.8831579Z Collecting tomli-w>=1.2.0 (from pip-audit==2.10.1)
repository	Install security scanners	2026-09-30T01:05:34.8862025Z   Downloading tomli_w-1.2.0-py3-none-any.whl.metadata (5.7 kB)
repository	Install security scanners	2026-09-30T01:05:34.9047511Z Collecting platformdirs>=4.2.0 (from pip-audit==2.10.1)
repository	Install security scanners	2026-09-30T01:05:34.9078283Z   Downloading platformdirs-4.12.2-py3-none-any.whl.metadata (5.5 kB)
repository	Install security scanners	2026-09-30T01:05:34.9425330Z Collecting PyYAML>=5.3.1 (from bandit==1.9.4)
repository	Install security scanners	2026-09-30T01:05:34.9480742Z   Downloading pyyaml-6.0.3-cp312-cp312-manylinux2014_x86_64.manylinux_2_17_x86_64.manylinux_2_28_x86_64.whl.metadata (2.4 kB)
repository	Install security scanners	2026-09-30T01:05:34.9658286Z Collecting stevedore>=1.20.0 (from bandit==1.9.4)
repository	Install security scanners	2026-09-30T01:05:34.9694626Z   Downloading stevedore-5.9.1-py3-none-any.whl.metadata (2.3 kB)
repository	Install security scanners	2026-09-30T01:05:34.9856544Z Collecting license-expression<31,>=30 (from cyclonedx-python-lib<12,>=5->pip-audit==2.10.1)
repository	Install security scanners	2026-09-30T01:05:34.9889526Z   Downloading license_expression-30.4.4-py3-none-any.whl.metadata (11 kB)
repository	Install security scanners	2026-09-30T01:05:35.0062508Z Collecting packageurl-python<2,>=0.11 (from cyclonedx-python-lib<12,>=5->pip-audit==2.10.1)
repository	Install security scanners	2026-09-30T01:05:35.0095322Z   Downloading packageurl_python-0.17.6-py3-none-any.whl.metadata (5.1 kB)
repository	Install security scanners	2026-09-30T01:05:35.0243890Z Collecting py-serializable<3.0.0,>=2.1.0 (from cyclonedx-python-lib<12,>=5->pip-audit==2.10.1)
repository	Install security scanners	2026-09-30T01:05:35.0279734Z   Downloading py_serializable-2.1.0-py3-none-any.whl.metadata (4.3 kB)
repository	Install security scanners	2026-09-30T01:05:35.0414187Z Collecting sortedcontainers<3.0.0,>=2.4.0 (from cyclonedx-python-lib<12,>=5->pip-audit==2.10.1)
repository	Install security scanners	2026-09-30T01:05:35.0446376Z   Downloading sortedcontainers-2.4.0-py2.py3-none-any.whl.metadata (10 kB)
repository	Install security scanners	2026-09-30T01:05:35.0607197Z Collecting typing_extensions<5.0,>=4.6 (from cyclonedx-python-lib<12,>=5->pip-audit==2.10.1)
repository	Install security scanners	2026-09-30T01:05:35.0648331Z   Downloading typing_extensions-4.16.0-py3-none-any.whl.metadata (3.3 kB)
repository	Install security scanners	2026-09-30T01:05:35.0765062Z Collecting boolean.py>=4.0 (from license-expression<31,>=30->cyclonedx-python-lib<12,>=5->pip-audit==2.10.1)
repository	Install security scanners	2026-09-30T01:05:35.0815829Z   Downloading boolean_py-5.0-py3-none-any.whl.metadata (2.3 kB)
repository	Install security scanners	2026-09-30T01:05:35.0934605Z Collecting defusedxml<0.8.0,>=0.7.1 (from py-serializable<3.0.0,>=2.1.0->cyclonedx-python-lib<12,>=5->pip-audit==2.10.1)
repository	Install security scanners	2026-09-30T01:05:35.0979117Z   Downloading defusedxml-0.7.1-py2.py3-none-any.whl.metadata (32 kB)
repository	Install security scanners	2026-09-30T01:05:35.1779503Z Collecting msgpack<2.0.0,>=0.5.2 (from CacheControl>=0.13.0->CacheControl[filecache]>=0.13.0->pip-audit==2.10.1)
repository	Install security scanners	2026-09-30T01:05:35.1819407Z   Downloading msgpack-1.2.3-cp312-cp312-manylinux2014_x86_64.manylinux_2_17_x86_64.manylinux_2_28_x86_64.whl.metadata (8.3 kB)
repository	Install security scanners	2026-09-30T01:05:35.2050371Z Collecting filelock>=3.8.0 (from CacheControl[filecache]>=0.13.0->pip-audit==2.10.1)
repository	Install security scanners	2026-09-30T01:05:35.2084629Z   Downloading filelock-4.0.7-py3-none-any.whl.metadata (2.0 kB)
repository	Install security scanners	2026-09-30T01:05:35.2128559Z Requirement already satisfied: pip in /opt/hostedtoolcache/Python/3.12.14/x64/lib/python3.12/site-packages (from pip-api>=0.0.28->pip-audit==2.10.1) (26.2.1)
repository	Install security scanners	2026-09-30T01:05:35.2333550Z Collecting pyparsing (from pip-requirements-parser>=32.0.0->pip-audit==2.10.1)
repository	Install security scanners	2026-09-30T01:05:35.2388511Z   Downloading pyparsing-3.3.3-py3-none-any.whl.metadata (5.9 kB)
repository	Install security scanners	2026-09-30T01:05:35.3558765Z Collecting charset_normalizer<4,>=2 (from requests>=2.31.0->pip-audit==2.10.1)
repository	Install security scanners	2026-09-30T01:05:35.3596418Z   Downloading charset_normalizer-3.5.1-cp312-cp312-manylinux2014_x86_64.manylinux_2_17_x86_64.manylinux_2_28_x86_64.whl.metadata (45 kB)
repository	Install security scanners	2026-09-30T01:05:35.3772421Z Collecting idna<4,>=2.5 (from requests>=2.31.0->pip-audit==2.10.1)
repository	Install security scanners	2026-09-30T01:05:35.3802842Z   Downloading idna-3.20-py3-none-any.whl.metadata (7.2 kB)
repository	Install security scanners	2026-09-30T01:05:35.4009295Z Collecting urllib3<3,>=1.26 (from requests>=2.31.0->pip-audit==2.10.1)
repository	Install security scanners	2026-09-30T01:05:35.4042799Z   Downloading urllib3-2.8.0-py3-none-any.whl.metadata (7.4 kB)
repository	Install security scanners	2026-09-30T01:05:35.4202356Z Collecting certifi>=2023.5.7 (from requests>=2.31.0->pip-audit==2.10.1)
repository	Install security scanners	2026-09-30T01:05:35.4234802Z   Downloading certifi-2026.7.22-py3-none-any.whl.metadata (2.5 kB)
repository	Install security scanners	2026-09-30T01:05:35.4382264Z Collecting markdown-it-py>=2.2.0 (from rich>=12.4->pip-audit==2.10.1)
repository	Install security scanners	2026-09-30T01:05:35.4413658Z   Downloading markdown_it_py-4.2.0-py3-none-any.whl.metadata (7.4 kB)
repository	Install security scanners	2026-09-30T01:05:35.4597447Z Collecting pygments<3.0.0,>=2.13.0 (from rich>=12.4->pip-audit==2.10.1)
repository	Install security scanners	2026-09-30T01:05:35.4628542Z   Downloading pygments-2.21.0-py3-none-any.whl.metadata (2.5 kB)
repository	Install security scanners	2026-09-30T01:05:35.4743807Z Collecting mdurl~=0.1 (from markdown-it-py>=2.2.0->rich>=12.4->pip-audit==2.10.1)
repository	Install security scanners	2026-09-30T01:05:35.4773551Z   Downloading mdurl-0.1.2-py3-none-any.whl.metadata (1.6 kB)
repository	Install security scanners	2026-09-30T01:05:35.4939169Z Downloading pip_audit-2.10.1-py3-none-any.whl (62 kB)
repository	Install security scanners	2026-09-30T01:05:35.4988286Z Downloading bandit-1.9.4-py3-none-any.whl (134 kB)
repository	Install security scanners	2026-09-30T01:05:35.5067561Z Downloading detect_secrets-1.5.0-py3-none-any.whl (120 kB)
repository	Install security scanners	2026-09-30T01:05:35.5117833Z Downloading cyclonedx_python_lib-11.12.0-py3-none-any.whl (529 kB)
repository	Install security scanners	2026-09-30T01:05:35.5192289Z    ━━━━━━━━━━━━━━━━━━━━━━━━━━━━━━━━━━━━━━━━ 529.5/529.5 kB 76.3 MB/s  0:00:00
repository	Install security scanners	2026-09-30T01:05:35.5225176Z Downloading license_expression-30.4.4-py3-none-any.whl (120 kB)
repository	Install security scanners	2026-09-30T01:05:35.5279763Z Downloading packageurl_python-0.17.6-py3-none-any.whl (36 kB)
repository	Install security scanners	2026-09-30T01:05:35.5327948Z Downloading py_serializable-2.1.0-py3-none-any.whl (23 kB)
repository	Install security scanners	2026-09-30T01:05:35.5373994Z Downloading defusedxml-0.7.1-py2.py3-none-any.whl (25 kB)
repository	Install security scanners	2026-09-30T01:05:35.5424011Z Downloading sortedcontainers-2.4.0-py2.py3-none-any.whl (29 kB)
repository	Install security scanners	2026-09-30T01:05:35.5472992Z Downloading typing_extensions-4.16.0-py3-none-any.whl (45 kB)
repository	Install security scanners	2026-09-30T01:05:35.5524997Z Downloading boolean_py-5.0-py3-none-any.whl (26 kB)
repository	Install security scanners	2026-09-30T01:05:35.5599253Z Downloading cachecontrol-0.14.4-py3-none-any.whl (22 kB)
repository	Install security scanners	2026-09-30T01:05:35.5648498Z Downloading msgpack-1.2.3-cp312-cp312-manylinux2014_x86_64.manylinux_2_17_x86_64.manylinux_2_28_x86_64.whl (472 kB)
repository	Install security scanners	2026-09-30T01:05:35.5716602Z Downloading filelock-4.0.7-py3-none-any.whl (109 kB)
repository	Install security scanners	2026-09-30T01:05:35.5767319Z Downloading packaging-26.3-py3-none-any.whl (129 kB)
repository	Install security scanners	2026-09-30T01:05:35.5825881Z Downloading pip_api-0.0.35-py3-none-any.whl (123 kB)
repository	Install security scanners	2026-09-30T01:05:35.5876906Z Downloading pip_requirements_parser-32.0.1-py3-none-any.whl (35 kB)
repository	Install security scanners	2026-09-30T01:05:35.5924597Z Downloading platformdirs-4.12.2-py3-none-any.whl (32 kB)
repository	Install security scanners	2026-09-30T01:05:35.5977951Z Downloading pyyaml-6.0.3-cp312-cp312-manylinux2014_x86_64.manylinux_2_17_x86_64.manylinux_2_28_x86_64.whl (807 kB)
repository	Install security scanners	2026-09-30T01:05:35.6046523Z    ━━━━━━━━━━━━━━━━━━━━━━━━━━━━━━━━━━━━━━━━ 807.9/807.9 kB 133.6 MB/s  0:00:00
repository	Install security scanners	2026-09-30T01:05:35.6079622Z Downloading requests-2.34.2-py3-none-any.whl (73 kB)
repository	Install security scanners	2026-09-30T01:05:35.6136819Z Downloading charset_normalizer-3.5.1-cp312-cp312-manylinux2014_x86_64.manylinux_2_17_x86_64.manylinux_2_28_x86_64.whl (248 kB)
repository	Install security scanners	2026-09-30T01:05:35.6189717Z Downloading idna-3.20-py3-none-any.whl (69 kB)
repository	Install security scanners	2026-09-30T01:05:35.6241141Z Downloading urllib3-2.8.0-py3-none-any.whl (135 kB)
repository	Install security scanners	2026-09-30T01:05:35.6294912Z Downloading certifi-2026.7.22-py3-none-any.whl (136 kB)
repository	Install security scanners	2026-09-30T01:05:35.6348978Z Downloading rich-15.0.0-py3-none-any.whl (310 kB)
repository	Install security scanners	2026-09-30T01:05:35.6403669Z Downloading pygments-2.21.0-py3-none-any.whl (1.3 MB)
repository	Install security scanners	2026-09-30T01:05:35.6472417Z    ━━━━━━━━━━━━━━━━━━━━━━━━━━━━━━━━━━━━━━━━ 1.3/1.3 MB 218.5 MB/s  0:00:00
repository	Install security scanners	2026-09-30T01:05:35.6505166Z Downloading markdown_it_py-4.2.0-py3-none-any.whl (91 kB)
repository	Install security scanners	2026-09-30T01:05:35.6555950Z Downloading mdurl-0.1.2-py3-none-any.whl (10.0 kB)
repository	Install security scanners	2026-09-30T01:05:35.6606931Z Downloading stevedore-5.9.1-py3-none-any.whl (54 kB)
repository	Install security scanners	2026-09-30T01:05:35.6660307Z Downloading tomli-2.4.1-cp312-cp312-manylinux2014_x86_64.manylinux_2_17_x86_64.manylinux_2_28_x86_64.whl (253 kB)
repository	Install security scanners	2026-09-30T01:05:35.6717329Z Downloading tomli_w-1.2.0-py3-none-any.whl (6.7 kB)
repository	Install security scanners	2026-09-30T01:05:35.6772989Z Downloading pyparsing-3.3.3-py3-none-any.whl (126 kB)
repository	Install security scanners	2026-09-30T01:05:35.9603614Z Installing collected packages: sortedcontainers, boolean.py, urllib3, typing_extensions, tomli-w, tomli, stevedore, PyYAML, pyparsing, pygments, platformdirs, pip-api, packaging, packageurl-python, msgpack, mdurl, license-expression, idna, filelock, defusedxml, charset_normalizer, certifi, requests, py-serializable, pip-requirements-parser, markdown-it-py, rich, detect-secrets, cyclonedx-python-lib, CacheControl, bandit, pip-audit
repository	Install security scanners	2026-09-30T01:05:38.3589723Z 
repository	Install security scanners	2026-09-30T01:05:38.3646412Z Successfully installed CacheControl-0.14.4 PyYAML-6.0.3 bandit-1.9.4 boolean.py-5.0 certifi-2026.7.22 charset_normalizer-3.5.1 cyclonedx-python-lib-11.12.0 defusedxml-0.7.1 detect-secrets-1.5.0 filelock-4.0.7 idna-3.20 license-expression-30.4.4 markdown-it-py-4.2.0 mdurl-0.1.2 msgpack-1.2.3 packageurl-python-0.17.6 packaging-26.3 pip-api-0.0.35 pip-audit-2.10.1 pip-requirements-parser-32.0.1 platformdirs-4.12.2 py-serializable-2.1.0 pygments-2.21.0 pyparsing-3.3.3 requests-2.34.2 rich-15.0.0 sortedcontainers-2.4.0 stevedore-5.9.1 tomli-2.4.1 tomli-w-1.2.0 typing_extensions-4.16.0 urllib3-2.8.0
repository	Dependency audits	﻿2026-09-30T01:05:38.4730922Z ##[group]Run python -m pip_audit -r backend/requirements-dev.lock --no-deps --disable-pip
repository	Dependency audits	2026-09-30T01:05:38.4732459Z ^[[36;1mpython -m pip_audit -r backend/requirements-dev.lock --no-deps --disable-pip^[[0m
repository	Dependency audits	2026-09-30T01:05:38.4733266Z ^[[36;1mnpm audit --prefix frontend^[[0m
repository	Dependency audits	2026-09-30T01:05:38.4806056Z shell: /usr/bin/bash -e {0}
repository	Dependency audits	2026-09-30T01:05:38.4806494Z env:
repository	Dependency audits	2026-09-30T01:05:38.4806957Z   pythonLocation: /opt/hostedtoolcache/Python/3.12.14/x64
repository	Dependency audits	2026-09-30T01:05:38.4807762Z   PKG_CONFIG_PATH: /opt/hostedtoolcache/Python/3.12.14/x64/lib/pkgconfig
repository	Dependency audits	2026-09-30T01:05:38.4808567Z   Python_ROOT_DIR: /opt/hostedtoolcache/Python/3.12.14/x64
repository	Dependency audits	2026-09-30T01:05:38.4808995Z   Python2_ROOT_DIR: /opt/hostedtoolcache/Python/3.12.14/x64
repository	Dependency audits	2026-09-30T01:05:38.4809398Z   Python3_ROOT_DIR: /opt/hostedtoolcache/Python/3.12.14/x64
repository	Dependency audits	2026-09-30T01:05:38.4809812Z   LD_LIBRARY_PATH: /opt/hostedtoolcache/Python/3.12.14/x64/lib
repository	Dependency audits	2026-09-30T01:05:38.4810168Z ##[endgroup]
repository	Dependency audits	2026-09-30T01:05:39.6859901Z WARNING:pip_audit._cli:--no-deps is supported, but users are encouraged to fully hash their pinned dependencies
repository	Dependency audits	2026-09-30T01:05:39.6861317Z WARNING:pip_audit._cli:Consider using a tool like `pip-compile`: https://pip-tools.readthedocs.io/en/latest/#using-hashes
repository	Dependency audits	2026-09-30T01:05:40.5565895Z No known vulnerabilities found
repository	Dependency audits	2026-09-30T01:05:41.0622800Z found 0 vulnerabilities
repository	SAST and source secret gate	﻿2026-09-30T01:05:41.0764655Z ##[group]Run python -m bandit -r backend/app
repository	SAST and source secret gate	2026-09-30T01:05:41.0765053Z ^[[36;1mpython -m bandit -r backend/app^[[0m
repository	SAST and source secret gate	2026-09-30T01:05:41.0765377Z ^[[36;1mpython scripts/verity_secret_gate.py^[[0m
repository	SAST and source secret gate	2026-09-30T01:05:41.0829384Z shell: /usr/bin/bash -e {0}
repository	SAST and source secret gate	2026-09-30T01:05:41.0829639Z env:
repository	SAST and source secret gate	2026-09-30T01:05:41.0829906Z   pythonLocation: /opt/hostedtoolcache/Python/3.12.14/x64
repository	SAST and source secret gate	2026-09-30T01:05:41.0830367Z   PKG_CONFIG_PATH: /opt/hostedtoolcache/Python/3.12.14/x64/lib/pkgconfig
repository	SAST and source secret gate	2026-09-30T01:05:41.0830814Z   Python_ROOT_DIR: /opt/hostedtoolcache/Python/3.12.14/x64
repository	SAST and source secret gate	2026-09-30T01:05:41.0831232Z   Python2_ROOT_DIR: /opt/hostedtoolcache/Python/3.12.14/x64
repository	SAST and source secret gate	2026-09-30T01:05:41.0831849Z   Python3_ROOT_DIR: /opt/hostedtoolcache/Python/3.12.14/x64
repository	SAST and source secret gate	2026-09-30T01:05:41.0832250Z   LD_LIBRARY_PATH: /opt/hostedtoolcache/Python/3.12.14/x64/lib
repository	SAST and source secret gate	2026-09-30T01:05:41.0832573Z ##[endgroup]
repository	SAST and source secret gate	2026-09-30T01:05:41.2449390Z [main]	INFO	profile include tests: None
repository	SAST and source secret gate	2026-09-30T01:05:41.2450121Z [main]	INFO	profile exclude tests: None
repository	SAST and source secret gate	2026-09-30T01:05:41.2450775Z [main]	INFO	cli include tests: None
repository	SAST and source secret gate	2026-09-30T01:05:41.2451509Z [main]	INFO	cli exclude tests: None
repository	SAST and source secret gate	2026-09-30T01:05:41.2452322Z [main]	INFO	running on Python 3.12.14
repository	SAST and source secret gate	2026-09-30T01:05:42.0868206Z [tester]	WARNING	nosec encountered (B105), but no failed test on file backend/app/modules/auth/service.py:145
repository	SAST and source secret gate	2026-09-30T01:05:42.0872779Z [tester]	WARNING	nosec encountered (B105), but no failed test on file backend/app/modules/auth/service.py:146
repository	SAST and source secret gate	2026-09-30T01:05:42.0873917Z [tester]	WARNING	nosec encountered (B105), but no failed test on file backend/app/modules/auth/service.py:149
repository	SAST and source secret gate	2026-09-30T01:05:42.0874912Z [tester]	WARNING	nosec encountered (B105), but no failed test on file backend/app/modules/auth/service.py:148
repository	SAST and source secret gate	2026-09-30T01:05:42.9047111Z [tester]	WARNING	nosec encountered (B104), but no failed test on file backend/app/modules/inference/deployment.py:34
repository	SAST and source secret gate	2026-09-30T01:05:42.9049180Z [tester]	WARNING	nosec encountered (B104), but no failed test on file backend/app/modules/inference/deployment.py:35
repository	SAST and source secret gate	2026-09-30T01:05:42.9051475Z [tester]	WARNING	nosec encountered (B104), but no failed test on file backend/app/modules/inference/deployment.py:36
repository	SAST and source secret gate	2026-09-30T01:05:42.9053421Z [tester]	WARNING	nosec encountered (B104), but no failed test on file backend/app/modules/inference/deployment.py:38
repository	SAST and source secret gate	2026-09-30T01:05:42.9054968Z [tester]	WARNING	nosec encountered (B104), but no failed test on file backend/app/modules/inference/deployment.py:41
repository	SAST and source secret gate	2026-09-30T01:05:42.9056764Z [tester]	WARNING	nosec encountered (B104), but no failed test on file backend/app/modules/inference/deployment.py:42
repository	SAST and source secret gate	2026-09-30T01:05:42.9058795Z [tester]	WARNING	nosec encountered (B104), but no failed test on file backend/app/modules/inference/deployment.py:43
repository	SAST and source secret gate	2026-09-30T01:05:42.9060759Z [tester]	WARNING	nosec encountered (B104), but no failed test on file backend/app/modules/inference/deployment.py:45
repository	SAST and source secret gate	2026-09-30T01:05:42.9062486Z [tester]	WARNING	nosec encountered (B104), but no failed test on file backend/app/modules/inference/deployment.py:46
repository	SAST and source secret gate	2026-09-30T01:05:42.9064039Z [tester]	WARNING	nosec encountered (B104), but no failed test on file backend/app/modules/inference/deployment.py:47
repository	SAST and source secret gate	2026-09-30T01:05:42.9065711Z [tester]	WARNING	nosec encountered (B104), but no failed test on file backend/app/modules/inference/deployment.py:48
repository	SAST and source secret gate	2026-09-30T01:05:42.9067237Z [tester]	WARNING	nosec encountered (B104), but no failed test on file backend/app/modules/inference/deployment.py:49
repository	SAST and source secret gate	2026-09-30T01:05:42.9068656Z [tester]	WARNING	nosec encountered (B104), but no failed test on file backend/app/modules/inference/deployment.py:50
repository	SAST and source secret gate	2026-09-30T01:05:42.9069753Z [tester]	WARNING	nosec encountered (B104), but no failed test on file backend/app/modules/inference/deployment.py:51
repository	SAST and source secret gate	2026-09-30T01:05:42.9070631Z [tester]	WARNING	nosec encountered (B104), but no failed test on file backend/app/modules/inference/deployment.py:52
repository	SAST and source secret gate	2026-09-30T01:05:42.9071737Z [tester]	WARNING	nosec encountered (B104), but no failed test on file backend/app/modules/inference/deployment.py:53
repository	SAST and source secret gate	2026-09-30T01:05:42.9072925Z [tester]	WARNING	nosec encountered (B104), but no failed test on file backend/app/modules/inference/deployment.py:54
repository	SAST and source secret gate	2026-09-30T01:05:42.9073783Z [tester]	WARNING	nosec encountered (B104), but no failed test on file backend/app/modules/inference/deployment.py:55
repository	SAST and source secret gate	2026-09-30T01:05:42.9074639Z [tester]	WARNING	nosec encountered (B104), but no failed test on file backend/app/modules/inference/deployment.py:56
repository	SAST and source secret gate	2026-09-30T01:05:42.9075496Z [tester]	WARNING	nosec encountered (B104), but no failed test on file backend/app/modules/inference/deployment.py:57
repository	SAST and source secret gate	2026-09-30T01:05:42.9076353Z [tester]	WARNING	nosec encountered (B104), but no failed test on file backend/app/modules/inference/deployment.py:58
repository	SAST and source secret gate	2026-09-30T01:05:42.9077203Z [tester]	WARNING	nosec encountered (B104), but no failed test on file backend/app/modules/inference/deployment.py:59
repository	SAST and source secret gate	2026-09-30T01:05:42.9078056Z [tester]	WARNING	nosec encountered (B104), but no failed test on file backend/app/modules/inference/deployment.py:60
repository	SAST and source secret gate	2026-09-30T01:05:43.3466966Z [tester]	WARNING	nosec encountered (B105), but no failed test on file backend/app/modules/similarity/retrieval.py:125
repository	SAST and source secret gate	2026-09-30T01:05:43.3469054Z [tester]	WARNING	nosec encountered (B105), but no failed test on file backend/app/modules/similarity/retrieval.py:126
repository	SAST and source secret gate	2026-09-30T01:05:43.3470945Z [tester]	WARNING	nosec encountered (B105), but no failed test on file backend/app/modules/similarity/retrieval.py:127
repository	SAST and source secret gate	2026-09-30T01:05:43.3472776Z [tester]	WARNING	nosec encountered (B105), but no failed test on file backend/app/modules/similarity/retrieval.py:124
repository	SAST and source secret gate	2026-09-30T01:05:43.3474012Z [tester]	WARNING	nosec encountered (B105), but no failed test on file backend/app/modules/similarity/retrieval.py:125
repository	SAST and source secret gate	2026-09-30T01:05:43.3474972Z [tester]	WARNING	nosec encountered (B105), but no failed test on file backend/app/modules/similarity/retrieval.py:126
repository	SAST and source secret gate	2026-09-30T01:05:43.3475910Z [tester]	WARNING	nosec encountered (B105), but no failed test on file backend/app/modules/similarity/retrieval.py:127
repository	SAST and source secret gate	2026-09-30T01:05:43.5492942Z Working... ━━━━━━━━━━━━━━━━━━━━━━━━━━━━━━━━━━━━━━━━ 100% 0:00:02
repository	SAST and source secret gate	2026-09-30T01:05:43.5501217Z Run started:2026-09-30 01:05:43.549947+00:00
repository	SAST and source secret gate	2026-09-30T01:05:43.5501617Z 
repository	SAST and source secret gate	2026-09-30T01:05:43.5501955Z Test results:
repository	SAST and source secret gate	2026-09-30T01:05:43.5502336Z 	No issues identified.
repository	SAST and source secret gate	2026-09-30T01:05:43.5502584Z 
repository	SAST and source secret gate	2026-09-30T01:05:43.5502732Z Code scanned:
repository	SAST and source secret gate	2026-09-30T01:05:43.5503090Z 	Total lines of code: 24568
repository	SAST and source secret gate	2026-09-30T01:05:43.5503564Z 	Total lines skipped (#nosec): 0
repository	SAST and source secret gate	2026-09-30T01:05:43.5504938Z 	Total potential issues skipped due to specifically being disabled (e.g., #nosec BXXX): 5
repository	SAST and source secret gate	2026-09-30T01:05:43.5505430Z 
repository	SAST and source secret gate	2026-09-30T01:05:43.5505519Z Run metrics:
repository	SAST and source secret gate	2026-09-30T01:05:43.5505746Z 	Total issues (by severity):
repository	SAST and source secret gate	2026-09-30T01:05:43.5505995Z 		Undefined: 0
repository	SAST and source secret gate	2026-09-30T01:05:43.5506194Z 		Low: 0
repository	SAST and source secret gate	2026-09-30T01:05:43.5506378Z 		Medium: 0
repository	SAST and source secret gate	2026-09-30T01:05:43.5506567Z 		High: 0
repository	SAST and source secret gate	2026-09-30T01:05:43.5506797Z 	Total issues (by confidence):
repository	SAST and source secret gate	2026-09-30T01:05:43.5507048Z 		Undefined: 0
repository	SAST and source secret gate	2026-09-30T01:05:43.5507272Z 		Low: 0
repository	SAST and source secret gate	2026-09-30T01:05:43.5507459Z 		Medium: 0
repository	SAST and source secret gate	2026-09-30T01:05:43.5507646Z 		High: 0
repository	SAST and source secret gate	2026-09-30T01:05:43.5507867Z Files skipped (0):
repository	SAST and source secret gate	2026-09-30T01:05:54.8708122Z Secret gate: 0 unreviewed findings; 48 exact reviewed fingerprints
repository	Export frontend SBOM	﻿2026-09-30T01:05:54.8790787Z ##[group]Run npm --prefix frontend sbom --sbom-format cyclonedx > docs/verity/evidence/ci/frontend.cdx.json
repository	Export frontend SBOM	2026-09-30T01:05:54.8791991Z ^[[36;1mnpm --prefix frontend sbom --sbom-format cyclonedx > docs/verity/evidence/ci/frontend.cdx.json^[[0m
repository	Export frontend SBOM	2026-09-30T01:05:54.8855053Z shell: /usr/bin/bash -e {0}
repository	Export frontend SBOM	2026-09-30T01:05:54.8855305Z env:
repository	Export frontend SBOM	2026-09-30T01:05:54.8855578Z   pythonLocation: /opt/hostedtoolcache/Python/3.12.14/x64
repository	Export frontend SBOM	2026-09-30T01:05:54.8856017Z   PKG_CONFIG_PATH: /opt/hostedtoolcache/Python/3.12.14/x64/lib/pkgconfig
repository	Export frontend SBOM	2026-09-30T01:05:54.8856470Z   Python_ROOT_DIR: /opt/hostedtoolcache/Python/3.12.14/x64
repository	Export frontend SBOM	2026-09-30T01:05:54.8856864Z   Python2_ROOT_DIR: /opt/hostedtoolcache/Python/3.12.14/x64
repository	Export frontend SBOM	2026-09-30T01:05:54.8857246Z   Python3_ROOT_DIR: /opt/hostedtoolcache/Python/3.12.14/x64
repository	Export frontend SBOM	2026-09-30T01:05:54.8857636Z   LD_LIBRARY_PATH: /opt/hostedtoolcache/Python/3.12.14/x64/lib
repository	Export frontend SBOM	2026-09-30T01:05:54.8857956Z ##[endgroup]
repository	Reclaim build cache before image scans	﻿2026-09-30T01:05:55.6791757Z ##[group]Run df -h / /tmp
repository	Reclaim build cache before image scans	2026-09-30T01:05:55.6792203Z ^[[36;1mdf -h / /tmp^[[0m
repository	Reclaim build cache before image scans	2026-09-30T01:05:55.6792521Z ^[[36;1mdocker system df^[[0m
repository	Reclaim build cache before image scans	2026-09-30T01:05:55.6792987Z ^[[36;1mdocker builder prune --all --force^[[0m
repository	Reclaim build cache before image scans	2026-09-30T01:05:55.6793415Z ^[[36;1mdf -h / /tmp^[[0m
repository	Reclaim build cache before image scans	2026-09-30T01:05:55.6793761Z ^[[36;1mdocker system df^[[0m
repository	Reclaim build cache before image scans	2026-09-30T01:05:55.6857479Z shell: /usr/bin/bash -e {0}
repository	Reclaim build cache before image scans	2026-09-30T01:05:55.6857927Z env:
repository	Reclaim build cache before image scans	2026-09-30T01:05:55.6858339Z   pythonLocation: /opt/hostedtoolcache/Python/3.12.14/x64
repository	Reclaim build cache before image scans	2026-09-30T01:05:55.6858970Z   PKG_CONFIG_PATH: /opt/hostedtoolcache/Python/3.12.14/x64/lib/pkgconfig
repository	Reclaim build cache before image scans	2026-09-30T01:05:55.6859527Z   Python_ROOT_DIR: /opt/hostedtoolcache/Python/3.12.14/x64
repository	Reclaim build cache before image scans	2026-09-30T01:05:55.6860051Z   Python2_ROOT_DIR: /opt/hostedtoolcache/Python/3.12.14/x64
repository	Reclaim build cache before image scans	2026-09-30T01:05:55.6860588Z   Python3_ROOT_DIR: /opt/hostedtoolcache/Python/3.12.14/x64
repository	Reclaim build cache before image scans	2026-09-30T01:05:55.6861086Z   LD_LIBRARY_PATH: /opt/hostedtoolcache/Python/3.12.14/x64/lib
repository	Reclaim build cache before image scans	2026-09-30T01:05:55.6861992Z ##[endgroup]
repository	Reclaim build cache before image scans	2026-09-30T01:05:55.6977286Z Filesystem      Size  Used Avail Use% Mounted on
repository	Reclaim build cache before image scans	2026-09-30T01:05:55.6978097Z /dev/root       145G   70G   75G  49% /
repository	Reclaim build cache before image scans	2026-09-30T01:05:55.6978544Z /dev/root       145G   70G   75G  49% /
repository	Reclaim build cache before image scans	2026-09-30T01:06:05.3752849Z TYPE            TOTAL     ACTIVE    SIZE      RECLAIMABLE
repository	Reclaim build cache before image scans	2026-09-30T01:06:05.3753892Z Images          18        10        5.79GB    3.825GB (66%)
repository	Reclaim build cache before image scans	2026-09-30T01:06:05.3754495Z Containers      13        11        594.3kB   1.481kB (0%)
repository	Reclaim build cache before image scans	2026-09-30T01:06:05.3755247Z Local Volumes   5         5         2.359GB   0B (0%)
repository	Reclaim build cache before image scans	2026-09-30T01:06:05.3755758Z Build Cache     118       0         4.605GB   4.605GB
repository	Reclaim build cache before image scans	2026-09-30T01:06:05.4839928Z ID						RECLAIMABLE	SIZE		LAST ACCESSED
repository	Reclaim build cache before image scans	2026-09-30T01:06:05.4840783Z 103hjmp164nl4p0anvtrhmwnb*              	true 		1.838kB   	11 minutes ago
repository	Reclaim build cache before image scans	2026-09-30T01:06:05.4850361Z o0svbiag7owmxratz28e9rtmh               	true 	367B      	8 minutes ago
repository	Reclaim build cache before image scans	2026-09-30T01:06:05.4872760Z 9i83ked1bgrczto2sx3y0bo4b*              	true 	2.857kB   	8 minutes ago
repository	Reclaim build cache before image scans	2026-09-30T01:06:05.5094760Z qm7wpx42zpyvs1iy1ehwes6jh*              	true 	1.432MB   	10 minutes ago
repository	Reclaim build cache before image scans	2026-09-30T01:06:05.5157903Z kkoq1r2xcrbfqqsf6dol57hyy*              	true 	31.39MB   	9 minutes ago
repository	Reclaim build cache before image scans	2026-09-30T01:06:05.5165854Z 8jrj9mg7dtr82sdzo5i7j4l1m               	true 	563B      	10 minutes ago
repository	Reclaim build cache before image scans	2026-09-30T01:06:05.5193163Z 1n89q6f4605vopz9u5xnw7wn0*              	true 	17.2MB    	11 minutes ago
repository	Reclaim build cache before image scans	2026-09-30T01:06:05.5203776Z tssfq50dcnjfwrfhyl2kp6dqi               	true 	34.52kB   	9 minutes ago
repository	Reclaim build cache before image scans	2026-09-30T01:06:05.5231148Z dmaj6ro1yo9jql3jmicti6kti*              	true 	0B        	11 minutes ago
repository	Reclaim build cache before image scans	2026-09-30T01:06:05.5258184Z z8h1h7qxcvcg7iicbl4k5tml3*              	true 	1.994kB   	10 minutes ago
repository	Reclaim build cache before image scans	2026-09-30T01:06:05.5294550Z isr5jqh2oqxrqpkhhl1tbn3z4               	true 	34.52kB   	8 minutes ago
repository	Reclaim build cache before image scans	2026-09-30T01:06:05.5317805Z wa27zg7s4gt28jz5ot3akr9jj*              	true 	9.76MB    	11 minutes ago
repository	Reclaim build cache before image scans	2026-09-30T01:06:05.6219852Z azbd6vmt1e6wzhz56vqjmt99i               	true 	3.943MB   	9 minutes ago
repository	Reclaim build cache before image scans	2026-09-30T01:06:05.6227805Z phri6vpunnbp5yz0pk34yy3pe               	true 	48.04kB   	10 minutes ago
repository	Reclaim build cache before image scans	2026-09-30T01:06:05.6249984Z 8rotprb62iqulqw7zlqphtigd*              	true 	1.028kB   	10 minutes ago
repository	Reclaim build cache before image scans	2026-09-30T01:06:05.6354192Z ga75fy8qp3wgpetycqp0lz7n2*              	true 	685.7kB   	10 minutes ago
repository	Reclaim build cache before image scans	2026-09-30T01:06:05.6513126Z 3c9lova85ok9t9bijguypph1t*              	true 	112.5MB   	8 minutes ago
repository	Reclaim build cache before image scans	2026-09-30T01:06:06.9138654Z t95izjr17mynx9u1lfcm2fg04*              	true 	435.9MB   	10 minutes ago
repository	Reclaim build cache before image scans	2026-09-30T01:06:10.8479846Z ng2q6eu6jxbwtz4mkmuf89q6i*              	true 	1.215GB   	6 seconds ago
repository	Reclaim build cache before image scans	2026-09-30T01:06:11.7632413Z q71bctwrdsodkawjwzb7dvbfa*              	true 	322.1MB   	10 minutes ago
repository	Reclaim build cache before image scans	2026-09-30T01:06:11.7687521Z vz3jwsbh5neztxzka8k1ficww*              	true 	0B        	8 minutes ago
repository	Reclaim build cache before image scans	2026-09-30T01:06:11.7975783Z y15n46cmox7z1udarb4k0jdur*              	true 	2.061MB   	10 minutes ago
repository	Reclaim build cache before image scans	2026-09-30T01:06:11.8365788Z 6ry54ycyipftof9k6dkdv4073*              	true 	84.21MB   	11 minutes ago
repository	Reclaim build cache before image scans	2026-09-30T01:06:11.8386575Z ofdbeju5pmqs1b29fvwwfz250*              	true 	0B        	11 minutes ago
repository	Reclaim build cache before image scans	2026-09-30T01:06:11.8396246Z 7hj9rsathe02e0qxj6ej4vrrk               	true 	31.32MB   	9 minutes ago
repository	Reclaim build cache before image scans	2026-09-30T01:06:11.8404226Z uaadvpgqtwn76mhv6jcuvjgp3               	true 	84.21MB   	11 minutes ago
repository	Reclaim build cache before image scans	2026-09-30T01:06:12.0916036Z tlkv7urx8p41egjdhdaxwzvls*              	true 	115.5MB   	10 minutes ago
repository	Reclaim build cache before image scans	2026-09-30T01:06:12.7686908Z mvlyzax45huw2vm0df172ts8s*              	true 	1.058GB   	11 seconds ago
repository	Reclaim build cache before image scans	2026-09-30T01:06:12.7713583Z 7xn6obsfqs99sjw6lkjrumdvf*              	true 	700B      	11 minutes ago
repository	Reclaim build cache before image scans	2026-09-30T01:06:12.7736217Z nepr16mz5r54gr9d9eiupg4ne*              	true 	65B       	10 minutes ago
repository	Reclaim build cache before image scans	2026-09-30T01:06:12.8280923Z urmsyrdlrswegrlx5cz5345bb               	true 	2.588MB   	8 minutes ago
repository	Reclaim build cache before image scans	2026-09-30T01:06:12.8308118Z z13ors76sofx1skp8wwic9lmf               	true 	17.2MB    	11 minutes ago
repository	Reclaim build cache before image scans	2026-09-30T01:06:12.8694520Z 5hn92u3lmr0a9bwi8md5v1z7h               	true 	3.08MB    	9 minutes ago
repository	Reclaim build cache before image scans	2026-09-30T01:06:12.8713120Z kchpxjgrq6n2btnondh4hojrb               	true 	3.615kB   	10 minutes ago
repository	Reclaim build cache before image scans	2026-09-30T01:06:12.8730923Z wmszaw53yjwmxabni1ntlhye3               	true 	3.615kB   	10 minutes ago
repository	Reclaim build cache before image scans	2026-09-30T01:06:12.8739606Z nbsi1pkyjvr9d309anlim4h6p               	true 	112.4MB   	8 minutes ago
repository	Reclaim build cache before image scans	2026-09-30T01:06:12.8759828Z mjvzyard5ole2six1gjmaw8gn               	true 	0B        	10 minutes ago
repository	Reclaim build cache before image scans	2026-09-30T01:06:12.8768805Z oqnx8z3rqar5j891zzk3hvlzd               	true 	0B        	11 minutes ago
repository	Reclaim build cache before image scans	2026-09-30T01:06:12.8795498Z n3b7dfq2lshax1oko998ql1gg*              	true 	564.2kB   	9 minutes ago
repository	Reclaim build cache before image scans	2026-09-30T01:06:12.8817283Z ghx1sz5a12plp2oh0yp06li1m*              	true 	56B       	10 minutes ago
repository	Reclaim build cache before image scans	2026-09-30T01:06:12.9998179Z 6htgv753enf8q27lfatylfvxi               	true 	24.42MB   	10 minutes ago
repository	Reclaim build cache before image scans	2026-09-30T01:06:13.0006190Z sfehpl6v1xnpc6tqlppv8vtmc               	true 	437.1kB   	8 minutes ago
repository	Reclaim build cache before image scans	2026-09-30T01:06:13.0140126Z q5be5b04ef6vxw2wss93ngyuw               	true 	428.9kB   	10 minutes ago
repository	Reclaim build cache before image scans	2026-09-30T01:06:13.0162509Z tl1itjgcnr2vogxphx2ax79nr*              	true 	606B      	11 minutes ago
repository	Reclaim build cache before image scans	2026-09-30T01:06:13.0172086Z rpsekqxpnt77533zvyvo6t30d               	true 	437.1kB   	9 minutes ago
repository	Reclaim build cache before image scans	2026-09-30T01:06:13.0184233Z wrdl9ijhpu6e5bg1w8xv77ccb               	true 	700B      	11 minutes ago
repository	Reclaim build cache before image scans	2026-09-30T01:06:13.0200955Z ubcrjwv3k98ep8nx7qxso51ii               	true 	0B        	10 minutes ago
repository	Reclaim build cache before image scans	2026-09-30T01:06:13.0226893Z jqejtgfe0ldf9lydee3wr9xgs               	true 	9.76MB    	11 minutes ago
repository	Reclaim build cache before image scans	2026-09-30T01:06:13.0253927Z znorobk1mn71v8n5ct1gavrcd*              	true 	24.23MB   	8 minutes ago
repository	Reclaim build cache before image scans	2026-09-30T01:06:13.0279511Z 08rdidh4mji709isi4ukf73rp               	true 	0B        	11 minutes ago
repository	Reclaim build cache before image scans	2026-09-30T01:06:13.0318833Z ad7rx90zzwvwcwjhy0k811ykt               	true 	0B        	8 minutes ago
repository	Reclaim build cache before image scans	2026-09-30T01:06:13.0328617Z unowdc4a553kv74as4sb8nbpz               	true 	2.061MB   	10 minutes ago
repository	Reclaim build cache before image scans	2026-09-30T01:06:13.0338442Z mvfdyv1b17tl0903anetrb7xt               	true 	213.1kB   	10 minutes ago
repository	Reclaim build cache before image scans	2026-09-30T01:06:13.0431762Z tjh7xnqw5ewqfhu1ky4r6sn3n               	true 	0B        	12 minutes ago
repository	Reclaim build cache before image scans	2026-09-30T01:06:16.0246937Z vmndwayw7hqo9ek31xel620fy               	true 	615.7MB   	10 minutes ago
repository	Reclaim build cache before image scans	2026-09-30T01:06:16.0259449Z zeqpafy9qjq4b5hugy6uj8c0h               	true 	110MB     	12 minutes ago
repository	Reclaim build cache before image scans	2026-09-30T01:06:16.0274155Z 9y85v71bhac3qd6ampxkatsxx               	true 	0B        	11 minutes ago
repository	Reclaim build cache before image scans	2026-09-30T01:06:16.0292061Z 2s681j2bsg4aqu2pn2a3fwh35               	true 	564.2kB   	9 minutes ago
repository	Reclaim build cache before image scans	2026-09-30T01:06:16.1617049Z sqob2g5nxf3bjxanh66bc8m5e               	true 	37.96MB   	8 minutes ago
repository	Reclaim build cache before image scans	2026-09-30T01:06:16.3285005Z u2bnnw1uayw57mei9kb08dagm               	true 	24.42MB   	10 minutes ago
repository	Reclaim build cache before image scans	2026-09-30T01:06:16.3328474Z ozskbv0erzqlwc6t1odfajedm               	true 	1.064MB   	10 minutes ago
repository	Reclaim build cache before image scans	2026-09-30T01:06:16.3364898Z 4gxjr54vc2rvv2wnezk4v2qgq               	true 	24.23MB   	8 minutes ago
repository	Reclaim build cache before image scans	2026-09-30T01:06:16.3376391Z jcsemt96z3mt7sb690xj1jopv               	true 	0B        	11 minutes ago
repository	Reclaim build cache before image scans	2026-09-30T01:06:16.3386247Z ywcb7sk4qoe6or2rditm5ugbj               	true 	435.9MB   	10 minutes ago
repository	Reclaim build cache before image scans	2026-09-30T01:06:16.3396662Z u86cjyqnez45qg2mbyz855c6w               	true 	1000kB    	10 minutes ago
repository	Reclaim build cache before image scans	2026-09-30T01:06:16.3423130Z gg5ye7nxhpzcn57zv657kaj5o               	true 	256.9kB   	10 minutes ago
repository	Reclaim build cache before image scans	2026-09-30T01:06:16.7273947Z 5rxgna30zklyqny80x21ohazu               	true 	112.1MB   	10 minutes ago
repository	Reclaim build cache before image scans	2026-09-30T01:06:16.7285993Z tec77auvhcmm7ec26ivyw6ond               	true 	0B        	12 minutes ago
repository	Reclaim build cache before image scans	2026-09-30T01:06:16.7314227Z lb4cwcqbww98znnp7h70u9nvr               	true 	0B        	12 minutes ago
repository	Reclaim build cache before image scans	2026-09-30T01:06:16.7341192Z m75cii1dwnb8lmmlj1bo2vy6e               	true 	48.28MB   	10 minutes ago
repository	Reclaim build cache before image scans	2026-09-30T01:06:16.7375541Z 3ebqh9nrk92e5dgj6o03jfgxn               	true 	0B        	12 minutes ago
repository	Reclaim build cache before image scans	2026-09-30T01:06:16.7392835Z g8a2tjbaa7lnprnxjwbk02rit               	true 	0B        	8 minutes ago
repository	Reclaim build cache before image scans	2026-09-30T01:06:16.7412201Z zlfhi2wnsxb767nbnuwauytf3               	true 	182.9kB   	10 minutes ago
repository	Reclaim build cache before image scans	2026-09-30T01:06:16.7420723Z nepvzjdziwl5yteuwlphh0tq8               	true 	0B        	11 minutes ago
repository	Reclaim build cache before image scans	2026-09-30T01:06:16.7429407Z lyekiws6t8svkckjn3vctjy8u               	true 	322.1MB   	10 minutes ago
repository	Reclaim build cache before image scans	2026-09-30T01:06:16.7458441Z m0jwqb3dv631kadr2e2l5v6zb               	true 	0B        	12 minutes ago
repository	Reclaim build cache before image scans	2026-09-30T01:06:16.7471070Z bv7uuesczma3a0bebf21krzxy               	true 	0B        	10 minutes ago
repository	Reclaim build cache before image scans	2026-09-30T01:06:16.7494144Z w82j8u5321jcydoh7n0vaqrg2               	true 	0B        	8 minutes ago
repository	Reclaim build cache before image scans	2026-09-30T01:06:16.7504244Z 9e74cypiogz6yly4wt3jfx2of               	true 	0B        	10 minutes ago
repository	Reclaim build cache before image scans	2026-09-30T01:06:16.7529124Z u32zkfa3z9kzylflm4vpid4d5               	true 	0B        	11 minutes ago
repository	Reclaim build cache before image scans	2026-09-30T01:06:17.6062979Z ancxxbyumk5oodn2edqicef1k               	true 	296.2MB   	10 minutes ago
repository	Reclaim build cache before image scans	2026-09-30T01:06:17.6089277Z p1jgb1w2wh1opczcksych8vmu               	true 	0B        	10 minutes ago
repository	Reclaim build cache before image scans	2026-09-30T01:06:17.6100701Z 99xa4kr7ld5x1z5ydclvev7dv               	true 	0B        	10 minutes ago
repository	Reclaim build cache before image scans	2026-09-30T01:06:17.6110552Z 527uf4yrw0sv86pb5bjwyxbrh               	true 	0B        	11 minutes ago
repository	Reclaim build cache before image scans	2026-09-30T01:06:17.6131799Z r7dvxftpwjxrv4l7asy1m3wmi               	true 	166.4kB   	10 minutes ago
repository	Reclaim build cache before image scans	2026-09-30T01:06:17.6157747Z rartqcm66iovypp50nqpwqh9i               	true 	0B        	11 minutes ago
repository	Reclaim build cache before image scans	2026-09-30T01:06:17.6183982Z 15obiytuujpw4mbmn82ax2ffb               	true 	0B        	10 minutes ago
repository	Reclaim build cache before image scans	2026-09-30T01:06:17.6193786Z 3aa8exs77hx680ff7moe7goe2               	true 	0B        	11 minutes ago
repository	Reclaim build cache before image scans	2026-09-30T01:06:17.6211570Z ztu9hawetpkevx86t098yium8               	true 	0B        	10 minutes ago
repository	Reclaim build cache before image scans	2026-09-30T01:06:18.9376926Z z3ykh9egaw1cieehg72j04xpb               	true 	0B        	11 minutes ago
repository	Reclaim build cache before image scans	2026-09-30T01:06:18.9384846Z me155rm9n9u5d7ounjyjnqru5               	true 	0B        	12 minutes ago
repository	Reclaim build cache before image scans	2026-09-30T01:06:18.9574766Z 60fkbziq4v2o7udxu9nppkhb6               	true 	0B        	11 minutes ago
repository	Reclaim build cache before image scans	2026-09-30T01:06:18.9584363Z ij7hhqb7vnn2bu8efe09etwpv               	true 	0B        	11 minutes ago
repository	Reclaim build cache before image scans	2026-09-30T01:06:18.9593970Z kaj7chx5ljalwmrm1njweb6b1               	true 	0B        	12 minutes ago
repository	Reclaim build cache before image scans	2026-09-30T01:06:18.9622981Z jt2xpi7iwhvbk1zmg36lwesne               	true 	0B        	12 minutes ago
repository	Reclaim build cache before image scans	2026-09-30T01:06:18.9657238Z 2f5kd9rnro6mjhtvukvet27b5               	true 	0B        	10 minutes ago
repository	Reclaim build cache before image scans	2026-09-30T01:06:18.9679514Z oq45rgtwwpxv2mzf82t966j73               	true 	0B        	12 minutes ago
repository	Reclaim build cache before image scans	2026-09-30T01:06:18.9689321Z wgwg8q2gf9dl78tglaikwgsnl               	true 	0B        	11 minutes ago
repository	Reclaim build cache before image scans	2026-09-30T01:06:18.9697872Z 6jv5mq6j5onszppn5vtexz1yk               	true 	0B        	12 minutes ago
repository	Reclaim build cache before image scans	2026-09-30T01:06:19.1258948Z sj1b7qvoqvznwaf8f5nskfnyz               	true 	0B        	12 minutes ago
repository	Reclaim build cache before image scans	2026-09-30T01:06:19.1277343Z bkl9pgfqqt6if740iogrq9rio               	true 	0B        	12 minutes ago
repository	Reclaim build cache before image scans	2026-09-30T01:06:19.1538523Z u4j8kori6rvuxwqmhfvhvao0v               	true 	0B        	12 minutes ago
repository	Reclaim build cache before image scans	2026-09-30T01:06:19.1547996Z hfupe4q1p8dylklxq0q50mj3y               	true 	0B        	11 minutes ago
repository	Reclaim build cache before image scans	2026-09-30T01:06:19.1568139Z bnq0bf0iacgzypfbj9zo5hncs               	true 	0B        	11 minutes ago
repository	Reclaim build cache before image scans	2026-09-30T01:06:19.1576861Z eif1v2uyxp67d4t3yivj3pz0w               	true 	0B        	12 minutes ago
repository	Reclaim build cache before image scans	2026-09-30T01:06:19.4103938Z uoctmsuw8jrtf5cimxsi0nujt               	true 	0B        	12 minutes ago
repository	Reclaim build cache before image scans	2026-09-30T01:06:19.4116884Z 1bi826ellrty7y16d9i77fz18               	true 	0B        	12 minutes ago
repository	Reclaim build cache before image scans	2026-09-30T01:06:19.4128237Z n352t354g4fe8zcbxbslo1qkz               	true 	0B        	11 minutes ago
repository	Reclaim build cache before image scans	2026-09-30T01:06:19.4139806Z vfkq0e3cbr1hzppmuzvz1lao9               	true 	0B        	12 minutes ago
repository	Reclaim build cache before image scans	2026-09-30T01:06:19.4151992Z brvjvrvqbwu19laa4h1gwvcuk               	true 	0B        	12 minutes ago
repository	Reclaim build cache before image scans	2026-09-30T01:06:19.4162658Z kwzddxs91ro67w3b8dvod5ied               	true 	0B        	12 minutes ago
repository	Reclaim build cache before image scans	2026-09-30T01:06:19.4173255Z x9zpzjcn2l1x1czcb14b696jp               	true 	0B        	12 minutes ago
repository	Reclaim build cache before image scans	2026-09-30T01:06:19.4190380Z nwexo5wbv2goqi5bx9hba5dqs               	true 	0B        	12 minutes ago
repository	Reclaim build cache before image scans	2026-09-30T01:06:19.4203170Z ndmzi0ctztvdtb54ig69yf32c               	true 	0B        	12 minutes ago
repository	Reclaim build cache before image scans	2026-09-30T01:06:19.4215695Z yrw9cj9hqfbms01jg88p002rt               	true 	0B        	12 minutes ago
repository	Reclaim build cache before image scans	2026-09-30T01:06:19.4227477Z zk94fpytiq2tpjo7ys2nlqedu               	true 	0B        	12 minutes ago
repository	Reclaim build cache before image scans	2026-09-30T01:06:19.4239626Z xrtl42d70udda50sm4bhulf2b               	true 	0B        	12 minutes ago
repository	Reclaim build cache before image scans	2026-09-30T01:06:19.4251307Z 06fe294gmg7jq6z94ctvllpm8               	true 	0B        	12 minutes ago
repository	Reclaim build cache before image scans	2026-09-30T01:06:19.4390385Z Total:	5.754GB
repository	Reclaim build cache before image scans	2026-09-30T01:06:19.4443900Z Filesystem      Size  Used Avail Use% Mounted on
repository	Reclaim build cache before image scans	2026-09-30T01:06:19.4444598Z /dev/root       145G   65G   81G  45% /
repository	Reclaim build cache before image scans	2026-09-30T01:06:19.4444946Z /dev/root       145G   65G   81G  45% /
repository	Reclaim build cache before image scans	2026-09-30T01:06:20.7566584Z TYPE            TOTAL     ACTIVE    SIZE      RECLAIMABLE
repository	Reclaim build cache before image scans	2026-09-30T01:06:20.7567391Z Images          18        10        5.79GB    3.825GB (66%)
repository	Reclaim build cache before image scans	2026-09-30T01:06:20.7568079Z Containers      13        11        528.8kB   1.481kB (0%)
repository	Reclaim build cache before image scans	2026-09-30T01:06:20.7568750Z Local Volumes   5         5         2.359GB   0B (0%)
repository	Reclaim build cache before image scans	2026-09-30T01:06:20.7569393Z Build Cache     0         0         0B        0B
repository	Pull pinned infrastructure images for security coverage	﻿2026-09-30T01:06:20.7650189Z ##[group]Run docker compose -f /tmp/verity-ci.json --profile '*' pull --ignore-buildable
repository	Pull pinned infrastructure images for security coverage	2026-09-30T01:06:20.7651330Z ^[[36;1mdocker compose -f /tmp/verity-ci.json --profile '*' pull --ignore-buildable^[[0m
repository	Pull pinned infrastructure images for security coverage	2026-09-30T01:06:20.7730225Z shell: /usr/bin/bash -e {0}
repository	Pull pinned infrastructure images for security coverage	2026-09-30T01:06:20.7730499Z env:
repository	Pull pinned infrastructure images for security coverage	2026-09-30T01:06:20.7730775Z   pythonLocation: /opt/hostedtoolcache/Python/3.12.14/x64
repository	Pull pinned infrastructure images for security coverage	2026-09-30T01:06:20.7731235Z   PKG_CONFIG_PATH: /opt/hostedtoolcache/Python/3.12.14/x64/lib/pkgconfig
repository	Pull pinned infrastructure images for security coverage	2026-09-30T01:06:20.7731938Z   Python_ROOT_DIR: /opt/hostedtoolcache/Python/3.12.14/x64
repository	Pull pinned infrastructure images for security coverage	2026-09-30T01:06:20.7732337Z   Python2_ROOT_DIR: /opt/hostedtoolcache/Python/3.12.14/x64
repository	Pull pinned infrastructure images for security coverage	2026-09-30T01:06:20.7732725Z   Python3_ROOT_DIR: /opt/hostedtoolcache/Python/3.12.14/x64
repository	Pull pinned infrastructure images for security coverage	2026-09-30T01:06:20.7733103Z   LD_LIBRARY_PATH: /opt/hostedtoolcache/Python/3.12.14/x64/lib
repository	Pull pinned infrastructure images for security coverage	2026-09-30T01:06:20.7733424Z ##[endgroup]
repository	Pull pinned infrastructure images for security coverage	2026-09-30T01:06:20.8705066Z  celery-beat Skipped - Image can be built 
repository	Pull pinned infrastructure images for security coverage	2026-09-30T01:06:20.8706291Z  grafana Skipped - Image can be built 
repository	Pull pinned infrastructure images for security coverage	2026-09-30T01:06:20.8707624Z  jaeger Skipped - Image can be built 
repository	Pull pinned infrastructure images for security coverage	2026-09-30T01:06:20.8708784Z  migrate Skipped - Image can be built 
repository	Pull pinned infrastructure images for security coverage	2026-09-30T01:06:20.8709566Z  minio Skipped - Image can be built 
repository	Pull pinned infrastructure images for security coverage	2026-09-30T01:06:20.8710844Z  verification Skipped - Image can be built 
repository	Pull pinned infrastructure images for security coverage	2026-09-30T01:06:20.8711857Z  backend Skipped - Image can be built 
repository	Pull pinned infrastructure images for security coverage	2026-09-30T01:06:20.8712564Z  mailpit Pulling 
repository	Pull pinned infrastructure images for security coverage	2026-09-30T01:06:20.8713048Z  frontend Skipped - Image can be built 
repository	Pull pinned infrastructure images for security coverage	2026-09-30T01:06:20.8715101Z  celery-worker Skipped - Image can be built 
repository	Pull pinned infrastructure images for security coverage	2026-09-30T01:06:20.8715918Z  minio-init Skipped - Image can be built 
repository	Pull pinned infrastructure images for security coverage	2026-09-30T01:06:20.8716432Z  postgres Pulling 
repository	Pull pinned infrastructure images for security coverage	2026-09-30T01:06:20.8716814Z  redis Pulling 
repository	Pull pinned infrastructure images for security coverage	2026-09-30T01:06:20.8717167Z  prometheus Pulling 
repository	Pull pinned infrastructure images for security coverage	2026-09-30T01:06:20.8717545Z  otel-collector Pulling 
repository	Pull pinned infrastructure images for security coverage	2026-09-30T01:06:20.9543536Z  mailpit Pulled 
repository	Pull pinned infrastructure images for security coverage	2026-09-30T01:06:20.9552685Z  postgres Pulled 
repository	Pull pinned infrastructure images for security coverage	2026-09-30T01:06:20.9587018Z  otel-collector Pulled 
repository	Pull pinned infrastructure images for security coverage	2026-09-30T01:06:20.9589281Z  prometheus Pulled 
repository	Pull pinned infrastructure images for security coverage	2026-09-30T01:06:20.9594013Z  redis Pulled 
repository	Scan every Compose image and generate SBOMs	﻿2026-09-30T01:06:20.9687258Z ##[group]Run python scripts/verity_image_gate.py --compose /tmp/verity-ci.json --output docs/verity/evidence/ci/images
repository	Scan every Compose image and generate SBOMs	2026-09-30T01:06:20.9688822Z ^[[36;1mpython scripts/verity_image_gate.py --compose /tmp/verity-ci.json --output docs/verity/evidence/ci/images^[[0m
repository	Scan every Compose image and generate SBOMs	2026-09-30T01:06:20.9780653Z shell: /usr/bin/bash -e {0}
repository	Scan every Compose image and generate SBOMs	2026-09-30T01:06:20.9781151Z env:
repository	Scan every Compose image and generate SBOMs	2026-09-30T01:06:20.9782005Z   pythonLocation: /opt/hostedtoolcache/Python/3.12.14/x64
repository	Scan every Compose image and generate SBOMs	2026-09-30T01:06:20.9782823Z   PKG_CONFIG_PATH: /opt/hostedtoolcache/Python/3.12.14/x64/lib/pkgconfig
repository	Scan every Compose image and generate SBOMs	2026-09-30T01:06:20.9783630Z   Python_ROOT_DIR: /opt/hostedtoolcache/Python/3.12.14/x64
repository	Scan every Compose image and generate SBOMs	2026-09-30T01:06:20.9784336Z   Python2_ROOT_DIR: /opt/hostedtoolcache/Python/3.12.14/x64
repository	Scan every Compose image and generate SBOMs	2026-09-30T01:06:20.9785307Z   Python3_ROOT_DIR: /opt/hostedtoolcache/Python/3.12.14/x64
repository	Scan every Compose image and generate SBOMs	2026-09-30T01:06:20.9786055Z   LD_LIBRARY_PATH: /opt/hostedtoolcache/Python/3.12.14/x64/lib
repository	Scan every Compose image and generate SBOMs	2026-09-30T01:06:20.9786583Z ##[endgroup]
repository	Scan every Compose image and generate SBOMs	2026-09-30T01:06:33.8626669Z verity-ci-backend: vulnerabilities → PASS
repository	Scan every Compose image and generate SBOMs	2026-09-30T01:06:34.2698836Z verity-ci-backend: sbom → PASS
repository	Scan every Compose image and generate SBOMs	2026-09-30T01:06:36.3613054Z verity-ci-frontend: vulnerabilities → PASS
repository	Scan every Compose image and generate SBOMs	2026-09-30T01:06:36.7720829Z verity-ci-frontend: sbom → PASS
repository	Scan every Compose image and generate SBOMs	2026-09-30T01:06:51.5983966Z verity-ci-grafana: vulnerabilities → PASS
repository	Scan every Compose image and generate SBOMs	2026-09-30T01:06:52.5850231Z verity-ci-grafana: sbom → PASS
repository	Scan every Compose image and generate SBOMs	2026-09-30T01:06:53.8011875Z verity-ci-jaeger: vulnerabilities → PASS
repository	Scan every Compose image and generate SBOMs	2026-09-30T01:06:54.1633619Z verity-ci-jaeger: sbom → PASS
repository	Scan every Compose image and generate SBOMs	2026-09-30T01:06:54.7108566Z axllent/mailpit:v1.31.2@sha256:74d609a42ec279aa63c6b4622a6fa9b5408d1ad5b1d76a1c4be40a265ce0863d: vulnerabilities → PASS
repository	Scan every Compose image and generate SBOMs	2026-09-30T01:06:54.9818500Z axllent/mailpit:v1.31.2@sha256:74d609a42ec279aa63c6b4622a6fa9b5408d1ad5b1d76a1c4be40a265ce0863d: sbom → PASS
repository	Scan every Compose image and generate SBOMs	2026-09-30T01:06:56.0419913Z verity-ci-minio: vulnerabilities → PASS
repository	Scan every Compose image and generate SBOMs	2026-09-30T01:06:56.3707638Z verity-ci-minio: sbom → PASS
repository	Scan every Compose image and generate SBOMs	2026-09-30T01:06:56.9438265Z verity-ci-minio-init: vulnerabilities → PASS
repository	Scan every Compose image and generate SBOMs	2026-09-30T01:06:57.2312804Z verity-ci-minio-init: sbom → PASS
repository	Scan every Compose image and generate SBOMs	2026-09-30T01:07:00.4252674Z otel/opentelemetry-collector-contrib:0.161.0@sha256:fd328de2552466ad78385e1b1289c3f2402b1c45f265b252aab1955b42845ac1: vulnerabilities → PASS
repository	Scan every Compose image and generate SBOMs	2026-09-30T01:07:01.0035140Z otel/opentelemetry-collector-contrib:0.161.0@sha256:fd328de2552466ad78385e1b1289c3f2402b1c45f265b252aab1955b42845ac1: sbom → PASS
repository	Scan every Compose image and generate SBOMs	2026-09-30T01:07:05.1758346Z pgvector/pgvector:pg16@sha256:ccc6e83d6e35e931dc7c5def2022729d5a6c370318d099181995567ff1fb4d6b: vulnerabilities → FAIL
repository	Scan every Compose image and generate SBOMs	2026-09-30T01:07:05.7267289Z pgvector/pgvector:pg16@sha256:ccc6e83d6e35e931dc7c5def2022729d5a6c370318d099181995567ff1fb4d6b: sbom → PASS
repository	Scan every Compose image and generate SBOMs	2026-09-30T01:07:07.9820411Z prom/prometheus:v3.15.0@sha256:efd719c99d83b060d9daefdcf00360461adf279f45ef5391f8d111892118753e: vulnerabilities → PASS
repository	Scan every Compose image and generate SBOMs	2026-09-30T01:07:08.5109858Z prom/prometheus:v3.15.0@sha256:efd719c99d83b060d9daefdcf00360461adf279f45ef5391f8d111892118753e: sbom → PASS
repository	Scan every Compose image and generate SBOMs	2026-09-30T01:07:09.1030019Z redis:7.4-alpine@sha256:858f009f9709ce576febc734aa78b8f6d624b82571f9ddb6bda4377c833b3499: vulnerabilities → PASS
repository	Scan every Compose image and generate SBOMs	2026-09-30T01:07:09.3983375Z redis:7.4-alpine@sha256:858f009f9709ce576febc734aa78b8f6d624b82571f9ddb6bda4377c833b3499: sbom → PASS
repository	Scan every Compose image and generate SBOMs	2026-09-30T01:07:14.6271147Z verity-ci-verification: vulnerabilities → PASS
repository	Scan every Compose image and generate SBOMs	2026-09-30T01:07:15.2176096Z verity-ci-verification: sbom → PASS
repository	Scan every Compose image and generate SBOMs	2026-09-30T01:07:15.2833987Z ##[error]Process completed with exit code 1.
repository	Run actions/upload-artifact@b7c566a772e6b6bfb58ed0dc250532a479d7789f	﻿2026-09-30T01:07:15.2913733Z ##[group]Run actions/upload-artifact@b7c566a772e6b6bfb58ed0dc250532a479d7789f
repository	Run actions/upload-artifact@b7c566a772e6b6bfb58ed0dc250532a479d7789f	2026-09-30T01:07:15.2914189Z with:
repository	Run actions/upload-artifact@b7c566a772e6b6bfb58ed0dc250532a479d7789f	2026-09-30T01:07:15.2914403Z   name: verity-gate-evidence
repository	Run actions/upload-artifact@b7c566a772e6b6bfb58ed0dc250532a479d7789f	2026-09-30T01:07:15.2914842Z   path: docs/verity/evidence/ci
repository	Run actions/upload-artifact@b7c566a772e6b6bfb58ed0dc250532a479d7789f	docs/verity/evidence/secret-gate.json
repository	Run actions/upload-artifact@b7c566a772e6b6bfb58ed0dc250532a479d7789f	frontend/test-results
repository	Run actions/upload-artifact@b7c566a772e6b6bfb58ed0dc250532a479d7789f	
repository	Run actions/upload-artifact@b7c566a772e6b6bfb58ed0dc250532a479d7789f	2026-09-30T01:07:15.2915310Z   retention-days: 7
repository	Run actions/upload-artifact@b7c566a772e6b6bfb58ed0dc250532a479d7789f	2026-09-30T01:07:15.2915531Z   if-no-files-found: warn
repository	Run actions/upload-artifact@b7c566a772e6b6bfb58ed0dc250532a479d7789f	2026-09-30T01:07:15.2915766Z   compression-level: 6
repository	Run actions/upload-artifact@b7c566a772e6b6bfb58ed0dc250532a479d7789f	2026-09-30T01:07:15.2915990Z   overwrite: false
repository	Run actions/upload-artifact@b7c566a772e6b6bfb58ed0dc250532a479d7789f	2026-09-30T01:07:15.2916214Z   include-hidden-files: false
repository	Run actions/upload-artifact@b7c566a772e6b6bfb58ed0dc250532a479d7789f	2026-09-30T01:07:15.2916447Z env:
repository	Run actions/upload-artifact@b7c566a772e6b6bfb58ed0dc250532a479d7789f	2026-09-30T01:07:15.2916735Z   pythonLocation: /opt/hostedtoolcache/Python/3.12.14/x64
repository	Run actions/upload-artifact@b7c566a772e6b6bfb58ed0dc250532a479d7789f	2026-09-30T01:07:15.2917189Z   PKG_CONFIG_PATH: /opt/hostedtoolcache/Python/3.12.14/x64/lib/pkgconfig
repository	Run actions/upload-artifact@b7c566a772e6b6bfb58ed0dc250532a479d7789f	2026-09-30T01:07:15.2917626Z   Python_ROOT_DIR: /opt/hostedtoolcache/Python/3.12.14/x64
repository	Run actions/upload-artifact@b7c566a772e6b6bfb58ed0dc250532a479d7789f	2026-09-30T01:07:15.2918321Z   Python2_ROOT_DIR: /opt/hostedtoolcache/Python/3.12.14/x64
repository	Run actions/upload-artifact@b7c566a772e6b6bfb58ed0dc250532a479d7789f	2026-09-30T01:07:15.2920241Z   Python3_ROOT_DIR: /opt/hostedtoolcache/Python/3.12.14/x64
repository	Run actions/upload-artifact@b7c566a772e6b6bfb58ed0dc250532a479d7789f	2026-09-30T01:07:15.2921053Z   LD_LIBRARY_PATH: /opt/hostedtoolcache/Python/3.12.14/x64/lib
repository	Run actions/upload-artifact@b7c566a772e6b6bfb58ed0dc250532a479d7789f	2026-09-30T01:07:15.2921856Z ##[endgroup]
repository	Run actions/upload-artifact@b7c566a772e6b6bfb58ed0dc250532a479d7789f	2026-09-30T01:07:15.5027492Z Multiple search paths detected. Calculating the least common ancestor of all paths
repository	Run actions/upload-artifact@b7c566a772e6b6bfb58ed0dc250532a479d7789f	2026-09-30T01:07:15.5030732Z The least common ancestor is /home/runner/work/Azaeron-Verity/Azaeron-Verity. This will be the root directory of the artifact
repository	Run actions/upload-artifact@b7c566a772e6b6bfb58ed0dc250532a479d7789f	2026-09-30T01:07:15.5033419Z With the provided path, there will be 82 files uploaded
repository	Run actions/upload-artifact@b7c566a772e6b6bfb58ed0dc250532a479d7789f	2026-09-30T01:07:15.5034699Z Artifact name is valid!
repository	Run actions/upload-artifact@b7c566a772e6b6bfb58ed0dc250532a479d7789f	2026-09-30T01:07:15.5035366Z Root directory input is valid!
repository	Run actions/upload-artifact@b7c566a772e6b6bfb58ed0dc250532a479d7789f	2026-09-30T01:07:15.7600735Z Beginning upload of artifact content to blob storage
repository	Run actions/upload-artifact@b7c566a772e6b6bfb58ed0dc250532a479d7789f	2026-09-30T01:07:16.5690464Z Uploaded bytes 6416153
repository	Run actions/upload-artifact@b7c566a772e6b6bfb58ed0dc250532a479d7789f	2026-09-30T01:07:16.6045404Z Finished uploading artifact content to blob storage!
repository	Run actions/upload-artifact@b7c566a772e6b6bfb58ed0dc250532a479d7789f	2026-09-30T01:07:16.6046868Z SHA256 digest of uploaded artifact zip is 8a2abb982ffef39cb3f31d3aeea985d6f13e8df506d2b496166b9d4c1e9af3eb
repository	Run actions/upload-artifact@b7c566a772e6b6bfb58ed0dc250532a479d7789f	2026-09-30T01:07:16.6048222Z Finalizing artifact upload
repository	Run actions/upload-artifact@b7c566a772e6b6bfb58ed0dc250532a479d7789f	2026-09-30T01:07:16.9335042Z Artifact verity-gate-evidence.zip successfully finalized. Artifact ID 11071791467
repository	Run actions/upload-artifact@b7c566a772e6b6bfb58ed0dc250532a479d7789f	2026-09-30T01:07:16.9336737Z Artifact verity-gate-evidence has been successfully uploaded! Final size is 6416153 bytes. Artifact ID is 11071791467
repository	Run actions/upload-artifact@b7c566a772e6b6bfb58ed0dc250532a479d7789f	2026-09-30T01:07:16.9340647Z Artifact download URL: https://github.com/arajmir7/Azaeron-Verity/actions/runs/36652452350/artifacts/11071791467
repository	Stop isolated runtime	﻿2026-09-30T01:07:16.9476778Z ##[group]Run docker compose -f /tmp/verity-ci.json down --volumes
repository	Stop isolated runtime	2026-09-30T01:07:16.9477298Z ^[[36;1mdocker compose -f /tmp/verity-ci.json down --volumes^[[0m
repository	Stop isolated runtime	2026-09-30T01:07:16.9541004Z shell: /usr/bin/bash -e {0}
repository	Stop isolated runtime	2026-09-30T01:07:16.9541269Z env:
repository	Stop isolated runtime	2026-09-30T01:07:16.9541877Z   pythonLocation: /opt/hostedtoolcache/Python/3.12.14/x64
repository	Stop isolated runtime	2026-09-30T01:07:16.9542346Z   PKG_CONFIG_PATH: /opt/hostedtoolcache/Python/3.12.14/x64/lib/pkgconfig
repository	Stop isolated runtime	2026-09-30T01:07:16.9543006Z   Python_ROOT_DIR: /opt/hostedtoolcache/Python/3.12.14/x64
repository	Stop isolated runtime	2026-09-30T01:07:16.9543421Z   Python2_ROOT_DIR: /opt/hostedtoolcache/Python/3.12.14/x64
repository	Stop isolated runtime	2026-09-30T01:07:16.9543826Z   Python3_ROOT_DIR: /opt/hostedtoolcache/Python/3.12.14/x64
repository	Stop isolated runtime	2026-09-30T01:07:16.9544241Z   LD_LIBRARY_PATH: /opt/hostedtoolcache/Python/3.12.14/x64/lib
repository	Stop isolated runtime	2026-09-30T01:07:16.9544571Z ##[endgroup]
repository	Stop isolated runtime	2026-09-30T01:07:17.0550428Z  Container verity-ci-prometheus-1  Stopping
repository	Stop isolated runtime	2026-09-30T01:07:17.0558668Z  Container verity-ci-otel-collector-1  Stopping
repository	Stop isolated runtime	2026-09-30T01:07:17.0560705Z  Container verity-ci-celery-worker-1  Stopping
repository	Stop isolated runtime	2026-09-30T01:07:17.0561731Z  Container verity-ci-frontend-1  Stopping
repository	Stop isolated runtime	2026-09-30T01:07:17.1599128Z  Container verity-ci-otel-collector-1  Stopped
repository	Stop isolated runtime	2026-09-30T01:07:17.1600291Z  Container verity-ci-otel-collector-1  Removing
repository	Stop isolated runtime	2026-09-30T01:07:17.1816483Z  Container verity-ci-otel-collector-1  Removed
repository	Stop isolated runtime	2026-09-30T01:07:17.1817193Z  Container verity-ci-jaeger-1  Stopping
repository	Stop isolated runtime	2026-09-30T01:07:17.2281663Z  Container verity-ci-prometheus-1  Stopped
repository	Stop isolated runtime	2026-09-30T01:07:17.2284608Z  Container verity-ci-prometheus-1  Removing
repository	Stop isolated runtime	2026-09-30T01:07:17.2413948Z  Container verity-ci-prometheus-1  Removed
repository	Stop isolated runtime	2026-09-30T01:07:17.2570545Z  Container verity-ci-frontend-1  Stopped
repository	Stop isolated runtime	2026-09-30T01:07:17.2572532Z  Container verity-ci-frontend-1  Removing
repository	Stop isolated runtime	2026-09-30T01:07:17.2679376Z  Container verity-ci-frontend-1  Removed
repository	Stop isolated runtime	2026-09-30T01:07:17.2682622Z  Container verity-ci-backend-1  Stopping
repository	Stop isolated runtime	2026-09-30T01:07:17.4457680Z  Container verity-ci-jaeger-1  Stopped
repository	Stop isolated runtime	2026-09-30T01:07:17.4461241Z  Container verity-ci-jaeger-1  Removing
repository	Stop isolated runtime	2026-09-30T01:07:17.4529643Z  Container verity-ci-jaeger-1  Removed
repository	Stop isolated runtime	2026-09-30T01:07:19.1069132Z  Container verity-ci-celery-worker-1  Stopped
repository	Stop isolated runtime	2026-09-30T01:07:19.1072505Z  Container verity-ci-celery-worker-1  Removing
repository	Stop isolated runtime	2026-09-30T01:07:19.1221262Z  Container verity-ci-celery-worker-1  Removed
repository	Stop isolated runtime	2026-09-30T01:07:57.4316856Z  Container verity-ci-backend-1  Stopped
repository	Stop isolated runtime	2026-09-30T01:07:57.4317747Z  Container verity-ci-backend-1  Removing
repository	Stop isolated runtime	2026-09-30T01:07:57.4376610Z  Container verity-ci-backend-1  Removed
repository	Stop isolated runtime	2026-09-30T01:07:57.4377428Z  Container verity-ci-mailpit-1  Stopping
repository	Stop isolated runtime	2026-09-30T01:07:57.4378022Z  Container verity-ci-migrate-1  Stopping
repository	Stop isolated runtime	2026-09-30T01:07:57.4382204Z  Container verity-ci-minio-init-1  Stopping
repository	Stop isolated runtime	2026-09-30T01:07:57.4384830Z  Container verity-ci-celery-beat-1  Stopping
repository	Stop isolated runtime	2026-09-30T01:07:57.4394981Z  Container verity-ci-migrate-1  Stopped
repository	Stop isolated runtime	2026-09-30T01:07:57.4396012Z  Container verity-ci-migrate-1  Removing
repository	Stop isolated runtime	2026-09-30T01:07:57.4396788Z  Container verity-ci-minio-init-1  Stopped
repository	Stop isolated runtime	2026-09-30T01:07:57.4397537Z  Container verity-ci-minio-init-1  Removing
repository	Stop isolated runtime	2026-09-30T01:07:57.4473372Z  Container verity-ci-migrate-1  Removed
repository	Stop isolated runtime	2026-09-30T01:07:57.4474373Z  Container verity-ci-minio-init-1  Removed
repository	Stop isolated runtime	2026-09-30T01:07:57.4475182Z  Container verity-ci-postgres-1  Stopping
repository	Stop isolated runtime	2026-09-30T01:07:57.4475980Z  Container verity-ci-minio-1  Stopping
repository	Stop isolated runtime	2026-09-30T01:07:57.5892002Z  Container verity-ci-postgres-1  Stopped
repository	Stop isolated runtime	2026-09-30T01:07:57.5894024Z  Container verity-ci-postgres-1  Removing
repository	Stop isolated runtime	2026-09-30T01:07:57.5955073Z  Container verity-ci-postgres-1  Removed
repository	Stop isolated runtime	2026-09-30T01:07:57.6119516Z  Container verity-ci-minio-1  Stopped
repository	Stop isolated runtime	2026-09-30T01:07:57.6120579Z  Container verity-ci-minio-1  Removing
repository	Stop isolated runtime	2026-09-30T01:07:57.6198552Z  Container verity-ci-minio-1  Removed
repository	Stop isolated runtime	2026-09-30T01:07:57.8424679Z  Container verity-ci-mailpit-1  Stopped
repository	Stop isolated runtime	2026-09-30T01:07:57.8452664Z  Container verity-ci-mailpit-1  Removing
repository	Stop isolated runtime	2026-09-30T01:07:57.8529276Z  Container verity-ci-mailpit-1  Removed
repository	Stop isolated runtime	2026-09-30T01:07:58.1281974Z  Container verity-ci-celery-beat-1  Stopped
repository	Stop isolated runtime	2026-09-30T01:07:58.1286563Z  Container verity-ci-celery-beat-1  Removing
repository	Stop isolated runtime	2026-09-30T01:07:58.1342048Z  Container verity-ci-celery-beat-1  Removed
repository	Stop isolated runtime	2026-09-30T01:07:58.1342734Z  Container verity-ci-redis-1  Stopping
repository	Stop isolated runtime	2026-09-30T01:07:58.2942993Z  Container verity-ci-redis-1  Stopped
repository	Stop isolated runtime	2026-09-30T01:07:58.2943755Z  Container verity-ci-redis-1  Removing
repository	Stop isolated runtime	2026-09-30T01:07:58.3016303Z  Container verity-ci-redis-1  Removed
repository	Stop isolated runtime	2026-09-30T01:07:58.3027322Z  Volume verity-ci_jaeger_data  Removing
repository	Stop isolated runtime	2026-09-30T01:07:58.3030708Z  Volume verity-ci_postgres_data  Removing
repository	Stop isolated runtime	2026-09-30T01:07:58.3032086Z  Volume verity-ci_prometheus_data  Removing
repository	Stop isolated runtime	2026-09-30T01:07:58.3033753Z  Volume verity-ci_redis_data  Removing
repository	Stop isolated runtime	2026-09-30T01:07:58.3034980Z  Network verity-ci_azaeron-network  Removing
repository	Stop isolated runtime	2026-09-30T01:07:58.3038585Z  Volume verity-ci_minio_data  Removing
repository	Stop isolated runtime	2026-09-30T01:07:58.3053368Z  Volume verity-ci_prometheus_data  Removed
repository	Stop isolated runtime	2026-09-30T01:07:58.3810742Z  Network verity-ci_azaeron-network  Removed
repository	Stop isolated runtime	2026-09-30T01:07:58.4638098Z  Volume verity-ci_postgres_data  Removed
repository	Stop isolated runtime	2026-09-30T01:07:58.4651272Z  Volume verity-ci_jaeger_data  Removed
repository	Stop isolated runtime	2026-09-30T01:07:58.4742224Z  Volume verity-ci_minio_data  Removed
repository	Stop isolated runtime	2026-09-30T01:07:58.4757675Z  Volume verity-ci_redis_data  Removed
repository	Post Run actions/checkout@d23441a48e516b6c34aea4fa41551a30e30af803	﻿2026-09-30T01:07:58.4909484Z Post job cleanup.
repository	Post Run actions/checkout@d23441a48e516b6c34aea4fa41551a30e30af803	2026-09-30T01:07:58.5834059Z [command]/usr/bin/git version
repository	Post Run actions/checkout@d23441a48e516b6c34aea4fa41551a30e30af803	2026-09-30T01:07:58.5878986Z git version 2.55.0
repository	Post Run actions/checkout@d23441a48e516b6c34aea4fa41551a30e30af803	2026-09-30T01:07:58.5922562Z Temporarily overriding HOME='/home/runner/work/_temp/2e3ab9fe-3f88-4a89-9b81-1dc69b673a02' before making global git config changes
repository	Post Run actions/checkout@d23441a48e516b6c34aea4fa41551a30e30af803	2026-09-30T01:07:58.5924194Z Adding repository directory to the temporary git global config as a safe directory
repository	Post Run actions/checkout@d23441a48e516b6c34aea4fa41551a30e30af803	2026-09-30T01:07:58.5929424Z [command]/usr/bin/git config --global --add safe.directory /home/runner/work/Azaeron-Verity/Azaeron-Verity
repository	Post Run actions/checkout@d23441a48e516b6c34aea4fa41551a30e30af803	2026-09-30T01:07:58.5964454Z Removing SSH command configuration
repository	Post Run actions/checkout@d23441a48e516b6c34aea4fa41551a30e30af803	2026-09-30T01:07:58.5971664Z [command]/usr/bin/git config --local --name-only --get-regexp core\.sshCommand
repository	Post Run actions/checkout@d23441a48e516b6c34aea4fa41551a30e30af803	2026-09-30T01:07:58.6009333Z [command]/usr/bin/git submodule foreach --recursive sh -c "git config --local --name-only --get-regexp 'core\.sshCommand' && git config --local --unset-all 'core.sshCommand' || :"
repository	Post Run actions/checkout@d23441a48e516b6c34aea4fa41551a30e30af803	2026-09-30T01:07:58.6290517Z Removing HTTP extra header
repository	Post Run actions/checkout@d23441a48e516b6c34aea4fa41551a30e30af803	2026-09-30T01:07:58.6297463Z [command]/usr/bin/git config --local --name-only --get-regexp http\.https\:\/\/github\.com\/\.extraheader
repository	Post Run actions/checkout@d23441a48e516b6c34aea4fa41551a30e30af803	2026-09-30T01:07:58.6337027Z [command]/usr/bin/git submodule foreach --recursive sh -c "git config --local --name-only --get-regexp 'http\.https\:\/\/github\.com\/\.extraheader' && git config --local --unset-all 'http.https://github.com/.extraheader' || :"
repository	Post Run actions/checkout@d23441a48e516b6c34aea4fa41551a30e30af803	2026-09-30T01:07:58.6610658Z Removing includeIf entries pointing to credentials config files
repository	Post Run actions/checkout@d23441a48e516b6c34aea4fa41551a30e30af803	2026-09-30T01:07:58.6620372Z [command]/usr/bin/git config --local --name-only --get-regexp ^includeIf\.gitdir:
repository	Post Run actions/checkout@d23441a48e516b6c34aea4fa41551a30e30af803	2026-09-30T01:07:58.6652707Z includeif.gitdir:/home/runner/work/Azaeron-Verity/Azaeron-Verity/.git.path
repository	Post Run actions/checkout@d23441a48e516b6c34aea4fa41551a30e30af803	2026-09-30T01:07:58.6660934Z includeif.gitdir:/home/runner/work/Azaeron-Verity/Azaeron-Verity/.git/worktrees/*.path
repository	Post Run actions/checkout@d23441a48e516b6c34aea4fa41551a30e30af803	2026-09-30T01:07:58.6662267Z includeif.gitdir:/github/workspace/.git.path
repository	Post Run actions/checkout@d23441a48e516b6c34aea4fa41551a30e30af803	2026-09-30T01:07:58.6663200Z includeif.gitdir:/github/workspace/.git/worktrees/*.path
repository	Post Run actions/checkout@d23441a48e516b6c34aea4fa41551a30e30af803	2026-09-30T01:07:58.6665104Z [command]/usr/bin/git config --local --get-all includeif.gitdir:/home/runner/work/Azaeron-Verity/Azaeron-Verity/.git.path
repository	Post Run actions/checkout@d23441a48e516b6c34aea4fa41551a30e30af803	2026-09-30T01:07:58.6691094Z /home/runner/work/_temp/git-credentials-31a00e21-5423-4365-8898-55021387a45c.config
repository	Post Run actions/checkout@d23441a48e516b6c34aea4fa41551a30e30af803	2026-09-30T01:07:58.6706732Z [command]/usr/bin/git config --local --unset includeif.gitdir:/home/runner/work/Azaeron-Verity/Azaeron-Verity/.git.path /home/runner/work/_temp/git-credentials-31a00e21-5423-4365-8898-55021387a45c.config
repository	Post Run actions/checkout@d23441a48e516b6c34aea4fa41551a30e30af803	2026-09-30T01:07:58.6751154Z [command]/usr/bin/git config --local --get-all includeif.gitdir:/home/runner/work/Azaeron-Verity/Azaeron-Verity/.git/worktrees/*.path
repository	Post Run actions/checkout@d23441a48e516b6c34aea4fa41551a30e30af803	2026-09-30T01:07:58.6781970Z /home/runner/work/_temp/git-credentials-31a00e21-5423-4365-8898-55021387a45c.config
repository	Post Run actions/checkout@d23441a48e516b6c34aea4fa41551a30e30af803	2026-09-30T01:07:58.6793086Z [command]/usr/bin/git config --local --unset includeif.gitdir:/home/runner/work/Azaeron-Verity/Azaeron-Verity/.git/worktrees/*.path /home/runner/work/_temp/git-credentials-31a00e21-5423-4365-8898-55021387a45c.config
repository	Post Run actions/checkout@d23441a48e516b6c34aea4fa41551a30e30af803	2026-09-30T01:07:58.6839221Z [command]/usr/bin/git config --local --get-all includeif.gitdir:/github/workspace/.git.path
repository	Post Run actions/checkout@d23441a48e516b6c34aea4fa41551a30e30af803	2026-09-30T01:07:58.6885092Z /github/runner_temp/git-credentials-31a00e21-5423-4365-8898-55021387a45c.config
repository	Post Run actions/checkout@d23441a48e516b6c34aea4fa41551a30e30af803	2026-09-30T01:07:58.6891855Z [command]/usr/bin/git config --local --unset includeif.gitdir:/github/workspace/.git.path /github/runner_temp/git-credentials-31a00e21-5423-4365-8898-55021387a45c.config
repository	Post Run actions/checkout@d23441a48e516b6c34aea4fa41551a30e30af803	2026-09-30T01:07:58.6933545Z [command]/usr/bin/git config --local --get-all includeif.gitdir:/github/workspace/.git/worktrees/*.path
repository	Post Run actions/checkout@d23441a48e516b6c34aea4fa41551a30e30af803	2026-09-30T01:07:58.6963383Z /github/runner_temp/git-credentials-31a00e21-5423-4365-8898-55021387a45c.config
repository	Post Run actions/checkout@d23441a48e516b6c34aea4fa41551a30e30af803	2026-09-30T01:07:58.6974888Z [command]/usr/bin/git config --local --unset includeif.gitdir:/github/workspace/.git/worktrees/*.path /github/runner_temp/git-credentials-31a00e21-5423-4365-8898-55021387a45c.config
repository	Post Run actions/checkout@d23441a48e516b6c34aea4fa41551a30e30af803	2026-09-30T01:07:58.7014362Z [command]/usr/bin/git submodule foreach --recursive git config --local --show-origin --name-only --get-regexp remote.origin.url
repository	Post Run actions/checkout@d23441a48e516b6c34aea4fa41551a30e30af803	2026-09-30T01:07:58.7270714Z Removing credentials config '/home/runner/work/_temp/git-credentials-31a00e21-5423-4365-8898-55021387a45c.config'
repository	Complete job	﻿2026-09-30T01:07:58.7418319Z Cleaning up orphan processes
