repository	Set up job	﻿2026-09-30T00:24:47.4775469Z Current runner version: '2.337.0'
repository	Set up job	2026-09-30T00:24:47.4801260Z ##[group]Runner Image Provisioner
repository	Set up job	2026-09-30T00:24:47.4802134Z Hosted Compute Agent
repository	Set up job	2026-09-30T00:24:47.4802869Z Version: 20260828.587
repository	Set up job	2026-09-30T00:24:47.4803506Z Commit: abac92662cab4cc7352de4f9f9d2e2419aad9c29
repository	Set up job	2026-09-30T00:24:47.4804352Z Build Date: 2026-08-28T16:44:25Z
repository	Set up job	2026-09-30T00:24:47.4805051Z Worker ID: {1987b8ed-171f-4aec-be6a-ac1945a0818d}
repository	Set up job	2026-09-30T00:24:47.4805756Z Azure Region: westus
repository	Set up job	2026-09-30T00:24:47.4806714Z ##[endgroup]
repository	Set up job	2026-09-30T00:24:47.4808870Z ##[group]Operating System
repository	Set up job	2026-09-30T00:24:47.4809621Z Ubuntu
repository	Set up job	2026-09-30T00:24:47.4810181Z 24.04.5
repository	Set up job	2026-09-30T00:24:47.4810698Z LTS
repository	Set up job	2026-09-30T00:24:47.4811329Z ##[endgroup]
repository	Set up job	2026-09-30T00:24:47.4811893Z ##[group]Runner Image
repository	Set up job	2026-09-30T00:24:47.4812468Z Image: ubuntu-24.04
repository	Set up job	2026-09-30T00:24:47.4813100Z Version: 20260920.314.1
repository	Set up job	2026-09-30T00:24:47.4814163Z Included Software: https://github.com/actions/runner-images/blob/ubuntu24/20260920.314/images/ubuntu/Ubuntu2404-Readme.md
repository	Set up job	2026-09-30T00:24:47.4816002Z Image Release: https://github.com/actions/runner-images/releases/tag/ubuntu24%2F20260920.314
repository	Set up job	2026-09-30T00:24:47.4817250Z ##[endgroup]
repository	Set up job	2026-09-30T00:24:47.4818486Z ##[group]GITHUB_TOKEN Permissions
repository	Set up job	2026-09-30T00:24:47.4820937Z Contents: read
repository	Set up job	2026-09-30T00:24:47.4821701Z Metadata: read
repository	Set up job	2026-09-30T00:24:47.4822255Z ##[endgroup]
repository	Set up job	2026-09-30T00:24:47.4824374Z Secret source: Actions
repository	Set up job	2026-09-30T00:24:47.4825338Z Cache mode: write
repository	Set up job	2026-09-30T00:24:47.4826132Z Prepare workflow directory
repository	Set up job	2026-09-30T00:24:47.5165370Z Prepare all required actions
repository	Set up job	2026-09-30T00:24:47.5215697Z Getting action download info
repository	Set up job	2026-09-30T00:24:47.9116005Z Download action repository 'actions/checkout@d23441a48e516b6c34aea4fa41551a30e30af803' (SHA:d23441a48e516b6c34aea4fa41551a30e30af803)
repository	Set up job	2026-09-30T00:24:48.0107652Z Download action repository 'actions/setup-node@249970729cb0ef3589644e2896645e5dc5ba9c38' (SHA:249970729cb0ef3589644e2896645e5dc5ba9c38)
repository	Set up job	2026-09-30T00:24:48.0914079Z Download action repository 'actions/setup-python@ece7cb06caefa5fff74198d8649806c4678c61a1' (SHA:ece7cb06caefa5fff74198d8649806c4678c61a1)
repository	Set up job	2026-09-30T00:24:48.1639664Z Download action repository 'actions/upload-artifact@b7c566a772e6b6bfb58ed0dc250532a479d7789f' (SHA:b7c566a772e6b6bfb58ed0dc250532a479d7789f)
repository	Set up job	2026-09-30T00:24:48.3844198Z Complete job name: repository
repository	Run actions/checkout@d23441a48e516b6c34aea4fa41551a30e30af803	﻿2026-09-30T00:24:48.4674958Z ##[group]Run actions/checkout@d23441a48e516b6c34aea4fa41551a30e30af803
repository	Run actions/checkout@d23441a48e516b6c34aea4fa41551a30e30af803	2026-09-30T00:24:48.4676035Z with:
repository	Run actions/checkout@d23441a48e516b6c34aea4fa41551a30e30af803	2026-09-30T00:24:48.4676711Z   repository: arajmir7/Azaeron-Verity
repository	Run actions/checkout@d23441a48e516b6c34aea4fa41551a30e30af803	2026-09-30T00:24:48.4680423Z   token: ***
repository	Run actions/checkout@d23441a48e516b6c34aea4fa41551a30e30af803	2026-09-30T00:24:48.4680860Z   ssh-strict: true
repository	Run actions/checkout@d23441a48e516b6c34aea4fa41551a30e30af803	2026-09-30T00:24:48.4681297Z   ssh-user: git
repository	Run actions/checkout@d23441a48e516b6c34aea4fa41551a30e30af803	2026-09-30T00:24:48.4681739Z   persist-credentials: true
repository	Run actions/checkout@d23441a48e516b6c34aea4fa41551a30e30af803	2026-09-30T00:24:48.4682212Z   clean: true
repository	Run actions/checkout@d23441a48e516b6c34aea4fa41551a30e30af803	2026-09-30T00:24:48.4682654Z   sparse-checkout-cone-mode: true
repository	Run actions/checkout@d23441a48e516b6c34aea4fa41551a30e30af803	2026-09-30T00:24:48.4683166Z   fetch-depth: 1
repository	Run actions/checkout@d23441a48e516b6c34aea4fa41551a30e30af803	2026-09-30T00:24:48.4683583Z   fetch-tags: false
repository	Run actions/checkout@d23441a48e516b6c34aea4fa41551a30e30af803	2026-09-30T00:24:48.4684012Z   show-progress: true
repository	Run actions/checkout@d23441a48e516b6c34aea4fa41551a30e30af803	2026-09-30T00:24:48.4684448Z   lfs: false
repository	Run actions/checkout@d23441a48e516b6c34aea4fa41551a30e30af803	2026-09-30T00:24:48.4684889Z   submodules: false
repository	Run actions/checkout@d23441a48e516b6c34aea4fa41551a30e30af803	2026-09-30T00:24:48.4685326Z   set-safe-directory: true
repository	Run actions/checkout@d23441a48e516b6c34aea4fa41551a30e30af803	2026-09-30T00:24:48.4685826Z   allow-unsafe-pr-checkout: false
repository	Run actions/checkout@d23441a48e516b6c34aea4fa41551a30e30af803	2026-09-30T00:24:48.4686938Z ##[endgroup]
repository	Run actions/checkout@d23441a48e516b6c34aea4fa41551a30e30af803	2026-09-30T00:24:48.5869913Z Syncing repository: arajmir7/Azaeron-Verity
repository	Run actions/checkout@d23441a48e516b6c34aea4fa41551a30e30af803	2026-09-30T00:24:48.5872446Z ##[group]Getting Git version info
repository	Run actions/checkout@d23441a48e516b6c34aea4fa41551a30e30af803	2026-09-30T00:24:48.5873768Z Working directory is '/home/runner/work/Azaeron-Verity/Azaeron-Verity'
repository	Run actions/checkout@d23441a48e516b6c34aea4fa41551a30e30af803	2026-09-30T00:24:48.5875483Z [command]/usr/bin/git version
repository	Run actions/checkout@d23441a48e516b6c34aea4fa41551a30e30af803	2026-09-30T00:24:48.5934409Z git version 2.55.0
repository	Run actions/checkout@d23441a48e516b6c34aea4fa41551a30e30af803	2026-09-30T00:24:48.5962991Z ##[endgroup]
repository	Run actions/checkout@d23441a48e516b6c34aea4fa41551a30e30af803	2026-09-30T00:24:48.5979346Z Temporarily overriding HOME='/home/runner/work/_temp/274152b8-88d1-4b18-b4bd-1f60d13887f3' before making global git config changes
repository	Run actions/checkout@d23441a48e516b6c34aea4fa41551a30e30af803	2026-09-30T00:24:48.5987798Z Adding repository directory to the temporary git global config as a safe directory
repository	Run actions/checkout@d23441a48e516b6c34aea4fa41551a30e30af803	2026-09-30T00:24:48.5990622Z [command]/usr/bin/git config --global --add safe.directory /home/runner/work/Azaeron-Verity/Azaeron-Verity
repository	Run actions/checkout@d23441a48e516b6c34aea4fa41551a30e30af803	2026-09-30T00:24:48.6061116Z Deleting the contents of '/home/runner/work/Azaeron-Verity/Azaeron-Verity'
repository	Run actions/checkout@d23441a48e516b6c34aea4fa41551a30e30af803	2026-09-30T00:24:48.6067566Z ##[group]Determining repository object format
repository	Run actions/checkout@d23441a48e516b6c34aea4fa41551a30e30af803	2026-09-30T00:24:48.6070771Z ##[endgroup]
repository	Run actions/checkout@d23441a48e516b6c34aea4fa41551a30e30af803	2026-09-30T00:24:48.6071603Z ##[group]Initializing the repository
repository	Run actions/checkout@d23441a48e516b6c34aea4fa41551a30e30af803	2026-09-30T00:24:48.6076256Z [command]/usr/bin/git init /home/runner/work/Azaeron-Verity/Azaeron-Verity
repository	Run actions/checkout@d23441a48e516b6c34aea4fa41551a30e30af803	2026-09-30T00:24:48.6193767Z hint: Using 'master' as the name for the initial branch. This default branch name
repository	Run actions/checkout@d23441a48e516b6c34aea4fa41551a30e30af803	2026-09-30T00:24:48.6195803Z hint: will change to "main" in Git 3.0. To configure the initial branch name
repository	Run actions/checkout@d23441a48e516b6c34aea4fa41551a30e30af803	2026-09-30T00:24:48.6199928Z hint: to use in all of your new repositories, which will suppress this warning,
repository	Run actions/checkout@d23441a48e516b6c34aea4fa41551a30e30af803	2026-09-30T00:24:48.6200753Z hint: call:
repository	Run actions/checkout@d23441a48e516b6c34aea4fa41551a30e30af803	2026-09-30T00:24:48.6201165Z hint:
repository	Run actions/checkout@d23441a48e516b6c34aea4fa41551a30e30af803	2026-09-30T00:24:48.6201686Z hint: 	git config --global init.defaultBranch <name>
repository	Run actions/checkout@d23441a48e516b6c34aea4fa41551a30e30af803	2026-09-30T00:24:48.6202290Z hint:
repository	Run actions/checkout@d23441a48e516b6c34aea4fa41551a30e30af803	2026-09-30T00:24:48.6202866Z hint: Names commonly chosen instead of 'master' are 'main', 'trunk' and
repository	Run actions/checkout@d23441a48e516b6c34aea4fa41551a30e30af803	2026-09-30T00:24:48.6204119Z hint: 'development'. The just-created branch can be renamed via this command:
repository	Run actions/checkout@d23441a48e516b6c34aea4fa41551a30e30af803	2026-09-30T00:24:48.6205004Z hint:
repository	Run actions/checkout@d23441a48e516b6c34aea4fa41551a30e30af803	2026-09-30T00:24:48.6205426Z hint: 	git branch -m <name>
repository	Run actions/checkout@d23441a48e516b6c34aea4fa41551a30e30af803	2026-09-30T00:24:48.6205900Z hint:
repository	Run actions/checkout@d23441a48e516b6c34aea4fa41551a30e30af803	2026-09-30T00:24:48.6206806Z hint: Disable this message with "git config set advice.defaultBranchName false"
repository	Run actions/checkout@d23441a48e516b6c34aea4fa41551a30e30af803	2026-09-30T00:24:48.6208545Z Initialized empty Git repository in /home/runner/work/Azaeron-Verity/Azaeron-Verity/.git/
repository	Run actions/checkout@d23441a48e516b6c34aea4fa41551a30e30af803	2026-09-30T00:24:48.6211896Z [command]/usr/bin/git remote add origin https://github.com/arajmir7/Azaeron-Verity
repository	Run actions/checkout@d23441a48e516b6c34aea4fa41551a30e30af803	2026-09-30T00:24:48.6260919Z ##[endgroup]
repository	Run actions/checkout@d23441a48e516b6c34aea4fa41551a30e30af803	2026-09-30T00:24:48.6262238Z ##[group]Disabling automatic garbage collection
repository	Run actions/checkout@d23441a48e516b6c34aea4fa41551a30e30af803	2026-09-30T00:24:48.6264630Z [command]/usr/bin/git config --local gc.auto 0
repository	Run actions/checkout@d23441a48e516b6c34aea4fa41551a30e30af803	2026-09-30T00:24:48.6392269Z ##[endgroup]
repository	Run actions/checkout@d23441a48e516b6c34aea4fa41551a30e30af803	2026-09-30T00:24:48.6393749Z ##[group]Setting up auth
repository	Run actions/checkout@d23441a48e516b6c34aea4fa41551a30e30af803	2026-09-30T00:24:48.6395972Z Removing SSH command configuration
repository	Run actions/checkout@d23441a48e516b6c34aea4fa41551a30e30af803	2026-09-30T00:24:48.6398540Z [command]/usr/bin/git config --local --name-only --get-regexp core\.sshCommand
repository	Run actions/checkout@d23441a48e516b6c34aea4fa41551a30e30af803	2026-09-30T00:24:48.6403069Z [command]/usr/bin/git submodule foreach --recursive sh -c "git config --local --name-only --get-regexp 'core\.sshCommand' && git config --local --unset-all 'core.sshCommand' || :"
repository	Run actions/checkout@d23441a48e516b6c34aea4fa41551a30e30af803	2026-09-30T00:24:48.6729488Z Removing HTTP extra header
repository	Run actions/checkout@d23441a48e516b6c34aea4fa41551a30e30af803	2026-09-30T00:24:48.6735873Z [command]/usr/bin/git config --local --name-only --get-regexp http\.https\:\/\/github\.com\/\.extraheader
repository	Run actions/checkout@d23441a48e516b6c34aea4fa41551a30e30af803	2026-09-30T00:24:48.6779982Z [command]/usr/bin/git submodule foreach --recursive sh -c "git config --local --name-only --get-regexp 'http\.https\:\/\/github\.com\/\.extraheader' && git config --local --unset-all 'http.https://github.com/.extraheader' || :"
repository	Run actions/checkout@d23441a48e516b6c34aea4fa41551a30e30af803	2026-09-30T00:24:48.7006989Z Removing includeIf entries pointing to credentials config files
repository	Run actions/checkout@d23441a48e516b6c34aea4fa41551a30e30af803	2026-09-30T00:24:48.7014511Z [command]/usr/bin/git config --local --name-only --get-regexp ^includeIf\.gitdir:
repository	Run actions/checkout@d23441a48e516b6c34aea4fa41551a30e30af803	2026-09-30T00:24:48.7053816Z [command]/usr/bin/git submodule foreach --recursive git config --local --show-origin --name-only --get-regexp remote.origin.url
repository	Run actions/checkout@d23441a48e516b6c34aea4fa41551a30e30af803	2026-09-30T00:24:48.7282981Z [command]/usr/bin/git config --file /home/runner/work/_temp/git-credentials-dfff9ad7-b265-42bc-a051-183af9baf7d6.config http.https://github.com/.extraheader AUTHORIZATION: basic ***
repository	Run actions/checkout@d23441a48e516b6c34aea4fa41551a30e30af803	2026-09-30T00:24:48.7325325Z [command]/usr/bin/git config --local includeIf.gitdir:/home/runner/work/Azaeron-Verity/Azaeron-Verity/.git.path /home/runner/work/_temp/git-credentials-dfff9ad7-b265-42bc-a051-183af9baf7d6.config
repository	Run actions/checkout@d23441a48e516b6c34aea4fa41551a30e30af803	2026-09-30T00:24:48.7364980Z [command]/usr/bin/git config --local includeIf.gitdir:/home/runner/work/Azaeron-Verity/Azaeron-Verity/.git/worktrees/*.path /home/runner/work/_temp/git-credentials-dfff9ad7-b265-42bc-a051-183af9baf7d6.config
repository	Run actions/checkout@d23441a48e516b6c34aea4fa41551a30e30af803	2026-09-30T00:24:48.7404350Z [command]/usr/bin/git config --local includeIf.gitdir:/github/workspace/.git.path /github/runner_temp/git-credentials-dfff9ad7-b265-42bc-a051-183af9baf7d6.config
repository	Run actions/checkout@d23441a48e516b6c34aea4fa41551a30e30af803	2026-09-30T00:24:48.7441318Z [command]/usr/bin/git config --local includeIf.gitdir:/github/workspace/.git/worktrees/*.path /github/runner_temp/git-credentials-dfff9ad7-b265-42bc-a051-183af9baf7d6.config
repository	Run actions/checkout@d23441a48e516b6c34aea4fa41551a30e30af803	2026-09-30T00:24:48.7498638Z ##[endgroup]
repository	Run actions/checkout@d23441a48e516b6c34aea4fa41551a30e30af803	2026-09-30T00:24:48.7499994Z ##[group]Fetching the repository
repository	Run actions/checkout@d23441a48e516b6c34aea4fa41551a30e30af803	2026-09-30T00:24:48.7508655Z [command]/usr/bin/git -c protocol.version=2 fetch --no-tags --prune --no-recurse-submodules --depth=1 origin +e989e1753f54f1903a466404f54ac9602184f68d:refs/remotes/origin/codex/private-agent-core-20260929
repository	Run actions/checkout@d23441a48e516b6c34aea4fa41551a30e30af803	2026-09-30T00:24:52.2799774Z From https://github.com/arajmir7/Azaeron-Verity
repository	Run actions/checkout@d23441a48e516b6c34aea4fa41551a30e30af803	2026-09-30T00:24:52.2802187Z  * [new ref]         e989e1753f54f1903a466404f54ac9602184f68d -> origin/codex/private-agent-core-20260929
repository	Run actions/checkout@d23441a48e516b6c34aea4fa41551a30e30af803	2026-09-30T00:24:52.2812859Z [command]/usr/bin/git branch --list --remote origin/codex/private-agent-core-20260929
repository	Run actions/checkout@d23441a48e516b6c34aea4fa41551a30e30af803	2026-09-30T00:24:52.2843803Z   origin/codex/private-agent-core-20260929
repository	Run actions/checkout@d23441a48e516b6c34aea4fa41551a30e30af803	2026-09-30T00:24:52.2856319Z [command]/usr/bin/git rev-parse refs/remotes/origin/codex/private-agent-core-20260929
repository	Run actions/checkout@d23441a48e516b6c34aea4fa41551a30e30af803	2026-09-30T00:24:52.2884020Z e989e1753f54f1903a466404f54ac9602184f68d
repository	Run actions/checkout@d23441a48e516b6c34aea4fa41551a30e30af803	2026-09-30T00:24:52.2897153Z ##[endgroup]
repository	Run actions/checkout@d23441a48e516b6c34aea4fa41551a30e30af803	2026-09-30T00:24:52.2898510Z ##[group]Determining the checkout info
repository	Run actions/checkout@d23441a48e516b6c34aea4fa41551a30e30af803	2026-09-30T00:24:52.2900069Z ##[endgroup]
repository	Run actions/checkout@d23441a48e516b6c34aea4fa41551a30e30af803	2026-09-30T00:24:52.2902863Z [command]/usr/bin/git sparse-checkout disable
repository	Run actions/checkout@d23441a48e516b6c34aea4fa41551a30e30af803	2026-09-30T00:24:52.2954648Z [command]/usr/bin/git config --local --unset-all extensions.worktreeConfig
repository	Run actions/checkout@d23441a48e516b6c34aea4fa41551a30e30af803	2026-09-30T00:24:52.2988211Z ##[group]Checking out the ref
repository	Run actions/checkout@d23441a48e516b6c34aea4fa41551a30e30af803	2026-09-30T00:24:52.2993173Z [command]/usr/bin/git checkout --progress --force -B codex/private-agent-core-20260929 refs/remotes/origin/codex/private-agent-core-20260929
repository	Run actions/checkout@d23441a48e516b6c34aea4fa41551a30e30af803	2026-09-30T00:24:52.5498695Z Switched to a new branch 'codex/private-agent-core-20260929'
repository	Run actions/checkout@d23441a48e516b6c34aea4fa41551a30e30af803	2026-09-30T00:24:52.5502500Z branch 'codex/private-agent-core-20260929' set up to track 'origin/codex/private-agent-core-20260929'.
repository	Run actions/checkout@d23441a48e516b6c34aea4fa41551a30e30af803	2026-09-30T00:24:52.5543568Z ##[endgroup]
repository	Run actions/checkout@d23441a48e516b6c34aea4fa41551a30e30af803	2026-09-30T00:24:52.5592438Z [command]/usr/bin/git log -1 --format=%H
repository	Run actions/checkout@d23441a48e516b6c34aea4fa41551a30e30af803	2026-09-30T00:24:52.5620486Z e989e1753f54f1903a466404f54ac9602184f68d
repository	Run actions/setup-node@249970729cb0ef3589644e2896645e5dc5ba9c38	﻿2026-09-30T00:24:52.6001701Z ##[group]Run actions/setup-node@249970729cb0ef3589644e2896645e5dc5ba9c38
repository	Run actions/setup-node@249970729cb0ef3589644e2896645e5dc5ba9c38	2026-09-30T00:24:52.6003506Z with:
repository	Run actions/setup-node@249970729cb0ef3589644e2896645e5dc5ba9c38	2026-09-30T00:24:52.6004503Z   node-version-file: .nvmrc
repository	Run actions/setup-node@249970729cb0ef3589644e2896645e5dc5ba9c38	2026-09-30T00:24:52.6005654Z   cache: npm
repository	Run actions/setup-node@249970729cb0ef3589644e2896645e5dc5ba9c38	2026-09-30T00:24:52.6007027Z   cache-dependency-path: frontend/package-lock.json
repository	Run actions/setup-node@249970729cb0ef3589644e2896645e5dc5ba9c38	2026-09-30T00:24:52.6008553Z   check-latest: false
repository	Run actions/setup-node@249970729cb0ef3589644e2896645e5dc5ba9c38	2026-09-30T00:24:52.6018693Z   token: ***
repository	Run actions/setup-node@249970729cb0ef3589644e2896645e5dc5ba9c38	2026-09-30T00:24:52.6019763Z   package-manager-cache: true
repository	Run actions/setup-node@249970729cb0ef3589644e2896645e5dc5ba9c38	2026-09-30T00:24:52.6020978Z ##[endgroup]
repository	Run actions/setup-node@249970729cb0ef3589644e2896645e5dc5ba9c38	2026-09-30T00:24:52.7392953Z Node version file is not JSON file
repository	Run actions/setup-node@249970729cb0ef3589644e2896645e5dc5ba9c38	2026-09-30T00:24:52.7395003Z Resolved .nvmrc as 22.23.2
repository	Run actions/setup-node@249970729cb0ef3589644e2896645e5dc5ba9c38	2026-09-30T00:24:52.7425342Z Found in cache @ /opt/hostedtoolcache/node/22.23.2/x64
repository	Run actions/setup-node@249970729cb0ef3589644e2896645e5dc5ba9c38	2026-09-30T00:24:52.7428667Z ##[group]Environment details
repository	Run actions/setup-node@249970729cb0ef3589644e2896645e5dc5ba9c38	2026-09-30T00:24:53.1158161Z node: v22.23.2
repository	Run actions/setup-node@249970729cb0ef3589644e2896645e5dc5ba9c38	2026-09-30T00:24:53.1159140Z npm: 10.9.8
repository	Run actions/setup-node@249970729cb0ef3589644e2896645e5dc5ba9c38	2026-09-30T00:24:53.1159514Z yarn: 1.22.22
repository	Run actions/setup-node@249970729cb0ef3589644e2896645e5dc5ba9c38	2026-09-30T00:24:53.1160286Z ##[endgroup]
repository	Run actions/setup-node@249970729cb0ef3589644e2896645e5dc5ba9c38	2026-09-30T00:24:53.1180526Z [command]/opt/hostedtoolcache/node/22.23.2/x64/bin/npm config get cache
repository	Run actions/setup-node@249970729cb0ef3589644e2896645e5dc5ba9c38	2026-09-30T00:24:53.2328425Z /home/runner/.npm
repository	Run actions/setup-node@249970729cb0ef3589644e2896645e5dc5ba9c38	2026-09-30T00:24:53.4924129Z npm cache is not found
repository	Run actions/setup-python@ece7cb06caefa5fff74198d8649806c4678c61a1	﻿2026-09-30T00:24:53.5089263Z ##[group]Run actions/setup-python@ece7cb06caefa5fff74198d8649806c4678c61a1
repository	Run actions/setup-python@ece7cb06caefa5fff74198d8649806c4678c61a1	2026-09-30T00:24:53.5089755Z with:
repository	Run actions/setup-python@ece7cb06caefa5fff74198d8649806c4678c61a1	2026-09-30T00:24:53.5089969Z   python-version: 3.12
repository	Run actions/setup-python@ece7cb06caefa5fff74198d8649806c4678c61a1	2026-09-30T00:24:53.5090209Z   check-latest: false
repository	Run actions/setup-python@ece7cb06caefa5fff74198d8649806c4678c61a1	2026-09-30T00:24:53.5092693Z   token: ***
repository	Run actions/setup-python@ece7cb06caefa5fff74198d8649806c4678c61a1	2026-09-30T00:24:53.5092915Z   update-environment: true
repository	Run actions/setup-python@ece7cb06caefa5fff74198d8649806c4678c61a1	2026-09-30T00:24:53.5093183Z   allow-prereleases: false
repository	Run actions/setup-python@ece7cb06caefa5fff74198d8649806c4678c61a1	2026-09-30T00:24:53.5093431Z   freethreaded: false
repository	Run actions/setup-python@ece7cb06caefa5fff74198d8649806c4678c61a1	2026-09-30T00:24:53.5093686Z ##[endgroup]
repository	Run actions/setup-python@ece7cb06caefa5fff74198d8649806c4678c61a1	2026-09-30T00:24:53.6388013Z ##[group]Installed versions
repository	Run actions/setup-python@ece7cb06caefa5fff74198d8649806c4678c61a1	2026-09-30T00:24:53.6491484Z Successfully set up CPython (3.12.14)
repository	Run actions/setup-python@ece7cb06caefa5fff74198d8649806c4678c61a1	2026-09-30T00:24:53.6492426Z ##[endgroup]
repository	Run npm ci --prefix frontend	﻿2026-09-30T00:24:53.6646185Z ##[group]Run npm ci --prefix frontend
repository	Run npm ci --prefix frontend	2026-09-30T00:24:53.6647138Z ^[[36;1mnpm ci --prefix frontend^[[0m
repository	Run npm ci --prefix frontend	2026-09-30T00:24:53.6998991Z shell: /usr/bin/bash -e {0}
repository	Run npm ci --prefix frontend	2026-09-30T00:24:53.6999364Z env:
repository	Run npm ci --prefix frontend	2026-09-30T00:24:53.6999673Z   pythonLocation: /opt/hostedtoolcache/Python/3.12.14/x64
repository	Run npm ci --prefix frontend	2026-09-30T00:24:53.7000172Z   PKG_CONFIG_PATH: /opt/hostedtoolcache/Python/3.12.14/x64/lib/pkgconfig
repository	Run npm ci --prefix frontend	2026-09-30T00:24:53.7000954Z   Python_ROOT_DIR: /opt/hostedtoolcache/Python/3.12.14/x64
repository	Run npm ci --prefix frontend	2026-09-30T00:24:53.7001389Z   Python2_ROOT_DIR: /opt/hostedtoolcache/Python/3.12.14/x64
repository	Run npm ci --prefix frontend	2026-09-30T00:24:53.7001813Z   Python3_ROOT_DIR: /opt/hostedtoolcache/Python/3.12.14/x64
repository	Run npm ci --prefix frontend	2026-09-30T00:24:53.7002237Z   LD_LIBRARY_PATH: /opt/hostedtoolcache/Python/3.12.14/x64/lib
repository	Run npm ci --prefix frontend	2026-09-30T00:24:53.7002593Z ##[endgroup]
repository	Run npm ci --prefix frontend	2026-09-30T00:24:59.4142644Z npm warn deprecated recharts@2.15.4: 1.x and 2.x branches are no longer active. Bump to Recharts v3 to receive latest features and bugfixes. See https://github.com/recharts/recharts/wiki/3.0-migration-guide
repository	Run npm ci --prefix frontend	2026-09-30T00:24:59.7195435Z npm warn deprecated eslint@9.39.5: This version is no longer supported. Please see https://eslint.org/version-support for other options.
repository	Run npm ci --prefix frontend	2026-09-30T00:25:06.8498173Z 
repository	Run npm ci --prefix frontend	2026-09-30T00:25:06.8499645Z added 404 packages, and audited 405 packages in 13s
repository	Run npm ci --prefix frontend	2026-09-30T00:25:06.8500168Z 
repository	Run npm ci --prefix frontend	2026-09-30T00:25:06.8500485Z 150 packages are looking for funding
repository	Run npm ci --prefix frontend	2026-09-30T00:25:06.8501148Z   run `npm fund` for details
repository	Run npm ci --prefix frontend	2026-09-30T00:25:06.8510350Z 
repository	Run npm ci --prefix frontend	2026-09-30T00:25:06.8511132Z found 0 vulnerabilities
repository	Run npx --prefix frontend playwright install --with-deps chromium	﻿2026-09-30T00:25:06.9123514Z ##[group]Run npx --prefix frontend playwright install --with-deps chromium
repository	Run npx --prefix frontend playwright install --with-deps chromium	2026-09-30T00:25:06.9124125Z ^[[36;1mnpx --prefix frontend playwright install --with-deps chromium^[[0m
repository	Run npx --prefix frontend playwright install --with-deps chromium	2026-09-30T00:25:06.9191040Z shell: /usr/bin/bash -e {0}
repository	Run npx --prefix frontend playwright install --with-deps chromium	2026-09-30T00:25:06.9191321Z env:
repository	Run npx --prefix frontend playwright install --with-deps chromium	2026-09-30T00:25:06.9191599Z   pythonLocation: /opt/hostedtoolcache/Python/3.12.14/x64
repository	Run npx --prefix frontend playwright install --with-deps chromium	2026-09-30T00:25:06.9192052Z   PKG_CONFIG_PATH: /opt/hostedtoolcache/Python/3.12.14/x64/lib/pkgconfig
repository	Run npx --prefix frontend playwright install --with-deps chromium	2026-09-30T00:25:06.9192495Z   Python_ROOT_DIR: /opt/hostedtoolcache/Python/3.12.14/x64
repository	Run npx --prefix frontend playwright install --with-deps chromium	2026-09-30T00:25:06.9192885Z   Python2_ROOT_DIR: /opt/hostedtoolcache/Python/3.12.14/x64
repository	Run npx --prefix frontend playwright install --with-deps chromium	2026-09-30T00:25:06.9193289Z   Python3_ROOT_DIR: /opt/hostedtoolcache/Python/3.12.14/x64
repository	Run npx --prefix frontend playwright install --with-deps chromium	2026-09-30T00:25:06.9193687Z   LD_LIBRARY_PATH: /opt/hostedtoolcache/Python/3.12.14/x64/lib
repository	Run npx --prefix frontend playwright install --with-deps chromium	2026-09-30T00:25:06.9194022Z ##[endgroup]
repository	Run npx --prefix frontend playwright install --with-deps chromium	2026-09-30T00:25:07.6738577Z Installing dependencies...
repository	Run npx --prefix frontend playwright install --with-deps chromium	2026-09-30T00:25:07.6801011Z Switching to root user to install dependencies...
repository	Run npx --prefix frontend playwright install --with-deps chromium	2026-09-30T00:25:07.7621336Z Get:1 file:/etc/apt/apt-mirrors.txt Mirrorlist [144 B]
repository	Run npx --prefix frontend playwright install --with-deps chromium	2026-09-30T00:25:07.8118412Z Hit:2 http://azure.archive.ubuntu.com/ubuntu noble InRelease
repository	Run npx --prefix frontend playwright install --with-deps chromium	2026-09-30T00:25:07.8138377Z Get:6 https://packages.microsoft.com/ubuntu/24.04/prod noble InRelease [3600 B]
repository	Run npx --prefix frontend playwright install --with-deps chromium	2026-09-30T00:25:07.8147505Z Get:3 http://azure.archive.ubuntu.com/ubuntu noble-updates InRelease [126 kB]
repository	Run npx --prefix frontend playwright install --with-deps chromium	2026-09-30T00:25:07.8190735Z Get:4 http://azure.archive.ubuntu.com/ubuntu noble-backports InRelease [126 kB]
repository	Run npx --prefix frontend playwright install --with-deps chromium	2026-09-30T00:25:07.8233476Z Get:5 http://azure.archive.ubuntu.com/ubuntu noble-security InRelease [126 kB]
repository	Run npx --prefix frontend playwright install --with-deps chromium	2026-09-30T00:25:07.9490072Z Get:7 https://packages.microsoft.com/ubuntu/24.04/prod noble/main amd64 Packages [503 kB]
repository	Run npx --prefix frontend playwright install --with-deps chromium	2026-09-30T00:25:07.9638325Z Get:8 https://packages.microsoft.com/ubuntu/24.04/prod noble/main arm64 Packages [454 kB]
repository	Run npx --prefix frontend playwright install --with-deps chromium	2026-09-30T00:25:07.9922377Z Get:9 http://azure.archive.ubuntu.com/ubuntu noble-updates/main amd64 Packages [1322 kB]
repository	Run npx --prefix frontend playwright install --with-deps chromium	2026-09-30T00:25:07.9989887Z Get:10 http://azure.archive.ubuntu.com/ubuntu noble-updates/main Translation-en [299 kB]
repository	Run npx --prefix frontend playwright install --with-deps chromium	2026-09-30T00:25:08.0011045Z Get:11 http://azure.archive.ubuntu.com/ubuntu noble-updates/main amd64 Components [181 kB]
repository	Run npx --prefix frontend playwright install --with-deps chromium	2026-09-30T00:25:08.0023931Z Get:12 http://azure.archive.ubuntu.com/ubuntu noble-updates/universe amd64 Packages [1698 kB]
repository	Run npx --prefix frontend playwright install --with-deps chromium	2026-09-30T00:25:08.0118161Z Get:13 http://azure.archive.ubuntu.com/ubuntu noble-updates/universe Translation-en [340 kB]
repository	Run npx --prefix frontend playwright install --with-deps chromium	2026-09-30T00:25:08.0138183Z Get:14 http://azure.archive.ubuntu.com/ubuntu noble-updates/universe amd64 Components [388 kB]
repository	Run npx --prefix frontend playwright install --with-deps chromium	2026-09-30T00:25:08.0158971Z Get:15 http://azure.archive.ubuntu.com/ubuntu noble-updates/restricted amd64 Packages [1662 kB]
repository	Run npx --prefix frontend playwright install --with-deps chromium	2026-09-30T00:25:08.0250604Z Get:16 http://azure.archive.ubuntu.com/ubuntu noble-updates/restricted Translation-en [379 kB]
repository	Run npx --prefix frontend playwright install --with-deps chromium	2026-09-30T00:25:08.0274556Z Get:17 http://azure.archive.ubuntu.com/ubuntu noble-updates/multiverse amd64 Components [940 B]
repository	Run npx --prefix frontend playwright install --with-deps chromium	2026-09-30T00:25:08.0479304Z Get:18 http://azure.archive.ubuntu.com/ubuntu noble-backports/main amd64 Packages [40.6 kB]
repository	Run npx --prefix frontend playwright install --with-deps chromium	2026-09-30T00:25:08.0905785Z Get:19 http://azure.archive.ubuntu.com/ubuntu noble-backports/main amd64 Components [5788 B]
repository	Run npx --prefix frontend playwright install --with-deps chromium	2026-09-30T00:25:08.0920012Z Get:20 http://azure.archive.ubuntu.com/ubuntu noble-backports/universe amd64 Packages [31.0 kB]
repository	Run npx --prefix frontend playwright install --with-deps chromium	2026-09-30T00:25:08.0948135Z Get:21 http://azure.archive.ubuntu.com/ubuntu noble-backports/universe Translation-en [18.6 kB]
repository	Run npx --prefix frontend playwright install --with-deps chromium	2026-09-30T00:25:08.0975012Z Get:22 http://azure.archive.ubuntu.com/ubuntu noble-backports/universe amd64 Components [12.6 kB]
repository	Run npx --prefix frontend playwright install --with-deps chromium	2026-09-30T00:25:08.1142796Z Get:23 http://azure.archive.ubuntu.com/ubuntu noble-security/main amd64 Packages [1063 kB]
repository	Run npx --prefix frontend playwright install --with-deps chromium	2026-09-30T00:25:08.1200492Z Get:24 http://azure.archive.ubuntu.com/ubuntu noble-security/main Translation-en [220 kB]
repository	Run npx --prefix frontend playwright install --with-deps chromium	2026-09-30T00:25:08.1221878Z Get:25 http://azure.archive.ubuntu.com/ubuntu noble-security/main amd64 Components [46.3 kB]
repository	Run npx --prefix frontend playwright install --with-deps chromium	2026-09-30T00:25:08.1227833Z Get:26 http://azure.archive.ubuntu.com/ubuntu noble-security/universe amd64 Packages [1216 kB]
repository	Run npx --prefix frontend playwright install --with-deps chromium	2026-09-30T00:25:08.1296187Z Get:27 http://azure.archive.ubuntu.com/ubuntu noble-security/universe Translation-en [244 kB]
repository	Run npx --prefix frontend playwright install --with-deps chromium	2026-09-30T00:25:08.1320314Z Get:28 http://azure.archive.ubuntu.com/ubuntu noble-security/universe amd64 Components [76.3 kB]
repository	Run npx --prefix frontend playwright install --with-deps chromium	2026-09-30T00:25:08.1334576Z Get:29 http://azure.archive.ubuntu.com/ubuntu noble-security/restricted amd64 Packages [1559 kB]
repository	Run npx --prefix frontend playwright install --with-deps chromium	2026-09-30T00:25:08.1425524Z Get:30 http://azure.archive.ubuntu.com/ubuntu noble-security/restricted Translation-en [359 kB]
repository	Run npx --prefix frontend playwright install --with-deps chromium	2026-09-30T00:25:12.2472051Z Fetched 12.5 MB in 1s (9095 kB/s)
repository	Run npx --prefix frontend playwright install --with-deps chromium	2026-09-30T00:25:13.0489599Z Reading package lists...
repository	Run npx --prefix frontend playwright install --with-deps chromium	2026-09-30T00:25:13.0809794Z Reading package lists...
repository	Run npx --prefix frontend playwright install --with-deps chromium	2026-09-30T00:25:13.2498539Z Building dependency tree...
repository	Run npx --prefix frontend playwright install --with-deps chromium	2026-09-30T00:25:13.2506185Z Reading state information...
repository	Run npx --prefix frontend playwright install --with-deps chromium	2026-09-30T00:25:13.3834113Z libasound2t64 is already the newest version (1.2.11-1ubuntu0.3).
repository	Run npx --prefix frontend playwright install --with-deps chromium	2026-09-30T00:25:13.3835456Z libasound2t64 set to manually installed.
repository	Run npx --prefix frontend playwright install --with-deps chromium	2026-09-30T00:25:13.3836877Z libatk-bridge2.0-0t64 is already the newest version (2.52.0-1build1).
repository	Run npx --prefix frontend playwright install --with-deps chromium	2026-09-30T00:25:13.3838045Z libatk-bridge2.0-0t64 set to manually installed.
repository	Run npx --prefix frontend playwright install --with-deps chromium	2026-09-30T00:25:13.3839092Z libatk1.0-0t64 is already the newest version (2.52.0-1build1).
repository	Run npx --prefix frontend playwright install --with-deps chromium	2026-09-30T00:25:13.3840004Z libatk1.0-0t64 set to manually installed.
repository	Run npx --prefix frontend playwright install --with-deps chromium	2026-09-30T00:25:13.3841029Z libatspi2.0-0t64 is already the newest version (2.52.0-1build1).
repository	Run npx --prefix frontend playwright install --with-deps chromium	2026-09-30T00:25:13.3842049Z libatspi2.0-0t64 set to manually installed.
repository	Run npx --prefix frontend playwright install --with-deps chromium	2026-09-30T00:25:13.3843061Z libcairo2 is already the newest version (1.18.0-3build1).
repository	Run npx --prefix frontend playwright install --with-deps chromium	2026-09-30T00:25:13.3844121Z libcairo2 set to manually installed.
repository	Run npx --prefix frontend playwright install --with-deps chromium	2026-09-30T00:25:13.3845280Z libcups2t64 is already the newest version (2.4.7-1.2ubuntu7.14).
repository	Run npx --prefix frontend playwright install --with-deps chromium	2026-09-30T00:25:13.3846294Z libcups2t64 set to manually installed.
repository	Run npx --prefix frontend playwright install --with-deps chromium	2026-09-30T00:25:13.3847395Z libdbus-1-3 is already the newest version (1.14.10-4ubuntu4.1).
repository	Run npx --prefix frontend playwright install --with-deps chromium	2026-09-30T00:25:13.3848063Z libdbus-1-3 set to manually installed.
repository	Run npx --prefix frontend playwright install --with-deps chromium	2026-09-30T00:25:13.3848719Z libdrm2 is already the newest version (2.4.125-1ubuntu0.1~24.04.2).
repository	Run npx --prefix frontend playwright install --with-deps chromium	2026-09-30T00:25:13.3872043Z libdrm2 set to manually installed.
repository	Run npx --prefix frontend playwright install --with-deps chromium	2026-09-30T00:25:13.3872922Z libgbm1 is already the newest version (25.2.8-0ubuntu0.24.04.2).
repository	Run npx --prefix frontend playwright install --with-deps chromium	2026-09-30T00:25:13.3873651Z libgbm1 set to manually installed.
repository	Run npx --prefix frontend playwright install --with-deps chromium	2026-09-30T00:25:13.3874379Z libnspr4 is already the newest version (2:4.35-1.1build1).
repository	Run npx --prefix frontend playwright install --with-deps chromium	2026-09-30T00:25:13.3875074Z libnspr4 set to manually installed.
repository	Run npx --prefix frontend playwright install --with-deps chromium	2026-09-30T00:25:13.3875780Z libnss3 is already the newest version (2:3.98-1ubuntu0.2).
repository	Run npx --prefix frontend playwright install --with-deps chromium	2026-09-30T00:25:13.3876675Z libnss3 set to manually installed.
repository	Run npx --prefix frontend playwright install --with-deps chromium	2026-09-30T00:25:13.3877468Z libpango-1.0-0 is already the newest version (1.52.1+ds-1build1).
repository	Run npx --prefix frontend playwright install --with-deps chromium	2026-09-30T00:25:13.3878243Z libpango-1.0-0 set to manually installed.
repository	Run npx --prefix frontend playwright install --with-deps chromium	2026-09-30T00:25:13.3879037Z libx11-6 is already the newest version (2:1.8.7-1build1).
repository	Run npx --prefix frontend playwright install --with-deps chromium	2026-09-30T00:25:13.3879766Z libx11-6 set to manually installed.
repository	Run npx --prefix frontend playwright install --with-deps chromium	2026-09-30T00:25:13.3880435Z libxcb1 is already the newest version (1.15-1ubuntu2).
repository	Run npx --prefix frontend playwright install --with-deps chromium	2026-09-30T00:25:13.3881436Z libxcb1 set to manually installed.
repository	Run npx --prefix frontend playwright install --with-deps chromium	2026-09-30T00:25:13.3882173Z libxcomposite1 is already the newest version (1:0.4.5-1build3).
repository	Run npx --prefix frontend playwright install --with-deps chromium	2026-09-30T00:25:13.3882921Z libxcomposite1 set to manually installed.
repository	Run npx --prefix frontend playwright install --with-deps chromium	2026-09-30T00:25:13.3883671Z libxdamage1 is already the newest version (1:1.1.6-1build1).
repository	Run npx --prefix frontend playwright install --with-deps chromium	2026-09-30T00:25:13.3884373Z libxdamage1 set to manually installed.
repository	Run npx --prefix frontend playwright install --with-deps chromium	2026-09-30T00:25:13.3885066Z libxext6 is already the newest version (2:1.3.4-1build2).
repository	Run npx --prefix frontend playwright install --with-deps chromium	2026-09-30T00:25:13.3885802Z libxext6 set to manually installed.
repository	Run npx --prefix frontend playwright install --with-deps chromium	2026-09-30T00:25:13.3886836Z libxfixes3 is already the newest version (1:6.0.0-2build1).
repository	Run npx --prefix frontend playwright install --with-deps chromium	2026-09-30T00:25:13.3887678Z libxfixes3 set to manually installed.
repository	Run npx --prefix frontend playwright install --with-deps chromium	2026-09-30T00:25:13.3888450Z libxkbcommon0 is already the newest version (1.6.0-1build1).
repository	Run npx --prefix frontend playwright install --with-deps chromium	2026-09-30T00:25:13.3889355Z libxkbcommon0 set to manually installed.
repository	Run npx --prefix frontend playwright install --with-deps chromium	2026-09-30T00:25:13.3890091Z libxrandr2 is already the newest version (2:1.5.2-2build1).
repository	Run npx --prefix frontend playwright install --with-deps chromium	2026-09-30T00:25:13.3890770Z libxrandr2 set to manually installed.
repository	Run npx --prefix frontend playwright install --with-deps chromium	2026-09-30T00:25:13.3891622Z fonts-noto-color-emoji is already the newest version (2.047-0ubuntu0.24.04.1).
repository	Run npx --prefix frontend playwright install --with-deps chromium	2026-09-30T00:25:13.3892576Z libfontconfig1 is already the newest version (2.15.0-1.1ubuntu2).
repository	Run npx --prefix frontend playwright install --with-deps chromium	2026-09-30T00:25:13.3893499Z libfontconfig1 set to manually installed.
repository	Run npx --prefix frontend playwright install --with-deps chromium	2026-09-30T00:25:13.3894219Z libfreetype6 is already the newest version (2.13.2+dfsg-1ubuntu0.1).
repository	Run npx --prefix frontend playwright install --with-deps chromium	2026-09-30T00:25:13.3894902Z libfreetype6 set to manually installed.
repository	Run npx --prefix frontend playwright install --with-deps chromium	2026-09-30T00:25:13.3895566Z fonts-liberation is already the newest version (1:2.1.5-3).
repository	Run npx --prefix frontend playwright install --with-deps chromium	2026-09-30T00:25:13.3896218Z fonts-liberation set to manually installed.
repository	Run npx --prefix frontend playwright install --with-deps chromium	2026-09-30T00:25:13.3897062Z The following additional packages will be installed:
repository	Run npx --prefix frontend playwright install --with-deps chromium	2026-09-30T00:25:13.3897886Z   gir1.2-glib-2.0 libglib2.0-bin libglib2.0-data xfonts-encodings xfonts-utils
repository	Run npx --prefix frontend playwright install --with-deps chromium	2026-09-30T00:25:13.3898531Z   xserver-common
repository	Run npx --prefix frontend playwright install --with-deps chromium	2026-09-30T00:25:13.3898888Z Suggested packages:
repository	Run npx --prefix frontend playwright install --with-deps chromium	2026-09-30T00:25:13.3899239Z   low-memory-monitor
repository	Run npx --prefix frontend playwright install --with-deps chromium	2026-09-30T00:25:13.3899608Z Recommended packages:
repository	Run npx --prefix frontend playwright install --with-deps chromium	2026-09-30T00:25:13.3900080Z   fonts-ipafont-mincho fonts-tlwg-loma xfonts-base
repository	Run npx --prefix frontend playwright install --with-deps chromium	2026-09-30T00:25:13.4077121Z The following NEW packages will be installed:
repository	Run npx --prefix frontend playwright install --with-deps chromium	2026-09-30T00:25:13.4078907Z   fonts-freefont-ttf fonts-ipafont-gothic fonts-tlwg-loma-otf fonts-unifont
repository	Run npx --prefix frontend playwright install --with-deps chromium	2026-09-30T00:25:13.4084738Z   fonts-wqy-zenhei xfonts-cyrillic xfonts-encodings xfonts-scalable
repository	Run npx --prefix frontend playwright install --with-deps chromium	2026-09-30T00:25:13.4085848Z   xfonts-utils
repository	Run npx --prefix frontend playwright install --with-deps chromium	2026-09-30T00:25:13.4089601Z The following packages will be upgraded:
repository	Run npx --prefix frontend playwright install --with-deps chromium	2026-09-30T00:25:13.4095269Z   gir1.2-glib-2.0 libglib2.0-0t64 libglib2.0-bin libglib2.0-data
repository	Run npx --prefix frontend playwright install --with-deps chromium	2026-09-30T00:25:13.4095976Z   xserver-common xvfb
repository	Run npx --prefix frontend playwright install --with-deps chromium	2026-09-30T00:25:13.4268086Z 6 upgraded, 9 newly installed, 0 to remove and 36 not upgraded.
repository	Run npx --prefix frontend playwright install --with-deps chromium	2026-09-30T00:25:13.4269160Z Need to get 23.9 MB of archives.
repository	Run npx --prefix frontend playwright install --with-deps chromium	2026-09-30T00:25:13.4270103Z After this operation, 79.6 MB of additional disk space will be used.
repository	Run npx --prefix frontend playwright install --with-deps chromium	2026-09-30T00:25:13.4270911Z Get:1 file:/etc/apt/apt-mirrors.txt Mirrorlist [144 B]
repository	Run npx --prefix frontend playwright install --with-deps chromium	2026-09-30T00:25:13.5021202Z Get:2 http://azure.archive.ubuntu.com/ubuntu noble/universe amd64 fonts-ipafont-gothic all 00303-21ubuntu1 [3513 kB]
repository	Run npx --prefix frontend playwright install --with-deps chromium	2026-09-30T00:25:13.6905642Z Get:3 http://azure.archive.ubuntu.com/ubuntu noble-updates/main amd64 libglib2.0-data all 2.80.0-6ubuntu3.9 [50.1 kB]
repository	Run npx --prefix frontend playwright install --with-deps chromium	2026-09-30T00:25:13.7545409Z Get:4 http://azure.archive.ubuntu.com/ubuntu noble-updates/main amd64 libglib2.0-bin amd64 2.80.0-6ubuntu3.9 [97.9 kB]
repository	Run npx --prefix frontend playwright install --with-deps chromium	2026-09-30T00:25:13.8194491Z Get:5 http://azure.archive.ubuntu.com/ubuntu noble-updates/main amd64 gir1.2-glib-2.0 amd64 2.80.0-6ubuntu3.9 [183 kB]
repository	Run npx --prefix frontend playwright install --with-deps chromium	2026-09-30T00:25:13.8864072Z Get:6 http://azure.archive.ubuntu.com/ubuntu noble-updates/main amd64 libglib2.0-0t64 amd64 2.80.0-6ubuntu3.9 [1547 kB]
repository	Run npx --prefix frontend playwright install --with-deps chromium	2026-09-30T00:25:13.9871276Z Get:7 http://azure.archive.ubuntu.com/ubuntu noble/main amd64 fonts-freefont-ttf all 20211204+svn4273-2 [5641 kB]
repository	Run npx --prefix frontend playwright install --with-deps chromium	2026-09-30T00:25:14.1759909Z Get:8 http://azure.archive.ubuntu.com/ubuntu noble/universe amd64 fonts-tlwg-loma-otf all 1:0.7.3-1 [107 kB]
repository	Run npx --prefix frontend playwright install --with-deps chromium	2026-09-30T00:25:14.2410239Z Get:9 http://azure.archive.ubuntu.com/ubuntu noble/universe amd64 fonts-unifont all 1:15.1.01-1build1 [2993 kB]
repository	Run npx --prefix frontend playwright install --with-deps chromium	2026-09-30T00:25:14.3648206Z Get:10 http://azure.archive.ubuntu.com/ubuntu noble/universe amd64 fonts-wqy-zenhei all 0.9.45-8 [7472 kB]
repository	Run npx --prefix frontend playwright install --with-deps chromium	2026-09-30T00:25:14.5818998Z Get:11 http://azure.archive.ubuntu.com/ubuntu noble/main amd64 xfonts-encodings all 1:1.0.5-0ubuntu2 [578 kB]
repository	Run npx --prefix frontend playwright install --with-deps chromium	2026-09-30T00:25:14.6557883Z Get:12 http://azure.archive.ubuntu.com/ubuntu noble/main amd64 xfonts-utils amd64 1:7.7+6build3 [94.4 kB]
repository	Run npx --prefix frontend playwright install --with-deps chromium	2026-09-30T00:25:14.7202719Z Get:13 http://azure.archive.ubuntu.com/ubuntu noble/universe amd64 xfonts-cyrillic all 1:1.0.5+nmu1 [384 kB]
repository	Run npx --prefix frontend playwright install --with-deps chromium	2026-09-30T00:25:14.7902022Z Get:14 http://azure.archive.ubuntu.com/ubuntu noble/main amd64 xfonts-scalable all 1:1.0.3-1.3 [304 kB]
repository	Run npx --prefix frontend playwright install --with-deps chromium	2026-09-30T00:25:14.8588340Z Get:15 http://azure.archive.ubuntu.com/ubuntu noble-updates/main amd64 xserver-common all 2:21.1.12-1ubuntu1.8 [34.8 kB]
repository	Run npx --prefix frontend playwright install --with-deps chromium	2026-09-30T00:25:14.9226110Z Get:16 http://azure.archive.ubuntu.com/ubuntu noble-updates/universe amd64 xvfb amd64 2:21.1.12-1ubuntu1.8 [877 kB]
repository	Run npx --prefix frontend playwright install --with-deps chromium	2026-09-30T00:25:15.1888577Z Fetched 23.9 MB in 2s (15.7 MB/s)
repository	Run npx --prefix frontend playwright install --with-deps chromium	2026-09-30T00:25:15.2133178Z Selecting previously unselected package fonts-ipafont-gothic.
repository	Run npx --prefix frontend playwright install --with-deps chromium	2026-09-30T00:25:15.2403771Z (Reading database ... 
repository	Run npx --prefix frontend playwright install --with-deps chromium	2026-09-30T00:25:15.2404815Z (Reading database ... 5%
repository	Run npx --prefix frontend playwright install --with-deps chromium	2026-09-30T00:25:15.2405502Z (Reading database ... 10%
repository	Run npx --prefix frontend playwright install --with-deps chromium	2026-09-30T00:25:15.2406173Z (Reading database ... 15%
repository	Run npx --prefix frontend playwright install --with-deps chromium	2026-09-30T00:25:15.2407258Z (Reading database ... 20%
repository	Run npx --prefix frontend playwright install --with-deps chromium	2026-09-30T00:25:15.2407780Z (Reading database ... 25%
repository	Run npx --prefix frontend playwright install --with-deps chromium	2026-09-30T00:25:15.2408761Z (Reading database ... 30%
repository	Run npx --prefix frontend playwright install --with-deps chromium	2026-09-30T00:25:15.2409577Z (Reading database ... 35%
repository	Run npx --prefix frontend playwright install --with-deps chromium	2026-09-30T00:25:15.2410200Z (Reading database ... 40%
repository	Run npx --prefix frontend playwright install --with-deps chromium	2026-09-30T00:25:15.2410615Z (Reading database ... 45%
repository	Run npx --prefix frontend playwright install --with-deps chromium	2026-09-30T00:25:15.2411012Z (Reading database ... 50%
repository	Run npx --prefix frontend playwright install --with-deps chromium	2026-09-30T00:25:15.2458169Z (Reading database ... 55%
repository	Run npx --prefix frontend playwright install --with-deps chromium	2026-09-30T00:25:15.3169783Z (Reading database ... 60%
repository	Run npx --prefix frontend playwright install --with-deps chromium	2026-09-30T00:25:15.5201240Z (Reading database ... 65%
repository	Run npx --prefix frontend playwright install --with-deps chromium	2026-09-30T00:25:15.7267723Z (Reading database ... 70%
repository	Run npx --prefix frontend playwright install --with-deps chromium	2026-09-30T00:25:15.9152693Z (Reading database ... 75%
repository	Run npx --prefix frontend playwright install --with-deps chromium	2026-09-30T00:25:16.0696044Z (Reading database ... 80%
repository	Run npx --prefix frontend playwright install --with-deps chromium	2026-09-30T00:25:16.2757999Z (Reading database ... 85%
repository	Run npx --prefix frontend playwright install --with-deps chromium	2026-09-30T00:25:16.4300948Z (Reading database ... 90%
repository	Run npx --prefix frontend playwright install --with-deps chromium	2026-09-30T00:25:16.5851316Z (Reading database ... 95%
repository	Run npx --prefix frontend playwright install --with-deps chromium	2026-09-30T00:25:16.5852668Z (Reading database ... 100%
repository	Run npx --prefix frontend playwright install --with-deps chromium	2026-09-30T00:25:16.5854780Z (Reading database ... 202190 files and directories currently installed.)
repository	Run npx --prefix frontend playwright install --with-deps chromium	2026-09-30T00:25:16.5897902Z Preparing to unpack .../00-fonts-ipafont-gothic_00303-21ubuntu1_all.deb ...
repository	Run npx --prefix frontend playwright install --with-deps chromium	2026-09-30T00:25:16.5998519Z Unpacking fonts-ipafont-gothic (00303-21ubuntu1) ...
repository	Run npx --prefix frontend playwright install --with-deps chromium	2026-09-30T00:25:16.8439681Z Preparing to unpack .../01-libglib2.0-data_2.80.0-6ubuntu3.9_all.deb ...
repository	Run npx --prefix frontend playwright install --with-deps chromium	2026-09-30T00:25:16.8458719Z Unpacking libglib2.0-data (2.80.0-6ubuntu3.9) over (2.80.0-6ubuntu3.8) ...
repository	Run npx --prefix frontend playwright install --with-deps chromium	2026-09-30T00:25:16.8821475Z Preparing to unpack .../02-libglib2.0-bin_2.80.0-6ubuntu3.9_amd64.deb ...
repository	Run npx --prefix frontend playwright install --with-deps chromium	2026-09-30T00:25:16.8831172Z Unpacking libglib2.0-bin (2.80.0-6ubuntu3.9) over (2.80.0-6ubuntu3.8) ...
repository	Run npx --prefix frontend playwright install --with-deps chromium	2026-09-30T00:25:16.9336671Z Preparing to unpack .../03-gir1.2-glib-2.0_2.80.0-6ubuntu3.9_amd64.deb ...
repository	Run npx --prefix frontend playwright install --with-deps chromium	2026-09-30T00:25:16.9353962Z Unpacking gir1.2-glib-2.0:amd64 (2.80.0-6ubuntu3.9) over (2.80.0-6ubuntu3.8) ...
repository	Run npx --prefix frontend playwright install --with-deps chromium	2026-09-30T00:25:16.9759549Z Preparing to unpack .../04-libglib2.0-0t64_2.80.0-6ubuntu3.9_amd64.deb ...
repository	Run npx --prefix frontend playwright install --with-deps chromium	2026-09-30T00:25:16.9829451Z Unpacking libglib2.0-0t64:amd64 (2.80.0-6ubuntu3.9) over (2.80.0-6ubuntu3.8) ...
repository	Run npx --prefix frontend playwright install --with-deps chromium	2026-09-30T00:25:17.0259010Z Selecting previously unselected package fonts-freefont-ttf.
repository	Run npx --prefix frontend playwright install --with-deps chromium	2026-09-30T00:25:17.0385747Z Preparing to unpack .../05-fonts-freefont-ttf_20211204+svn4273-2_all.deb ...
repository	Run npx --prefix frontend playwright install --with-deps chromium	2026-09-30T00:25:17.0391908Z Unpacking fonts-freefont-ttf (20211204+svn4273-2) ...
repository	Run npx --prefix frontend playwright install --with-deps chromium	2026-09-30T00:25:17.1232701Z Selecting previously unselected package fonts-tlwg-loma-otf.
repository	Run npx --prefix frontend playwright install --with-deps chromium	2026-09-30T00:25:17.1358931Z Preparing to unpack .../06-fonts-tlwg-loma-otf_1%3a0.7.3-1_all.deb ...
repository	Run npx --prefix frontend playwright install --with-deps chromium	2026-09-30T00:25:17.1364797Z Unpacking fonts-tlwg-loma-otf (1:0.7.3-1) ...
repository	Run npx --prefix frontend playwright install --with-deps chromium	2026-09-30T00:25:17.1563167Z Selecting previously unselected package fonts-unifont.
repository	Run npx --prefix frontend playwright install --with-deps chromium	2026-09-30T00:25:17.1686863Z Preparing to unpack .../07-fonts-unifont_1%3a15.1.01-1build1_all.deb ...
repository	Run npx --prefix frontend playwright install --with-deps chromium	2026-09-30T00:25:17.1693452Z Unpacking fonts-unifont (1:15.1.01-1build1) ...
repository	Run npx --prefix frontend playwright install --with-deps chromium	2026-09-30T00:25:17.2753084Z Selecting previously unselected package fonts-wqy-zenhei.
repository	Run npx --prefix frontend playwright install --with-deps chromium	2026-09-30T00:25:17.2879242Z Preparing to unpack .../08-fonts-wqy-zenhei_0.9.45-8_all.deb ...
repository	Run npx --prefix frontend playwright install --with-deps chromium	2026-09-30T00:25:17.2979286Z Unpacking fonts-wqy-zenhei (0.9.45-8) ...
repository	Run npx --prefix frontend playwright install --with-deps chromium	2026-09-30T00:25:17.7611522Z Selecting previously unselected package xfonts-encodings.
repository	Run npx --prefix frontend playwright install --with-deps chromium	2026-09-30T00:25:17.7738551Z Preparing to unpack .../09-xfonts-encodings_1%3a1.0.5-0ubuntu2_all.deb ...
repository	Run npx --prefix frontend playwright install --with-deps chromium	2026-09-30T00:25:17.7745516Z Unpacking xfonts-encodings (1:1.0.5-0ubuntu2) ...
repository	Run npx --prefix frontend playwright install --with-deps chromium	2026-09-30T00:25:17.8031453Z Selecting previously unselected package xfonts-utils.
repository	Run npx --prefix frontend playwright install --with-deps chromium	2026-09-30T00:25:17.8154929Z Preparing to unpack .../10-xfonts-utils_1%3a7.7+6build3_amd64.deb ...
repository	Run npx --prefix frontend playwright install --with-deps chromium	2026-09-30T00:25:17.8162615Z Unpacking xfonts-utils (1:7.7+6build3) ...
repository	Run npx --prefix frontend playwright install --with-deps chromium	2026-09-30T00:25:17.8495061Z Selecting previously unselected package xfonts-cyrillic.
repository	Run npx --prefix frontend playwright install --with-deps chromium	2026-09-30T00:25:17.8620241Z Preparing to unpack .../11-xfonts-cyrillic_1%3a1.0.5+nmu1_all.deb ...
repository	Run npx --prefix frontend playwright install --with-deps chromium	2026-09-30T00:25:17.8629282Z Unpacking xfonts-cyrillic (1:1.0.5+nmu1) ...
repository	Run npx --prefix frontend playwright install --with-deps chromium	2026-09-30T00:25:17.8978921Z Selecting previously unselected package xfonts-scalable.
repository	Run npx --prefix frontend playwright install --with-deps chromium	2026-09-30T00:25:17.9101958Z Preparing to unpack .../12-xfonts-scalable_1%3a1.0.3-1.3_all.deb ...
repository	Run npx --prefix frontend playwright install --with-deps chromium	2026-09-30T00:25:17.9108595Z Unpacking xfonts-scalable (1:1.0.3-1.3) ...
repository	Run npx --prefix frontend playwright install --with-deps chromium	2026-09-30T00:25:17.9456118Z Preparing to unpack .../13-xserver-common_2%3a21.1.12-1ubuntu1.8_all.deb ...
repository	Run npx --prefix frontend playwright install --with-deps chromium	2026-09-30T00:25:17.9474551Z Unpacking xserver-common (2:21.1.12-1ubuntu1.8) over (2:21.1.12-1ubuntu1.6) ...
repository	Run npx --prefix frontend playwright install --with-deps chromium	2026-09-30T00:25:17.9817583Z Preparing to unpack .../14-xvfb_2%3a21.1.12-1ubuntu1.8_amd64.deb ...
repository	Run npx --prefix frontend playwright install --with-deps chromium	2026-09-30T00:25:17.9837627Z Unpacking xvfb (2:21.1.12-1ubuntu1.8) over (2:21.1.12-1ubuntu1.6) ...
repository	Run npx --prefix frontend playwright install --with-deps chromium	2026-09-30T00:25:18.0367428Z Setting up fonts-wqy-zenhei (0.9.45-8) ...
repository	Run npx --prefix frontend playwright install --with-deps chromium	2026-09-30T00:25:18.0488665Z Setting up fonts-freefont-ttf (20211204+svn4273-2) ...
repository	Run npx --prefix frontend playwright install --with-deps chromium	2026-09-30T00:25:18.0506756Z Setting up libglib2.0-0t64:amd64 (2.80.0-6ubuntu3.9) ...
repository	Run npx --prefix frontend playwright install --with-deps chromium	2026-09-30T00:25:18.0618360Z Setting up libglib2.0-data (2.80.0-6ubuntu3.9) ...
repository	Run npx --prefix frontend playwright install --with-deps chromium	2026-09-30T00:25:18.0635942Z Setting up fonts-tlwg-loma-otf (1:0.7.3-1) ...
repository	Run npx --prefix frontend playwright install --with-deps chromium	2026-09-30T00:25:18.0653285Z Setting up xfonts-encodings (1:1.0.5-0ubuntu2) ...
repository	Run npx --prefix frontend playwright install --with-deps chromium	2026-09-30T00:25:18.0671076Z Setting up gir1.2-glib-2.0:amd64 (2.80.0-6ubuntu3.9) ...
repository	Run npx --prefix frontend playwright install --with-deps chromium	2026-09-30T00:25:18.0689345Z Setting up fonts-ipafont-gothic (00303-21ubuntu1) ...
repository	Run npx --prefix frontend playwright install --with-deps chromium	2026-09-30T00:25:18.0758171Z update-alternatives: using /usr/share/fonts/opentype/ipafont-gothic/ipag.ttf to provide /usr/share/fonts/truetype/fonts-japanese-gothic.ttf (fonts-japanese-gothic.ttf) in auto mode
repository	Run npx --prefix frontend playwright install --with-deps chromium	2026-09-30T00:25:18.0773706Z Setting up xserver-common (2:21.1.12-1ubuntu1.8) ...
repository	Run npx --prefix frontend playwright install --with-deps chromium	2026-09-30T00:25:18.0790756Z Setting up fonts-unifont (1:15.1.01-1build1) ...
repository	Run npx --prefix frontend playwright install --with-deps chromium	2026-09-30T00:25:18.0808527Z Setting up xvfb (2:21.1.12-1ubuntu1.8) ...
repository	Run npx --prefix frontend playwright install --with-deps chromium	2026-09-30T00:25:18.0825969Z Setting up libglib2.0-bin (2.80.0-6ubuntu3.9) ...
repository	Run npx --prefix frontend playwright install --with-deps chromium	2026-09-30T00:25:18.0844054Z Setting up xfonts-utils (1:7.7+6build3) ...
repository	Run npx --prefix frontend playwright install --with-deps chromium	2026-09-30T00:25:18.0886899Z Setting up xfonts-cyrillic (1:1.0.5+nmu1) ...
repository	Run npx --prefix frontend playwright install --with-deps chromium	2026-09-30T00:25:18.1183265Z Setting up xfonts-scalable (1:1.0.3-1.3) ...
repository	Run npx --prefix frontend playwright install --with-deps chromium	2026-09-30T00:25:18.1468117Z Processing triggers for libc-bin (2.39-0ubuntu8.9) ...
repository	Run npx --prefix frontend playwright install --with-deps chromium	2026-09-30T00:25:18.1787571Z Processing triggers for man-db (2.12.0-4build2) ...
repository	Run npx --prefix frontend playwright install --with-deps chromium	2026-09-30T00:25:18.1811109Z Not building database; man-db/auto-update is not 'true'.
repository	Run npx --prefix frontend playwright install --with-deps chromium	2026-09-30T00:25:18.1823192Z Processing triggers for fontconfig (2.15.0-1.1ubuntu2) ...
repository	Run npx --prefix frontend playwright install --with-deps chromium	2026-09-30T00:25:18.8387706Z 
repository	Run npx --prefix frontend playwright install --with-deps chromium	2026-09-30T00:25:18.8388283Z Running kernel seems to be up-to-date.
repository	Run npx --prefix frontend playwright install --with-deps chromium	2026-09-30T00:25:18.8388696Z 
repository	Run npx --prefix frontend playwright install --with-deps chromium	2026-09-30T00:25:18.8388915Z Restarting services...
repository	Run npx --prefix frontend playwright install --with-deps chromium	2026-09-30T00:25:18.8858465Z  systemctl restart packagekit.service php8.3-fpm.service polkit.service udisks2.service
repository	Run npx --prefix frontend playwright install --with-deps chromium	2026-09-30T00:25:19.0105991Z 
repository	Run npx --prefix frontend playwright install --with-deps chromium	2026-09-30T00:25:19.0112295Z Service restarts being deferred:
repository	Run npx --prefix frontend playwright install --with-deps chromium	2026-09-30T00:25:19.0112949Z  systemctl restart ModemManager.service
repository	Run npx --prefix frontend playwright install --with-deps chromium	2026-09-30T00:25:19.0113605Z  systemctl restart networkd-dispatcher.service
repository	Run npx --prefix frontend playwright install --with-deps chromium	2026-09-30T00:25:19.0114283Z 
repository	Run npx --prefix frontend playwright install --with-deps chromium	2026-09-30T00:25:19.0114593Z No containers need to be restarted.
repository	Run npx --prefix frontend playwright install --with-deps chromium	2026-09-30T00:25:19.0114892Z 
repository	Run npx --prefix frontend playwright install --with-deps chromium	2026-09-30T00:25:19.0115218Z No user sessions are running outdated binaries.
repository	Run npx --prefix frontend playwright install --with-deps chromium	2026-09-30T00:25:19.0115615Z 
repository	Run npx --prefix frontend playwright install --with-deps chromium	2026-09-30T00:25:19.0116108Z No VM guests are running outdated hypervisor (qemu) binaries on this host.
repository	Run npx --prefix frontend playwright install --with-deps chromium	2026-09-30T00:25:19.8272584Z Downloading Chrome for Testing 151.0.7922.34 (playwright chromium v1234) from https://cdn.playwright.dev/builds/cft/151.0.7922.34/linux64/chrome-linux64.zip
repository	Run npx --prefix frontend playwright install --with-deps chromium	2026-09-30T00:25:20.8487673Z |                                                                                |   0% of 184.3 MiB
repository	Run npx --prefix frontend playwright install --with-deps chromium	2026-09-30T00:25:21.0085615Z |■■■■■■■■                                                                        |  10% of 184.3 MiB
repository	Run npx --prefix frontend playwright install --with-deps chromium	2026-09-30T00:25:21.1148114Z |■■■■■■■■■■■■■■■■                                                                |  20% of 184.3 MiB
repository	Run npx --prefix frontend playwright install --with-deps chromium	2026-09-30T00:25:21.2021504Z |■■■■■■■■■■■■■■■■■■■■■■■■                                                        |  30% of 184.3 MiB
repository	Run npx --prefix frontend playwright install --with-deps chromium	2026-09-30T00:25:21.3132269Z |■■■■■■■■■■■■■■■■■■■■■■■■■■■■■■■■                                                |  40% of 184.3 MiB
repository	Run npx --prefix frontend playwright install --with-deps chromium	2026-09-30T00:25:21.4236272Z |■■■■■■■■■■■■■■■■■■■■■■■■■■■■■■■■■■■■■■■■                                        |  50% of 184.3 MiB
repository	Run npx --prefix frontend playwright install --with-deps chromium	2026-09-30T00:25:21.5123443Z |■■■■■■■■■■■■■■■■■■■■■■■■■■■■■■■■■■■■■■■■■■■■■■■■                                |  60% of 184.3 MiB
repository	Run npx --prefix frontend playwright install --with-deps chromium	2026-09-30T00:25:21.6175233Z |■■■■■■■■■■■■■■■■■■■■■■■■■■■■■■■■■■■■■■■■■■■■■■■■■■■■■■■■                        |  70% of 184.3 MiB
repository	Run npx --prefix frontend playwright install --with-deps chromium	2026-09-30T00:25:21.7092689Z |■■■■■■■■■■■■■■■■■■■■■■■■■■■■■■■■■■■■■■■■■■■■■■■■■■■■■■■■■■■■■■■■                |  80% of 184.3 MiB
repository	Run npx --prefix frontend playwright install --with-deps chromium	2026-09-30T00:25:21.8022928Z |■■■■■■■■■■■■■■■■■■■■■■■■■■■■■■■■■■■■■■■■■■■■■■■■■■■■■■■■■■■■■■■■■■■■■■■■        |  90% of 184.3 MiB
repository	Run npx --prefix frontend playwright install --with-deps chromium	2026-09-30T00:25:21.9107586Z |■■■■■■■■■■■■■■■■■■■■■■■■■■■■■■■■■■■■■■■■■■■■■■■■■■■■■■■■■■■■■■■■■■■■■■■■■■■■■■■■| 100% of 184.3 MiB
repository	Run npx --prefix frontend playwright install --with-deps chromium	2026-09-30T00:25:24.7329329Z Chrome for Testing 151.0.7922.34 (playwright chromium v1234) downloaded to /home/runner/.cache/ms-playwright/chromium-1234
repository	Run npx --prefix frontend playwright install --with-deps chromium	2026-09-30T00:25:24.7333428Z Downloading FFmpeg (playwright ffmpeg v1011) from https://cdn.playwright.dev/dbazure/download/playwright/builds/ffmpeg/1011/ffmpeg-linux.zip
repository	Run npx --prefix frontend playwright install --with-deps chromium	2026-09-30T00:25:25.6821907Z |                                                                                |   0% of 2.3 MiB
repository	Run npx --prefix frontend playwright install --with-deps chromium	2026-09-30T00:25:25.6866225Z |■■■■■■■■                                                                        |  10% of 2.3 MiB
repository	Run npx --prefix frontend playwright install --with-deps chromium	2026-09-30T00:25:25.6895104Z |■■■■■■■■■■■■■■■■                                                                |  20% of 2.3 MiB
repository	Run npx --prefix frontend playwright install --with-deps chromium	2026-09-30T00:25:25.6914825Z |■■■■■■■■■■■■■■■■■■■■■■■■                                                        |  30% of 2.3 MiB
repository	Run npx --prefix frontend playwright install --with-deps chromium	2026-09-30T00:25:25.6929804Z |■■■■■■■■■■■■■■■■■■■■■■■■■■■■■■■■                                                |  40% of 2.3 MiB
repository	Run npx --prefix frontend playwright install --with-deps chromium	2026-09-30T00:25:25.6946345Z |■■■■■■■■■■■■■■■■■■■■■■■■■■■■■■■■■■■■■■■■                                        |  50% of 2.3 MiB
repository	Run npx --prefix frontend playwright install --with-deps chromium	2026-09-30T00:25:25.6959688Z |■■■■■■■■■■■■■■■■■■■■■■■■■■■■■■■■■■■■■■■■■■■■■■■■                                |  60% of 2.3 MiB
repository	Run npx --prefix frontend playwright install --with-deps chromium	2026-09-30T00:25:25.6977171Z |■■■■■■■■■■■■■■■■■■■■■■■■■■■■■■■■■■■■■■■■■■■■■■■■■■■■■■■■                        |  70% of 2.3 MiB
repository	Run npx --prefix frontend playwright install --with-deps chromium	2026-09-30T00:25:25.6994493Z |■■■■■■■■■■■■■■■■■■■■■■■■■■■■■■■■■■■■■■■■■■■■■■■■■■■■■■■■■■■■■■■■                |  80% of 2.3 MiB
repository	Run npx --prefix frontend playwright install --with-deps chromium	2026-09-30T00:25:25.7008788Z |■■■■■■■■■■■■■■■■■■■■■■■■■■■■■■■■■■■■■■■■■■■■■■■■■■■■■■■■■■■■■■■■■■■■■■■■        |  90% of 2.3 MiB
repository	Run npx --prefix frontend playwright install --with-deps chromium	2026-09-30T00:25:25.7021332Z |■■■■■■■■■■■■■■■■■■■■■■■■■■■■■■■■■■■■■■■■■■■■■■■■■■■■■■■■■■■■■■■■■■■■■■■■■■■■■■■■| 100% of 2.3 MiB
repository	Run npx --prefix frontend playwright install --with-deps chromium	2026-09-30T00:25:25.7616179Z FFmpeg (playwright ffmpeg v1011) downloaded to /home/runner/.cache/ms-playwright/ffmpeg-1011
repository	Run npx --prefix frontend playwright install --with-deps chromium	2026-09-30T00:25:25.7619790Z Downloading Chrome Headless Shell 151.0.7922.34 (playwright chromium-headless-shell v1234) from https://cdn.playwright.dev/builds/cft/151.0.7922.34/linux64/chrome-headless-shell-linux64.zip
repository	Run npx --prefix frontend playwright install --with-deps chromium	2026-09-30T00:25:26.7770144Z |                                                                                |   0% of 114.7 MiB
repository	Run npx --prefix frontend playwright install --with-deps chromium	2026-09-30T00:25:26.9216032Z |■■■■■■■■                                                                        |  10% of 114.7 MiB
repository	Run npx --prefix frontend playwright install --with-deps chromium	2026-09-30T00:25:26.9791458Z |■■■■■■■■■■■■■■■■                                                                |  20% of 114.7 MiB
repository	Run npx --prefix frontend playwright install --with-deps chromium	2026-09-30T00:25:27.0351234Z |■■■■■■■■■■■■■■■■■■■■■■■■                                                        |  30% of 114.7 MiB
repository	Run npx --prefix frontend playwright install --with-deps chromium	2026-09-30T00:25:27.1119500Z |■■■■■■■■■■■■■■■■■■■■■■■■■■■■■■■■                                                |  40% of 114.7 MiB
repository	Run npx --prefix frontend playwright install --with-deps chromium	2026-09-30T00:25:27.1865724Z |■■■■■■■■■■■■■■■■■■■■■■■■■■■■■■■■■■■■■■■■                                        |  50% of 114.7 MiB
repository	Run npx --prefix frontend playwright install --with-deps chromium	2026-09-30T00:25:27.2560734Z |■■■■■■■■■■■■■■■■■■■■■■■■■■■■■■■■■■■■■■■■■■■■■■■■                                |  60% of 114.7 MiB
repository	Run npx --prefix frontend playwright install --with-deps chromium	2026-09-30T00:25:27.3128112Z |■■■■■■■■■■■■■■■■■■■■■■■■■■■■■■■■■■■■■■■■■■■■■■■■■■■■■■■■                        |  70% of 114.7 MiB
repository	Run npx --prefix frontend playwright install --with-deps chromium	2026-09-30T00:25:27.3625211Z |■■■■■■■■■■■■■■■■■■■■■■■■■■■■■■■■■■■■■■■■■■■■■■■■■■■■■■■■■■■■■■■■                |  80% of 114.7 MiB
repository	Run npx --prefix frontend playwright install --with-deps chromium	2026-09-30T00:25:27.4521566Z |■■■■■■■■■■■■■■■■■■■■■■■■■■■■■■■■■■■■■■■■■■■■■■■■■■■■■■■■■■■■■■■■■■■■■■■■        |  90% of 114.7 MiB
repository	Run npx --prefix frontend playwright install --with-deps chromium	2026-09-30T00:25:27.5292421Z |■■■■■■■■■■■■■■■■■■■■■■■■■■■■■■■■■■■■■■■■■■■■■■■■■■■■■■■■■■■■■■■■■■■■■■■■■■■■■■■■| 100% of 114.7 MiB
repository	Run npx --prefix frontend playwright install --with-deps chromium	2026-09-30T00:25:29.6764729Z Chrome Headless Shell 151.0.7922.34 (playwright chromium-headless-shell v1234) downloaded to /home/runner/.cache/ms-playwright/chromium_headless_shell-1234
repository	Prepare an isolated runtime	﻿2026-09-30T00:25:29.7712005Z ##[group]Run python backend/scripts/prepare_slice0_compose.py --project verity-ci --identity-mail --port-offset 1700 --output /tmp/verity-ci.json
repository	Prepare an isolated runtime	2026-09-30T00:25:29.7713402Z ^[[36;1mpython backend/scripts/prepare_slice0_compose.py --project verity-ci --identity-mail --port-offset 1700 --output /tmp/verity-ci.json^[[0m
repository	Prepare an isolated runtime	2026-09-30T00:25:29.7777119Z shell: /usr/bin/bash -e {0}
repository	Prepare an isolated runtime	2026-09-30T00:25:29.7777374Z env:
repository	Prepare an isolated runtime	2026-09-30T00:25:29.7777641Z   pythonLocation: /opt/hostedtoolcache/Python/3.12.14/x64
repository	Prepare an isolated runtime	2026-09-30T00:25:29.7778276Z   PKG_CONFIG_PATH: /opt/hostedtoolcache/Python/3.12.14/x64/lib/pkgconfig
repository	Prepare an isolated runtime	2026-09-30T00:25:29.7778750Z   Python_ROOT_DIR: /opt/hostedtoolcache/Python/3.12.14/x64
repository	Prepare an isolated runtime	2026-09-30T00:25:29.7779146Z   Python2_ROOT_DIR: /opt/hostedtoolcache/Python/3.12.14/x64
repository	Prepare an isolated runtime	2026-09-30T00:25:29.7779532Z   Python3_ROOT_DIR: /opt/hostedtoolcache/Python/3.12.14/x64
repository	Prepare an isolated runtime	2026-09-30T00:25:29.7779918Z   LD_LIBRARY_PATH: /opt/hostedtoolcache/Python/3.12.14/x64/lib
repository	Prepare an isolated runtime	2026-09-30T00:25:29.7780242Z ##[endgroup]
repository	Prepare an isolated runtime	2026-09-30T00:25:30.4842941Z Wrote isolated project verity-ci to /tmp/verity-ci.json
repository	Build runtime and verification images	﻿2026-09-30T00:25:30.4949061Z ##[group]Run docker compose -f /tmp/verity-ci.json --profile verification build backend celery-worker celery-beat migrate frontend verification minio minio-init jaeger grafana
repository	Build runtime and verification images	2026-09-30T00:25:30.4950347Z ^[[36;1mdocker compose -f /tmp/verity-ci.json --profile verification build backend celery-worker celery-beat migrate frontend verification minio minio-init jaeger grafana^[[0m
repository	Build runtime and verification images	2026-09-30T00:25:30.5015233Z shell: /usr/bin/bash -e {0}
repository	Build runtime and verification images	2026-09-30T00:25:30.5015490Z env:
repository	Build runtime and verification images	2026-09-30T00:25:30.5015755Z   pythonLocation: /opt/hostedtoolcache/Python/3.12.14/x64
repository	Build runtime and verification images	2026-09-30T00:25:30.5016198Z   PKG_CONFIG_PATH: /opt/hostedtoolcache/Python/3.12.14/x64/lib/pkgconfig
repository	Build runtime and verification images	2026-09-30T00:25:30.5016869Z   Python_ROOT_DIR: /opt/hostedtoolcache/Python/3.12.14/x64
repository	Build runtime and verification images	2026-09-30T00:25:30.5017282Z   Python2_ROOT_DIR: /opt/hostedtoolcache/Python/3.12.14/x64
repository	Build runtime and verification images	2026-09-30T00:25:30.5017669Z   Python3_ROOT_DIR: /opt/hostedtoolcache/Python/3.12.14/x64
repository	Build runtime and verification images	2026-09-30T00:25:30.5018054Z   LD_LIBRARY_PATH: /opt/hostedtoolcache/Python/3.12.14/x64/lib
repository	Build runtime and verification images	2026-09-30T00:25:30.5018400Z ##[endgroup]
repository	Build runtime and verification images	2026-09-30T00:25:30.8326566Z #1 [internal] load local bake definitions
repository	Build runtime and verification images	2026-09-30T00:25:30.9836634Z #1 reading from stdin 3.77kB done
repository	Build runtime and verification images	2026-09-30T00:25:30.9837134Z #1 DONE 0.0s
repository	Build runtime and verification images	2026-09-30T00:25:31.2393742Z 
repository	Build runtime and verification images	2026-09-30T00:25:31.2394914Z #2 [grafana internal] load build definition from Dockerfile
repository	Build runtime and verification images	2026-09-30T00:25:31.2395838Z #2 transferring dockerfile: 483B done
repository	Build runtime and verification images	2026-09-30T00:25:31.2396395Z #2 DONE 0.0s
repository	Build runtime and verification images	2026-09-30T00:25:31.2396648Z 
repository	Build runtime and verification images	2026-09-30T00:25:31.2397247Z #3 [celery-worker internal] load build definition from Dockerfile
repository	Build runtime and verification images	2026-09-30T00:25:31.2397967Z #3 transferring dockerfile: 2.03kB done
repository	Build runtime and verification images	2026-09-30T00:25:31.2398396Z #3 DONE 0.0s
repository	Build runtime and verification images	2026-09-30T00:25:31.2398581Z 
repository	Build runtime and verification images	2026-09-30T00:25:31.2398939Z #4 [jaeger internal] load build definition from Dockerfile
repository	Build runtime and verification images	2026-09-30T00:25:31.2399568Z #4 transferring dockerfile: 645B done
repository	Build runtime and verification images	2026-09-30T00:25:31.2399976Z #4 DONE 0.0s
repository	Build runtime and verification images	2026-09-30T00:25:31.2400195Z 
repository	Build runtime and verification images	2026-09-30T00:25:31.2400516Z #5 [frontend internal] load build definition from Dockerfile
repository	Build runtime and verification images	2026-09-30T00:25:31.2400997Z #5 transferring dockerfile: 1.07kB done
repository	Build runtime and verification images	2026-09-30T00:25:31.2401299Z #5 DONE 0.0s
repository	Build runtime and verification images	2026-09-30T00:25:31.2401422Z 
repository	Build runtime and verification images	2026-09-30T00:25:31.2401667Z #6 [minio internal] load build definition from Dockerfile
repository	Build runtime and verification images	2026-09-30T00:25:31.2402100Z #6 transferring dockerfile: 2.90kB done
repository	Build runtime and verification images	2026-09-30T00:25:31.2402393Z #6 DONE 0.0s
repository	Build runtime and verification images	2026-09-30T00:25:31.2402517Z 
repository	Build runtime and verification images	2026-09-30T00:25:31.2403310Z #7 [celery-beat internal] load metadata for gcr.io/distroless/base-debian13:nonroot@sha256:0896741ba5bafd3ac87ea025a5f578952f2d238ddc3614cb368acc983a687aa2
repository	Build runtime and verification images	2026-09-30T00:25:31.4543176Z #7 ...
repository	Build runtime and verification images	2026-09-30T00:25:31.4543453Z 
repository	Build runtime and verification images	2026-09-30T00:25:31.4543902Z #8 [auth] grafana/grafana:pull token for registry-1.docker.io
repository	Build runtime and verification images	2026-09-30T00:25:31.4544484Z #8 DONE 0.0s
repository	Build runtime and verification images	2026-09-30T00:25:31.4544684Z 
repository	Build runtime and verification images	2026-09-30T00:25:31.4545093Z #9 [auth] library/alpine:pull token for registry-1.docker.io
repository	Build runtime and verification images	2026-09-30T00:25:31.4545671Z #9 DONE 0.0s
repository	Build runtime and verification images	2026-09-30T00:25:31.4545866Z 
repository	Build runtime and verification images	2026-09-30T00:25:31.4546273Z #10 [auth] library/node:pull token for registry-1.docker.io
repository	Build runtime and verification images	2026-09-30T00:25:31.4547721Z #10 DONE 0.0s
repository	Build runtime and verification images	2026-09-30T00:25:31.4548114Z 
repository	Build runtime and verification images	2026-09-30T00:25:31.4548369Z #11 [auth] library/python:pull token for registry-1.docker.io
repository	Build runtime and verification images	2026-09-30T00:25:31.4548869Z #11 DONE 0.0s
repository	Build runtime and verification images	2026-09-30T00:25:31.4548995Z 
repository	Build runtime and verification images	2026-09-30T00:25:31.4549239Z #12 [auth] library/golang:pull token for registry-1.docker.io
repository	Build runtime and verification images	2026-09-30T00:25:31.4549572Z #12 DONE 0.0s
repository	Build runtime and verification images	2026-09-30T00:25:31.4549935Z 
repository	Build runtime and verification images	2026-09-30T00:25:31.4550192Z #13 [auth] jaegertracing/jaeger:pull token for registry-1.docker.io
repository	Build runtime and verification images	2026-09-30T00:25:31.4550542Z #13 DONE 0.0s
repository	Build runtime and verification images	2026-09-30T00:25:31.6038484Z 
repository	Build runtime and verification images	2026-09-30T00:25:31.6040098Z #14 [celery-beat internal] load metadata for docker.io/library/python:3.12-slim-trixie@sha256:2f17fc044b579bab302c2e8054d3a686e2cb9a83de48e70534b94cd8ebbe06a9
repository	Build runtime and verification images	2026-09-30T00:25:31.9064414Z #14 ...
repository	Build runtime and verification images	2026-09-30T00:25:31.9064910Z 
repository	Build runtime and verification images	2026-09-30T00:25:31.9066816Z #7 [celery-worker internal] load metadata for gcr.io/distroless/base-debian13:nonroot@sha256:0896741ba5bafd3ac87ea025a5f578952f2d238ddc3614cb368acc983a687aa2
repository	Build runtime and verification images	2026-09-30T00:25:31.9068817Z #7 DONE 0.7s
repository	Build runtime and verification images	2026-09-30T00:25:32.0314450Z 
repository	Build runtime and verification images	2026-09-30T00:25:32.0315909Z #15 [frontend internal] load metadata for docker.io/library/node:22-alpine@sha256:b6f26b36c8ff49624cfdac716b8ea1138d606df02586a77d364bb5536a634f85
repository	Build runtime and verification images	2026-09-30T00:25:32.0317821Z #15 DONE 0.8s
repository	Build runtime and verification images	2026-09-30T00:25:32.0318062Z 
repository	Build runtime and verification images	2026-09-30T00:25:32.0319190Z #16 [minio-init internal] load metadata for docker.io/library/alpine:3.22@sha256:5291449c3df73caf6ed85e649dec1b9e818b39a5d8c871e97afc13e9cd5e8fa8
repository	Build runtime and verification images	2026-09-30T00:25:32.0319909Z #16 DONE 0.8s
repository	Build runtime and verification images	2026-09-30T00:25:32.0320153Z 
repository	Build runtime and verification images	2026-09-30T00:25:32.0320463Z #17 [frontend internal] load .dockerignore
repository	Build runtime and verification images	2026-09-30T00:25:32.0320850Z #17 transferring context: 96B done
repository	Build runtime and verification images	2026-09-30T00:25:32.0321373Z #17 DONE 0.0s
repository	Build runtime and verification images	2026-09-30T00:25:32.0321592Z 
repository	Build runtime and verification images	2026-09-30T00:25:32.0322680Z #18 [minio internal] load metadata for docker.io/library/golang:1.26.8-alpine3.24@sha256:8ac98ca534ac3f51e1f420a1dd2c15e74c75cfa0f23f3ad27eb5d7236c349a0c
repository	Build runtime and verification images	2026-09-30T00:25:32.0323353Z #18 DONE 0.8s
repository	Build runtime and verification images	2026-09-30T00:25:32.0323493Z 
repository	Build runtime and verification images	2026-09-30T00:25:32.0323642Z #19 [minio internal] load .dockerignore
repository	Build runtime and verification images	2026-09-30T00:25:32.0323982Z #19 transferring context: 2B done
repository	Build runtime and verification images	2026-09-30T00:25:32.0324231Z #19 DONE 0.0s
repository	Build runtime and verification images	2026-09-30T00:25:32.0324392Z 
repository	Build runtime and verification images	2026-09-30T00:25:32.0324678Z #20 [frontend internal] load build context
repository	Build runtime and verification images	2026-09-30T00:25:32.0325188Z #20 transferring context: 692.36kB 0.0s done
repository	Build runtime and verification images	2026-09-30T00:25:32.0325619Z #20 DONE 0.0s
repository	Build runtime and verification images	2026-09-30T00:25:32.0325750Z 
repository	Build runtime and verification images	2026-09-30T00:25:32.0326385Z #21 [jaeger internal] load metadata for docker.io/jaegertracing/jaeger:2.21.0@sha256:3d0ac795ff98aa04d1be04311d2dac6c25b4bfc8322dc02e53bc5b170c5018c3
repository	Build runtime and verification images	2026-09-30T00:25:32.0327661Z #21 DONE 0.9s
repository	Build runtime and verification images	2026-09-30T00:25:32.0327824Z 
repository	Build runtime and verification images	2026-09-30T00:25:32.0328395Z #22 [minio-init client 1/4] FROM docker.io/library/alpine:3.22@sha256:5291449c3df73caf6ed85e649dec1b9e818b39a5d8c871e97afc13e9cd5e8fa8
repository	Build runtime and verification images	2026-09-30T00:25:32.0329890Z #22 resolve docker.io/library/alpine:3.22@sha256:5291449c3df73caf6ed85e649dec1b9e818b39a5d8c871e97afc13e9cd5e8fa8 done
repository	Build runtime and verification images	2026-09-30T00:25:32.1398667Z #22 ...
repository	Build runtime and verification images	2026-09-30T00:25:32.1400712Z 
repository	Build runtime and verification images	2026-09-30T00:25:32.1402594Z #23 [jaeger internal] load metadata for docker.io/library/alpine:3.24.2@sha256:294b683cb724975bec92580e1e685676bd4b50bda910ddb8c51d4cabeaec77e6
repository	Build runtime and verification images	2026-09-30T00:25:32.1404048Z #23 DONE 1.0s
repository	Build runtime and verification images	2026-09-30T00:25:32.1404458Z 
repository	Build runtime and verification images	2026-09-30T00:25:32.1404929Z #24 [jaeger internal] load .dockerignore
repository	Build runtime and verification images	2026-09-30T00:25:32.1405760Z #24 transferring context: 2B done
repository	Build runtime and verification images	2026-09-30T00:25:32.1406735Z #24 DONE 0.0s
repository	Build runtime and verification images	2026-09-30T00:25:32.1407170Z 
repository	Build runtime and verification images	2026-09-30T00:25:32.1407646Z #25 [jaeger internal] load build context
repository	Build runtime and verification images	2026-09-30T00:25:32.1408461Z #25 transferring context: 740B done
repository	Build runtime and verification images	2026-09-30T00:25:32.1409179Z #25 DONE 0.0s
repository	Build runtime and verification images	2026-09-30T00:25:32.1409598Z 
repository	Build runtime and verification images	2026-09-30T00:25:32.1411274Z #14 [verification internal] load metadata for docker.io/library/python:3.12-slim-trixie@sha256:2f17fc044b579bab302c2e8054d3a686e2cb9a83de48e70534b94cd8ebbe06a9
repository	Build runtime and verification images	2026-09-30T00:25:32.1413368Z #14 DONE 1.0s
repository	Build runtime and verification images	2026-09-30T00:25:32.1413743Z 
repository	Build runtime and verification images	2026-09-30T00:25:32.1414362Z #26 [migrate internal] load .dockerignore
repository	Build runtime and verification images	2026-09-30T00:25:32.1415156Z #26 transferring context: 105B done
repository	Build runtime and verification images	2026-09-30T00:25:32.1415832Z #26 DONE 0.0s
repository	Build runtime and verification images	2026-09-30T00:25:32.1416228Z 
repository	Build runtime and verification images	2026-09-30T00:25:32.1418191Z #22 [minio-init client 1/4] FROM docker.io/library/alpine:3.22@sha256:5291449c3df73caf6ed85e649dec1b9e818b39a5d8c871e97afc13e9cd5e8fa8
repository	Build runtime and verification images	2026-09-30T00:25:32.1420527Z #22 sha256:5291449c3df73caf6ed85e649dec1b9e818b39a5d8c871e97afc13e9cd5e8fa8 9.22kB / 9.22kB done
repository	Build runtime and verification images	2026-09-30T00:25:32.1423043Z #22 sha256:3e9b4b680bfc9fb5269227cffbd6d42be39fbf7c0b908123913864aa4447e764 1.02kB / 1.02kB done
repository	Build runtime and verification images	2026-09-30T00:25:32.1424607Z #22 sha256:c83674e1999044d33d751661371b873539f47e5b5c5ca3320c7e0377acca6238 611B / 611B done
repository	Build runtime and verification images	2026-09-30T00:25:32.1427489Z #22 sha256:53f8f5e03afd86ade91b7aa57a749f5a3d1419c113be5d8c10e7ee61bb5ab887 3.79MB / 3.79MB 0.1s done
repository	Build runtime and verification images	2026-09-30T00:25:32.1429001Z #22 extracting sha256:53f8f5e03afd86ade91b7aa57a749f5a3d1419c113be5d8c10e7ee61bb5ab887 0.1s
repository	Build runtime and verification images	2026-09-30T00:25:32.2421692Z #22 ...
repository	Build runtime and verification images	2026-09-30T00:25:32.2422472Z 
repository	Build runtime and verification images	2026-09-30T00:25:32.2425754Z #27 [grafana internal] load metadata for docker.io/grafana/grafana:13.2.2@sha256:ac461fb352abc50da10a51c7d02462e9c05488f11f53f14b3ad79a8145f638a0
repository	Build runtime and verification images	2026-09-30T00:25:32.2427737Z #27 DONE 1.1s
repository	Build runtime and verification images	2026-09-30T00:25:32.2428474Z 
repository	Build runtime and verification images	2026-09-30T00:25:32.2429061Z #28 [grafana internal] load .dockerignore
repository	Build runtime and verification images	2026-09-30T00:25:32.2430210Z #28 transferring context: 2B done
repository	Build runtime and verification images	2026-09-30T00:25:32.2430659Z #28 DONE 0.0s
repository	Build runtime and verification images	2026-09-30T00:25:32.2430884Z 
repository	Build runtime and verification images	2026-09-30T00:25:32.2431936Z #22 [minio-init client 1/4] FROM docker.io/library/alpine:3.22@sha256:5291449c3df73caf6ed85e649dec1b9e818b39a5d8c871e97afc13e9cd5e8fa8
repository	Build runtime and verification images	2026-09-30T00:25:32.3455872Z #22 extracting sha256:53f8f5e03afd86ade91b7aa57a749f5a3d1419c113be5d8c10e7ee61bb5ab887 0.2s done
repository	Build runtime and verification images	2026-09-30T00:25:32.3459705Z #22 DONE 0.4s
repository	Build runtime and verification images	2026-09-30T00:25:32.3460118Z 
repository	Build runtime and verification images	2026-09-30T00:25:32.3460601Z #29 [celery-beat internal] load build context
repository	Build runtime and verification images	2026-09-30T00:25:32.3461500Z #29 transferring context: 1.45MB 0.1s done
repository	Build runtime and verification images	2026-09-30T00:25:32.3463139Z #29 DONE 0.1s
repository	Build runtime and verification images	2026-09-30T00:25:32.3463547Z 
repository	Build runtime and verification images	2026-09-30T00:25:32.3464078Z #30 [verification internal] load build context
repository	Build runtime and verification images	2026-09-30T00:25:32.3464945Z #30 transferring context: 2.08MB 0.1s done
repository	Build runtime and verification images	2026-09-30T00:25:32.3465674Z #30 DONE 0.1s
repository	Build runtime and verification images	2026-09-30T00:25:32.3466111Z 
repository	Build runtime and verification images	2026-09-30T00:25:32.3468381Z #31 [verification runtime-os 1/1] FROM gcr.io/distroless/base-debian13:nonroot@sha256:0896741ba5bafd3ac87ea025a5f578952f2d238ddc3614cb368acc983a687aa2
repository	Build runtime and verification images	2026-09-30T00:25:32.3470811Z #31 resolve gcr.io/distroless/base-debian13:nonroot@sha256:0896741ba5bafd3ac87ea025a5f578952f2d238ddc3614cb368acc983a687aa2 0.0s done
repository	Build runtime and verification images	2026-09-30T00:25:32.3472810Z #31 sha256:0896741ba5bafd3ac87ea025a5f578952f2d238ddc3614cb368acc983a687aa2 1.79kB / 1.79kB done
repository	Build runtime and verification images	2026-09-30T00:25:32.3474740Z #31 sha256:cf992c1b1b2f6792527fa80ce3fd623a13fc03cf3a27da59d44f8ab0e105d3ea 3.76kB / 3.76kB done
repository	Build runtime and verification images	2026-09-30T00:25:32.3477008Z #31 sha256:65795e700eda57743efe12537e031042bd7832a19cc23f772acf2057dc7566f1 3.63kB / 3.63kB done
repository	Build runtime and verification images	2026-09-30T00:25:32.4653296Z #31 ...
repository	Build runtime and verification images	2026-09-30T00:25:32.4653993Z 
repository	Build runtime and verification images	2026-09-30T00:25:32.4656592Z #32 [minio-init client-build 3/6] ADD --checksum=sha256:4cea8ed209c8f96e59ea1a5cc4901019b54c2be6d6f5f16c6749ea8bdcf4172e https://codeload.github.com/minio/mc/tar.gz/d6541ea280b73a834b64d4097e21f2be77676104 /tmp/source.tgz
repository	Build runtime and verification images	2026-09-30T00:25:32.4659448Z #32 DONE 0.4s
repository	Build runtime and verification images	2026-09-30T00:25:32.5685880Z 
repository	Build runtime and verification images	2026-09-30T00:25:32.5687854Z #33 [jaeger stage-1 1/4] FROM docker.io/library/alpine:3.24.2@sha256:294b683cb724975bec92580e1e685676bd4b50bda910ddb8c51d4cabeaec77e6
repository	Build runtime and verification images	2026-09-30T00:25:32.5690172Z #33 resolve docker.io/library/alpine:3.24.2@sha256:294b683cb724975bec92580e1e685676bd4b50bda910ddb8c51d4cabeaec77e6 0.0s done
repository	Build runtime and verification images	2026-09-30T00:25:32.5692033Z #33 extracting sha256:e2de96513ba9eb53b431787ec8a65cdde380ac4772a3e4c4b714dcfde2a102b5 0.3s done
repository	Build runtime and verification images	2026-09-30T00:25:32.5693780Z #33 sha256:294b683cb724975bec92580e1e685676bd4b50bda910ddb8c51d4cabeaec77e6 9.22kB / 9.22kB done
repository	Build runtime and verification images	2026-09-30T00:25:32.5695374Z #33 sha256:d56c381f961d307a21b3ca004cf1e3910f106644aefb1f43e654c8a56c4fd395 1.02kB / 1.02kB done
repository	Build runtime and verification images	2026-09-30T00:25:32.5697228Z #33 sha256:320994c3b997e2ec6433f717f153e108023c5bec8fefa8d76b83451d16d05ea8 611B / 611B done
repository	Build runtime and verification images	2026-09-30T00:25:32.5698968Z #33 sha256:e2de96513ba9eb53b431787ec8a65cdde380ac4772a3e4c4b714dcfde2a102b5 3.85MB / 3.85MB 0.1s done
repository	Build runtime and verification images	2026-09-30T00:25:32.5700074Z #33 DONE 0.4s
repository	Build runtime and verification images	2026-09-30T00:25:32.5700455Z 
repository	Build runtime and verification images	2026-09-30T00:25:32.5701803Z #34 [verification runtime-base 1/4] FROM docker.io/library/python:3.12-slim-trixie@sha256:2f17fc044b579bab302c2e8054d3a686e2cb9a83de48e70534b94cd8ebbe06a9
repository	Build runtime and verification images	2026-09-30T00:25:32.5704479Z #34 resolve docker.io/library/python:3.12-slim-trixie@sha256:2f17fc044b579bab302c2e8054d3a686e2cb9a83de48e70534b94cd8ebbe06a9 done
repository	Build runtime and verification images	2026-09-30T00:25:32.5706586Z #34 sha256:2f17fc044b579bab302c2e8054d3a686e2cb9a83de48e70534b94cd8ebbe06a9 10.37kB / 10.37kB done
repository	Build runtime and verification images	2026-09-30T00:25:32.5708333Z #34 sha256:44ff437bba879d4941b710a369a8f19266aea34b29002807f0c487fabc9eec9b 1.75kB / 1.75kB done
repository	Build runtime and verification images	2026-09-30T00:25:32.5710062Z #34 sha256:9e87977b867847e186d066f531ef783b006d582a985c341c269446088d90f2c4 5.65kB / 5.65kB done
repository	Build runtime and verification images	2026-09-30T00:25:33.7405973Z #34 ...
repository	Build runtime and verification images	2026-09-30T00:25:33.7406682Z 
repository	Build runtime and verification images	2026-09-30T00:25:33.7408097Z #35 [minio server-build 3/6] ADD --checksum=sha256:09ffb1ddfa9636348f8d029f9680bb086840dccf9d34370e8462151d28e95f97 https://codeload.github.com/minio/minio/tar.gz/5aebb3970e132ca231508152c0333cb223c83d70 /tmp/source.tgz
repository	Build runtime and verification images	2026-09-30T00:25:33.7409133Z #35 DONE 1.7s
repository	Build runtime and verification images	2026-09-30T00:25:33.8455720Z 
repository	Build runtime and verification images	2026-09-30T00:25:33.8457477Z #34 [verification runtime-base 1/4] FROM docker.io/library/python:3.12-slim-trixie@sha256:2f17fc044b579bab302c2e8054d3a686e2cb9a83de48e70534b94cd8ebbe06a9
repository	Build runtime and verification images	2026-09-30T00:25:33.8459656Z #34 sha256:6b37362b3da78869050b894b799ad4df04f1f3b52774087db0d81151570244c8 2.10MB / 29.83MB 1.7s
repository	Build runtime and verification images	2026-09-30T00:25:33.9462702Z #34 sha256:6b37362b3da78869050b894b799ad4df04f1f3b52774087db0d81151570244c8 11.53MB / 29.83MB 1.8s
repository	Build runtime and verification images	2026-09-30T00:25:34.2457902Z #34 sha256:6b37362b3da78869050b894b799ad4df04f1f3b52774087db0d81151570244c8 22.02MB / 29.83MB 2.1s
repository	Build runtime and verification images	2026-09-30T00:25:34.3459409Z #34 sha256:6b37362b3da78869050b894b799ad4df04f1f3b52774087db0d81151570244c8 29.83MB / 29.83MB 2.2s
repository	Build runtime and verification images	2026-09-30T00:25:34.5585999Z #34 sha256:3764a9a7d1e8a98213ab2201a41dbf3da9c60240ea35a5ea96ab994555070a70 0B / 1.29MB 2.4s
repository	Build runtime and verification images	2026-09-30T00:25:34.6675256Z #34 ...
repository	Build runtime and verification images	2026-09-30T00:25:34.6675887Z 
repository	Build runtime and verification images	2026-09-30T00:25:34.6677780Z #36 [jaeger stage-1 2/4] RUN mkdir -p /etc/jaeger /tmp/badger-v2/key /tmp/badger-v2/data     && chmod 1777 /tmp     && chown -R 10001:0 /tmp/badger-v2
repository	Build runtime and verification images	2026-09-30T00:25:34.6679214Z #36 DONE 2.1s
repository	Build runtime and verification images	2026-09-30T00:25:34.6679635Z 
repository	Build runtime and verification images	2026-09-30T00:25:34.6680790Z #37 [minio-init client 2/4] RUN apk add --no-cache ca-certificates && addgroup -g 10001 minio && adduser -D -u 10001 -G minio minio
repository	Build runtime and verification images	2026-09-30T00:25:34.6682543Z #37 0.248 fetch https://dl-cdn.alpinelinux.org/alpine/v3.22/main/x86_64/APKINDEX.tar.gz
repository	Build runtime and verification images	2026-09-30T00:25:34.6684152Z #37 0.374 fetch https://dl-cdn.alpinelinux.org/alpine/v3.22/community/x86_64/APKINDEX.tar.gz
repository	Build runtime and verification images	2026-09-30T00:25:34.6685444Z #37 0.907 (1/1) Installing ca-certificates (20260909-r0)
repository	Build runtime and verification images	2026-09-30T00:25:34.6686394Z #37 1.820 Executing busybox-1.37.0-r20.trigger
repository	Build runtime and verification images	2026-09-30T00:25:34.6687754Z #37 1.948 Executing ca-certificates-20260909-r0.trigger
repository	Build runtime and verification images	2026-09-30T00:25:34.6688638Z #37 2.045 OK: 8 MiB in 17 packages
repository	Build runtime and verification images	2026-09-30T00:25:34.6689327Z #37 DONE 2.3s
repository	Build runtime and verification images	2026-09-30T00:25:34.6689735Z 
repository	Build runtime and verification images	2026-09-30T00:25:34.6691597Z #34 [verification runtime-base 1/4] FROM docker.io/library/python:3.12-slim-trixie@sha256:2f17fc044b579bab302c2e8054d3a686e2cb9a83de48e70534b94cd8ebbe06a9
repository	Build runtime and verification images	2026-09-30T00:25:34.6693752Z #34 sha256:6b37362b3da78869050b894b799ad4df04f1f3b52774087db0d81151570244c8 29.83MB / 29.83MB 2.5s done
repository	Build runtime and verification images	2026-09-30T00:25:34.6695518Z #34 sha256:3764a9a7d1e8a98213ab2201a41dbf3da9c60240ea35a5ea96ab994555070a70 1.29MB / 1.29MB 2.5s done
repository	Build runtime and verification images	2026-09-30T00:25:34.6697593Z #34 sha256:b0dc7f87bef15c2536cb182d6c48b52f90a0522884ec9eb222f833fa97ffebf0 0B / 12.12MB 2.5s
repository	Build runtime and verification images	2026-09-30T00:25:34.6699208Z #34 sha256:06ad939ed42b51caafb25b14810875d14e0ee0c441d3e2e5e46475fb8c150bca 0B / 249B 2.5s
repository	Build runtime and verification images	2026-09-30T00:25:34.7728081Z #34 extracting sha256:6b37362b3da78869050b894b799ad4df04f1f3b52774087db0d81151570244c8
repository	Build runtime and verification images	2026-09-30T00:25:34.8789523Z #34 ...
repository	Build runtime and verification images	2026-09-30T00:25:34.8790257Z 
repository	Build runtime and verification images	2026-09-30T00:25:34.8791925Z #38 [minio server 2/5] RUN apk add --no-cache ca-certificates && addgroup -g 10001 minio && adduser -D -H -u 10001 -G minio minio     && mkdir /data && chown minio:minio /data
repository	Build runtime and verification images	2026-09-30T00:25:34.8793697Z #38 0.282 fetch https://dl-cdn.alpinelinux.org/alpine/v3.22/main/x86_64/APKINDEX.tar.gz
repository	Build runtime and verification images	2026-09-30T00:25:34.8795310Z #38 0.388 fetch https://dl-cdn.alpinelinux.org/alpine/v3.22/community/x86_64/APKINDEX.tar.gz
repository	Build runtime and verification images	2026-09-30T00:25:34.8796346Z #38 0.918 (1/1) Installing ca-certificates (20260909-r0)
repository	Build runtime and verification images	2026-09-30T00:25:34.8797252Z #38 1.907 Executing busybox-1.37.0-r20.trigger
repository	Build runtime and verification images	2026-09-30T00:25:34.8797968Z #38 2.112 Executing ca-certificates-20260909-r0.trigger
repository	Build runtime and verification images	2026-09-30T00:25:34.8798608Z #38 2.392 OK: 8 MiB in 17 packages
repository	Build runtime and verification images	2026-09-30T00:25:34.8799041Z #38 DONE 2.5s
repository	Build runtime and verification images	2026-09-30T00:25:34.8799252Z 
repository	Build runtime and verification images	2026-09-30T00:25:34.8800448Z #34 [verification runtime-base 1/4] FROM docker.io/library/python:3.12-slim-trixie@sha256:2f17fc044b579bab302c2e8054d3a686e2cb9a83de48e70534b94cd8ebbe06a9
repository	Build runtime and verification images	2026-09-30T00:25:34.8802622Z #34 sha256:b0dc7f87bef15c2536cb182d6c48b52f90a0522884ec9eb222f833fa97ffebf0 12.12MB / 12.12MB 2.6s done
repository	Build runtime and verification images	2026-09-30T00:25:36.2732516Z #34 sha256:06ad939ed42b51caafb25b14810875d14e0ee0c441d3e2e5e46475fb8c150bca 249B / 249B 2.6s done
repository	Build runtime and verification images	2026-09-30T00:25:36.2733513Z #34 ...
repository	Build runtime and verification images	2026-09-30T00:25:36.2733794Z 
repository	Build runtime and verification images	2026-09-30T00:25:36.2735811Z #39 [jaeger upstream 1/1] FROM docker.io/jaegertracing/jaeger:2.21.0@sha256:3d0ac795ff98aa04d1be04311d2dac6c25b4bfc8322dc02e53bc5b170c5018c3
repository	Build runtime and verification images	2026-09-30T00:25:36.2738140Z #39 resolve docker.io/jaegertracing/jaeger:2.21.0@sha256:3d0ac795ff98aa04d1be04311d2dac6c25b4bfc8322dc02e53bc5b170c5018c3 0.0s done
repository	Build runtime and verification images	2026-09-30T00:25:36.2739879Z #39 sha256:3d0ac795ff98aa04d1be04311d2dac6c25b4bfc8322dc02e53bc5b170c5018c3 3.12kB / 3.12kB done
repository	Build runtime and verification images	2026-09-30T00:25:36.2741305Z #39 sha256:35cd1b523cd977d78513d7e4a4474fa0e4aa505e6da956f4438d4d6241e1e5ef 1.24kB / 1.24kB done
repository	Build runtime and verification images	2026-09-30T00:25:36.2742842Z #39 sha256:51f7cf34678178e0bbd51eeaab4104aa8f729eac33f7dfa51fdba5f62b9c3a34 3.96kB / 3.96kB done
repository	Build runtime and verification images	2026-09-30T00:25:36.2745796Z #39 sha256:9926de6285bea63eed6de53a9c3df5168d48ade47715136fd97ff659923b18f8 104.79kB / 104.79kB 0.4s done
repository	Build runtime and verification images	2026-09-30T00:25:36.2748460Z #39 sha256:d9b64a1d4fc60c3461519a71f0a7cdae36d1390c1c37ff487db173f4ce4adf75 20.20kB / 20.20kB 0.5s done
repository	Build runtime and verification images	2026-09-30T00:25:36.2751199Z #39 extracting sha256:9926de6285bea63eed6de53a9c3df5168d48ade47715136fd97ff659923b18f8 0.0s done
repository	Build runtime and verification images	2026-09-30T00:25:36.2752660Z #39 sha256:28ede702a59e8cf964364605d43c280252f12ecdb9c5942efa170e5c12f172fa 50.82MB / 50.82MB 1.7s done
repository	Build runtime and verification images	2026-09-30T00:25:36.2754491Z #39 extracting sha256:d9b64a1d4fc60c3461519a71f0a7cdae36d1390c1c37ff487db173f4ce4adf75 done
repository	Build runtime and verification images	2026-09-30T00:25:36.2756162Z #39 sha256:157d41acf62c2579c488f87f4b829ec3880f5d9982f073ef4fdb94869d2d6e8b 293B / 293B 1.5s done
repository	Build runtime and verification images	2026-09-30T00:25:36.2758343Z #39 extracting sha256:28ede702a59e8cf964364605d43c280252f12ecdb9c5942efa170e5c12f172fa 1.4s done
repository	Build runtime and verification images	2026-09-30T00:25:36.2759833Z #39 extracting sha256:157d41acf62c2579c488f87f4b829ec3880f5d9982f073ef4fdb94869d2d6e8b done
repository	Build runtime and verification images	2026-09-30T00:25:36.2760798Z #39 DONE 4.2s
repository	Build runtime and verification images	2026-09-30T00:25:36.2761877Z 
repository	Build runtime and verification images	2026-09-30T00:25:36.2762563Z #34 [verification runtime-base 1/4] FROM docker.io/library/python:3.12-slim-trixie@sha256:2f17fc044b579bab302c2e8054d3a686e2cb9a83de48e70534b94cd8ebbe06a9
repository	Build runtime and verification images	2026-09-30T00:25:36.4794509Z #34 ...
repository	Build runtime and verification images	2026-09-30T00:25:36.4794769Z 
repository	Build runtime and verification images	2026-09-30T00:25:36.4795599Z #40 [jaeger stage-1 3/4] COPY --from=upstream --chown=10001:0 /cmd/jaeger/jaeger-linux /usr/local/bin/jaeger
repository	Build runtime and verification images	2026-09-30T00:25:36.4797095Z #40 DONE 0.1s
repository	Build runtime and verification images	2026-09-30T00:25:36.4797340Z 
repository	Build runtime and verification images	2026-09-30T00:25:36.4797917Z #41 [jaeger stage-1 4/4] COPY --chown=10001:0 config.yaml /etc/jaeger/config.yaml
repository	Build runtime and verification images	2026-09-30T00:25:36.4798667Z #41 DONE 0.0s
repository	Build runtime and verification images	2026-09-30T00:25:36.6062151Z 
repository	Build runtime and verification images	2026-09-30T00:25:36.6064016Z #31 [verification runtime-os 1/1] FROM gcr.io/distroless/base-debian13:nonroot@sha256:0896741ba5bafd3ac87ea025a5f578952f2d238ddc3614cb368acc983a687aa2
repository	Build runtime and verification images	2026-09-30T00:25:36.6066637Z #31 sha256:2cc7ee286bf3a9e6af5f71756d7fc8e22e23ce65fec9047d774511ffcef79fa8 124.53kB / 124.53kB 3.0s done
repository	Build runtime and verification images	2026-09-30T00:25:36.6068519Z #31 sha256:c172f21841dff4c8cf45cde46589c1c2616cefe7e819965e92e6d3475c428aa0 12.68kB / 12.68kB 2.9s done
repository	Build runtime and verification images	2026-09-30T00:25:36.6070359Z #31 sha256:218cf840d0d95a86231eb9d33d26ac8a520a4299c6096cb70a0c2fb2a87c9e0a 288.06kB / 288.06kB 3.2s done
repository	Build runtime and verification images	2026-09-30T00:25:36.6073591Z #31 sha256:f6069939f718601b38d25ec5ed5631ed047e4da24acec2e252f8f29d251be718 254.67kB / 254.67kB 3.5s done
repository	Build runtime and verification images	2026-09-30T00:25:36.6075214Z #31 extracting sha256:2cc7ee286bf3a9e6af5f71756d7fc8e22e23ce65fec9047d774511ffcef79fa8 0.0s done
repository	Build runtime and verification images	2026-09-30T00:25:36.6077036Z #31 extracting sha256:c172f21841dff4c8cf45cde46589c1c2616cefe7e819965e92e6d3475c428aa0 done
repository	Build runtime and verification images	2026-09-30T00:25:36.6078542Z #31 sha256:d6b1b89eccacc15c2420b2776d72c1dae334a00805ed9af54bf2f71e4d536f28 32.09kB / 32.09kB 3.4s done
repository	Build runtime and verification images	2026-09-30T00:25:36.6080040Z #31 extracting sha256:218cf840d0d95a86231eb9d33d26ac8a520a4299c6096cb70a0c2fb2a87c9e0a 0.1s done
repository	Build runtime and verification images	2026-09-30T00:25:36.6081741Z #31 sha256:2780920e5dbfbe103d03a583ed75345306e572ec5a48cb10361f046767d9f29a 67B / 67B 3.4s done
repository	Build runtime and verification images	2026-09-30T00:25:36.6084138Z #31 sha256:7c12895b777bcaa8ccae0605b4de635b68fc32d60fa08f421dc3818bf55ee212 188B / 188B 3.6s done
repository	Build runtime and verification images	2026-09-30T00:25:36.6085723Z #31 sha256:3214acf345c0cc6bbdb56b698a41ccdefc624a09d6beb0d38b5de0b2303ecaf4 123B / 123B 3.6s done
repository	Build runtime and verification images	2026-09-30T00:25:36.6087481Z #31 extracting sha256:f6069939f718601b38d25ec5ed5631ed047e4da24acec2e252f8f29d251be718 0.1s done
repository	Build runtime and verification images	2026-09-30T00:25:36.6088893Z #31 sha256:52630fc75a18675c530ed9eba5f55eca09b03e91bd5bc15307918bbc1a7e7296 162B / 162B 3.7s done
repository	Build runtime and verification images	2026-09-30T00:25:36.6090734Z #31 sha256:dd64bf2dd177757451a98fcdc999a339c35dee5d9872d8f4dc69c8f3c4dd0112 80B / 80B 3.8s done
repository	Build runtime and verification images	2026-09-30T00:25:36.6092161Z #31 sha256:b839dfae01f66e15c6a8b63520557ed315bdfe036342fa7a0c537259f10d7a9a 351B / 351B 3.8s done
repository	Build runtime and verification images	2026-09-30T00:25:36.6093619Z #31 sha256:ebddc55facdc6b1f7e0f30816a5fc7cc62f38abdf76c0a8b0a0ce52085754795 311B / 311B 3.9s done
repository	Build runtime and verification images	2026-09-30T00:25:36.6094959Z #31 sha256:c4bc6f35ff5e25aa1afe7a148a0b6f10a760f54e298f86a4a4d44b91f1afbfab 143.34kB / 143.34kB 4.2s done
repository	Build runtime and verification images	2026-09-30T00:25:36.6097782Z #31 sha256:b96fe2995f90d0ef0bf14f9b4a67b5f4e77d478e6108166e0565adc9efd6e4a3 0B / 5.08MB 4.4s
repository	Build runtime and verification images	2026-09-30T00:25:36.6099348Z #31 extracting sha256:d6b1b89eccacc15c2420b2776d72c1dae334a00805ed9af54bf2f71e4d536f28 done
repository	Build runtime and verification images	2026-09-30T00:25:36.6100724Z #31 sha256:58c0c263dc73f20a6488f5a19989645aea42be93147eb5a52bf69112982e34a5 0B / 3.07MB 4.4s
repository	Build runtime and verification images	2026-09-30T00:25:36.6102072Z #31 extracting sha256:2780920e5dbfbe103d03a583ed75345306e572ec5a48cb10361f046767d9f29a done
repository	Build runtime and verification images	2026-09-30T00:25:36.6103393Z #31 extracting sha256:7c12895b777bcaa8ccae0605b4de635b68fc32d60fa08f421dc3818bf55ee212 done
repository	Build runtime and verification images	2026-09-30T00:25:36.6104754Z #31 extracting sha256:3214acf345c0cc6bbdb56b698a41ccdefc624a09d6beb0d38b5de0b2303ecaf4 done
repository	Build runtime and verification images	2026-09-30T00:25:36.6106100Z #31 extracting sha256:52630fc75a18675c530ed9eba5f55eca09b03e91bd5bc15307918bbc1a7e7296 done
repository	Build runtime and verification images	2026-09-30T00:25:36.6108257Z #31 extracting sha256:dd64bf2dd177757451a98fcdc999a339c35dee5d9872d8f4dc69c8f3c4dd0112 done
repository	Build runtime and verification images	2026-09-30T00:25:36.6109650Z #31 extracting sha256:b839dfae01f66e15c6a8b63520557ed315bdfe036342fa7a0c537259f10d7a9a done
repository	Build runtime and verification images	2026-09-30T00:25:36.6111024Z #31 extracting sha256:ebddc55facdc6b1f7e0f30816a5fc7cc62f38abdf76c0a8b0a0ce52085754795 done
repository	Build runtime and verification images	2026-09-30T00:25:36.6112422Z #31 sha256:bd8962e292918c50c90edebd9684c053bc386b9c5503acd8fec75d0c6f93a0b7 0B / 372.77kB 4.4s
repository	Build runtime and verification images	2026-09-30T00:25:36.6113795Z #31 extracting sha256:c4bc6f35ff5e25aa1afe7a148a0b6f10a760f54e298f86a4a4d44b91f1afbfab done
repository	Build runtime and verification images	2026-09-30T00:25:36.8561439Z #31 sha256:b96fe2995f90d0ef0bf14f9b4a67b5f4e77d478e6108166e0565adc9efd6e4a3 1.05MB / 5.08MB 4.6s
repository	Build runtime and verification images	2026-09-30T00:25:36.9561198Z #31 sha256:b96fe2995f90d0ef0bf14f9b4a67b5f4e77d478e6108166e0565adc9efd6e4a3 2.10MB / 5.08MB 4.7s
repository	Build runtime and verification images	2026-09-30T00:25:36.9563285Z #31 sha256:58c0c263dc73f20a6488f5a19989645aea42be93147eb5a52bf69112982e34a5 3.07MB / 3.07MB 4.7s
repository	Build runtime and verification images	2026-09-30T00:25:36.9565379Z #31 sha256:bd8962e292918c50c90edebd9684c053bc386b9c5503acd8fec75d0c6f93a0b7 372.77kB / 372.77kB 4.6s done
repository	Build runtime and verification images	2026-09-30T00:25:36.9567656Z #31 sha256:cac2ae0193cb073e7492050b05fc342a888651b4bbc966908c8793f889c299ba 0B / 96.15kB 4.7s
repository	Build runtime and verification images	2026-09-30T00:25:37.0648940Z #31 ...
repository	Build runtime and verification images	2026-09-30T00:25:37.0649642Z 
repository	Build runtime and verification images	2026-09-30T00:25:37.0650400Z #42 [jaeger] exporting to image
repository	Build runtime and verification images	2026-09-30T00:25:37.0651396Z #42 exporting layers 0.5s done
repository	Build runtime and verification images	2026-09-30T00:25:37.0652752Z #42 writing image sha256:63af2ff41fbb3cda2fa921cb76d6a2583bee8a870de16a8244a125abbfe31bec done
repository	Build runtime and verification images	2026-09-30T00:25:37.0654826Z #42 naming to docker.io/library/verity-ci-jaeger done
repository	Build runtime and verification images	2026-09-30T00:25:37.0655867Z #42 DONE 0.5s
repository	Build runtime and verification images	2026-09-30T00:25:37.0656304Z 
repository	Build runtime and verification images	2026-09-30T00:25:37.0657343Z #43 [jaeger] resolving provenance for metadata file
repository	Build runtime and verification images	2026-09-30T00:25:37.0658297Z #43 DONE 0.0s
repository	Build runtime and verification images	2026-09-30T00:25:37.0658827Z 
repository	Build runtime and verification images	2026-09-30T00:25:37.0660422Z #31 [verification runtime-os 1/1] FROM gcr.io/distroless/base-debian13:nonroot@sha256:0896741ba5bafd3ac87ea025a5f578952f2d238ddc3614cb368acc983a687aa2
repository	Build runtime and verification images	2026-09-30T00:25:37.0677905Z #31 sha256:b96fe2995f90d0ef0bf14f9b4a67b5f4e77d478e6108166e0565adc9efd6e4a3 4.19MB / 5.08MB 4.9s
repository	Build runtime and verification images	2026-09-30T00:25:37.0680049Z #31 sha256:58c0c263dc73f20a6488f5a19989645aea42be93147eb5a52bf69112982e34a5 3.07MB / 3.07MB 4.7s done
repository	Build runtime and verification images	2026-09-30T00:25:37.1644857Z #31 ...
repository	Build runtime and verification images	2026-09-30T00:25:37.1645253Z 
repository	Build runtime and verification images	2026-09-30T00:25:37.1646939Z #44 [frontend builder 1/7] FROM docker.io/library/node:22-alpine@sha256:b6f26b36c8ff49624cfdac716b8ea1138d606df02586a77d364bb5536a634f85
repository	Build runtime and verification images	2026-09-30T00:25:37.1648941Z #44 resolve docker.io/library/node:22-alpine@sha256:b6f26b36c8ff49624cfdac716b8ea1138d606df02586a77d364bb5536a634f85 done
repository	Build runtime and verification images	2026-09-30T00:25:37.1650569Z #44 sha256:1a3a899a8294dd12f21fb3f36579c74b05013aacbcf71d6db947dda5e1c59d06 55.68MB / 55.68MB 0.3s done
repository	Build runtime and verification images	2026-09-30T00:25:37.1652022Z #44 sha256:b6f26b36c8ff49624cfdac716b8ea1138d606df02586a77d364bb5536a634f85 6.41kB / 6.41kB done
repository	Build runtime and verification images	2026-09-30T00:25:37.1653563Z #44 sha256:b64da1de5a51067ab8e75f0bc8dbd0905d8894baa22261f439a4572f41291e50 1.72kB / 1.72kB done
repository	Build runtime and verification images	2026-09-30T00:25:37.1655368Z #44 sha256:d8123cc242555fddfbc6735537cc6c78c3e33807fcf82b585c840e8cd36353d9 6.57kB / 6.57kB done
repository	Build runtime and verification images	2026-09-30T00:25:37.1657391Z #44 sha256:e2de96513ba9eb53b431787ec8a65cdde380ac4772a3e4c4b714dcfde2a102b5 3.85MB / 3.85MB 0.2s done
repository	Build runtime and verification images	2026-09-30T00:25:37.1659098Z #44 sha256:65213f1a3de84db18197276d9be6a34fad98eec70604aeaa6821556d932c2676 444B / 444B 0.3s done
repository	Build runtime and verification images	2026-09-30T00:25:37.1660750Z #44 sha256:ec179e2ee07230312183920d42bf49c2ef18644e3d7186ffa92b02dd2e26a835 1.26MB / 1.26MB 0.2s done
repository	Build runtime and verification images	2026-09-30T00:25:37.1662296Z #44 extracting sha256:e2de96513ba9eb53b431787ec8a65cdde380ac4772a3e4c4b714dcfde2a102b5 0.3s done
repository	Build runtime and verification images	2026-09-30T00:25:37.1663762Z #44 extracting sha256:1a3a899a8294dd12f21fb3f36579c74b05013aacbcf71d6db947dda5e1c59d06 4.3s done
repository	Build runtime and verification images	2026-09-30T00:25:37.1665160Z #44 extracting sha256:ec179e2ee07230312183920d42bf49c2ef18644e3d7186ffa92b02dd2e26a835 0.1s done
repository	Build runtime and verification images	2026-09-30T00:25:37.1669658Z #44 extracting sha256:65213f1a3de84db18197276d9be6a34fad98eec70604aeaa6821556d932c2676 done
repository	Build runtime and verification images	2026-09-30T00:25:37.1670620Z #44 DONE 5.1s
repository	Build runtime and verification images	2026-09-30T00:25:37.1670885Z 
repository	Build runtime and verification images	2026-09-30T00:25:37.1671185Z #45 [frontend builder 2/7] WORKDIR /app
repository	Build runtime and verification images	2026-09-30T00:25:37.1671700Z #45 DONE 0.0s
repository	Build runtime and verification images	2026-09-30T00:25:37.1671928Z 
repository	Build runtime and verification images	2026-09-30T00:25:37.1672411Z #46 [frontend builder 3/7] COPY package.json package-lock.json ./
repository	Build runtime and verification images	2026-09-30T00:25:37.1673024Z #46 DONE 0.0s
repository	Build runtime and verification images	2026-09-30T00:25:37.1673255Z 
repository	Build runtime and verification images	2026-09-30T00:25:37.1674438Z #31 [verification runtime-os 1/1] FROM gcr.io/distroless/base-debian13:nonroot@sha256:0896741ba5bafd3ac87ea025a5f578952f2d238ddc3614cb368acc983a687aa2
repository	Build runtime and verification images	2026-09-30T00:25:37.1676247Z #31 sha256:b96fe2995f90d0ef0bf14f9b4a67b5f4e77d478e6108166e0565adc9efd6e4a3 5.08MB / 5.08MB 5.0s done
repository	Build runtime and verification images	2026-09-30T00:25:37.1678185Z #31 sha256:cac2ae0193cb073e7492050b05fc342a888651b4bbc966908c8793f889c299ba 96.15kB / 96.15kB 4.9s done
repository	Build runtime and verification images	2026-09-30T00:25:37.1679690Z #31 extracting sha256:b96fe2995f90d0ef0bf14f9b4a67b5f4e77d478e6108166e0565adc9efd6e4a3
repository	Build runtime and verification images	2026-09-30T00:25:37.2705608Z #31 sha256:b96fe2995f90d0ef0bf14f9b4a67b5f4e77d478e6108166e0565adc9efd6e4a3 5.08MB / 5.08MB 5.0s done
repository	Build runtime and verification images	2026-09-30T00:25:37.2708203Z #31 sha256:cac2ae0193cb073e7492050b05fc342a888651b4bbc966908c8793f889c299ba 96.15kB / 96.15kB 4.9s done
repository	Build runtime and verification images	2026-09-30T00:25:37.8343263Z #31 extracting sha256:b96fe2995f90d0ef0bf14f9b4a67b5f4e77d478e6108166e0565adc9efd6e4a3 0.6s done
repository	Build runtime and verification images	2026-09-30T00:25:38.4651675Z #31 extracting sha256:58c0c263dc73f20a6488f5a19989645aea42be93147eb5a52bf69112982e34a5
repository	Build runtime and verification images	2026-09-30T00:25:38.5655634Z #31 ...
repository	Build runtime and verification images	2026-09-30T00:25:38.5656878Z 
repository	Build runtime and verification images	2026-09-30T00:25:38.5658441Z #47 [frontend runner 3/6] RUN rm -rf /usr/local/lib/node_modules/npm /opt/yarn-*     && rm -f /usr/local/bin/npm /usr/local/bin/npx /usr/local/bin/yarn /usr/local/bin/yarnpkg
repository	Build runtime and verification images	2026-09-30T00:25:38.5660258Z #47 DONE 1.4s
repository	Build runtime and verification images	2026-09-30T00:25:38.5660682Z 
repository	Build runtime and verification images	2026-09-30T00:25:38.5662078Z #31 [verification runtime-os 1/1] FROM gcr.io/distroless/base-debian13:nonroot@sha256:0896741ba5bafd3ac87ea025a5f578952f2d238ddc3614cb368acc983a687aa2
repository	Build runtime and verification images	2026-09-30T00:25:38.7811457Z #31 extracting sha256:58c0c263dc73f20a6488f5a19989645aea42be93147eb5a52bf69112982e34a5 0.3s done
repository	Build runtime and verification images	2026-09-30T00:25:38.7820143Z #31 extracting sha256:bd8962e292918c50c90edebd9684c053bc386b9c5503acd8fec75d0c6f93a0b7 0.0s done
repository	Build runtime and verification images	2026-09-30T00:25:38.9010191Z #31 extracting sha256:bd8962e292918c50c90edebd9684c053bc386b9c5503acd8fec75d0c6f93a0b7 0.0s done
repository	Build runtime and verification images	2026-09-30T00:25:38.9011970Z #31 extracting sha256:cac2ae0193cb073e7492050b05fc342a888651b4bbc966908c8793f889c299ba done
repository	Build runtime and verification images	2026-09-30T00:25:39.1030035Z #31 DONE 6.9s
repository	Build runtime and verification images	2026-09-30T00:25:39.1030353Z 
repository	Build runtime and verification images	2026-09-30T00:25:39.1030661Z #48 [migrate runtime 1/6] WORKDIR /app
repository	Build runtime and verification images	2026-09-30T00:25:39.1031211Z #48 DONE 0.0s
repository	Build runtime and verification images	2026-09-30T00:25:39.1031450Z 
repository	Build runtime and verification images	2026-09-30T00:25:39.1032694Z #34 [verification runtime-base 1/4] FROM docker.io/library/python:3.12-slim-trixie@sha256:2f17fc044b579bab302c2e8054d3a686e2cb9a83de48e70534b94cd8ebbe06a9
repository	Build runtime and verification images	2026-09-30T00:25:39.1034768Z #34 extracting sha256:6b37362b3da78869050b894b799ad4df04f1f3b52774087db0d81151570244c8 2.0s done
repository	Build runtime and verification images	2026-09-30T00:25:39.1036244Z #34 extracting sha256:3764a9a7d1e8a98213ab2201a41dbf3da9c60240ea35a5ea96ab994555070a70 0.2s done
repository	Build runtime and verification images	2026-09-30T00:25:39.1038245Z #34 extracting sha256:b0dc7f87bef15c2536cb182d6c48b52f90a0522884ec9eb222f833fa97ffebf0 2.0s
repository	Build runtime and verification images	2026-09-30T00:25:39.4862452Z #34 extracting sha256:b0dc7f87bef15c2536cb182d6c48b52f90a0522884ec9eb222f833fa97ffebf0 2.4s done
repository	Build runtime and verification images	2026-09-30T00:25:39.5976756Z #34 extracting sha256:b0dc7f87bef15c2536cb182d6c48b52f90a0522884ec9eb222f833fa97ffebf0 2.4s done
repository	Build runtime and verification images	2026-09-30T00:25:39.5978489Z #34 extracting sha256:06ad939ed42b51caafb25b14810875d14e0ee0c441d3e2e5e46475fb8c150bca done
repository	Build runtime and verification images	2026-09-30T00:25:39.7124016Z #34 DONE 7.5s
repository	Build runtime and verification images	2026-09-30T00:25:39.7124508Z 
repository	Build runtime and verification images	2026-09-30T00:25:39.7125407Z #49 [backend runtime-base 2/4] WORKDIR /app
repository	Build runtime and verification images	2026-09-30T00:25:39.7126236Z #49 DONE 0.0s
repository	Build runtime and verification images	2026-09-30T00:25:39.7126450Z 
repository	Build runtime and verification images	2026-09-30T00:25:39.7126837Z #50 [migrate runtime-base 3/4] COPY requirements.lock ./
repository	Build runtime and verification images	2026-09-30T00:25:39.7127965Z #50 DONE 0.0s
repository	Build runtime and verification images	2026-09-30T00:25:39.7128186Z 
repository	Build runtime and verification images	2026-09-30T00:25:39.7129499Z #51 [celery-beat runtime-base 4/4] RUN pip install --no-cache-dir --only-binary=:all: --require-hashes -r requirements.lock     && useradd --create-home --uid 1000 azaeron
repository	Build runtime and verification images	2026-09-30T00:25:42.0217753Z #51 ...
repository	Build runtime and verification images	2026-09-30T00:25:42.0218416Z 
repository	Build runtime and verification images	2026-09-30T00:25:42.0219676Z #52 [minio client-build 1/6] FROM docker.io/library/golang:1.26.8-alpine3.24@sha256:8ac98ca534ac3f51e1f420a1dd2c15e74c75cfa0f23f3ad27eb5d7236c349a0c
repository	Build runtime and verification images	2026-09-30T00:25:42.0221741Z #52 resolve docker.io/library/golang:1.26.8-alpine3.24@sha256:8ac98ca534ac3f51e1f420a1dd2c15e74c75cfa0f23f3ad27eb5d7236c349a0c 0.0s done
repository	Build runtime and verification images	2026-09-30T00:25:42.0223584Z #52 sha256:66f9a494af2b76ecb3eab75ff47166df61caec6d200c59d556b77327493d83a8 1.92kB / 1.92kB done
repository	Build runtime and verification images	2026-09-30T00:25:42.0225073Z #52 sha256:c5fe2bbc8331458475b45686d82e0c28b1161addfe33f1ebac0a715a29587701 2.19kB / 2.19kB done
repository	Build runtime and verification images	2026-09-30T00:25:42.0226877Z #52 sha256:e2de96513ba9eb53b431787ec8a65cdde380ac4772a3e4c4b714dcfde2a102b5 3.85MB / 3.85MB 0.2s done
repository	Build runtime and verification images	2026-09-30T00:25:42.0228523Z #52 sha256:8ac98ca534ac3f51e1f420a1dd2c15e74c75cfa0f23f3ad27eb5d7236c349a0c 10.29kB / 10.29kB done
repository	Build runtime and verification images	2026-09-30T00:25:42.0230038Z #52 extracting sha256:e2de96513ba9eb53b431787ec8a65cdde380ac4772a3e4c4b714dcfde2a102b5 0.3s done
repository	Build runtime and verification images	2026-09-30T00:25:42.0231509Z #52 sha256:4009a0783f338ed55a73885b00ecad4c761c55b29337bc83f4ba5893b456a80c 0B / 247.52kB 0.3s
repository	Build runtime and verification images	2026-09-30T00:25:42.0233031Z #52 sha256:2cb3e687d353c47479f7eb82d6cc1b230f1d252bfefaddbeec9d3de57edf5d49 67.31MB / 67.31MB 1.9s done
repository	Build runtime and verification images	2026-09-30T00:25:42.0234545Z #52 sha256:68ed9cc945387f62e6993f95484c65db531f4a4c6c076363d90fd1d575e36633 126B / 126B 0.5s done
repository	Build runtime and verification images	2026-09-30T00:25:42.0236373Z #52 sha256:4f4fb700ef54461cfa02571ae0db9a0dc1e0cdb5577484a6d75e68dc38e8acc1 32B / 32B 5.6s done
repository	Build runtime and verification images	2026-09-30T00:25:42.0238293Z #52 extracting sha256:4009a0783f338ed55a73885b00ecad4c761c55b29337bc83f4ba5893b456a80c 0.3s done
repository	Build runtime and verification images	2026-09-30T00:25:42.0239648Z #52 extracting sha256:2cb3e687d353c47479f7eb82d6cc1b230f1d252bfefaddbeec9d3de57edf5d49 6.9s
repository	Build runtime and verification images	2026-09-30T00:25:42.2333477Z #52 ...
repository	Build runtime and verification images	2026-09-30T00:25:42.2336177Z 
repository	Build runtime and verification images	2026-09-30T00:25:42.2338270Z #51 [celery-beat runtime-base 4/4] RUN pip install --no-cache-dir --only-binary=:all: --require-hashes -r requirements.lock     && useradd --create-home --uid 1000 azaeron
repository	Build runtime and verification images	2026-09-30T00:25:42.2340455Z #51 2.512 Collecting alembic==1.14.0 (from -r requirements.lock (line 3))
repository	Build runtime and verification images	2026-09-30T00:25:42.3420600Z #51 2.570   Downloading alembic-1.14.0-py3-none-any.whl (233 kB)
repository	Build runtime and verification images	2026-09-30T00:25:42.3421641Z #51 2.621 Collecting amqp==5.4.0 (from -r requirements.lock (line 7))
repository	Build runtime and verification images	2026-09-30T00:25:42.3423034Z #51 2.633   Downloading amqp-5.4.0-py3-none-any.whl (51 kB)
repository	Build runtime and verification images	2026-09-30T00:25:42.3424359Z #51 2.647 Collecting annotated-doc==0.0.5 (from -r requirements.lock (line 11))
repository	Build runtime and verification images	2026-09-30T00:25:42.3425539Z #51 2.658   Downloading annotated_doc-0.0.5-py3-none-any.whl (5.3 kB)
repository	Build runtime and verification images	2026-09-30T00:25:42.3427332Z #51 2.668 Collecting annotated-types==0.8.0 (from -r requirements.lock (line 15))
repository	Build runtime and verification images	2026-09-30T00:25:42.3428144Z #51 ...
repository	Build runtime and verification images	2026-09-30T00:25:42.3428359Z 
repository	Build runtime and verification images	2026-09-30T00:25:42.3429358Z #53 [grafana 1/2] FROM docker.io/grafana/grafana:13.2.2@sha256:ac461fb352abc50da10a51c7d02462e9c05488f11f53f14b3ad79a8145f638a0
repository	Build runtime and verification images	2026-09-30T00:25:42.3431131Z #53 resolve docker.io/grafana/grafana:13.2.2@sha256:ac461fb352abc50da10a51c7d02462e9c05488f11f53f14b3ad79a8145f638a0 done
repository	Build runtime and verification images	2026-09-30T00:25:42.3432741Z #53 sha256:9924c7fe0effe4a5fea08b3451905de54f09fde9d1589463a5f2d02d9ec158bc 2.62kB / 2.62kB done
repository	Build runtime and verification images	2026-09-30T00:25:42.3434440Z #53 sha256:ac461fb352abc50da10a51c7d02462e9c05488f11f53f14b3ad79a8145f638a0 1.08kB / 1.08kB done
repository	Build runtime and verification images	2026-09-30T00:25:42.3436989Z #53 sha256:747aaf291145d9a84a547f1fa4edf48697371db6ab386b81c95ad3a725c20f17 6.68kB / 6.68kB done
repository	Build runtime and verification images	2026-09-30T00:25:42.3438411Z #53 extracting sha256:d29b8861ba88937e242a23869598b880d45819d5d63c6ae634f8ee377dae3716 done
repository	Build runtime and verification images	2026-09-30T00:25:42.3439842Z #53 sha256:d29b8861ba88937e242a23869598b880d45819d5d63c6ae634f8ee377dae3716 140B / 140B 4.7s done
repository	Build runtime and verification images	2026-09-30T00:25:42.3441266Z #53 sha256:50c36ff186b125cadb80cdfe32662273c27f2f2945498a7b58b009caeaee55c7 3.75MB / 3.75MB 4.8s done
repository	Build runtime and verification images	2026-09-30T00:25:42.3442737Z #53 extracting sha256:50c36ff186b125cadb80cdfe32662273c27f2f2945498a7b58b009caeaee55c7 0.8s done
repository	Build runtime and verification images	2026-09-30T00:25:42.3444280Z #53 sha256:96173311c88587e1df8b96aacdacc0f5bf4cbbd409f1f1f0a23597b4f841eb4d 8.73MB / 8.73MB 4.9s done
repository	Build runtime and verification images	2026-09-30T00:25:42.3445778Z #53 sha256:f62726bea4304c0732860d6d505203d13cbd88b9268fcc95dc03ee47c44f60a0 32.55kB / 32.55kB 5.0s done
repository	Build runtime and verification images	2026-09-30T00:25:42.3447744Z #53 sha256:c40ab487b8c1fbaa4676fd652dd8a458d68cbe2b5d21a95afed284076ee113b1 76.01kB / 76.01kB 4.9s done
repository	Build runtime and verification images	2026-09-30T00:25:42.3449320Z #53 sha256:77d7fbf8f524fa2494ffa8a8f6ddac9fcfccae42e43fd940064e0972fd2a311c 301.99MB / 303.20MB 6.7s
repository	Build runtime and verification images	2026-09-30T00:25:42.3450870Z #53 sha256:7a3cd33acbe015d2c11959be6f391127292fc3095b56ea293b870db295f71bf0 156.11MB / 156.11MB 5.9s done
repository	Build runtime and verification images	2026-09-30T00:25:42.3453256Z #53 sha256:795aff3159d742592d9fe125032dca094f2f60d0481b13479276068586939f67 182B / 182B 5.1s done
repository	Build runtime and verification images	2026-09-30T00:25:42.3455386Z #53 sha256:eb20eee6617438a86e17b3d23772b7a1fa123d19e3dfd9d1598e124fb7f22189 1.33kB / 1.33kB 5.4s done
repository	Build runtime and verification images	2026-09-30T00:25:42.3457169Z #53 extracting sha256:96173311c88587e1df8b96aacdacc0f5bf4cbbd409f1f1f0a23597b4f841eb4d 0.4s done
repository	Build runtime and verification images	2026-09-30T00:25:42.3458585Z #53 extracting sha256:c40ab487b8c1fbaa4676fd652dd8a458d68cbe2b5d21a95afed284076ee113b1 done
repository	Build runtime and verification images	2026-09-30T00:25:42.3459959Z #53 extracting sha256:f62726bea4304c0732860d6d505203d13cbd88b9268fcc95dc03ee47c44f60a0 done
repository	Build runtime and verification images	2026-09-30T00:25:42.3461322Z #53 extracting sha256:77d7fbf8f524fa2494ffa8a8f6ddac9fcfccae42e43fd940064e0972fd2a311c 2.9s
repository	Build runtime and verification images	2026-09-30T00:25:42.4442328Z #53 ...
repository	Build runtime and verification images	2026-09-30T00:25:42.4443414Z 
repository	Build runtime and verification images	2026-09-30T00:25:42.4444688Z #51 [celery-beat runtime-base 4/4] RUN pip install --no-cache-dir --only-binary=:all: --require-hashes -r requirements.lock     && useradd --create-home --uid 1000 azaeron
repository	Build runtime and verification images	2026-09-30T00:25:42.4449828Z #51 2.679   Downloading annotated_types-0.8.0-py3-none-any.whl (13 kB)
repository	Build runtime and verification images	2026-09-30T00:25:42.4450856Z #51 2.699 Collecting anyio==4.15.1 (from -r requirements.lock (line 19))
repository	Build runtime and verification images	2026-09-30T00:25:42.4451769Z #51 2.713   Downloading anyio-4.15.1-py3-none-any.whl (132 kB)
repository	Build runtime and verification images	2026-09-30T00:25:42.4452720Z #51 2.739 Collecting argon2-cffi==25.1.0 (from -r requirements.lock (line 26))
repository	Build runtime and verification images	2026-09-30T00:25:42.4453676Z #51 2.751   Downloading argon2_cffi-25.1.0-py3-none-any.whl (14 kB)
repository	Build runtime and verification images	2026-09-30T00:25:42.4454296Z #51 2.768 Collecting argon2-cffi-bindings==26.1.0 (from -r requirements.lock (line 30))
repository	Build runtime and verification images	2026-09-30T00:25:42.5527176Z #51 2.781   Downloading argon2_cffi_bindings-26.1.0-cp310-abi3-manylinux_2_26_x86_64.manylinux_2_28_x86_64.whl (26 kB)
repository	Build runtime and verification images	2026-09-30T00:25:42.5530206Z #51 2.806 Collecting asgiref==3.12.1 (from -r requirements.lock (line 73))
repository	Build runtime and verification images	2026-09-30T00:25:42.5531323Z #51 2.818   Downloading asgiref-3.12.1-py3-none-any.whl (25 kB)
repository	Build runtime and verification images	2026-09-30T00:25:42.5532432Z #51 2.875 Collecting asyncpg==0.30.0 (from -r requirements.lock (line 77))
repository	Build runtime and verification images	2026-09-30T00:25:42.5533921Z #51 2.889   Downloading asyncpg-0.30.0-cp312-cp312-manylinux_2_17_x86_64.manylinux2014_x86_64.whl (3.6 MB)
repository	Build runtime and verification images	2026-09-30T00:25:42.8004662Z #51 3.024      ━━━━━━━━━━━━━━━━━━━━━━━━━━━━━━━━━━━━━━━━ 3.6/3.6 MB 29.2 MB/s eta 0:00:00
repository	Build runtime and verification images	2026-09-30T00:25:42.8006298Z #51 3.085 Collecting bcrypt==4.0.1 (from -r requirements.lock (line 128))
repository	Build runtime and verification images	2026-09-30T00:25:42.8009355Z #51 3.098   Downloading bcrypt-4.0.1-cp36-abi3-manylinux_2_28_x86_64.whl (593 kB)
repository	Build runtime and verification images	2026-09-30T00:25:42.8010975Z #51 3.116      ━━━━━━━━━━━━━━━━━━━━━━━━━━━━━━━━━━━━━━ 593.7/593.7 kB 35.5 MB/s eta 0:00:00
repository	Build runtime and verification images	2026-09-30T00:25:42.9004626Z #51 3.140 Collecting beautifulsoup4==4.12.3 (from -r requirements.lock (line 151))
repository	Build runtime and verification images	2026-09-30T00:25:42.9007092Z #51 3.151   Downloading beautifulsoup4-4.12.3-py3-none-any.whl (147 kB)
repository	Build runtime and verification images	2026-09-30T00:25:42.9008760Z #51 3.170 Collecting billiard==4.3.0 (from -r requirements.lock (line 155))
repository	Build runtime and verification images	2026-09-30T00:25:42.9010309Z #51 3.183   Downloading billiard-4.3.0-py3-none-any.whl (88 kB)
repository	Build runtime and verification images	2026-09-30T00:25:42.9011554Z #51 3.220 Collecting celery==5.4.0 (from -r requirements.lock (line 159))
repository	Build runtime and verification images	2026-09-30T00:25:42.9012714Z #51 3.233   Downloading celery-5.4.0-py3-none-any.whl (425 kB)
repository	Build runtime and verification images	2026-09-30T00:25:43.0184157Z #51 3.298 Collecting certifi==2026.7.22 (from -r requirements.lock (line 163))
repository	Build runtime and verification images	2026-09-30T00:25:43.0185964Z #51 3.311   Downloading certifi-2026.7.22-py3-none-any.whl (136 kB)
repository	Build runtime and verification images	2026-09-30T00:25:43.3220807Z #51 3.496 Collecting cffi==2.1.1 (from -r requirements.lock (line 170))
repository	Build runtime and verification images	2026-09-30T00:25:43.3223216Z #51 3.509   Downloading cffi-2.1.1-cp312-cp312-manylinux2014_x86_64.manylinux_2_17_x86_64.whl (221 kB)
repository	Build runtime and verification images	2026-09-30T00:25:43.4241210Z #51 3.692 Collecting charset-normalizer==3.5.1 (from -r requirements.lock (line 274))
repository	Build runtime and verification images	2026-09-30T00:25:43.4244367Z #51 3.704   Downloading charset_normalizer-3.5.1-cp312-cp312-manylinux2014_x86_64.manylinux_2_17_x86_64.manylinux_2_28_x86_64.whl (248 kB)
repository	Build runtime and verification images	2026-09-30T00:25:43.4246964Z #51 3.734 Collecting click==8.5.0 (from -r requirements.lock (line 448))
repository	Build runtime and verification images	2026-09-30T00:25:43.4248259Z #51 3.746   Downloading click-8.5.0-py3-none-any.whl (125 kB)
repository	Build runtime and verification images	2026-09-30T00:25:43.5408006Z #51 3.763 Collecting click-didyoumean==0.3.1 (from -r requirements.lock (line 457))
repository	Build runtime and verification images	2026-09-30T00:25:43.5412316Z #51 3.775   Downloading click_didyoumean-0.3.1-py3-none-any.whl (3.6 kB)
repository	Build runtime and verification images	2026-09-30T00:25:43.5414942Z #51 3.786 Collecting click-plugins==1.1.1.2 (from -r requirements.lock (line 461))
repository	Build runtime and verification images	2026-09-30T00:25:43.5417963Z #51 3.797   Downloading click_plugins-1.1.1.2-py2.py3-none-any.whl (11 kB)
repository	Build runtime and verification images	2026-09-30T00:25:43.5420212Z #51 3.812 Collecting click-repl==0.4.0 (from -r requirements.lock (line 465))
repository	Build runtime and verification images	2026-09-30T00:25:43.5422064Z #51 3.823   Downloading click_repl-0.4.0-py3-none-any.whl (14 kB)
repository	Build runtime and verification images	2026-09-30T00:25:43.8644210Z #51 4.168 Collecting cryptography==50.0.1 (from -r requirements.lock (line 469))
repository	Build runtime and verification images	2026-09-30T00:25:43.8646261Z #51 4.180   Downloading cryptography-50.0.1-cp311-abi3-manylinux_2_34_x86_64.whl (4.7 MB)
repository	Build runtime and verification images	2026-09-30T00:25:43.9760605Z #51 4.263      ━━━━━━━━━━━━━━━━━━━━━━━━━━━━━━━━━━━━━━━━ 4.7/4.7 MB 58.1 MB/s eta 0:00:00
repository	Build runtime and verification images	2026-09-30T00:25:43.9764605Z #51 4.286 Collecting deprecated==1.3.1 (from -r requirements.lock (line 519))
repository	Build runtime and verification images	2026-09-30T00:25:43.9765906Z #51 4.298   Downloading deprecated-1.3.1-py2.py3-none-any.whl (11 kB)
repository	Build runtime and verification images	2026-09-30T00:25:43.9767344Z #51 4.313 Collecting dnspython==2.8.0 (from -r requirements.lock (line 526))
repository	Build runtime and verification images	2026-09-30T00:25:44.0842088Z #51 4.324   Downloading dnspython-2.8.0-py3-none-any.whl (331 kB)
repository	Build runtime and verification images	2026-09-30T00:25:44.0843344Z #51 4.350 Collecting email-validator==2.2.0 (from -r requirements.lock (line 530))
repository	Build runtime and verification images	2026-09-30T00:25:44.0844480Z #51 4.365   Downloading email_validator-2.2.0-py3-none-any.whl (33 kB)
repository	Build runtime and verification images	2026-09-30T00:25:44.2593557Z #51 4.421 Collecting fastapi==0.141.1 (from -r requirements.lock (line 534))
repository	Build runtime and verification images	2026-09-30T00:25:44.2595119Z #51 4.432   Downloading fastapi-0.141.1-py3-none-any.whl (131 kB)
repository	Build runtime and verification images	2026-09-30T00:25:44.2596761Z #51 4.464 Collecting googleapis-common-protos==1.75.0 (from -r requirements.lock (line 538))
repository	Build runtime and verification images	2026-09-30T00:25:44.2598341Z #51 4.476   Downloading googleapis_common_protos-1.75.0-py3-none-any.whl (300 kB)
repository	Build runtime and verification images	2026-09-30T00:25:44.3702246Z #51 4.694 Collecting greenlet==3.5.6 (from -r requirements.lock (line 542))
repository	Build runtime and verification images	2026-09-30T00:25:44.6155123Z #51 4.707   Downloading greenlet-3.5.6-cp312-cp312-manylinux_2_24_x86_64.manylinux_2_28_x86_64.whl (621 kB)
repository	Build runtime and verification images	2026-09-30T00:25:44.6157571Z #51 4.713      ━━━━━━━━━━━━━━━━━━━━━━━━━━━━━━━━━━━━━ 621.4/621.4 kB 179.3 MB/s eta 0:00:00
repository	Build runtime and verification images	2026-09-30T00:25:45.2054914Z #51 5.538 Collecting grpcio==1.84.0 (from -r requirements.lock (line 623))
repository	Build runtime and verification images	2026-09-30T00:25:45.3097884Z #51 5.551   Downloading grpcio-1.84.0-cp312-cp312-manylinux2014_x86_64.manylinux_2_17_x86_64.whl (7.2 MB)
repository	Build runtime and verification images	2026-09-30T00:25:45.3098989Z #51 5.631      ━━━━━━━━━━━━━━━━━━━━━━━━━━━━━━━━━━━━━━━━ 7.2/7.2 MB 93.9 MB/s eta 0:00:00
repository	Build runtime and verification images	2026-09-30T00:25:45.4122413Z #51 5.647 Collecting h11==0.16.0 (from -r requirements.lock (line 686))
repository	Build runtime and verification images	2026-09-30T00:25:45.4123438Z #51 5.661   Downloading h11-0.16.0-py3-none-any.whl (37 kB)
repository	Build runtime and verification images	2026-09-30T00:25:45.4124426Z #51 5.680 Collecting httpcore==1.0.9 (from -r requirements.lock (line 692))
repository	Build runtime and verification images	2026-09-30T00:25:45.4125386Z #51 5.691   Downloading httpcore-1.0.9-py3-none-any.whl (78 kB)
repository	Build runtime and verification images	2026-09-30T00:25:45.4126637Z #51 5.731 Collecting httptools==0.8.0 (from -r requirements.lock (line 696))
repository	Build runtime and verification images	2026-09-30T00:25:45.4128168Z #51 5.749   Downloading httptools-0.8.0-cp312-cp312-manylinux1_x86_64.manylinux_2_28_x86_64.manylinux_2_5_x86_64.whl (523 kB)
repository	Build runtime and verification images	2026-09-30T00:25:45.5221873Z #51 5.767 Collecting httpx==0.27.0 (from -r requirements.lock (line 748))
repository	Build runtime and verification images	2026-09-30T00:25:45.5224093Z #51 5.779   Downloading httpx-0.27.0-py3-none-any.whl (75 kB)
repository	Build runtime and verification images	2026-09-30T00:25:45.5225137Z #51 5.797 Collecting idna==3.20 (from -r requirements.lock (line 752))
repository	Build runtime and verification images	2026-09-30T00:25:45.5226777Z #51 5.813   Downloading idna-3.20-py3-none-any.whl (69 kB)
repository	Build runtime and verification images	2026-09-30T00:25:45.5228285Z #51 5.846 Collecting importlib-metadata==8.5.0 (from -r requirements.lock (line 759))
repository	Build runtime and verification images	2026-09-30T00:25:45.5230073Z #51 5.859   Downloading importlib_metadata-8.5.0-py3-none-any.whl (26 kB)
repository	Build runtime and verification images	2026-09-30T00:25:45.7455294Z #51 5.876 Collecting itsdangerous==2.2.0 (from -r requirements.lock (line 763))
repository	Build runtime and verification images	2026-09-30T00:25:45.7456734Z #51 5.887   Downloading itsdangerous-2.2.0-py3-none-any.whl (16 kB)
repository	Build runtime and verification images	2026-09-30T00:25:45.7457775Z #51 5.920 Collecting kombu==5.6.2 (from -r requirements.lock (line 767))
repository	Build runtime and verification images	2026-09-30T00:25:45.7458719Z #51 5.932   Downloading kombu-5.6.2-py3-none-any.whl (214 kB)
repository	Build runtime and verification images	2026-09-30T00:25:46.1714081Z #51 6.351 Collecting lxml==6.1.3 (from -r requirements.lock (line 771))
repository	Build runtime and verification images	2026-09-30T00:25:46.1715048Z #51 6.363   Downloading lxml-6.1.3-cp312-cp312-manylinux_2_26_x86_64.manylinux_2_28_x86_64.whl (5.2 MB)
repository	Build runtime and verification images	2026-09-30T00:25:46.1716209Z #51 6.405      ━━━━━━━━━━━━━━━━━━━━━━━━━━━━━━━━━━━━━━━━ 5.2/5.2 MB 129.2 MB/s eta 0:00:00
repository	Build runtime and verification images	2026-09-30T00:25:46.1718036Z #51 6.427 Collecting mako==1.4.1 (from -r requirements.lock (line 949))
repository	Build runtime and verification images	2026-09-30T00:25:46.1718783Z #51 6.437   Downloading mako-1.4.1-py3-none-any.whl (80 kB)
repository	Build runtime and verification images	2026-09-30T00:25:46.3191779Z #51 6.507 Collecting markupsafe==3.0.3 (from -r requirements.lock (line 953))
repository	Build runtime and verification images	2026-09-30T00:25:46.3193700Z #51 6.518   Downloading markupsafe-3.0.3-cp312-cp312-manylinux2014_x86_64.manylinux_2_17_x86_64.manylinux_2_28_x86_64.whl (22 kB)
repository	Build runtime and verification images	2026-09-30T00:25:46.3195461Z #51 6.554 Collecting minio==7.2.12 (from -r requirements.lock (line 1044))
repository	Build runtime and verification images	2026-09-30T00:25:46.3196862Z #51 6.569   Downloading minio-7.2.12-py3-none-any.whl (94 kB)
repository	Build runtime and verification images	2026-09-30T00:25:46.6384295Z #51 6.873 Collecting numpy==2.5.3 (from -r requirements.lock (line 1048))
repository	Build runtime and verification images	2026-09-30T00:25:46.6386264Z #51 6.886   Downloading numpy-2.5.3-cp312-cp312-manylinux_2_27_x86_64.manylinux_2_28_x86_64.whl (16.7 MB)
repository	Build runtime and verification images	2026-09-30T00:25:46.7430191Z #51 6.975      ━━━━━━━━━━━━━━━━━━━━━━━━━━━━━━━━━━━━━━━ 16.7/16.7 MB 195.1 MB/s eta 0:00:00
repository	Build runtime and verification images	2026-09-30T00:25:46.7431707Z #51 7.018 Collecting opentelemetry-api==1.28.0 (from -r requirements.lock (line 1116))
repository	Build runtime and verification images	2026-09-30T00:25:46.7434435Z #51 7.032   Downloading opentelemetry_api-1.28.0-py3-none-any.whl (64 kB)
repository	Build runtime and verification images	2026-09-30T00:25:46.7437745Z #51 7.042 Collecting opentelemetry-exporter-otlp-proto-common==1.28.0 (from -r requirements.lock (line 1127))
repository	Build runtime and verification images	2026-09-30T00:25:46.7439959Z #51 7.054   Downloading opentelemetry_exporter_otlp_proto_common-1.28.0-py3-none-any.whl (18 kB)
repository	Build runtime and verification images	2026-09-30T00:25:46.7441504Z #51 7.073 Collecting opentelemetry-exporter-otlp-proto-grpc==1.28.0 (from -r requirements.lock (line 1131))
repository	Build runtime and verification images	2026-09-30T00:25:46.8470157Z #51 7.088   Downloading opentelemetry_exporter_otlp_proto_grpc-1.28.0-py3-none-any.whl (18 kB)
repository	Build runtime and verification images	2026-09-30T00:25:46.8471913Z #51 7.116 Collecting opentelemetry-instrumentation==0.49b0 (from -r requirements.lock (line 1135))
repository	Build runtime and verification images	2026-09-30T00:25:46.8473289Z #51 7.127   Downloading opentelemetry_instrumentation-0.49b0-py3-none-any.whl (30 kB)
repository	Build runtime and verification images	2026-09-30T00:25:46.8474664Z #51 7.153 Collecting opentelemetry-instrumentation-asgi==0.49b0 (from -r requirements.lock (line 1141))
repository	Build runtime and verification images	2026-09-30T00:25:46.8478446Z #51 7.166   Downloading opentelemetry_instrumentation_asgi-0.49b0-py3-none-any.whl (16 kB)
repository	Build runtime and verification images	2026-09-30T00:25:46.8480005Z #51 7.183 Collecting opentelemetry-instrumentation-fastapi==0.49b0 (from -r requirements.lock (line 1145))
repository	Build runtime and verification images	2026-09-30T00:25:46.9607780Z #51 7.198   Downloading opentelemetry_instrumentation_fastapi-0.49b0-py3-none-any.whl (12 kB)
repository	Build runtime and verification images	2026-09-30T00:25:46.9609083Z #51 7.219 Collecting opentelemetry-proto==1.28.0 (from -r requirements.lock (line 1149))
repository	Build runtime and verification images	2026-09-30T00:25:46.9610125Z #51 7.231   Downloading opentelemetry_proto-1.28.0-py3-none-any.whl (55 kB)
repository	Build runtime and verification images	2026-09-30T00:25:46.9611194Z #51 7.255 Collecting opentelemetry-sdk==1.28.0 (from -r requirements.lock (line 1155))
repository	Build runtime and verification images	2026-09-30T00:25:46.9612203Z #51 7.268   Downloading opentelemetry_sdk-1.28.0-py3-none-any.whl (118 kB)
repository	Build runtime and verification images	2026-09-30T00:25:47.0797800Z #51 7.295 Collecting opentelemetry-semantic-conventions==0.49b0 (from -r requirements.lock (line 1161))
repository	Build runtime and verification images	2026-09-30T00:25:47.0872707Z #51 7.307   Downloading opentelemetry_semantic_conventions-0.49b0-py3-none-any.whl (159 kB)
repository	Build runtime and verification images	2026-09-30T00:25:47.0875622Z #51 7.339 Collecting opentelemetry-util-http==0.49b0 (from -r requirements.lock (line 1169))
repository	Build runtime and verification images	2026-09-30T00:25:47.0883655Z #51 7.356   Downloading opentelemetry_util_http-0.49b0-py3-none-any.whl (6.9 kB)
repository	Build runtime and verification images	2026-09-30T00:25:47.0887046Z #51 7.379 Collecting packaging==26.3 (from -r requirements.lock (line 1175))
repository	Build runtime and verification images	2026-09-30T00:25:47.2331476Z #51 7.416   Downloading packaging-26.3-py3-none-any.whl (129 kB)
repository	Build runtime and verification images	2026-09-30T00:25:47.2357799Z #51 7.449 Collecting pdfminer-six==20260107 (from -r requirements.lock (line 1181))
repository	Build runtime and verification images	2026-09-30T00:25:47.2367707Z #51 7.462   Downloading pdfminer_six-20260107-py3-none-any.whl (6.6 MB)
repository	Build runtime and verification images	2026-09-30T00:25:47.2368857Z #51 ...
repository	Build runtime and verification images	2026-09-30T00:25:47.2369293Z 
repository	Build runtime and verification images	2026-09-30T00:25:47.2369645Z #54 [frontend builder 4/7] RUN npm ci
repository	Build runtime and verification images	2026-09-30T00:25:47.2372180Z #54 9.235 npm warn deprecated recharts@2.15.4: 1.x and 2.x branches are no longer active. Bump to Recharts v3 to receive latest features and bugfixes. See https://github.com/recharts/recharts/wiki/3.0-migration-guide
repository	Build runtime and verification images	2026-09-30T00:25:47.2374173Z #54 9.628 npm warn deprecated eslint@9.39.5: This version is no longer supported. Please see https://eslint.org/version-support for other options.
repository	Build runtime and verification images	2026-09-30T00:25:47.4424193Z #54 ...
repository	Build runtime and verification images	2026-09-30T00:25:47.4437259Z 
repository	Build runtime and verification images	2026-09-30T00:25:47.4438839Z #51 [celery-beat runtime-base 4/4] RUN pip install --no-cache-dir --only-binary=:all: --require-hashes -r requirements.lock     && useradd --create-home --uid 1000 azaeron
repository	Build runtime and verification images	2026-09-30T00:25:47.4441068Z #51 7.569      ━━━━━━━━━━━━━━━━━━━━━━━━━━━━━━━━━━━━━━━━ 6.6/6.6 MB 281.9 MB/s eta 0:00:00
repository	Build runtime and verification images	2026-09-30T00:25:47.4442730Z #51 7.588 Collecting pdfplumber==0.11.10 (from -r requirements.lock (line 1185))
repository	Build runtime and verification images	2026-09-30T00:25:47.4443970Z #51 7.599   Downloading pdfplumber-0.11.10-py3-none-any.whl (60 kB)
repository	Build runtime and verification images	2026-09-30T00:25:47.4445126Z #51 7.615 Collecting pgvector==0.3.0 (from -r requirements.lock (line 1189))
repository	Build runtime and verification images	2026-09-30T00:25:47.4446267Z #51 7.628   Downloading pgvector-0.3.0-py2.py3-none-any.whl (23 kB)
repository	Build runtime and verification images	2026-09-30T00:25:47.5816327Z #51 7.833 Collecting pillow==12.3.0 (from -r requirements.lock (line 1192))
repository	Build runtime and verification images	2026-09-30T00:25:47.5838104Z #51 7.847   Downloading pillow-12.3.0-cp312-cp312-manylinux_2_27_x86_64.manylinux_2_28_x86_64.whl (6.9 MB)
repository	Build runtime and verification images	2026-09-30T00:25:47.5867801Z #51 7.875      ━━━━━━━━━━━━━━━━━━━━━━━━━━━━━━━━━━━━━━━━ 6.9/6.9 MB 296.8 MB/s eta 0:00:00
repository	Build runtime and verification images	2026-09-30T00:25:47.5897506Z #51 7.905 Collecting prometheus-client==0.21.0 (from -r requirements.lock (line 1281))
repository	Build runtime and verification images	2026-09-30T00:25:47.8107103Z #51 7.919   Downloading prometheus_client-0.21.0-py3-none-any.whl (54 kB)
repository	Build runtime and verification images	2026-09-30T00:25:47.8108646Z #51 7.955 Collecting prompt-toolkit==3.0.53 (from -r requirements.lock (line 1285))
repository	Build runtime and verification images	2026-09-30T00:25:47.8109981Z #51 7.966   Downloading prompt_toolkit-3.0.53-py3-none-any.whl (392 kB)
repository	Build runtime and verification images	2026-09-30T00:25:47.9623398Z #51 8.148 Collecting protobuf==5.29.6 (from -r requirements.lock (line 1289))
repository	Build runtime and verification images	2026-09-30T00:25:48.1155594Z #51 8.313   Downloading protobuf-5.29.6-cp38-abi3-manylinux2014_x86_64.whl (320 kB)
repository	Build runtime and verification images	2026-09-30T00:25:48.1166782Z #51 8.328 Collecting pycparser==3.0 (from -r requirements.lock (line 1304))
repository	Build runtime and verification images	2026-09-30T00:25:48.1177863Z #51 8.339   Downloading pycparser-3.0-py3-none-any.whl (48 kB)
repository	Build runtime and verification images	2026-09-30T00:25:48.3066615Z #51 8.452 Collecting pycryptodome==3.23.0 (from -r requirements.lock (line 1308))
repository	Build runtime and verification images	2026-09-30T00:25:48.3084983Z #51 8.465   Downloading pycryptodome-3.23.0-cp37-abi3-manylinux_2_17_x86_64.manylinux2014_x86_64.whl (2.3 MB)
repository	Build runtime and verification images	2026-09-30T00:25:48.3087035Z #51 8.494      ━━━━━━━━━━━━━━━━━━━━━━━━━━━━━━━━━━━━━━━━ 2.3/2.3 MB 99.7 MB/s eta 0:00:00
repository	Build runtime and verification images	2026-09-30T00:25:48.4535601Z #51 8.667 Collecting pydantic==2.13.5 (from -r requirements.lock (line 1351))
repository	Build runtime and verification images	2026-09-30T00:25:48.4563526Z #51 8.677   Downloading pydantic-2.13.5-py3-none-any.whl (472 kB)
repository	Build runtime and verification images	2026-09-30T00:25:49.6291766Z #51 9.953 Collecting pydantic-core==2.46.5 (from -r requirements.lock (line 1358))
repository	Build runtime and verification images	2026-09-30T00:25:49.6293512Z #51 9.966   Downloading pydantic_core-2.46.5-cp312-cp312-manylinux_2_17_x86_64.manylinux2014_x86_64.whl (2.1 MB)
repository	Build runtime and verification images	2026-09-30T00:25:49.8018682Z #51 ...
repository	Build runtime and verification images	2026-09-30T00:25:49.8019275Z 
repository	Build runtime and verification images	2026-09-30T00:25:49.8020738Z #52 [minio-init client-build 1/6] FROM docker.io/library/golang:1.26.8-alpine3.24@sha256:8ac98ca534ac3f51e1f420a1dd2c15e74c75cfa0f23f3ad27eb5d7236c349a0c
repository	Build runtime and verification images	2026-09-30T00:25:49.8022847Z #52 extracting sha256:2cb3e687d353c47479f7eb82d6cc1b230f1d252bfefaddbeec9d3de57edf5d49 11.8s done
repository	Build runtime and verification images	2026-09-30T00:25:49.8024522Z #52 extracting sha256:68ed9cc945387f62e6993f95484c65db531f4a4c6c076363d90fd1d575e36633 done
repository	Build runtime and verification images	2026-09-30T00:25:49.8026098Z #52 extracting sha256:4f4fb700ef54461cfa02571ae0db9a0dc1e0cdb5577484a6d75e68dc38e8acc1 done
repository	Build runtime and verification images	2026-09-30T00:25:49.8027801Z #52 DONE 17.7s
repository	Build runtime and verification images	2026-09-30T00:25:49.8028302Z 
repository	Build runtime and verification images	2026-09-30T00:25:49.8028778Z #55 [minio client-build 2/6] WORKDIR /src
repository	Build runtime and verification images	2026-09-30T00:25:49.8029556Z #55 DONE 0.0s
repository	Build runtime and verification images	2026-09-30T00:25:49.8030034Z 
repository	Build runtime and verification images	2026-09-30T00:25:49.8032036Z #56 [minio-init client-build 3/6] ADD --checksum=sha256:4cea8ed209c8f96e59ea1a5cc4901019b54c2be6d6f5f16c6749ea8bdcf4172e https://codeload.github.com/minio/mc/tar.gz/d6541ea280b73a834b64d4097e21f2be77676104 /tmp/source.tgz
repository	Build runtime and verification images	2026-09-30T00:25:49.8034244Z #56 DONE 0.0s
repository	Build runtime and verification images	2026-09-30T00:25:49.8034742Z 
repository	Build runtime and verification images	2026-09-30T00:25:49.8037097Z #57 [minio server-build 3/6] ADD --checksum=sha256:09ffb1ddfa9636348f8d029f9680bb086840dccf9d34370e8462151d28e95f97 https://codeload.github.com/minio/minio/tar.gz/5aebb3970e132ca231508152c0333cb223c83d70 /tmp/source.tgz
repository	Build runtime and verification images	2026-09-30T00:25:49.8039066Z #57 DONE 0.1s
repository	Build runtime and verification images	2026-09-30T00:25:49.8039529Z 
repository	Build runtime and verification images	2026-09-30T00:25:49.8041279Z #51 [celery-beat runtime-base 4/4] RUN pip install --no-cache-dir --only-binary=:all: --require-hashes -r requirements.lock     && useradd --create-home --uid 1000 azaeron
repository	Build runtime and verification images	2026-09-30T00:25:49.8043910Z #51 9.983      ━━━━━━━━━━━━━━━━━━━━━━━━━━━━━━━━━━━━━━━━ 2.1/2.1 MB 169.9 MB/s eta 0:00:00
repository	Build runtime and verification images	2026-09-30T00:25:49.8045312Z #51 10.01 Collecting pydantic-settings==2.15.0 (from -r requirements.lock (line 1480))
repository	Build runtime and verification images	2026-09-30T00:25:49.8047093Z #51 10.02   Downloading pydantic_settings-2.15.0-py3-none-any.whl (69 kB)
repository	Build runtime and verification images	2026-09-30T00:25:49.8048466Z #51 10.05 Collecting pyjwt==2.14.0 (from -r requirements.lock (line 1484))
repository	Build runtime and verification images	2026-09-30T00:25:49.8049704Z #51 10.06   Downloading pyjwt-2.14.0-py3-none-any.whl (32 kB)
repository	Build runtime and verification images	2026-09-30T00:25:50.0515097Z #51 10.38 Collecting pypdfium2==5.13.0 (from -r requirements.lock (line 1488))
repository	Build runtime and verification images	2026-09-30T00:25:50.1658131Z #51 10.39   Downloading pypdfium2-5.13.0-py3-none-manylinux_2_17_x86_64.manylinux2014_x86_64.whl (3.7 MB)
repository	Build runtime and verification images	2026-09-30T00:25:50.1677920Z #51 10.43      ━━━━━━━━━━━━━━━━━━━━━━━━━━━━━━━━━━━━━━━━ 3.7/3.7 MB 110.0 MB/s eta 0:00:00
repository	Build runtime and verification images	2026-09-30T00:25:50.1697311Z #51 10.45 Collecting pyphen==0.18.1 (from -r requirements.lock (line 1512))
repository	Build runtime and verification images	2026-09-30T00:25:50.1726197Z #51 10.47   Downloading pyphen-0.18.1-py3-none-any.whl (2.1 MB)
repository	Build runtime and verification images	2026-09-30T00:25:50.3161738Z #51 ...
repository	Build runtime and verification images	2026-09-30T00:25:50.3186911Z 
repository	Build runtime and verification images	2026-09-30T00:25:50.3188133Z #58 [minio-init client-build 4/6] RUN tar -xzf /tmp/source.tgz --strip-components=1 && rm /tmp/source.tgz
repository	Build runtime and verification images	2026-09-30T00:25:50.3216976Z #58 DONE 0.5s
repository	Build runtime and verification images	2026-09-30T00:25:50.3256798Z 
repository	Build runtime and verification images	2026-09-30T00:25:50.3278035Z #51 [celery-beat runtime-base 4/4] RUN pip install --no-cache-dir --only-binary=:all: --require-hashes -r requirements.lock     && useradd --create-home --uid 1000 azaeron
repository	Build runtime and verification images	2026-09-30T00:25:50.3287809Z #51 10.50      ━━━━━━━━━━━━━━━━━━━━━━━━━━━━━━━━━━━━━━━━ 2.1/2.1 MB 157.9 MB/s eta 0:00:00
repository	Build runtime and verification images	2026-09-30T00:25:50.3313294Z #51 10.53 Collecting python-dateutil==2.9.0 (from -r requirements.lock (line 1516))
repository	Build runtime and verification images	2026-09-30T00:25:50.3337429Z #51 10.56   Downloading python_dateutil-2.9.0-py2.py3-none-any.whl (230 kB)
repository	Build runtime and verification images	2026-09-30T00:25:50.4667858Z #51 10.65 Collecting python-docx==1.1.2 (from -r requirements.lock (line 1522))
repository	Build runtime and verification images	2026-09-30T00:25:50.4677397Z #51 10.71   Downloading python_docx-1.1.2-py3-none-any.whl (244 kB)
repository	Build runtime and verification images	2026-09-30T00:25:50.4706842Z #51 10.71 Collecting python-dotenv==1.2.3 (from -r requirements.lock (line 1526))
repository	Build runtime and verification images	2026-09-30T00:25:50.4727322Z #51 10.72   Downloading python_dotenv-1.2.3-py3-none-any.whl (22 kB)
repository	Build runtime and verification images	2026-09-30T00:25:50.5857903Z #51 10.85 Collecting python-multipart==0.0.32 (from -r requirements.lock (line 1532))
repository	Build runtime and verification images	2026-09-30T00:25:50.5867399Z #51 10.87   Downloading python_multipart-0.0.32-py3-none-any.whl (30 kB)
repository	Build runtime and verification images	2026-09-30T00:25:50.8168787Z #51 11.12 Collecting pyyaml==6.0.3 (from -r requirements.lock (line 1536))
repository	Build runtime and verification images	2026-09-30T00:25:50.8187906Z #51 11.14   Downloading pyyaml-6.0.3-cp312-cp312-manylinux2014_x86_64.manylinux_2_17_x86_64.manylinux_2_28_x86_64.whl (807 kB)
repository	Build runtime and verification images	2026-09-30T00:25:50.9529975Z #51 11.15      ━━━━━━━━━━━━━━━━━━━━━━━━━━━━━━━━━━━━━ 807.9/807.9 kB 477.4 MB/s eta 0:00:00
repository	Build runtime and verification images	2026-09-30T00:25:50.9542807Z #51 11.22 Collecting redis==5.2.0 (from -r requirements.lock (line 1611))
repository	Build runtime and verification images	2026-09-30T00:25:51.0933243Z #51 11.33   Downloading redis-5.2.0-py3-none-any.whl (261 kB)
repository	Build runtime and verification images	2026-09-30T00:25:51.2107691Z #51 ...
repository	Build runtime and verification images	2026-09-30T00:25:51.2137875Z 
repository	Build runtime and verification images	2026-09-30T00:25:51.2147781Z #59 [minio server-build 4/6] RUN tar -xzf /tmp/source.tgz --strip-components=1 && rm /tmp/source.tgz
repository	Build runtime and verification images	2026-09-30T00:25:51.2171214Z #59 DONE 1.3s
repository	Build runtime and verification images	2026-09-30T00:25:51.3206884Z 
repository	Build runtime and verification images	2026-09-30T00:25:51.3208970Z #51 [celery-beat runtime-base 4/4] RUN pip install --no-cache-dir --only-binary=:all: --require-hashes -r requirements.lock     && useradd --create-home --uid 1000 azaeron
repository	Build runtime and verification images	2026-09-30T00:25:51.3210938Z #51 11.58 Collecting setuptools==84.0.0 (from -r requirements.lock (line 1615))
repository	Build runtime and verification images	2026-09-30T00:25:51.3212494Z #51 11.60   Downloading setuptools-84.0.0-py3-none-any.whl (818 kB)
repository	Build runtime and verification images	2026-09-30T00:25:51.3214027Z #51 11.62      ━━━━━━━━━━━━━━━━━━━━━━━━━━━━━━━━━━━━━ 818.2/818.2 kB 285.6 MB/s eta 0:00:00
repository	Build runtime and verification images	2026-09-30T00:25:51.3215415Z #51 11.66 Collecting six==1.17.0 (from -r requirements.lock (line 1619))
repository	Build runtime and verification images	2026-09-30T00:25:51.4701299Z #51 11.67   Downloading six-1.17.0-py2.py3-none-any.whl (11 kB)
repository	Build runtime and verification images	2026-09-30T00:25:51.4702776Z #51 11.68 Collecting sniffio==1.3.1 (from -r requirements.lock (line 1623))
repository	Build runtime and verification images	2026-09-30T00:25:51.4703966Z #51 11.70   Downloading sniffio-1.3.1-py3-none-any.whl (10 kB)
repository	Build runtime and verification images	2026-09-30T00:25:51.4705106Z #51 11.74 Collecting soupsieve==2.9.2 (from -r requirements.lock (line 1627))
repository	Build runtime and verification images	2026-09-30T00:25:51.6160501Z #51 11.78   Downloading soupsieve-2.9.2-py3-none-any.whl (37 kB)
repository	Build runtime and verification images	2026-09-30T00:25:52.6084033Z #51 12.79 Collecting sqlalchemy==2.0.36 (from -r requirements.lock (line 1631))
repository	Build runtime and verification images	2026-09-30T00:25:52.6106248Z #51 ...
repository	Build runtime and verification images	2026-09-30T00:25:52.6107379Z 
repository	Build runtime and verification images	2026-09-30T00:25:52.6109848Z #53 [grafana 1/2] FROM docker.io/grafana/grafana:13.2.2@sha256:ac461fb352abc50da10a51c7d02462e9c05488f11f53f14b3ad79a8145f638a0
repository	Build runtime and verification images	2026-09-30T00:25:52.6114209Z #53 extracting sha256:77d7fbf8f524fa2494ffa8a8f6ddac9fcfccae42e43fd940064e0972fd2a311c 12.8s
repository	Build runtime and verification images	2026-09-30T00:25:52.7425165Z #53 ...
repository	Build runtime and verification images	2026-09-30T00:25:52.7425708Z 
repository	Build runtime and verification images	2026-09-30T00:25:52.7427607Z #51 [celery-beat runtime-base 4/4] RUN pip install --no-cache-dir --only-binary=:all: --require-hashes -r requirements.lock     && useradd --create-home --uid 1000 azaeron
repository	Build runtime and verification images	2026-09-30T00:25:52.7429767Z #51 12.95   Downloading SQLAlchemy-2.0.36-cp312-cp312-manylinux_2_17_x86_64.manylinux2014_x86_64.whl (3.2 MB)
repository	Build runtime and verification images	2026-09-30T00:25:52.7431645Z #51 13.08      ━━━━━━━━━━━━━━━━━━━━━━━━━━━━━━━━━━━━━━━━ 3.2/3.2 MB 17.8 MB/s eta 0:00:00
repository	Build runtime and verification images	2026-09-30T00:25:52.8460717Z #51 13.17 Collecting starlette==1.6.0 (from -r requirements.lock (line 1692))
repository	Build runtime and verification images	2026-09-30T00:25:52.9506615Z #51 13.18   Downloading starlette-1.6.0-py3-none-any.whl (75 kB)
repository	Build runtime and verification images	2026-09-30T00:25:53.0893663Z #51 13.29 Collecting structlog==24.4.0 (from -r requirements.lock (line 1696))
repository	Build runtime and verification images	2026-09-30T00:25:53.0895122Z #51 13.29   Downloading structlog-24.4.0-py3-none-any.whl (67 kB)
repository	Build runtime and verification images	2026-09-30T00:25:53.0896647Z #51 13.32 Collecting textstat==0.7.4 (from -r requirements.lock (line 1700))
repository	Build runtime and verification images	2026-09-30T00:25:53.0897903Z #51 13.34   Downloading textstat-0.7.4-py3-none-any.whl (105 kB)
repository	Build runtime and verification images	2026-09-30T00:25:53.2151914Z #51 13.40 Collecting typing-extensions==4.16.0 (from -r requirements.lock (line 1703))
repository	Build runtime and verification images	2026-09-30T00:25:53.2153424Z #51 13.40   Downloading typing_extensions-4.16.0-py3-none-any.whl (45 kB)
repository	Build runtime and verification images	2026-09-30T00:25:53.2154762Z #51 13.40 Collecting typing-inspection==0.4.4 (from -r requirements.lock (line 1720))
repository	Build runtime and verification images	2026-09-30T00:25:53.2156059Z #51 13.43   Downloading typing_inspection-0.4.4-py3-none-any.whl (14 kB)
repository	Build runtime and verification images	2026-09-30T00:25:53.4679120Z #51 13.73 Collecting tzdata==2026.4 (from -r requirements.lock (line 1727))
repository	Build runtime and verification images	2026-09-30T00:25:53.5787391Z #51 13.80   Downloading tzdata-2026.4-py2.py3-none-any.whl (347 kB)
repository	Build runtime and verification images	2026-09-30T00:25:53.7352458Z #51 13.93 Collecting urllib3==2.8.0 (from -r requirements.lock (line 1733))
repository	Build runtime and verification images	2026-09-30T00:25:53.7355309Z #51 13.95   Downloading urllib3-2.8.0-py3-none-any.whl (135 kB)
repository	Build runtime and verification images	2026-09-30T00:25:53.8358866Z #51 14.07 Collecting uvicorn==0.53.0 (from -r requirements.lock (line 1737))
repository	Build runtime and verification images	2026-09-30T00:25:53.8360493Z #51 14.08   Downloading uvicorn-0.53.0-py3-none-any.whl (87 kB)
repository	Build runtime and verification images	2026-09-30T00:25:53.9989047Z #51 14.17 Collecting uvloop==0.22.1 (from -r requirements.lock (line 1741))
repository	Build runtime and verification images	2026-09-30T00:25:53.9991253Z #51 14.18   Downloading uvloop-0.22.1-cp312-cp312-manylinux2014_x86_64.manylinux_2_17_x86_64.manylinux_2_28_x86_64.whl (4.4 MB)
repository	Build runtime and verification images	2026-09-30T00:25:53.9993747Z #51 14.26      ━━━━━━━━━━━━━━━━━━━━━━━━━━━━━━━━━━━━━━━━ 4.4/4.4 MB 188.6 MB/s eta 0:00:00
repository	Build runtime and verification images	2026-09-30T00:25:54.2058239Z #51 14.28 Collecting vine==5.1.0 (from -r requirements.lock (line 1792))
repository	Build runtime and verification images	2026-09-30T00:25:54.2060007Z #51 14.31   Downloading vine-5.1.0-py3-none-any.whl (9.6 kB)
repository	Build runtime and verification images	2026-09-30T00:25:54.3650569Z #51 14.57 Collecting watchfiles==1.2.0 (from -r requirements.lock (line 1799))
repository	Build runtime and verification images	2026-09-30T00:25:54.3653408Z #51 14.58   Downloading watchfiles-1.2.0-cp312-cp312-manylinux_2_17_x86_64.manylinux2014_x86_64.whl (456 kB)
repository	Build runtime and verification images	2026-09-30T00:25:54.3655083Z #51 14.62 Collecting wcwidth==0.8.4 (from -r requirements.lock (line 1908))
repository	Build runtime and verification images	2026-09-30T00:25:54.5155387Z #51 14.64   Downloading wcwidth-0.8.4-py3-none-any.whl (299 kB)
repository	Build runtime and verification images	2026-09-30T00:25:54.7040511Z #51 14.90 Collecting websockets==17.1 (from -r requirements.lock (line 1912))
repository	Build runtime and verification images	2026-09-30T00:25:54.7042611Z #51 14.91   Downloading websockets-17.1-cp312-cp312-manylinux1_x86_64.manylinux_2_28_x86_64.manylinux_2_5_x86_64.whl (224 kB)
repository	Build runtime and verification images	2026-09-30T00:25:55.3146924Z #51 15.65 Collecting wrapt==1.17.3 (from -r requirements.lock (line 2062))
repository	Build runtime and verification images	2026-09-30T00:25:55.5429418Z #51 15.66   Downloading wrapt-1.17.3-cp312-cp312-manylinux1_x86_64.manylinux_2_28_x86_64.manylinux_2_5_x86_64.whl (88 kB)
repository	Build runtime and verification images	2026-09-30T00:25:55.5431039Z #51 15.71 Collecting zipp==4.1.0 (from -r requirements.lock (line 2147))
repository	Build runtime and verification images	2026-09-30T00:25:55.5432133Z #51 15.72   Downloading zipp-4.1.0-py3-none-any.whl (10 kB)
repository	Build runtime and verification images	2026-09-30T00:25:56.6920638Z #51 16.90 Installing collected packages: zipp, wrapt, websockets, wcwidth, vine, uvloop, urllib3, tzdata, typing-extensions, structlog, soupsieve, sniffio, six, setuptools, redis, pyyaml, python-multipart, python-dotenv, pyphen, pypdfium2, pyjwt, pycryptodome, pycparser, protobuf, prometheus-client, pillow, packaging, opentelemetry-util-http, numpy, markupsafe, lxml, itsdangerous, idna, httptools, h11, greenlet, dnspython, click, charset-normalizer, certifi, billiard, bcrypt, asyncpg, asgiref, annotated-types, annotated-doc, uvicorn, typing-inspection, textstat, sqlalchemy, python-docx, python-dateutil, pydantic-core, prompt-toolkit, pgvector, opentelemetry-proto, mako, importlib-metadata, httpcore, grpcio, googleapis-common-protos, email-validator, deprecated, click-plugins, click-didyoumean, cffi, beautifulsoup4, anyio, amqp, watchfiles, starlette, pydantic, opentelemetry-exporter-otlp-proto-common, opentelemetry-api, kombu, httpx, cryptography, click-repl, argon2-cffi-bindings, alembic, pydantic-settings, pdfminer-six, opentelemetry-semantic-conventions, fastapi, celery, argon2-cffi, pdfplumber, opentelemetry-sdk, opentelemetry-instrumentation, minio, opentelemetry-instrumentation-asgi, opentelemetry-exporter-otlp-proto-grpc, opentelemetry-instrumentation-fastapi
repository	Build runtime and verification images	2026-09-30T00:25:59.3369372Z #51 ...
repository	Build runtime and verification images	2026-09-30T00:25:59.3369714Z 
repository	Build runtime and verification images	2026-09-30T00:25:59.3370696Z #53 [grafana 1/2] FROM docker.io/grafana/grafana:13.2.2@sha256:ac461fb352abc50da10a51c7d02462e9c05488f11f53f14b3ad79a8145f638a0
repository	Build runtime and verification images	2026-09-30T00:25:59.3372307Z #53 extracting sha256:77d7fbf8f524fa2494ffa8a8f6ddac9fcfccae42e43fd940064e0972fd2a311c 15.9s done
repository	Build runtime and verification images	2026-09-30T00:25:59.3373700Z #53 extracting sha256:7a3cd33acbe015d2c11959be6f391127292fc3095b56ea293b870db295f71bf0 2.6s
repository	Build runtime and verification images	2026-09-30T00:26:00.2678573Z #53 ...
repository	Build runtime and verification images	2026-09-30T00:26:00.2679071Z 
repository	Build runtime and verification images	2026-09-30T00:26:00.2681166Z #60 [minio-init client-build 5/6] RUN --mount=type=cache,target=/go/pkg/mod     go get github.com/prometheus/prometheus@v0.311.3       golang.org/x/crypto@v0.55.0 google.golang.org/grpc@v1.83.2     && go mod tidy && go mod download && go mod verify
repository	Build runtime and verification images	2026-09-30T00:26:00.2683196Z #60 1.446 go: downloading golang.org/x/crypto v0.55.0
repository	Build runtime and verification images	2026-09-30T00:26:00.2684275Z #60 1.446 go: downloading github.com/prometheus/prometheus v0.311.3
repository	Build runtime and verification images	2026-09-30T00:26:00.2685251Z #60 1.449 go: downloading google.golang.org/grpc v1.83.2
repository	Build runtime and verification images	2026-09-30T00:26:00.2687261Z #60 3.408 go: downloading golang.org/x/net v0.58.0
repository	Build runtime and verification images	2026-09-30T00:26:00.2688138Z #60 3.592 go: downloading google.golang.org/protobuf v1.36.11
repository	Build runtime and verification images	2026-09-30T00:26:00.2688959Z #60 4.355 go: downloading golang.org/x/sys v0.47.0
repository	Build runtime and verification images	2026-09-30T00:26:00.2690168Z #60 4.355 go: downloading google.golang.org/genproto/googleapis/rpc v0.0.0-20260526163538-3dc84a4a5aaa
repository	Build runtime and verification images	2026-09-30T00:26:00.2691266Z #60 4.726 go: downloading golang.org/x/text v0.41.0
repository	Build runtime and verification images	2026-09-30T00:26:00.2692106Z #60 5.880 go: downloading github.com/coreos/go-systemd/v22 v22.6.0
repository	Build runtime and verification images	2026-09-30T00:26:00.2692955Z #60 5.881 go: downloading github.com/go-logr/logr v1.4.3
repository	Build runtime and verification images	2026-09-30T00:26:00.2693824Z #60 5.883 go: downloading github.com/klauspost/compress v1.18.5
repository	Build runtime and verification images	2026-09-30T00:26:00.2694860Z #60 5.923 go: downloading github.com/prometheus/client_golang v1.23.2
repository	Build runtime and verification images	2026-09-30T00:26:00.2695805Z #60 5.924 go: downloading github.com/prometheus/common v0.67.5
repository	Build runtime and verification images	2026-09-30T00:26:00.2696947Z #60 5.930 go: downloading github.com/prometheus/procfs v0.16.1
repository	Build runtime and verification images	2026-09-30T00:26:00.2697809Z #60 5.972 go: downloading github.com/stretchr/testify v1.11.1
repository	Build runtime and verification images	2026-09-30T00:26:00.2698657Z #60 5.974 go: downloading go.opentelemetry.io/auto/sdk v1.2.1
repository	Build runtime and verification images	2026-09-30T00:26:00.2699482Z #60 5.974 go: downloading go.opentelemetry.io/otel v1.44.0
repository	Build runtime and verification images	2026-09-30T00:26:00.2700350Z #60 6.021 go: downloading go.opentelemetry.io/otel/metric v1.44.0
repository	Build runtime and verification images	2026-09-30T00:26:00.2701191Z #60 6.030 go: downloading go.opentelemetry.io/otel/sdk v1.44.0
repository	Build runtime and verification images	2026-09-30T00:26:00.2702134Z #60 6.183 go: downloading go.opentelemetry.io/otel/sdk/metric v1.44.0
repository	Build runtime and verification images	2026-09-30T00:26:00.2703054Z #60 6.209 go: downloading go.opentelemetry.io/otel/trace v1.44.0
repository	Build runtime and verification images	2026-09-30T00:26:00.2703828Z #60 6.222 go: downloading go.uber.org/zap v1.27.1
repository	Build runtime and verification images	2026-09-30T00:26:00.2704541Z #60 6.236 go: downloading golang.org/x/sync v0.22.0
repository	Build runtime and verification images	2026-09-30T00:26:00.2705296Z #60 6.238 go: downloading golang.org/x/term v0.45.0
repository	Build runtime and verification images	2026-09-30T00:26:00.3306946Z #60 6.243 go: downloading google.golang.org/genproto/googleapis/api v0.0.0-20260526163538-3dc84a4a5aaa
repository	Build runtime and verification images	2026-09-30T00:26:00.3308366Z #60 7.331 go: upgraded go 1.23.0 => 1.25.0
repository	Build runtime and verification images	2026-09-30T00:26:00.3308967Z #60 7.331 go: removed toolchain go1.23.10
repository	Build runtime and verification images	2026-09-30T00:26:00.3309738Z #60 7.331 go: upgraded github.com/coreos/go-systemd/v22 v22.5.0 => v22.6.0
repository	Build runtime and verification images	2026-09-30T00:26:00.3310677Z #60 7.331 go: upgraded github.com/klauspost/compress v1.18.0 => v1.18.5
repository	Build runtime and verification images	2026-09-30T00:26:00.3311630Z #60 7.331 go: upgraded github.com/prometheus/client_golang v1.21.1 => v1.23.2
repository	Build runtime and verification images	2026-09-30T00:26:00.3312540Z #60 7.331 go: upgraded github.com/prometheus/common v0.63.0 => v0.67.5
repository	Build runtime and verification images	2026-09-30T00:26:00.3313424Z #60 7.331 go: upgraded github.com/prometheus/procfs v0.16.0 => v0.16.1
repository	Build runtime and verification images	2026-09-30T00:26:00.3314355Z #60 7.331 go: upgraded github.com/prometheus/prometheus v0.303.0 => v0.311.3
repository	Build runtime and verification images	2026-09-30T00:26:00.3315183Z #60 7.331 go: upgraded go.uber.org/zap v1.27.0 => v1.27.1
repository	Build runtime and verification images	2026-09-30T00:26:00.3315921Z #60 7.331 go: upgraded golang.org/x/crypto v0.40.0 => v0.55.0
repository	Build runtime and verification images	2026-09-30T00:26:00.3316864Z #60 7.331 go: upgraded golang.org/x/net v0.42.0 => v0.58.0
repository	Build runtime and verification images	2026-09-30T00:26:00.3317611Z #60 7.331 go: upgraded golang.org/x/sync v0.16.0 => v0.22.0
repository	Build runtime and verification images	2026-09-30T00:26:00.3318388Z #60 7.331 go: upgraded golang.org/x/sys v0.34.0 => v0.47.0
repository	Build runtime and verification images	2026-09-30T00:26:00.3319121Z #60 7.331 go: upgraded golang.org/x/term v0.33.0 => v0.45.0
repository	Build runtime and verification images	2026-09-30T00:26:00.3319843Z #60 7.331 go: upgraded golang.org/x/text v0.27.0 => v0.41.0
repository	Build runtime and verification images	2026-09-30T00:26:00.3321483Z #60 7.331 go: upgraded google.golang.org/genproto/googleapis/api v0.0.0-20250311173030-29e43e6258d7 => v0.0.0-20260526163538-3dc84a4a5aaa
repository	Build runtime and verification images	2026-09-30T00:26:00.3323281Z #60 7.331 go: upgraded google.golang.org/genproto/googleapis/rpc v0.0.0-20250303144028-a0af3efb3deb => v0.0.0-20260526163538-3dc84a4a5aaa
repository	Build runtime and verification images	2026-09-30T00:26:00.3324496Z #60 7.331 go: upgraded google.golang.org/grpc v1.71.0 => v1.83.2
repository	Build runtime and verification images	2026-09-30T00:26:00.3325346Z #60 7.331 go: upgraded google.golang.org/protobuf v1.36.6 => v1.36.11
repository	Build runtime and verification images	2026-09-30T00:26:00.3326262Z #60 7.429 go: downloading gopkg.in/check.v1 v1.0.0-20201130134442-10cb98267c6c
repository	Build runtime and verification images	2026-09-30T00:26:00.3327699Z #60 7.434 go: downloading github.com/minio/pkg/v3 v3.1.0
repository	Build runtime and verification images	2026-09-30T00:26:00.3328456Z #60 7.438 go: downloading github.com/juju/ratelimit v1.0.2
repository	Build runtime and verification images	2026-09-30T00:26:00.3329231Z #60 7.443 go: downloading github.com/dustin/go-humanize v1.0.1
repository	Build runtime and verification images	2026-09-30T00:26:00.3330088Z #60 7.610 go: downloading github.com/charmbracelet/bubbles v0.20.0
repository	Build runtime and verification images	2026-09-30T00:26:00.3331002Z #60 7.712 go: downloading github.com/charmbracelet/lipgloss v1.0.0
repository	Build runtime and verification images	2026-09-30T00:26:00.3331847Z #60 7.713 go: downloading github.com/charmbracelet/bubbletea v1.3.4
repository	Build runtime and verification images	2026-09-30T00:26:00.3332626Z #60 7.776 go: downloading github.com/cheggaaa/pb v1.0.29
repository	Build runtime and verification images	2026-09-30T00:26:00.3333338Z #60 7.782 go: downloading github.com/fatih/color v1.18.0
repository	Build runtime and verification images	2026-09-30T00:26:00.3334110Z #60 7.782 go: downloading github.com/golang-jwt/jwt/v4 v4.5.2
repository	Build runtime and verification images	2026-09-30T00:26:00.3335034Z #60 7.785 go: downloading github.com/google/shlex v0.0.0-20191202100458-e7afc7fbc510
repository	Build runtime and verification images	2026-09-30T00:26:00.3335916Z #60 7.875 go: downloading github.com/google/uuid v1.6.0
repository	Build runtime and verification images	2026-09-30T00:26:00.3336995Z #60 7.893 go: downloading github.com/inconshreveable/mousetrap v1.1.0
repository	Build runtime and verification images	2026-09-30T00:26:00.3337877Z #60 7.969 go: downloading github.com/jedib0t/go-pretty/v6 v6.6.7
repository	Build runtime and verification images	2026-09-30T00:26:00.3338695Z #60 8.999 go: downloading github.com/mattn/go-ieproxy v0.0.12
repository	Build runtime and verification images	2026-09-30T00:26:00.3339463Z #60 8.999 go: downloading github.com/mattn/go-isatty v0.0.20
repository	Build runtime and verification images	2026-09-30T00:26:00.3340212Z #60 8.999 go: downloading github.com/minio/cli v1.24.2
repository	Build runtime and verification images	2026-09-30T00:26:00.3340939Z #60 8.999 go: downloading github.com/minio/colorjson v1.0.8
repository	Build runtime and verification images	2026-09-30T00:26:00.3341706Z #60 9.039 go: downloading github.com/minio/filepath v1.0.0
repository	Build runtime and verification images	2026-09-30T00:26:00.3342717Z #60 9.054 go: downloading github.com/minio/madmin-go/v3 v3.0.107-0.20250415152934-4b504b82db63
repository	Build runtime and verification images	2026-09-30T00:26:00.3343700Z #60 9.088 go: downloading github.com/minio/minio-go/v7 v7.0.90
repository	Build runtime and verification images	2026-09-30T00:26:00.3344497Z #60 9.216 go: downloading github.com/minio/selfupdate v0.6.0
repository	Build runtime and verification images	2026-09-30T00:26:00.3345240Z #60 9.216 go: downloading github.com/muesli/reflow v0.3.0
repository	Build runtime and verification images	2026-09-30T00:26:00.3346037Z #60 9.216 go: downloading github.com/mitchellh/go-homedir v1.1.0
repository	Build runtime and verification images	2026-09-30T00:26:00.3347132Z #60 9.226 go: downloading github.com/muesli/termenv v0.16.0
repository	Build runtime and verification images	2026-09-30T00:26:00.3347941Z #60 9.241 go: downloading github.com/olekukonko/tablewriter v0.0.5
repository	Build runtime and verification images	2026-09-30T00:26:00.3348725Z #60 9.242 go: downloading github.com/pkg/xattr v0.4.10
repository	Build runtime and verification images	2026-09-30T00:26:00.3349487Z #60 9.245 go: downloading github.com/posener/complete v1.2.3
repository	Build runtime and verification images	2026-09-30T00:26:00.3350249Z #60 9.344 go: downloading github.com/rjeczalik/notify v0.9.3
repository	Build runtime and verification images	2026-09-30T00:26:00.3351044Z #60 9.346 go: downloading github.com/shirou/gopsutil/v3 v3.24.5
repository	Build runtime and verification images	2026-09-30T00:26:00.3351801Z #60 9.584 go: downloading github.com/tidwall/gjson v1.18.0
repository	Build runtime and verification images	2026-09-30T00:26:00.3352603Z #60 9.633 go: downloading github.com/vbauerster/mpb/v8 v8.9.3
repository	Build runtime and verification images	2026-09-30T00:26:00.3353319Z #60 9.677 go: downloading gopkg.in/yaml.v2 v2.4.0
repository	Build runtime and verification images	2026-09-30T00:26:00.3353975Z #60 9.707 go: downloading github.com/rs/xid v1.6.0
repository	Build runtime and verification images	2026-09-30T00:26:00.3354679Z #60 9.834 go: downloading github.com/kr/pretty v0.3.1
repository	Build runtime and verification images	2026-09-30T00:26:00.3355446Z #60 9.836 go: downloading github.com/mattn/go-runewidth v0.0.16
repository	Build runtime and verification images	2026-09-30T00:26:00.3356250Z #60 9.837 go: downloading github.com/charmbracelet/x/ansi v0.8.0
repository	Build runtime and verification images	2026-09-30T00:26:00.3357550Z #60 9.870 go: downloading github.com/charmbracelet/x/exp/golden v0.0.0-20240815200342-61de596daa2b
repository	Build runtime and verification images	2026-09-30T00:26:00.3358524Z #60 9.870 go: downloading github.com/rivo/uniseg v0.4.7
repository	Build runtime and verification images	2026-09-30T00:26:00.3359524Z #60 9.891 go: downloading github.com/mattn/go-colorable v0.1.14
repository	Build runtime and verification images	2026-09-30T00:26:00.3360335Z #60 9.891 go: downloading github.com/charmbracelet/x/term v0.2.1
repository	Build runtime and verification images	2026-09-30T00:26:00.3361375Z #60 9.891 go: downloading github.com/erikgeiser/coninput v0.0.0-20211004153227-1c3628e74d0f
repository	Build runtime and verification images	2026-09-30T00:26:00.3362390Z #60 9.891 go: downloading github.com/mattn/go-localereader v0.0.1
repository	Build runtime and verification images	2026-09-30T00:26:00.3765761Z #60 10.08 go: downloading github.com/muesli/ansi v0.0.0-20230316100256-276c6243b2f6
repository	Build runtime and verification images	2026-09-30T00:26:00.3768734Z #60 10.08 go: downloading github.com/muesli/cancelreader v0.2.2
repository	Build runtime and verification images	2026-09-30T00:26:00.3770112Z #60 ...
repository	Build runtime and verification images	2026-09-30T00:26:00.3770500Z 
repository	Build runtime and verification images	2026-09-30T00:26:00.3771601Z #53 [grafana 1/2] FROM docker.io/grafana/grafana:13.2.2@sha256:ac461fb352abc50da10a51c7d02462e9c05488f11f53f14b3ad79a8145f638a0
repository	Build runtime and verification images	2026-09-30T00:26:01.1584517Z #53 ...
repository	Build runtime and verification images	2026-09-30T00:26:01.1585070Z 
repository	Build runtime and verification images	2026-09-30T00:26:01.1588689Z #61 [minio server-build 5/6] RUN --mount=type=cache,target=/go/pkg/mod     go get github.com/apache/thrift@v0.24.0 github.com/buger/jsonparser@v1.1.2       github.com/go-jose/go-jose/v4@v4.1.4 github.com/prometheus/prometheus@v0.311.3       github.com/rabbitmq/amqp091-go@v1.13.0       golang.org/x/crypto@v0.55.0 google.golang.org/grpc@v1.83.2     && go mod download && go mod verify
repository	Build runtime and verification images	2026-09-30T00:26:01.1591955Z #61 1.674 go: downloading github.com/go-jose/go-jose/v4 v4.1.4
repository	Build runtime and verification images	2026-09-30T00:26:01.1593135Z #61 1.676 go: downloading github.com/apache/thrift v0.24.0
repository	Build runtime and verification images	2026-09-30T00:26:01.1594290Z #61 1.679 go: downloading github.com/buger/jsonparser v1.1.2
repository	Build runtime and verification images	2026-09-30T00:26:01.1595487Z #61 1.872 go: downloading github.com/rabbitmq/amqp091-go v1.13.0
repository	Build runtime and verification images	2026-09-30T00:26:01.1597120Z #61 4.584 go: downloading google.golang.org/genproto v0.0.0-20260217215200-42d3e9bedb6d
repository	Build runtime and verification images	2026-09-30T00:26:01.1598422Z #61 5.933 go: downloading cel.dev/expr v0.25.2
repository	Build runtime and verification images	2026-09-30T00:26:01.1599451Z #61 5.933 go: downloading cloud.google.com/go v0.121.6
repository	Build runtime and verification images	2026-09-30T00:26:01.1600581Z #61 5.935 go: downloading cloud.google.com/go/auth v0.18.2
repository	Build runtime and verification images	2026-09-30T00:26:01.1601805Z #61 5.935 go: downloading cloud.google.com/go/compute/metadata v0.9.0
repository	Build runtime and verification images	2026-09-30T00:26:01.1602945Z #61 5.951 go: downloading cloud.google.com/go/iam v1.5.3
repository	Build runtime and verification images	2026-09-30T00:26:01.1604003Z #61 5.980 go: downloading cloud.google.com/go/logging v1.13.2
repository	Build runtime and verification images	2026-09-30T00:26:01.1605058Z #61 5.986 go: downloading cloud.google.com/go/longrunning v0.8.0
repository	Build runtime and verification images	2026-09-30T00:26:01.1606116Z #61 6.010 go: downloading cloud.google.com/go/monitoring v1.24.3
repository	Build runtime and verification images	2026-09-30T00:26:01.1607362Z #61 6.016 go: downloading cloud.google.com/go/storage v1.56.0
repository	Build runtime and verification images	2026-09-30T00:26:01.1608472Z #61 6.017 go: downloading cloud.google.com/go/trace v1.11.7
repository	Build runtime and verification images	2026-09-30T00:26:01.1609756Z #61 6.023 go: downloading github.com/Azure/azure-sdk-for-go/sdk/azcore v1.21.0
repository	Build runtime and verification images	2026-09-30T00:26:01.1611227Z #61 6.045 go: downloading github.com/Azure/azure-sdk-for-go/sdk/azidentity v1.13.1
repository	Build runtime and verification images	2026-09-30T00:26:01.1612688Z #61 6.049 go: downloading github.com/Azure/azure-sdk-for-go/sdk/internal v1.11.2
repository	Build runtime and verification images	2026-09-30T00:26:01.1614286Z #61 6.059 go: downloading github.com/AzureAD/microsoft-authentication-library-for-go v1.6.0
repository	Build runtime and verification images	2026-09-30T00:26:01.1616136Z #61 6.083 go: downloading github.com/GoogleCloudPlatform/opentelemetry-operations-go/detectors/gcp v1.33.0
repository	Build runtime and verification images	2026-09-30T00:26:01.1618316Z #61 6.100 go: downloading github.com/GoogleCloudPlatform/opentelemetry-operations-go/exporter/metric v0.53.0
repository	Build runtime and verification images	2026-09-30T00:26:01.1620466Z #61 6.113 go: downloading github.com/GoogleCloudPlatform/opentelemetry-operations-go/internal/cloudmock v0.53.0
repository	Build runtime and verification images	2026-09-30T00:26:01.1622449Z #61 6.113 go: downloading github.com/GoogleCloudPlatform/opentelemetry-operations-go/internal/resourcemapping v0.53.0
repository	Build runtime and verification images	2026-09-30T00:26:01.1624235Z #61 6.148 go: downloading github.com/cncf/xds/go v0.0.0-20260202195803-dba9d589def2
repository	Build runtime and verification images	2026-09-30T00:26:01.1625493Z #61 6.150 go: downloading github.com/envoyproxy/go-control-plane v0.14.0
repository	Build runtime and verification images	2026-09-30T00:26:01.1626912Z #61 6.162 go: downloading github.com/envoyproxy/go-control-plane/envoy v1.37.0
repository	Build runtime and verification images	2026-09-30T00:26:01.1628513Z #61 6.205 go: downloading github.com/envoyproxy/protoc-gen-validate v1.3.3
repository	Build runtime and verification images	2026-09-30T00:26:01.1629660Z #61 6.219 go: downloading github.com/go-openapi/analysis v0.24.2
repository	Build runtime and verification images	2026-09-30T00:26:01.1630715Z #61 6.228 go: downloading github.com/go-openapi/errors v0.22.7
repository	Build runtime and verification images	2026-09-30T00:26:01.1631798Z #61 6.257 go: downloading github.com/go-openapi/jsonpointer v0.22.5
repository	Build runtime and verification images	2026-09-30T00:26:01.1632913Z #61 6.274 go: downloading github.com/go-openapi/jsonreference v0.21.4
repository	Build runtime and verification images	2026-09-30T00:26:01.1633998Z #61 6.304 go: downloading github.com/go-openapi/loads v0.23.2
repository	Build runtime and verification images	2026-09-30T00:26:01.1634997Z #61 6.345 go: downloading github.com/go-openapi/spec v0.22.3
repository	Build runtime and verification images	2026-09-30T00:26:01.1636305Z #61 6.348 go: downloading github.com/go-openapi/strfmt v0.26.1
repository	Build runtime and verification images	2026-09-30T00:26:01.1637558Z #61 6.400 go: downloading github.com/go-openapi/swag v0.25.4
repository	Build runtime and verification images	2026-09-30T00:26:01.1638618Z #61 6.464 go: downloading github.com/go-openapi/validate v0.25.1
repository	Build runtime and verification images	2026-09-30T00:26:01.1639661Z #61 6.474 go: downloading github.com/golang-jwt/jwt/v5 v5.3.1
repository	Build runtime and verification images	2026-09-30T00:26:01.1640864Z #61 6.500 go: downloading github.com/google/pprof v0.0.0-20260302011040-a15ffb7f9dcc
repository	Build runtime and verification images	2026-09-30T00:26:01.1642256Z #61 6.502 go: downloading github.com/googleapis/enterprise-certificate-proxy v0.3.14
repository	Build runtime and verification images	2026-09-30T00:26:01.1643483Z #61 6.609 go: downloading github.com/googleapis/gax-go/v2 v2.18.0
repository	Build runtime and verification images	2026-09-30T00:26:01.1644738Z #61 6.654 go: downloading github.com/gorilla/websocket v1.5.4-0.20250319132907-e064f32e3674
repository	Build runtime and verification images	2026-09-30T00:26:01.1645895Z #61 6.774 go: downloading github.com/miekg/dns v1.1.72
repository	Build runtime and verification images	2026-09-30T00:26:01.1647280Z #61 6.815 go: downloading github.com/modern-go/reflect2 v1.0.3-0.20250322232337-35a7c28c31ee
repository	Build runtime and verification images	2026-09-30T00:26:01.1648639Z #61 6.827 go: downloading github.com/rogpeppe/go-internal v1.14.1
repository	Build runtime and verification images	2026-09-30T00:26:01.1655108Z #61 6.836 go: downloading github.com/spiffe/go-spiffe/v2 v2.7.0
repository	Build runtime and verification images	2026-09-30T00:26:01.1656160Z #61 6.973 go: downloading go.mongodb.org/mongo-driver v1.17.6
repository	Build runtime and verification images	2026-09-30T00:26:01.1657482Z #61 6.973 go: downloading go.opentelemetry.io/contrib/detectors/gcp v1.44.0
repository	Build runtime and verification images	2026-09-30T00:26:01.1659037Z #61 6.973 go: downloading go.opentelemetry.io/contrib/instrumentation/google.golang.org/grpc/otelgrpc v0.61.0
repository	Build runtime and verification images	2026-09-30T00:26:01.1660700Z #61 6.973 go: downloading go.opentelemetry.io/contrib/instrumentation/net/http/otelhttp v0.67.0
repository	Build runtime and verification images	2026-09-30T00:26:01.1662202Z #61 7.019 go: downloading go.opentelemetry.io/otel/exporters/stdout/stdoutmetric v1.36.0
repository	Build runtime and verification images	2026-09-30T00:26:01.1663391Z #61 7.061 go: downloading golang.org/x/mod v0.38.0
repository	Build runtime and verification images	2026-09-30T00:26:01.1664298Z #61 7.069 go: downloading golang.org/x/oauth2 v0.36.0
repository	Build runtime and verification images	2026-09-30T00:26:01.1665204Z #61 7.129 go: downloading golang.org/x/time v0.15.0
repository	Build runtime and verification images	2026-09-30T00:26:01.1666110Z #61 7.133 go: downloading golang.org/x/tools v0.48.0
repository	Build runtime and verification images	2026-09-30T00:26:01.1667212Z #61 7.139 go: downloading google.golang.org/api v0.272.0
repository	Build runtime and verification images	2026-09-30T00:26:01.2597832Z #61 ...
repository	Build runtime and verification images	2026-09-30T00:26:01.2599931Z 
repository	Build runtime and verification images	2026-09-30T00:26:01.2601997Z #60 [minio-init client-build 5/6] RUN --mount=type=cache,target=/go/pkg/mod     go get github.com/prometheus/prometheus@v0.311.3       golang.org/x/crypto@v0.55.0 google.golang.org/grpc@v1.83.2     && go mod tidy && go mod download && go mod verify
repository	Build runtime and verification images	2026-09-30T00:26:01.2604237Z #60 10.16 go: downloading github.com/prometheus/prom2json v1.4.2
repository	Build runtime and verification images	2026-09-30T00:26:01.2605356Z #60 10.16 go: downloading github.com/safchain/ethtool v0.5.10
repository	Build runtime and verification images	2026-09-30T00:26:01.2606360Z #60 10.20 go: downloading github.com/secure-io/sio-go v0.3.1
repository	Build runtime and verification images	2026-09-30T00:26:01.2607572Z #60 10.22 go: downloading github.com/tinylib/msgp v1.2.5
repository	Build runtime and verification images	2026-09-30T00:26:01.2608553Z #60 10.22 go: downloading github.com/cespare/xxhash/v2 v2.3.0
repository	Build runtime and verification images	2026-09-30T00:26:01.2609587Z #60 10.23 go: downloading github.com/goccy/go-json v0.10.5
repository	Build runtime and verification images	2026-09-30T00:26:01.2610530Z #60 10.23 go: downloading github.com/minio/crc64nvme v1.0.1
repository	Build runtime and verification images	2026-09-30T00:26:01.2611433Z #60 10.24 go: downloading github.com/minio/md5-simd v1.1.2
repository	Build runtime and verification images	2026-09-30T00:26:01.2612560Z #60 10.34 go: downloading github.com/lestrrat-go/jwx/v2 v2.1.4
repository	Build runtime and verification images	2026-09-30T00:26:01.2613514Z #60 10.54 go: downloading github.com/minio/mux v1.9.0
repository	Build runtime and verification images	2026-09-30T00:26:01.2614657Z #60 10.56 go: downloading github.com/fatih/structs v1.1.0
repository	Build runtime and verification images	2026-09-30T00:26:01.2615594Z #60 10.56 go: downloading go.etcd.io/etcd/client/v3 v3.5.19
repository	Build runtime and verification images	2026-09-30T00:26:01.2616795Z #60 10.56 go: downloading gopkg.in/yaml.v3 v3.0.1
repository	Build runtime and verification images	2026-09-30T00:26:01.2617726Z #60 10.58 go: downloading github.com/go-ini/ini v1.67.0
repository	Build runtime and verification images	2026-09-30T00:26:01.2618582Z #60 10.65 go: downloading aead.dev/minisign v0.3.0
repository	Build runtime and verification images	2026-09-30T00:26:01.2619510Z #60 10.70 go: downloading github.com/aymanbagabas/go-osc52/v2 v2.0.1
repository	Build runtime and verification images	2026-09-30T00:26:01.2620538Z #60 10.71 go: downloading github.com/lucasb-eyer/go-colorful v1.2.0
repository	Build runtime and verification images	2026-09-30T00:26:01.2621565Z #60 10.72 go: downloading github.com/hashicorp/go-multierror v1.1.1
repository	Build runtime and verification images	2026-09-30T00:26:01.2622769Z #60 10.72 go: downloading github.com/beorn7/perks v1.0.1
repository	Build runtime and verification images	2026-09-30T00:26:01.2623793Z #60 10.79 go: downloading github.com/prometheus/client_model v0.6.2
repository	Build runtime and verification images	2026-09-30T00:26:01.2624724Z #60 10.89 go: downloading go.uber.org/goleak v1.3.0
repository	Build runtime and verification images	2026-09-30T00:26:01.2625604Z #60 10.99 go: downloading github.com/google/go-cmp v0.7.0
repository	Build runtime and verification images	2026-09-30T00:26:01.2626722Z #60 10.99 go: downloading github.com/tidwall/match v1.1.1
repository	Build runtime and verification images	2026-09-30T00:26:01.2627760Z #60 11.00 go: downloading github.com/tidwall/pretty v1.2.1
repository	Build runtime and verification images	2026-09-30T00:26:01.2628922Z #60 11.02 go: downloading github.com/lufia/plan9stats v0.0.0-20250317134145-8bc96cf8fc35
repository	Build runtime and verification images	2026-09-30T00:26:01.4884917Z #60 11.07 go: downloading github.com/power-devops/perfstat v0.0.0-20240221224432-82ca36839d55
repository	Build runtime and verification images	2026-09-30T00:26:01.5936186Z #60 11.29 go: downloading github.com/shoenig/go-m1cpu v0.1.6
repository	Build runtime and verification images	2026-09-30T00:26:01.5938265Z #60 11.30 go: downloading github.com/tklauser/go-sysconf v0.3.15
repository	Build runtime and verification images	2026-09-30T00:26:01.5939176Z #60 11.34 go: downloading github.com/yusufpapurcu/wmi v1.2.4
repository	Build runtime and verification images	2026-09-30T00:26:01.7403621Z #60 11.44 go: downloading github.com/VividCortex/ewma v1.2.0
repository	Build runtime and verification images	2026-09-30T00:26:01.7405395Z #60 11.44 go: downloading github.com/acarl005/stripansi v0.0.0-20180116102854-5a71ef0e047d
repository	Build runtime and verification images	2026-09-30T00:26:01.7407202Z #60 11.50 go: downloading github.com/kr/text v0.2.0
repository	Build runtime and verification images	2026-09-30T00:26:01.7408364Z #60 11.50 go: downloading github.com/rogpeppe/go-internal v1.10.0
repository	Build runtime and verification images	2026-09-30T00:26:01.7409480Z #60 11.50 go: downloading github.com/aymanbagabas/go-udiff v0.2.0
repository	Build runtime and verification images	2026-09-30T00:26:01.8551993Z #60 11.51 go: downloading github.com/davecgh/go-spew v1.1.2-0.20180830191138-d8f796af33cc
repository	Build runtime and verification images	2026-09-30T00:26:01.8557263Z #60 11.51 go: downloading github.com/pmezard/go-difflib v1.0.1-0.20181226105442-5d4384ee4fb2
repository	Build runtime and verification images	2026-09-30T00:26:01.8567350Z #60 11.53 go: downloading github.com/matttproud/golang_protobuf_extensions v1.0.4
repository	Build runtime and verification images	2026-09-30T00:26:01.8569099Z #60 11.55 go: downloading github.com/munnerz/goautoneg v0.0.0-20191010083416-a7dc8b61c822
repository	Build runtime and verification images	2026-09-30T00:26:01.8570319Z #60 11.55 go: downloading github.com/klauspost/cpuid/v2 v2.2.10
repository	Build runtime and verification images	2026-09-30T00:26:01.8571531Z #60 11.56 go: downloading github.com/philhofer/fwd v1.1.3-0.20240916144458-20a13a1f6b7c
repository	Build runtime and verification images	2026-09-30T00:26:01.8572696Z #60 11.56 go: downloading github.com/lestrrat-go/option v1.0.1
repository	Build runtime and verification images	2026-09-30T00:26:01.8574029Z #60 11.58 go: downloading github.com/lestrrat-go/blackmagic v1.0.2
repository	Build runtime and verification images	2026-09-30T00:26:01.8579933Z #60 11.60 go: downloading github.com/lestrrat-go/iter v1.0.2
repository	Build runtime and verification images	2026-09-30T00:26:01.8580978Z #60 11.60 go: downloading github.com/lestrrat-go/httprc v1.0.6
repository	Build runtime and verification images	2026-09-30T00:26:01.9670026Z #60 11.62 go: downloading github.com/decred/dcrd/dcrec/secp256k1/v4 v4.4.0
repository	Build runtime and verification images	2026-09-30T00:26:01.9671523Z #60 11.63 go: downloading go.etcd.io/etcd/api/v3 v3.5.19
repository	Build runtime and verification images	2026-09-30T00:26:01.9672778Z #60 11.67 go: downloading go.etcd.io/etcd/client/pkg/v3 v3.5.19
repository	Build runtime and verification images	2026-09-30T00:26:02.2285122Z #60 11.86 go: downloading github.com/hashicorp/errwrap v1.1.0
repository	Build runtime and verification images	2026-09-30T00:26:02.2286831Z #60 11.86 go: downloading go.yaml.in/yaml/v2 v2.4.4
repository	Build runtime and verification images	2026-09-30T00:26:02.2288460Z #60 11.86 go: downloading github.com/kylelemons/godebug v1.1.0
repository	Build runtime and verification images	2026-09-30T00:26:02.2289809Z #60 11.86 go: downloading github.com/shoenig/test v0.6.4
repository	Build runtime and verification images	2026-09-30T00:26:02.2291190Z #60 11.90 go: downloading github.com/go-ole/go-ole v1.3.0
repository	Build runtime and verification images	2026-09-30T00:26:02.3293387Z #60 11.99 go: downloading github.com/tklauser/numcpus v0.10.0
repository	Build runtime and verification images	2026-09-30T00:26:02.3295081Z #60 12.00 go: downloading github.com/golang/protobuf v1.5.4
repository	Build runtime and verification images	2026-09-30T00:26:02.3296185Z #60 12.08 go: downloading github.com/segmentio/asm v1.2.0
repository	Build runtime and verification images	2026-09-30T00:26:02.3297611Z #60 12.09 go: downloading github.com/lestrrat-go/httpcc v1.0.1
repository	Build runtime and verification images	2026-09-30T00:26:02.5787610Z #60 12.11 go: downloading github.com/gogo/protobuf v1.3.2
repository	Build runtime and verification images	2026-09-30T00:26:02.5788488Z #60 12.13 go: downloading github.com/coreos/go-semver v0.3.1
repository	Build runtime and verification images	2026-09-30T00:26:02.5789221Z #60 12.19 go: downloading go.uber.org/multierr v1.11.0
repository	Build runtime and verification images	2026-09-30T00:26:02.9773978Z #60 12.73 go: downloading github.com/grafana/regexp v0.0.0-20250905093917-f7b3be9d1853
repository	Build runtime and verification images	2026-09-30T00:26:03.1628518Z #60 12.76 go: downloading github.com/go-logr/stdr v1.2.2
repository	Build runtime and verification images	2026-09-30T00:26:03.1629367Z #60 12.77 go: downloading gonum.org/v1/gonum v0.17.0
repository	Build runtime and verification images	2026-09-30T00:26:04.6115311Z #60 ...
repository	Build runtime and verification images	2026-09-30T00:26:04.6115968Z 
repository	Build runtime and verification images	2026-09-30T00:26:04.6116727Z #54 [frontend builder 4/7] RUN npm ci
repository	Build runtime and verification images	2026-09-30T00:26:04.6117508Z #54 25.11 
repository	Build runtime and verification images	2026-09-30T00:26:04.6118345Z #54 25.11 added 404 packages, and audited 405 packages in 25s
repository	Build runtime and verification images	2026-09-30T00:26:04.6119144Z #54 25.11 
repository	Build runtime and verification images	2026-09-30T00:26:04.6119865Z #54 25.11 150 packages are looking for funding
repository	Build runtime and verification images	2026-09-30T00:26:04.6120711Z #54 25.11   run `npm fund` for details
repository	Build runtime and verification images	2026-09-30T00:26:04.6121349Z #54 25.12 
repository	Build runtime and verification images	2026-09-30T00:26:04.6121919Z #54 25.12 found 0 vulnerabilities
repository	Build runtime and verification images	2026-09-30T00:26:04.6122540Z #54 25.12 npm notice
repository	Build runtime and verification images	2026-09-30T00:26:04.6123415Z #54 25.12 npm notice New major version of npm available! 10.9.8 -> 12.1.0
repository	Build runtime and verification images	2026-09-30T00:26:04.6124721Z #54 25.12 npm notice Changelog: https://github.com/npm/cli/releases/tag/v12.1.0
repository	Build runtime and verification images	2026-09-30T00:26:04.6125861Z #54 25.12 npm notice To update run: npm install -g npm@12.1.0
repository	Build runtime and verification images	2026-09-30T00:26:04.6127053Z #54 25.12 npm notice
repository	Build runtime and verification images	2026-09-30T00:26:04.6127694Z #54 DONE 27.5s
repository	Build runtime and verification images	2026-09-30T00:26:04.7206843Z 
repository	Build runtime and verification images	2026-09-30T00:26:04.7207727Z #62 [frontend builder 5/7] COPY . .
repository	Build runtime and verification images	2026-09-30T00:26:04.7208562Z #62 DONE 0.1s
repository	Build runtime and verification images	2026-09-30T00:26:04.7209007Z 
repository	Build runtime and verification images	2026-09-30T00:26:04.7210156Z #53 [grafana 1/2] FROM docker.io/grafana/grafana:13.2.2@sha256:ac461fb352abc50da10a51c7d02462e9c05488f11f53f14b3ad79a8145f638a0
repository	Build runtime and verification images	2026-09-30T00:26:04.7212202Z #53 extracting sha256:7a3cd33acbe015d2c11959be6f391127292fc3095b56ea293b870db295f71bf0 5.6s done
repository	Build runtime and verification images	2026-09-30T00:26:04.7213837Z #53 extracting sha256:795aff3159d742592d9fe125032dca094f2f60d0481b13479276068586939f67 done
repository	Build runtime and verification images	2026-09-30T00:26:04.8968655Z #53 extracting sha256:4f4fb700ef54461cfa02571ae0db9a0dc1e0cdb5577484a6d75e68dc38e8acc1 done
repository	Build runtime and verification images	2026-09-30T00:26:04.8970279Z #53 extracting sha256:eb20eee6617438a86e17b3d23772b7a1fa123d19e3dfd9d1598e124fb7f22189 done
repository	Build runtime and verification images	2026-09-30T00:26:04.8971500Z #53 DONE 32.6s
repository	Build runtime and verification images	2026-09-30T00:26:04.8972052Z 
repository	Build runtime and verification images	2026-09-30T00:26:04.8972881Z #63 [frontend builder 6/7] RUN mkdir -p public
repository	Build runtime and verification images	2026-09-30T00:26:05.0053228Z #63 DONE 0.3s
repository	Build runtime and verification images	2026-09-30T00:26:05.0066230Z 
repository	Build runtime and verification images	2026-09-30T00:26:05.0089440Z #64 [grafana 2/2] RUN apk upgrade --no-cache     && find /usr/share/grafana/data/plugins-bundled -mindepth 1 -maxdepth 1         ! -name jaeger ! -name prometheus -exec rm -rf {} +
repository	Build runtime and verification images	2026-09-30T00:26:06.4089006Z #64 1.511 Preupgrading:
repository	Build runtime and verification images	2026-09-30T00:26:06.5228522Z #64 1.511 (1/2) Upgrading libapk (3.0.6-r0 -> 3.0.8-r0)
repository	Build runtime and verification images	2026-09-30T00:26:06.5229848Z #64 1.519 (2/2) Upgrading apk-tools (3.0.6-r0 -> 3.0.8-r0)
repository	Build runtime and verification images	2026-09-30T00:26:06.5230996Z #64 1.542 Executing busybox-1.37.0-r31.trigger
repository	Build runtime and verification images	2026-09-30T00:26:06.7893996Z #64 1.774 Continuing with the main upgrade transaction:
repository	Build runtime and verification images	2026-09-30T00:26:07.5160158Z #64 2.618 (1/6) Upgrading alpine-release (3.24.1-r0 -> 3.24.2-r0)
repository	Build runtime and verification images	2026-09-30T00:26:07.6251119Z #64 2.633 (2/6) Upgrading libcrypto3 (3.5.7-r0 -> 3.5.8-r0)
repository	Build runtime and verification images	2026-09-30T00:26:07.6252334Z #64 2.701 (3/6) Upgrading libssl3 (3.5.7-r0 -> 3.5.8-r0)
repository	Build runtime and verification images	2026-09-30T00:26:07.6253605Z #64 2.727 (4/6) Upgrading ca-certificates-bundle (20260611-r0 -> 20260909-r0)
repository	Build runtime and verification images	2026-09-30T00:26:07.7602104Z #64 2.735 (5/6) Upgrading ca-certificates (20260611-r0 -> 20260909-r0)
repository	Build runtime and verification images	2026-09-30T00:26:07.7603396Z #64 2.862 (6/6) Upgrading tzdata (2026c-r0 -> 2026d-r0)
repository	Build runtime and verification images	2026-09-30T00:26:07.9133385Z #64 3.015 Executing busybox-1.37.0-r31.trigger
repository	Build runtime and verification images	2026-09-30T00:26:08.1519589Z #64 3.028 Executing ca-certificates-20260909-r0.trigger
repository	Build runtime and verification images	2026-09-30T00:26:08.1520624Z #64 3.099 OK: 15.8 MiB in 33 packages
repository	Build runtime and verification images	2026-09-30T00:26:08.9967261Z #64 DONE 4.1s
repository	Build runtime and verification images	2026-09-30T00:26:08.9967849Z 
repository	Build runtime and verification images	2026-09-30T00:26:08.9968502Z #65 [frontend builder 7/7] RUN npm run build
repository	Build runtime and verification images	2026-09-30T00:26:08.9969334Z #65 0.579 
repository	Build runtime and verification images	2026-09-30T00:26:08.9970062Z #65 0.579 > azaeron-frontend@1.0.0 build
repository	Build runtime and verification images	2026-09-30T00:26:08.9970793Z #65 0.579 > node ./node_modules/next/dist/bin/next build
repository	Build runtime and verification images	2026-09-30T00:26:08.9971332Z #65 0.579 
repository	Build runtime and verification images	2026-09-30T00:26:08.9972067Z #65 1.514 ▲ Next.js 16.3.3 (Turbopack)
repository	Build runtime and verification images	2026-09-30T00:26:08.9972759Z #65 1.589 ✓ Running next.config.ts took 73ms
repository	Build runtime and verification images	2026-09-30T00:26:08.9973589Z #65 1.630 
repository	Build runtime and verification images	2026-09-30T00:26:08.9974183Z #65 1.782   Creating an optimized production build ...
repository	Build runtime and verification images	2026-09-30T00:26:10.9675565Z #65 ...
repository	Build runtime and verification images	2026-09-30T00:26:10.9676165Z 
repository	Build runtime and verification images	2026-09-30T00:26:10.9676973Z #66 [grafana] exporting to image
repository	Build runtime and verification images	2026-09-30T00:26:10.9677751Z #66 exporting layers 1.8s done
repository	Build runtime and verification images	2026-09-30T00:26:10.9678966Z #66 writing image sha256:b71ddb51e5ed3df6a9fda87abeb347251cc6d5f03300cefda5bafd844c4c7798 done
repository	Build runtime and verification images	2026-09-30T00:26:10.9680337Z #66 naming to docker.io/library/verity-ci-grafana done
repository	Build runtime and verification images	2026-09-30T00:26:10.9681060Z #66 DONE 1.8s
repository	Build runtime and verification images	2026-09-30T00:26:10.9681424Z 
repository	Build runtime and verification images	2026-09-30T00:26:10.9681911Z #67 [grafana] resolving provenance for metadata file
repository	Build runtime and verification images	2026-09-30T00:26:10.9682623Z #67 DONE 0.0s
repository	Build runtime and verification images	2026-09-30T00:26:10.9682970Z 
repository	Build runtime and verification images	2026-09-30T00:26:10.9685985Z #61 [minio server-build 5/6] RUN --mount=type=cache,target=/go/pkg/mod     go get github.com/apache/thrift@v0.24.0 github.com/buger/jsonparser@v1.1.2       github.com/go-jose/go-jose/v4@v4.1.4 github.com/prometheus/prometheus@v0.311.3       github.com/rabbitmq/amqp091-go@v1.13.0       golang.org/x/crypto@v0.55.0 google.golang.org/grpc@v1.83.2     && go mod download && go mod verify
repository	Build runtime and verification images	2026-09-30T00:26:10.9689261Z #61 10.56 go: upgraded go 1.24.0 => 1.25.0
repository	Build runtime and verification images	2026-09-30T00:26:10.9690124Z #61 10.56 go: removed toolchain go1.24.2
repository	Build runtime and verification images	2026-09-30T00:26:10.9691045Z #61 10.56 go: upgraded cel.dev/expr v0.23.1 => v0.25.2
repository	Build runtime and verification images	2026-09-30T00:26:10.9692075Z #61 10.56 go: upgraded cloud.google.com/go v0.120.1 => v0.121.6
repository	Build runtime and verification images	2026-09-30T00:26:10.9693163Z #61 10.56 go: upgraded cloud.google.com/go/auth v0.16.0 => v0.18.2
repository	Build runtime and verification images	2026-09-30T00:26:10.9694377Z #61 10.56 go: upgraded cloud.google.com/go/compute/metadata v0.6.0 => v0.9.0
repository	Build runtime and verification images	2026-09-30T00:26:10.9695544Z #61 10.56 go: upgraded cloud.google.com/go/iam v1.5.2 => v1.5.3
repository	Build runtime and verification images	2026-09-30T00:26:10.9696941Z #61 10.56 go: upgraded cloud.google.com/go/monitoring v1.24.2 => v1.24.3
repository	Build runtime and verification images	2026-09-30T00:26:10.9698068Z #61 10.56 go: upgraded cloud.google.com/go/storage v1.52.0 => v1.56.0
repository	Build runtime and verification images	2026-09-30T00:26:10.9699276Z #61 10.56 go: upgraded github.com/Azure/azure-sdk-for-go/sdk/azcore v1.18.0 => v1.21.0
repository	Build runtime and verification images	2026-09-30T00:26:10.9700611Z #61 10.56 go: upgraded github.com/Azure/azure-sdk-for-go/sdk/azidentity v1.9.0 => v1.13.1
repository	Build runtime and verification images	2026-09-30T00:26:10.9701933Z #61 10.56 go: upgraded github.com/Azure/azure-sdk-for-go/sdk/internal v1.11.1 => v1.11.2
repository	Build runtime and verification images	2026-09-30T00:26:10.9703370Z #61 10.56 go: upgraded github.com/AzureAD/microsoft-authentication-library-for-go v1.4.2 => v1.6.0
repository	Build runtime and verification images	2026-09-30T00:26:10.9705062Z #61 10.56 go: upgraded github.com/GoogleCloudPlatform/opentelemetry-operations-go/detectors/gcp v1.27.0 => v1.33.0
repository	Build runtime and verification images	2026-09-30T00:26:10.9707093Z #61 10.56 go: upgraded github.com/GoogleCloudPlatform/opentelemetry-operations-go/exporter/metric v0.51.0 => v0.53.0
repository	Build runtime and verification images	2026-09-30T00:26:10.9709395Z #61 10.56 go: upgraded github.com/GoogleCloudPlatform/opentelemetry-operations-go/internal/resourcemapping v0.51.0 => v0.53.0
repository	Build runtime and verification images	2026-09-30T00:26:10.9714893Z #61 10.56 go: upgraded github.com/apache/thrift v0.21.0 => v0.24.0
repository	Build runtime and verification images	2026-09-30T00:26:10.9716055Z #61 10.56 go: upgraded github.com/buger/jsonparser v1.1.1 => v1.1.2
repository	Build runtime and verification images	2026-09-30T00:26:10.9717841Z #61 10.56 go: upgraded github.com/cncf/xds/go v0.0.0-20250326154945-ae57f3c0d45f => v0.0.0-20260202195803-dba9d589def2
repository	Build runtime and verification images	2026-09-30T00:26:10.9719343Z #61 10.56 go: upgraded github.com/coreos/go-systemd/v22 v22.5.0 => v22.6.0
repository	Build runtime and verification images	2026-09-30T00:26:10.9720659Z #61 10.56 go: upgraded github.com/envoyproxy/go-control-plane/envoy v1.32.4 => v1.37.0
repository	Build runtime and verification images	2026-09-30T00:26:10.9722366Z #61 10.56 go: upgraded github.com/envoyproxy/protoc-gen-validate v1.2.1 => v1.3.3
repository	Build runtime and verification images	2026-09-30T00:26:10.9723579Z #61 10.56 go: upgraded github.com/go-jose/go-jose/v4 v4.1.0 => v4.1.4
repository	Build runtime and verification images	2026-09-30T00:26:10.9724877Z #61 10.56 go: upgraded github.com/go-logr/logr v1.4.2 => v1.4.3
repository	Build runtime and verification images	2026-09-30T00:26:10.9725989Z #61 10.56 go: upgraded github.com/go-openapi/analysis v0.23.0 => v0.24.2
repository	Build runtime and verification images	2026-09-30T00:26:10.9727330Z #61 10.56 go: upgraded github.com/go-openapi/errors v0.22.1 => v0.22.7
repository	Build runtime and verification images	2026-09-30T00:26:10.9728536Z #61 10.56 go: upgraded github.com/go-openapi/jsonpointer v0.21.1 => v0.22.5
repository	Build runtime and verification images	2026-09-30T00:26:10.9730157Z #61 10.56 go: upgraded github.com/go-openapi/jsonreference v0.21.0 => v0.21.4
repository	Build runtime and verification images	2026-09-30T00:26:10.9731374Z #61 10.56 go: upgraded github.com/go-openapi/loads v0.22.0 => v0.23.2
repository	Build runtime and verification images	2026-09-30T00:26:10.9733153Z #61 10.56 go: upgraded github.com/go-openapi/spec v0.21.0 => v0.22.3
repository	Build runtime and verification images	2026-09-30T00:26:10.9734349Z #61 10.56 go: upgraded github.com/go-openapi/strfmt v0.23.0 => v0.26.1
repository	Build runtime and verification images	2026-09-30T00:26:10.9735506Z #61 10.56 go: upgraded github.com/go-openapi/swag v0.23.1 => v0.25.4
repository	Build runtime and verification images	2026-09-30T00:26:10.9737015Z #61 10.56 go: upgraded github.com/go-openapi/validate v0.24.0 => v0.25.1
repository	Build runtime and verification images	2026-09-30T00:26:10.9738143Z #61 10.56 go: upgraded github.com/golang-jwt/jwt/v5 v5.2.2 => v5.3.1
repository	Build runtime and verification images	2026-09-30T00:26:10.9739612Z #61 10.56 go: upgraded github.com/google/pprof v0.0.0-20250422154841-e1f9c1950416 => v0.0.0-20260302011040-a15ffb7f9dcc
repository	Build runtime and verification images	2026-09-30T00:26:10.9741164Z #61 10.56 go: upgraded github.com/googleapis/enterprise-certificate-proxy v0.3.6 => v0.3.14
repository	Build runtime and verification images	2026-09-30T00:26:10.9742541Z #61 10.56 go: upgraded github.com/googleapis/gax-go/v2 v2.14.1 => v2.18.0
repository	Build runtime and verification images	2026-09-30T00:26:10.9743948Z #61 10.56 go: upgraded github.com/gorilla/websocket v1.5.3 => v1.5.4-0.20250319132907-e064f32e3674
repository	Build runtime and verification images	2026-09-30T00:26:10.9745298Z #61 10.56 go: upgraded github.com/klauspost/compress v1.18.0 => v1.18.5
repository	Build runtime and verification images	2026-09-30T00:26:10.9746584Z #61 10.56 go: upgraded github.com/miekg/dns v1.1.65 => v1.1.72
repository	Build runtime and verification images	2026-09-30T00:26:10.9747901Z #61 10.56 go: upgraded github.com/modern-go/reflect2 v1.0.2 => v1.0.3-0.20250322232337-35a7c28c31ee
repository	Build runtime and verification images	2026-09-30T00:26:10.9749320Z #61 10.56 go: upgraded github.com/prometheus/client_golang v1.22.0 => v1.23.2
repository	Build runtime and verification images	2026-09-30T00:26:10.9750516Z #61 10.56 go: upgraded github.com/prometheus/common v0.63.0 => v0.67.5
repository	Build runtime and verification images	2026-09-30T00:26:10.9751805Z #61 10.56 go: upgraded github.com/prometheus/prometheus v0.303.0 => v0.311.3
repository	Build runtime and verification images	2026-09-30T00:26:10.9753000Z #61 10.56 go: upgraded github.com/rabbitmq/amqp091-go v1.10.0 => v1.13.0
repository	Build runtime and verification images	2026-09-30T00:26:10.9754171Z #61 10.56 go: upgraded github.com/spiffe/go-spiffe/v2 v2.5.0 => v2.7.0
repository	Build runtime and verification images	2026-09-30T00:26:10.9755307Z #61 10.56 go: upgraded go.mongodb.org/mongo-driver v1.17.3 => v1.17.6
repository	Build runtime and verification images	2026-09-30T00:26:10.9756600Z #61 10.56 go: upgraded go.opentelemetry.io/auto/sdk v1.1.0 => v1.2.1
repository	Build runtime and verification images	2026-09-30T00:26:10.9757840Z #61 10.56 go: upgraded go.opentelemetry.io/contrib/detectors/gcp v1.35.0 => v1.44.0
repository	Build runtime and verification images	2026-09-30T00:26:10.9760170Z #61 10.56 go: upgraded go.opentelemetry.io/contrib/instrumentation/google.golang.org/grpc/otelgrpc v0.60.0 => v0.61.0
repository	Build runtime and verification images	2026-09-30T00:26:10.9761990Z #61 10.56 go: upgraded go.opentelemetry.io/contrib/instrumentation/net/http/otelhttp v0.60.0 => v0.67.0
repository	Build runtime and verification images	2026-09-30T00:26:10.9763437Z #61 10.56 go: upgraded go.opentelemetry.io/otel v1.35.0 => v1.44.0
repository	Build runtime and verification images	2026-09-30T00:26:10.9764547Z #61 10.56 go: upgraded go.opentelemetry.io/otel/metric v1.35.0 => v1.44.0
repository	Build runtime and verification images	2026-09-30T00:26:10.9765773Z #61 10.56 go: upgraded go.opentelemetry.io/otel/sdk v1.35.0 => v1.44.0
repository	Build runtime and verification images	2026-09-30T00:26:10.9767140Z #61 10.56 go: upgraded go.opentelemetry.io/otel/sdk/metric v1.35.0 => v1.44.0
repository	Build runtime and verification images	2026-09-30T00:26:10.9768387Z #61 10.56 go: upgraded go.opentelemetry.io/otel/trace v1.35.0 => v1.44.0
repository	Build runtime and verification images	2026-09-30T00:26:10.9769429Z #61 10.56 go: upgraded go.uber.org/zap v1.27.0 => v1.27.1
repository	Build runtime and verification images	2026-09-30T00:26:10.9770532Z #61 10.56 go: upgraded golang.org/x/crypto v0.37.0 => v0.55.0
repository	Build runtime and verification images	2026-09-30T00:26:10.9771506Z #61 10.56 go: upgraded golang.org/x/mod v0.24.0 => v0.38.0
repository	Build runtime and verification images	2026-09-30T00:26:10.9772497Z #61 10.56 go: upgraded golang.org/x/net v0.39.0 => v0.58.0
repository	Build runtime and verification images	2026-09-30T00:26:10.9773801Z #61 10.56 go: upgraded golang.org/x/oauth2 v0.29.0 => v0.36.0
repository	Build runtime and verification images	2026-09-30T00:26:10.9774822Z #61 10.56 go: upgraded golang.org/x/sync v0.13.0 => v0.22.0
repository	Build runtime and verification images	2026-09-30T00:26:10.9775805Z #61 10.56 go: upgraded golang.org/x/sys v0.32.0 => v0.47.0
repository	Build runtime and verification images	2026-09-30T00:26:10.9776947Z #61 10.56 go: upgraded golang.org/x/term v0.31.0 => v0.45.0
repository	Build runtime and verification images	2026-09-30T00:26:10.9777985Z #61 10.56 go: upgraded golang.org/x/text v0.24.0 => v0.41.0
repository	Build runtime and verification images	2026-09-30T00:26:10.9778928Z #61 10.56 go: upgraded golang.org/x/time v0.11.0 => v0.15.0
repository	Build runtime and verification images	2026-09-30T00:26:10.9779988Z #61 10.56 go: upgraded golang.org/x/tools v0.32.0 => v0.48.0
repository	Build runtime and verification images	2026-09-30T00:26:10.9781233Z #61 10.56 go: upgraded google.golang.org/api v0.230.0 => v0.272.0
repository	Build runtime and verification images	2026-09-30T00:26:10.9782772Z #61 10.56 go: upgraded google.golang.org/genproto v0.0.0-20250422160041-2d3770c4ea7f => v0.0.0-20260217215200-42d3e9bedb6d
repository	Build runtime and verification images	2026-09-30T00:26:10.9784823Z #61 10.56 go: upgraded google.golang.org/genproto/googleapis/api v0.0.0-20250422160041-2d3770c4ea7f => v0.0.0-20260526163538-3dc84a4a5aaa
repository	Build runtime and verification images	2026-09-30T00:26:10.9787225Z #61 10.56 go: upgraded google.golang.org/genproto/googleapis/rpc v0.0.0-20250422160041-2d3770c4ea7f => v0.0.0-20260526163538-3dc84a4a5aaa
repository	Build runtime and verification images	2026-09-30T00:26:10.9788835Z #61 10.56 go: upgraded google.golang.org/grpc v1.72.0 => v1.83.2
repository	Build runtime and verification images	2026-09-30T00:26:10.9789987Z #61 10.56 go: upgraded google.golang.org/protobuf v1.36.6 => v1.36.11
repository	Build runtime and verification images	2026-09-30T00:26:11.9379882Z #61 ...
repository	Build runtime and verification images	2026-09-30T00:26:11.9380427Z 
repository	Build runtime and verification images	2026-09-30T00:26:11.9382603Z #60 [minio-init client-build 5/6] RUN --mount=type=cache,target=/go/pkg/mod     go get github.com/prometheus/prometheus@v0.311.3       golang.org/x/crypto@v0.55.0 google.golang.org/grpc@v1.83.2     && go mod tidy && go mod download && go mod verify
repository	Build runtime and verification images	2026-09-30T00:26:11.9384819Z #60 21.70 all modules verified
repository	Build runtime and verification images	2026-09-30T00:26:12.1755683Z #60 DONE 21.9s
repository	Build runtime and verification images	2026-09-30T00:26:12.1756254Z 
repository	Build runtime and verification images	2026-09-30T00:26:12.1758093Z #51 [celery-beat runtime-base 4/4] RUN pip install --no-cache-dir --only-binary=:all: --require-hashes -r requirements.lock     && useradd --create-home --uid 1000 azaeron
repository	Build runtime and verification images	2026-09-30T00:26:12.3273656Z #51 ...
repository	Build runtime and verification images	2026-09-30T00:26:12.3273966Z 
repository	Build runtime and verification images	2026-09-30T00:26:12.3275441Z #68 [minio-init client-build 6/6] RUN --mount=type=cache,target=/go/pkg/mod --mount=type=cache,target=/root/.cache/go-build     go build -trimpath -tags kqueue -ldflags='-s -w' -o /out/mc .
repository	Build runtime and verification images	2026-09-30T00:26:17.4228577Z #68 ...
repository	Build runtime and verification images	2026-09-30T00:26:17.4237813Z 
repository	Build runtime and verification images	2026-09-30T00:26:17.4269271Z #51 [migrate runtime-base 4/4] RUN pip install --no-cache-dir --only-binary=:all: --require-hashes -r requirements.lock     && useradd --create-home --uid 1000 azaeron
repository	Build runtime and verification images	2026-09-30T00:26:17.4285216Z #51 36.94 Successfully installed alembic-1.14.0 amqp-5.4.0 annotated-doc-0.0.5 annotated-types-0.8.0 anyio-4.15.1 argon2-cffi-25.1.0 argon2-cffi-bindings-26.1.0 asgiref-3.12.1 asyncpg-0.30.0 bcrypt-4.0.1 beautifulsoup4-4.12.3 billiard-4.3.0 celery-5.4.0 certifi-2026.7.22 cffi-2.1.1 charset-normalizer-3.5.1 click-8.5.0 click-didyoumean-0.3.1 click-plugins-1.1.1.2 click-repl-0.4.0 cryptography-50.0.1 deprecated-1.3.1 dnspython-2.8.0 email-validator-2.2.0 fastapi-0.141.1 googleapis-common-protos-1.75.0 greenlet-3.5.6 grpcio-1.84.0 h11-0.16.0 httpcore-1.0.9 httptools-0.8.0 httpx-0.27.0 idna-3.20 importlib-metadata-8.5.0 itsdangerous-2.2.0 kombu-5.6.2 lxml-6.1.3 mako-1.4.1 markupsafe-3.0.3 minio-7.2.12 numpy-2.5.3 opentelemetry-api-1.28.0 opentelemetry-exporter-otlp-proto-common-1.28.0 opentelemetry-exporter-otlp-proto-grpc-1.28.0 opentelemetry-instrumentation-0.49b0 opentelemetry-instrumentation-asgi-0.49b0 opentelemetry-instrumentation-fastapi-0.49b0 opentelemetry-proto-1.28.0 opentelemetry-sdk-1.28.0 opentelemetry-semantic-conventions-0.49b0 opentelemetry-util-http-0.49b0 packaging-26.3 pdfminer-six-20260107 pdfplumber-0.11.10 pgvector-0.3.0 pillow-12.3.0 prometheus-client-0.21.0 prompt-toolkit-3.0.53 protobuf-5.29.6 pycparser-3.0 pycryptodome-3.23.0 pydantic-2.13.5 pydantic-core-2.46.5 pydantic-settings-2.15.0 pyjwt-2.14.0 pypdfium2-5.13.0 pyphen-0.18.1 python-dateutil-2.9.0 python-docx-1.1.2 python-dotenv-1.2.3 python-multipart-0.0.32 pyyaml-6.0.3 redis-5.2.0 setuptools-84.0.0 six-1.17.0 sniffio-1.3.1 soupsieve-2.9.2 sqlalchemy-2.0.36 starlette-1.6.0 structlog-24.4.0 textstat-0.7.4 typing-extensions-4.16.0 typing-inspection-0.4.4 tzdata-2026.4 urllib3-2.8.0 uvicorn-0.53.0 uvloop-0.22.1 vine-5.1.0 watchfiles-1.2.0 wcwidth-0.8.4 websockets-17.1 wrapt-1.17.3 zipp-4.1.0
repository	Build runtime and verification images	2026-09-30T00:26:17.4302193Z #51 36.94 WARNING: Running pip as the 'root' user can result in broken permissions and conflicting behaviour with the system package manager, possibly rendering your system unusable. It is recommended to use a virtual environment instead: https://pip.pypa.io/warnings/venv. Use the --root-user-action option if you know what you are doing and want to suppress this warning.
repository	Build runtime and verification images	2026-09-30T00:26:17.4305018Z #51 DONE 37.6s
repository	Build runtime and verification images	2026-09-30T00:26:17.4305239Z 
repository	Build runtime and verification images	2026-09-30T00:26:17.4305674Z #69 [verification runtime-base 3/4] COPY requirements.lock ./
repository	Build runtime and verification images	2026-09-30T00:26:17.4306261Z #69 CACHED
repository	Build runtime and verification images	2026-09-30T00:26:17.4307106Z 
repository	Build runtime and verification images	2026-09-30T00:26:17.4308410Z #70 [verification runtime-base 4/4] RUN pip install --no-cache-dir --only-binary=:all: --require-hashes -r requirements.lock     && useradd --create-home --uid 1000 azaeron
repository	Build runtime and verification images	2026-09-30T00:26:17.4309670Z #70 CACHED
repository	Build runtime and verification images	2026-09-30T00:26:17.4309867Z 
repository	Build runtime and verification images	2026-09-30T00:26:17.4310363Z #71 [verification verification-base 1/2] COPY requirements-dev.lock ./
repository	Build runtime and verification images	2026-09-30T00:26:17.4311013Z #71 DONE 0.0s
repository	Build runtime and verification images	2026-09-30T00:26:17.4311222Z 
repository	Build runtime and verification images	2026-09-30T00:26:17.4311606Z #72 [migrate assemble 1/3] COPY --from=runtime-os / /base/
repository	Build runtime and verification images	2026-09-30T00:26:17.7698861Z #72 DONE 0.4s
repository	Build runtime and verification images	2026-09-30T00:26:17.7699503Z 
repository	Build runtime and verification images	2026-09-30T00:26:17.7700362Z #73 [backend assemble 2/3] COPY scripts/assemble_runtime.py /assemble_runtime.py
repository	Build runtime and verification images	2026-09-30T00:26:17.7701297Z #73 DONE 0.0s
repository	Build runtime and verification images	2026-09-30T00:26:17.7701712Z 
repository	Build runtime and verification images	2026-09-30T00:26:17.7702308Z #74 [backend assemble 3/3] RUN python /assemble_runtime.py
repository	Build runtime and verification images	2026-09-30T00:26:22.9078557Z #74 ...
repository	Build runtime and verification images	2026-09-30T00:26:22.9079111Z 
repository	Build runtime and verification images	2026-09-30T00:26:22.9080488Z #75 [verification verification-base 2/2] RUN pip install --no-cache-dir --only-binary=:all: --require-hashes -r requirements-dev.lock
repository	Build runtime and verification images	2026-09-30T00:26:22.9082258Z #75 3.549 Collecting aiosqlite==0.20.0 (from -r requirements-dev.lock (line 3))
repository	Build runtime and verification images	2026-09-30T00:26:22.9083523Z #75 3.615   Downloading aiosqlite-0.20.0-py3-none-any.whl (15 kB)
repository	Build runtime and verification images	2026-09-30T00:26:22.9085339Z #75 3.630 Requirement already satisfied: alembic==1.14.0 in /usr/local/lib/python3.12/site-packages (from -r requirements-dev.lock (line 7)) (1.14.0)
repository	Build runtime and verification images	2026-09-30T00:26:22.9087950Z #75 3.634 Requirement already satisfied: amqp==5.4.0 in /usr/local/lib/python3.12/site-packages (from -r requirements-dev.lock (line 13)) (5.4.0)
repository	Build runtime and verification images	2026-09-30T00:26:22.9090328Z #75 3.635 Requirement already satisfied: annotated-doc==0.0.5 in /usr/local/lib/python3.12/site-packages (from -r requirements-dev.lock (line 19)) (0.0.5)
repository	Build runtime and verification images	2026-09-30T00:26:22.9092790Z #75 3.636 Requirement already satisfied: annotated-types==0.8.0 in /usr/local/lib/python3.12/site-packages (from -r requirements-dev.lock (line 25)) (0.8.0)
repository	Build runtime and verification images	2026-09-30T00:26:22.9095199Z #75 3.638 Requirement already satisfied: anyio==4.15.1 in /usr/local/lib/python3.12/site-packages (from -r requirements-dev.lock (line 31)) (4.15.1)
repository	Build runtime and verification images	2026-09-30T00:26:22.9097812Z #75 3.639 Requirement already satisfied: argon2-cffi==25.1.0 in /usr/local/lib/python3.12/site-packages (from -r requirements-dev.lock (line 39)) (25.1.0)
repository	Build runtime and verification images	2026-09-30T00:26:22.9100283Z #75 3.640 Requirement already satisfied: argon2-cffi-bindings==26.1.0 in /usr/local/lib/python3.12/site-packages (from -r requirements-dev.lock (line 45)) (26.1.0)
repository	Build runtime and verification images	2026-09-30T00:26:22.9102784Z #75 3.642 Requirement already satisfied: asgiref==3.12.1 in /usr/local/lib/python3.12/site-packages (from -r requirements-dev.lock (line 90)) (3.12.1)
repository	Build runtime and verification images	2026-09-30T00:26:22.9105130Z #75 3.643 Requirement already satisfied: asyncpg==0.30.0 in /usr/local/lib/python3.12/site-packages (from -r requirements-dev.lock (line 96)) (0.30.0)
repository	Build runtime and verification images	2026-09-30T00:26:22.9107757Z #75 3.644 Requirement already satisfied: bcrypt==4.0.1 in /usr/local/lib/python3.12/site-packages (from -r requirements-dev.lock (line 149)) (4.0.1)
repository	Build runtime and verification images	2026-09-30T00:26:22.9110623Z #75 3.645 Requirement already satisfied: beautifulsoup4==4.12.3 in /usr/local/lib/python3.12/site-packages (from -r requirements-dev.lock (line 174)) (4.12.3)
repository	Build runtime and verification images	2026-09-30T00:26:22.9113051Z #75 3.646 Requirement already satisfied: billiard==4.3.0 in /usr/local/lib/python3.12/site-packages (from -r requirements-dev.lock (line 180)) (4.3.0)
repository	Build runtime and verification images	2026-09-30T00:26:22.9115056Z #75 3.813 Collecting black==26.5.1 (from -r requirements-dev.lock (line 186))
repository	Build runtime and verification images	2026-09-30T00:26:22.9116710Z #75 3.825   Downloading black-26.5.1-cp312-cp312-manylinux2014_x86_64.manylinux_2_17_x86_64.manylinux_2_28_x86_64.whl (1.9 MB)
repository	Build runtime and verification images	2026-09-30T00:26:22.9118897Z #75 3.906      ━━━━━━━━━━━━━━━━━━━━━━━━━━━━━━━━━━━━━━━━ 1.9/1.9 MB 35.4 MB/s eta 0:00:00
repository	Build runtime and verification images	2026-09-30T00:26:22.9120462Z #75 3.940 Requirement already satisfied: celery==5.4.0 in /usr/local/lib/python3.12/site-packages (from -r requirements-dev.lock (line 215)) (5.4.0)
repository	Build runtime and verification images	2026-09-30T00:26:22.9122552Z #75 3.943 Requirement already satisfied: certifi==2026.7.22 in /usr/local/lib/python3.12/site-packages (from -r requirements-dev.lock (line 221)) (2026.7.22)
repository	Build runtime and verification images	2026-09-30T00:26:22.9124601Z #75 3.944 Requirement already satisfied: cffi==2.1.1 in /usr/local/lib/python3.12/site-packages (from -r requirements-dev.lock (line 229)) (2.1.1)
repository	Build runtime and verification images	2026-09-30T00:26:22.9126892Z #75 3.947 Requirement already satisfied: charset-normalizer==3.5.1 in /usr/local/lib/python3.12/site-packages (from -r requirements-dev.lock (line 334)) (3.5.1)
repository	Build runtime and verification images	2026-09-30T00:26:22.9129098Z #75 3.948 Requirement already satisfied: click==8.5.0 in /usr/local/lib/python3.12/site-packages (from -r requirements-dev.lock (line 510)) (8.5.0)
repository	Build runtime and verification images	2026-09-30T00:26:22.9131309Z #75 3.948 Requirement already satisfied: click-didyoumean==0.3.1 in /usr/local/lib/python3.12/site-packages (from -r requirements-dev.lock (line 521)) (0.3.1)
repository	Build runtime and verification images	2026-09-30T00:26:22.9133565Z #75 3.950 Requirement already satisfied: click-plugins==1.1.1.2 in /usr/local/lib/python3.12/site-packages (from -r requirements-dev.lock (line 527)) (1.1.1.2)
repository	Build runtime and verification images	2026-09-30T00:26:22.9135770Z #75 3.951 Requirement already satisfied: click-repl==0.4.0 in /usr/local/lib/python3.12/site-packages (from -r requirements-dev.lock (line 533)) (0.4.0)
repository	Build runtime and verification images	2026-09-30T00:26:22.9478708Z #75 3.951 Requirement already satisfied: cryptography==50.0.1 in /usr/local/lib/python3.12/site-packages (from -r requirements-dev.lock (line 539)) (50.0.1)
repository	Build runtime and verification images	2026-09-30T00:26:22.9480899Z #75 3.954 Requirement already satisfied: deprecated==1.3.1 in /usr/local/lib/python3.12/site-packages (from -r requirements-dev.lock (line 590)) (1.3.1)
repository	Build runtime and verification images	2026-09-30T00:26:22.9483020Z #75 3.955 Requirement already satisfied: dnspython==2.8.0 in /usr/local/lib/python3.12/site-packages (from -r requirements-dev.lock (line 598)) (2.8.0)
repository	Build runtime and verification images	2026-09-30T00:26:22.9485117Z #75 3.955 Requirement already satisfied: email-validator==2.2.0 in /usr/local/lib/python3.12/site-packages (from -r requirements-dev.lock (line 604)) (2.2.0)
repository	Build runtime and verification images	2026-09-30T00:26:22.9486945Z #75 3.990 Collecting factory-boy==3.3.0 (from -r requirements-dev.lock (line 610))
repository	Build runtime and verification images	2026-09-30T00:26:22.9487977Z #75 4.004   Downloading factory_boy-3.3.0-py2.py3-none-any.whl (36 kB)
repository	Build runtime and verification images	2026-09-30T00:26:22.9488950Z #75 4.173 Collecting faker==30.0.0 (from -r requirements-dev.lock (line 614))
repository	Build runtime and verification images	2026-09-30T00:26:22.9489851Z #75 4.187   Downloading Faker-30.0.0-py3-none-any.whl (1.8 MB)
repository	Build runtime and verification images	2026-09-30T00:26:22.9491100Z #75 4.211      ━━━━━━━━━━━━━━━━━━━━━━━━━━━━━━━━━━━━━━━━ 1.8/1.8 MB 77.3 MB/s eta 0:00:00
repository	Build runtime and verification images	2026-09-30T00:26:22.9492716Z #75 4.231 Requirement already satisfied: fastapi==0.141.1 in /usr/local/lib/python3.12/site-packages (from -r requirements-dev.lock (line 620)) (0.141.1)
repository	Build runtime and verification images	2026-09-30T00:26:22.9494952Z #75 4.232 Requirement already satisfied: googleapis-common-protos==1.75.0 in /usr/local/lib/python3.12/site-packages (from -r requirements-dev.lock (line 626)) (1.75.0)
repository	Build runtime and verification images	2026-09-30T00:26:22.9497307Z #75 4.233 Requirement already satisfied: greenlet==3.5.6 in /usr/local/lib/python3.12/site-packages (from -r requirements-dev.lock (line 632)) (3.5.6)
repository	Build runtime and verification images	2026-09-30T00:26:22.9499689Z #75 4.233 Requirement already satisfied: grpcio==1.84.0 in /usr/local/lib/python3.12/site-packages (from -r requirements-dev.lock (line 715)) (1.84.0)
repository	Build runtime and verification images	2026-09-30T00:26:22.9501746Z #75 4.234 Requirement already satisfied: h11==0.16.0 in /usr/local/lib/python3.12/site-packages (from -r requirements-dev.lock (line 780)) (0.16.0)
repository	Build runtime and verification images	2026-09-30T00:26:22.9503737Z #75 4.235 Requirement already satisfied: httpcore==1.0.9 in /usr/local/lib/python3.12/site-packages (from -r requirements-dev.lock (line 787)) (1.0.9)
repository	Build runtime and verification images	2026-09-30T00:26:22.9505766Z #75 4.237 Requirement already satisfied: httptools==0.8.0 in /usr/local/lib/python3.12/site-packages (from -r requirements-dev.lock (line 793)) (0.8.0)
repository	Build runtime and verification images	2026-09-30T00:26:22.9508222Z #75 4.238 Requirement already satisfied: httpx==0.27.0 in /usr/local/lib/python3.12/site-packages (from -r requirements-dev.lock (line 847)) (0.27.0)
repository	Build runtime and verification images	2026-09-30T00:26:22.9510150Z #75 4.238 Requirement already satisfied: idna==3.20 in /usr/local/lib/python3.12/site-packages (from -r requirements-dev.lock (line 853)) (3.20)
repository	Build runtime and verification images	2026-09-30T00:26:22.9512184Z #75 4.239 Requirement already satisfied: importlib-metadata==8.5.0 in /usr/local/lib/python3.12/site-packages (from -r requirements-dev.lock (line 861)) (8.5.0)
repository	Build runtime and verification images	2026-09-30T00:26:22.9513678Z #75 4.266 Collecting iniconfig==2.3.0 (from -r requirements-dev.lock (line 867))
repository	Build runtime and verification images	2026-09-30T00:26:22.9514608Z #75 4.278   Downloading iniconfig-2.3.0-py3-none-any.whl (7.5 kB)
repository	Build runtime and verification images	2026-09-30T00:26:22.9516179Z #75 4.283 Requirement already satisfied: itsdangerous==2.2.0 in /usr/local/lib/python3.12/site-packages (from -r requirements-dev.lock (line 871)) (2.2.0)
repository	Build runtime and verification images	2026-09-30T00:26:22.9518397Z #75 4.283 Requirement already satisfied: kombu==5.6.2 in /usr/local/lib/python3.12/site-packages (from -r requirements-dev.lock (line 877)) (5.6.2)
repository	Build runtime and verification images	2026-09-30T00:26:22.9520340Z #75 4.285 Requirement already satisfied: lxml==6.1.3 in /usr/local/lib/python3.12/site-packages (from -r requirements-dev.lock (line 883)) (6.1.3)
repository	Build runtime and verification images	2026-09-30T00:26:22.9522264Z #75 4.286 Requirement already satisfied: mako==1.4.1 in /usr/local/lib/python3.12/site-packages (from -r requirements-dev.lock (line 1063)) (1.4.1)
repository	Build runtime and verification images	2026-09-30T00:26:22.9524284Z #75 4.287 Requirement already satisfied: markupsafe==3.0.3 in /usr/local/lib/python3.12/site-packages (from -r requirements-dev.lock (line 1069)) (3.0.3)
repository	Build runtime and verification images	2026-09-30T00:26:22.9526297Z #75 4.299 Requirement already satisfied: minio==7.2.12 in /usr/local/lib/python3.12/site-packages (from -r requirements-dev.lock (line 1162)) (7.2.12)
repository	Build runtime and verification images	2026-09-30T00:26:22.9527889Z #75 4.586 Collecting mypy==1.11.0 (from -r requirements-dev.lock (line 1168))
repository	Build runtime and verification images	2026-09-30T00:26:22.9529272Z #75 4.600   Downloading mypy-1.11.0-cp312-cp312-manylinux_2_17_x86_64.manylinux2014_x86_64.manylinux_2_28_x86_64.whl (12.5 MB)
repository	Build runtime and verification images	2026-09-30T00:26:22.9530753Z #75 4.691      ━━━━━━━━━━━━━━━━━━━━━━━━━━━━━━━━━━━━━━━ 12.5/12.5 MB 148.8 MB/s eta 0:00:00
repository	Build runtime and verification images	2026-09-30T00:26:22.9531809Z #75 4.755 Collecting mypy-extensions==1.1.0 (from -r requirements-dev.lock (line 1197))
repository	Build runtime and verification images	2026-09-30T00:26:22.9533032Z #75 4.768   Downloading mypy_extensions-1.1.0-py3-none-any.whl (5.0 kB)
repository	Build runtime and verification images	2026-09-30T00:26:22.9534552Z #75 4.777 Requirement already satisfied: numpy==2.5.3 in /usr/local/lib/python3.12/site-packages (from -r requirements-dev.lock (line 1203)) (2.5.3)
repository	Build runtime and verification images	2026-09-30T00:26:22.9556932Z #75 4.778 Requirement already satisfied: opentelemetry-api==1.28.0 in /usr/local/lib/python3.12/site-packages (from -r requirements-dev.lock (line 1273)) (1.28.0)
repository	Build runtime and verification images	2026-09-30T00:26:22.9559438Z #75 4.779 Requirement already satisfied: opentelemetry-exporter-otlp-proto-common==1.28.0 in /usr/local/lib/python3.12/site-packages (from -r requirements-dev.lock (line 1285)) (1.28.0)
repository	Build runtime and verification images	2026-09-30T00:26:22.9562093Z #75 4.781 Requirement already satisfied: opentelemetry-exporter-otlp-proto-grpc==1.28.0 in /usr/local/lib/python3.12/site-packages (from -r requirements-dev.lock (line 1291)) (1.28.0)
repository	Build runtime and verification images	2026-09-30T00:26:22.9564571Z #75 4.782 Requirement already satisfied: opentelemetry-instrumentation==0.49b0 in /usr/local/lib/python3.12/site-packages (from -r requirements-dev.lock (line 1297)) (0.49b0)
repository	Build runtime and verification images	2026-09-30T00:26:22.9567227Z #75 4.786 Requirement already satisfied: opentelemetry-instrumentation-asgi==0.49b0 in /usr/local/lib/python3.12/site-packages (from -r requirements-dev.lock (line 1304)) (0.49b0)
repository	Build runtime and verification images	2026-09-30T00:26:22.9569783Z #75 4.786 Requirement already satisfied: opentelemetry-instrumentation-fastapi==0.49b0 in /usr/local/lib/python3.12/site-packages (from -r requirements-dev.lock (line 1310)) (0.49b0)
repository	Build runtime and verification images	2026-09-30T00:26:22.9572142Z #75 4.787 Requirement already satisfied: opentelemetry-proto==1.28.0 in /usr/local/lib/python3.12/site-packages (from -r requirements-dev.lock (line 1316)) (1.28.0)
repository	Build runtime and verification images	2026-09-30T00:26:22.9597167Z #75 4.788 Requirement already satisfied: opentelemetry-sdk==1.28.0 in /usr/local/lib/python3.12/site-packages (from -r requirements-dev.lock (line 1323)) (1.28.0)
repository	Build runtime and verification images	2026-09-30T00:26:22.9599619Z #75 4.788 Requirement already satisfied: opentelemetry-semantic-conventions==0.49b0 in /usr/local/lib/python3.12/site-packages (from -r requirements-dev.lock (line 1330)) (0.49b0)
repository	Build runtime and verification images	2026-09-30T00:26:22.9602131Z #75 4.789 Requirement already satisfied: opentelemetry-util-http==0.49b0 in /usr/local/lib/python3.12/site-packages (from -r requirements-dev.lock (line 1339)) (0.49b0)
repository	Build runtime and verification images	2026-09-30T00:26:22.9615829Z #75 4.790 Requirement already satisfied: packaging==26.3 in /usr/local/lib/python3.12/site-packages (from -r requirements-dev.lock (line 1346)) (26.3)
repository	Build runtime and verification images	2026-09-30T00:26:22.9617579Z #75 4.823 Collecting pathspec==1.1.1 (from -r requirements-dev.lock (line 1355))
repository	Build runtime and verification images	2026-09-30T00:26:22.9618526Z #75 4.838   Downloading pathspec-1.1.1-py3-none-any.whl (57 kB)
repository	Build runtime and verification images	2026-09-30T00:26:22.9620179Z #75 4.848 Requirement already satisfied: pdfminer-six==20260107 in /usr/local/lib/python3.12/site-packages (from -r requirements-dev.lock (line 1359)) (20260107)
repository	Build runtime and verification images	2026-09-30T00:26:22.9622338Z #75 4.848 Requirement already satisfied: pdfplumber==0.11.10 in /usr/local/lib/python3.12/site-packages (from -r requirements-dev.lock (line 1365)) (0.11.10)
repository	Build runtime and verification images	2026-09-30T00:26:22.9624401Z #75 4.849 Requirement already satisfied: pgvector==0.3.0 in /usr/local/lib/python3.12/site-packages (from -r requirements-dev.lock (line 1371)) (0.3.0)
repository	Build runtime and verification images	2026-09-30T00:26:22.9626562Z #75 4.850 Requirement already satisfied: pillow==12.3.0 in /usr/local/lib/python3.12/site-packages (from -r requirements-dev.lock (line 1376)) (12.3.0)
repository	Build runtime and verification images	2026-09-30T00:26:22.9628089Z #75 4.889 Collecting platformdirs==4.11.11 (from -r requirements-dev.lock (line 1467))
repository	Build runtime and verification images	2026-09-30T00:26:22.9629112Z #75 4.903   Downloading platformdirs-4.11.11-py3-none-any.whl (24 kB)
repository	Build runtime and verification images	2026-09-30T00:26:22.9630082Z #75 4.937 Collecting pluggy==1.6.0 (from -r requirements-dev.lock (line 1471))
repository	Build runtime and verification images	2026-09-30T00:26:22.9631004Z #75 4.948   Downloading pluggy-1.6.0-py3-none-any.whl (20 kB)
repository	Build runtime and verification images	2026-09-30T00:26:22.9632580Z #75 4.964 Requirement already satisfied: prometheus-client==0.21.0 in /usr/local/lib/python3.12/site-packages (from -r requirements-dev.lock (line 1475)) (0.21.0)
repository	Build runtime and verification images	2026-09-30T00:26:22.9634706Z #75 4.966 Requirement already satisfied: prompt-toolkit==3.0.53 in /usr/local/lib/python3.12/site-packages (from -r requirements-dev.lock (line 1481)) (3.0.53)
repository	Build runtime and verification images	2026-09-30T00:26:22.9707530Z #75 4.968 Requirement already satisfied: protobuf==5.29.6 in /usr/local/lib/python3.12/site-packages (from -r requirements-dev.lock (line 1487)) (5.29.6)
repository	Build runtime and verification images	2026-09-30T00:26:22.9709768Z #75 4.980 Requirement already satisfied: pycparser==3.0 in /usr/local/lib/python3.12/site-packages (from -r requirements-dev.lock (line 1503)) (3.0)
repository	Build runtime and verification images	2026-09-30T00:26:22.9711896Z #75 4.983 Requirement already satisfied: pycryptodome==3.23.0 in /usr/local/lib/python3.12/site-packages (from -r requirements-dev.lock (line 1509)) (3.23.0)
repository	Build runtime and verification images	2026-09-30T00:26:22.9714057Z #75 4.984 Requirement already satisfied: pydantic==2.13.5 in /usr/local/lib/python3.12/site-packages (from -r requirements-dev.lock (line 1554)) (2.13.5)
repository	Build runtime and verification images	2026-09-30T00:26:22.9716203Z #75 4.984 Requirement already satisfied: pydantic-core==2.46.5 in /usr/local/lib/python3.12/site-packages (from -r requirements-dev.lock (line 1562)) (2.46.5)
repository	Build runtime and verification images	2026-09-30T00:26:22.9718572Z #75 4.985 Requirement already satisfied: pydantic-settings==2.15.0 in /usr/local/lib/python3.12/site-packages (from -r requirements-dev.lock (line 1686)) (2.15.0)
repository	Build runtime and verification images	2026-09-30T00:26:22.9720142Z #75 5.028 Collecting pygments==2.21.0 (from -r requirements-dev.lock (line 1692))
repository	Build runtime and verification images	2026-09-30T00:26:22.9721113Z #75 5.049   Downloading pygments-2.21.0-py3-none-any.whl (1.3 MB)
repository	Build runtime and verification images	2026-09-30T00:26:22.9722332Z #75 5.063      ━━━━━━━━━━━━━━━━━━━━━━━━━━━━━━━━━━━━━━━━ 1.3/1.3 MB 423.1 MB/s eta 0:00:00
repository	Build runtime and verification images	2026-09-30T00:26:22.9723888Z #75 5.129 Requirement already satisfied: pyjwt==2.14.0 in /usr/local/lib/python3.12/site-packages (from -r requirements-dev.lock (line 1696)) (2.14.0)
repository	Build runtime and verification images	2026-09-30T00:26:22.9726229Z #75 5.133 Requirement already satisfied: pypdfium2==5.13.0 in /usr/local/lib/python3.12/site-packages (from -r requirements-dev.lock (line 1702)) (5.13.0)
repository	Build runtime and verification images	2026-09-30T00:26:22.9728572Z #75 5.134 Requirement already satisfied: pyphen==0.18.1 in /usr/local/lib/python3.12/site-packages (from -r requirements-dev.lock (line 1728)) (0.18.1)
repository	Build runtime and verification images	2026-09-30T00:26:22.9730031Z #75 5.204 Collecting pytest==9.1.1 (from -r requirements-dev.lock (line 1734))
repository	Build runtime and verification images	2026-09-30T00:26:22.9730955Z #75 5.217   Downloading pytest-9.1.1-py3-none-any.whl (386 kB)
repository	Build runtime and verification images	2026-09-30T00:26:22.9731942Z #75 5.265 Collecting pytest-asyncio==1.4.0 (from -r requirements-dev.lock (line 1740))
repository	Build runtime and verification images	2026-09-30T00:26:22.9732956Z #75 5.281   Downloading pytest_asyncio-1.4.0-py3-none-any.whl (16 kB)
repository	Build runtime and verification images	2026-09-30T00:26:22.9734535Z #75 5.286 Requirement already satisfied: python-dateutil==2.9.0 in /usr/local/lib/python3.12/site-packages (from -r requirements-dev.lock (line 1744)) (2.9.0)
repository	Build runtime and verification images	2026-09-30T00:26:22.9766935Z #75 5.287 Requirement already satisfied: python-docx==1.1.2 in /usr/local/lib/python3.12/site-packages (from -r requirements-dev.lock (line 1752)) (1.1.2)
repository	Build runtime and verification images	2026-09-30T00:26:22.9769089Z #75 5.288 Requirement already satisfied: python-dotenv==1.2.3 in /usr/local/lib/python3.12/site-packages (from -r requirements-dev.lock (line 1758)) (1.2.3)
repository	Build runtime and verification images	2026-09-30T00:26:22.9771242Z #75 5.289 Requirement already satisfied: python-multipart==0.0.32 in /usr/local/lib/python3.12/site-packages (from -r requirements-dev.lock (line 1765)) (0.0.32)
repository	Build runtime and verification images	2026-09-30T00:26:22.9772836Z #75 5.321 Collecting pytokens==0.4.1 (from -r requirements-dev.lock (line 1771))
repository	Build runtime and verification images	2026-09-30T00:26:22.9774330Z #75 5.334   Downloading pytokens-0.4.1-cp312-cp312-manylinux2014_x86_64.manylinux_2_17_x86_64.manylinux_2_28_x86_64.whl (269 kB)
repository	Build runtime and verification images	2026-09-30T00:26:22.9776279Z #75 5.341 Requirement already satisfied: pyyaml==6.0.3 in /usr/local/lib/python3.12/site-packages (from -r requirements-dev.lock (line 1815)) (6.0.3)
repository	Build runtime and verification images	2026-09-30T00:26:22.9787824Z #75 5.342 Requirement already satisfied: redis==5.2.0 in /usr/local/lib/python3.12/site-packages (from -r requirements-dev.lock (line 1892)) (5.2.0)
repository	Build runtime and verification images	2026-09-30T00:26:23.2670941Z #75 6.016 Collecting ruff==0.6.0 (from -r requirements-dev.lock (line 1898))
repository	Build runtime and verification images	2026-09-30T00:26:23.3694008Z #75 6.030   Downloading ruff-0.6.0-py3-none-manylinux_2_17_x86_64.manylinux2014_x86_64.whl (10.2 MB)
repository	Build runtime and verification images	2026-09-30T00:26:23.3696280Z #75 6.097      ━━━━━━━━━━━━━━━━━━━━━━━━━━━━━━━━━━━━━━━ 10.2/10.2 MB 174.1 MB/s eta 0:00:00
repository	Build runtime and verification images	2026-09-30T00:26:23.3698524Z #75 6.118 Requirement already satisfied: setuptools==84.0.0 in /usr/local/lib/python3.12/site-packages (from -r requirements-dev.lock (line 1918)) (84.0.0)
repository	Build runtime and verification images	2026-09-30T00:26:23.5437552Z #75 6.119 Requirement already satisfied: six==1.17.0 in /usr/local/lib/python3.12/site-packages (from -r requirements-dev.lock (line 1924)) (1.17.0)
repository	Build runtime and verification images	2026-09-30T00:26:23.5439913Z #75 6.120 Requirement already satisfied: sniffio==1.3.1 in /usr/local/lib/python3.12/site-packages (from -r requirements-dev.lock (line 1930)) (1.3.1)
repository	Build runtime and verification images	2026-09-30T00:26:23.5442145Z #75 6.122 Requirement already satisfied: soupsieve==2.9.2 in /usr/local/lib/python3.12/site-packages (from -r requirements-dev.lock (line 1936)) (2.9.2)
repository	Build runtime and verification images	2026-09-30T00:26:23.5444238Z #75 6.123 Requirement already satisfied: sqlalchemy==2.0.36 in /usr/local/lib/python3.12/site-packages (from -r requirements-dev.lock (line 1942)) (2.0.36)
repository	Build runtime and verification images	2026-09-30T00:26:23.5446329Z #75 6.125 Requirement already satisfied: starlette==1.6.0 in /usr/local/lib/python3.12/site-packages (from -r requirements-dev.lock (line 2004)) (1.6.0)
repository	Build runtime and verification images	2026-09-30T00:26:23.5449057Z #75 6.126 Requirement already satisfied: structlog==24.4.0 in /usr/local/lib/python3.12/site-packages (from -r requirements-dev.lock (line 2010)) (24.4.0)
repository	Build runtime and verification images	2026-09-30T00:26:23.5451253Z #75 6.127 Requirement already satisfied: textstat==0.7.4 in /usr/local/lib/python3.12/site-packages (from -r requirements-dev.lock (line 2016)) (0.7.4)
repository	Build runtime and verification images	2026-09-30T00:26:23.5453502Z #75 6.128 Requirement already satisfied: typing-extensions==4.16.0 in /usr/local/lib/python3.12/site-packages (from -r requirements-dev.lock (line 2021)) (4.16.0)
repository	Build runtime and verification images	2026-09-30T00:26:23.5456123Z #75 6.130 Requirement already satisfied: typing-inspection==0.4.4 in /usr/local/lib/python3.12/site-packages (from -r requirements-dev.lock (line 2042)) (0.4.4)
repository	Build runtime and verification images	2026-09-30T00:26:23.5458650Z #75 6.131 Requirement already satisfied: tzdata==2026.4 in /usr/local/lib/python3.12/site-packages (from -r requirements-dev.lock (line 2050)) (2026.4)
repository	Build runtime and verification images	2026-09-30T00:26:23.5460888Z #75 6.132 Requirement already satisfied: urllib3==2.8.0 in /usr/local/lib/python3.12/site-packages (from -r requirements-dev.lock (line 2057)) (2.8.0)
repository	Build runtime and verification images	2026-09-30T00:26:23.5463113Z #75 6.133 Requirement already satisfied: uvicorn==0.53.0 in /usr/local/lib/python3.12/site-packages (from -r requirements-dev.lock (line 2063)) (0.53.0)
repository	Build runtime and verification images	2026-09-30T00:26:23.5465336Z #75 6.135 Requirement already satisfied: uvloop==0.22.1 in /usr/local/lib/python3.12/site-packages (from -r requirements-dev.lock (line 2069)) (0.22.1)
repository	Build runtime and verification images	2026-09-30T00:26:23.5467697Z #75 6.136 Requirement already satisfied: vine==5.1.0 in /usr/local/lib/python3.12/site-packages (from -r requirements-dev.lock (line 2122)) (5.1.0)
repository	Build runtime and verification images	2026-09-30T00:26:23.5470204Z #75 6.137 Requirement already satisfied: watchfiles==1.2.0 in /usr/local/lib/python3.12/site-packages (from -r requirements-dev.lock (line 2130)) (1.2.0)
repository	Build runtime and verification images	2026-09-30T00:26:23.5472523Z #75 6.138 Requirement already satisfied: wcwidth==0.8.4 in /usr/local/lib/python3.12/site-packages (from -r requirements-dev.lock (line 2241)) (0.8.4)
repository	Build runtime and verification images	2026-09-30T00:26:23.5474564Z #75 6.139 Requirement already satisfied: websockets==17.1 in /usr/local/lib/python3.12/site-packages (from -r requirements-dev.lock (line 2247)) (17.1)
repository	Build runtime and verification images	2026-09-30T00:26:23.5477653Z #75 6.142 Requirement already satisfied: wrapt==1.17.3 in /usr/local/lib/python3.12/site-packages (from -r requirements-dev.lock (line 2399)) (1.17.3)
repository	Build runtime and verification images	2026-09-30T00:26:23.5479871Z #75 6.142 Requirement already satisfied: zipp==4.1.0 in /usr/local/lib/python3.12/site-packages (from -r requirements-dev.lock (line 2485)) (4.1.0)
repository	Build runtime and verification images	2026-09-30T00:26:24.2079660Z #75 6.955 Installing collected packages: ruff, pytokens, pygments, pluggy, platformdirs, pathspec, mypy-extensions, iniconfig, aiosqlite, pytest, mypy, faker, black, pytest-asyncio, factory-boy
repository	Build runtime and verification images	2026-09-30T00:26:24.8808244Z #75 ...
repository	Build runtime and verification images	2026-09-30T00:26:24.8808788Z 
repository	Build runtime and verification images	2026-09-30T00:26:24.8812502Z #61 [minio server-build 5/6] RUN --mount=type=cache,target=/go/pkg/mod     go get github.com/apache/thrift@v0.24.0 github.com/buger/jsonparser@v1.1.2       github.com/go-jose/go-jose/v4@v4.1.4 github.com/prometheus/prometheus@v0.311.3       github.com/rabbitmq/amqp091-go@v1.13.0       golang.org/x/crypto@v0.55.0 google.golang.org/grpc@v1.83.2     && go mod download && go mod verify
repository	Build runtime and verification images	2026-09-30T00:26:24.8828635Z #61 33.13 all modules verified
repository	Build runtime and verification images	2026-09-30T00:26:24.8829475Z #61 DONE 33.8s
repository	Build runtime and verification images	2026-09-30T00:26:25.0358717Z 
repository	Build runtime and verification images	2026-09-30T00:26:25.0361023Z #76 [minio server-build 6/6] RUN --mount=type=cache,target=/go/pkg/mod --mount=type=cache,target=/root/.cache/go-build     go build -mod=mod -trimpath -tags kqueue -ldflags='-s -w' -o /out/minio .     && go mod verify
repository	Build runtime and verification images	2026-09-30T00:26:26.2200882Z #76 1.338 go: downloading github.com/go-openapi/swag/loading v0.25.4
repository	Build runtime and verification images	2026-09-30T00:26:26.3768506Z #76 1.339 go: downloading github.com/go-openapi/swag/yamlutils v0.25.4
repository	Build runtime and verification images	2026-09-30T00:26:26.6818610Z #76 1.791 go: downloading github.com/go-openapi/swag/mangling v0.25.4
repository	Build runtime and verification images	2026-09-30T00:26:26.7958545Z #76 1.793 go: downloading github.com/go-openapi/swag/jsonname v0.25.5
repository	Build runtime and verification images	2026-09-30T00:26:26.7959658Z #76 1.793 go: downloading github.com/go-openapi/swag/jsonutils v0.25.4
repository	Build runtime and verification images	2026-09-30T00:26:26.7960648Z #76 1.793 go: downloading github.com/go-openapi/swag/stringutils v0.25.4
repository	Build runtime and verification images	2026-09-30T00:26:26.7961595Z #76 1.826 go: downloading github.com/go-openapi/swag/conv v0.25.4
repository	Build runtime and verification images	2026-09-30T00:26:26.7962501Z #76 1.856 go: downloading github.com/go-openapi/swag/typeutils v0.25.4
repository	Build runtime and verification images	2026-09-30T00:26:26.7963325Z #76 1.856 go: downloading go.yaml.in/yaml/v3 v3.0.4
repository	Build runtime and verification images	2026-09-30T00:26:26.7964535Z #76 1.859 go: downloading github.com/go-openapi/swag/cmdutils v0.25.4
repository	Build runtime and verification images	2026-09-30T00:26:26.7965521Z #76 1.860 go: downloading github.com/go-openapi/swag/fileutils v0.25.4
repository	Build runtime and verification images	2026-09-30T00:26:26.7966978Z #76 1.876 go: downloading github.com/go-openapi/swag/netutils v0.25.4
repository	Build runtime and verification images	2026-09-30T00:26:26.7967966Z #76 1.891 go: downloading github.com/go-viper/mapstructure/v2 v2.5.0
repository	Build runtime and verification images	2026-09-30T00:26:26.7968837Z #76 1.904 go: downloading github.com/oklog/ulid/v2 v2.1.1
repository	Build runtime and verification images	2026-09-30T00:26:31.4589217Z #76 ...
repository	Build runtime and verification images	2026-09-30T00:26:31.4589906Z 
repository	Build runtime and verification images	2026-09-30T00:26:31.4590562Z #74 [celery-worker assemble 3/3] RUN python /assemble_runtime.py
repository	Build runtime and verification images	2026-09-30T00:26:31.6110348Z #74 DONE 13.8s
repository	Build runtime and verification images	2026-09-30T00:26:31.6111614Z 
repository	Build runtime and verification images	2026-09-30T00:26:31.6113044Z #75 [verification verification-base 2/2] RUN pip install --no-cache-dir --only-binary=:all: --require-hashes -r requirements-dev.lock
repository	Build runtime and verification images	2026-09-30T00:26:33.0043727Z #75 15.75 Successfully installed aiosqlite-0.20.0 black-26.5.1 factory-boy-3.3.0 faker-30.0.0 iniconfig-2.3.0 mypy-1.11.0 mypy-extensions-1.1.0 pathspec-1.1.1 platformdirs-4.11.11 pluggy-1.6.0 pygments-2.21.0 pytest-9.1.1 pytest-asyncio-1.4.0 pytokens-0.4.1 ruff-0.6.0
repository	Build runtime and verification images	2026-09-30T00:26:33.1912563Z #75 15.77 WARNING: Running pip as the 'root' user can result in broken permissions and conflicting behaviour with the system package manager, possibly rendering your system unusable. It is recommended to use a virtual environment instead: https://pip.pypa.io/warnings/venv. Use the --root-user-action option if you know what you are doing and want to suppress this warning.
repository	Build runtime and verification images	2026-09-30T00:26:33.4702100Z #75 DONE 16.2s
repository	Build runtime and verification images	2026-09-30T00:26:33.4703571Z 
repository	Build runtime and verification images	2026-09-30T00:26:33.4705669Z #76 [minio server-build 6/6] RUN --mount=type=cache,target=/go/pkg/mod --mount=type=cache,target=/root/.cache/go-build     go build -mod=mod -trimpath -tags kqueue -ldflags='-s -w' -o /out/minio .     && go mod verify
repository	Build runtime and verification images	2026-09-30T00:26:33.6299130Z #76 ...
repository	Build runtime and verification images	2026-09-30T00:26:33.6299704Z 
repository	Build runtime and verification images	2026-09-30T00:26:33.6300684Z #77 [verification verification-assemble 1/3] COPY --from=runtime-os / /base/
repository	Build runtime and verification images	2026-09-30T00:26:34.0193522Z #77 DONE 0.5s
repository	Build runtime and verification images	2026-09-30T00:26:34.0194170Z 
repository	Build runtime and verification images	2026-09-30T00:26:34.0196152Z #76 [minio server-build 6/6] RUN --mount=type=cache,target=/go/pkg/mod --mount=type=cache,target=/root/.cache/go-build     go build -mod=mod -trimpath -tags kqueue -ldflags='-s -w' -o /out/minio .     && go mod verify
repository	Build runtime and verification images	2026-09-30T00:26:34.1863692Z #76 ...
repository	Build runtime and verification images	2026-09-30T00:26:34.1864860Z 
repository	Build runtime and verification images	2026-09-30T00:26:34.1865966Z #78 [verification verification-assemble 2/3] COPY scripts/assemble_runtime.py /assemble_runtime.py
repository	Build runtime and verification images	2026-09-30T00:26:34.1867366Z #78 DONE 0.0s
repository	Build runtime and verification images	2026-09-30T00:26:34.1867803Z 
repository	Build runtime and verification images	2026-09-30T00:26:34.1868669Z #79 [verification verification-assemble 3/3] RUN python /assemble_runtime.py --include-sqlite
repository	Build runtime and verification images	2026-09-30T00:26:39.4029533Z #79 ...
repository	Build runtime and verification images	2026-09-30T00:26:39.4030679Z 
repository	Build runtime and verification images	2026-09-30T00:26:39.4031682Z #80 [backend runtime 2/6] COPY --from=assemble /runtime-root/ /
repository	Build runtime and verification images	2026-09-30T00:26:39.4032856Z #80 DONE 4.4s
repository	Build runtime and verification images	2026-09-30T00:26:39.4033307Z 
repository	Build runtime and verification images	2026-09-30T00:26:39.4034236Z #81 [migrate runtime 3/6] COPY --chown=65532:65532 app ./app
repository	Build runtime and verification images	2026-09-30T00:26:39.6177380Z #81 DONE 0.1s
repository	Build runtime and verification images	2026-09-30T00:26:39.6178918Z 
repository	Build runtime and verification images	2026-09-30T00:26:39.6179938Z #82 [celery-worker runtime 4/6] COPY --chown=65532:65532 alembic ./alembic
repository	Build runtime and verification images	2026-09-30T00:26:39.6181276Z #82 DONE 0.0s
repository	Build runtime and verification images	2026-09-30T00:26:39.6181726Z 
repository	Build runtime and verification images	2026-09-30T00:26:39.6182629Z #83 [celery-worker runtime 5/6] COPY --chown=65532:65532 migration_snapshots ./migration_snapshots
repository	Build runtime and verification images	2026-09-30T00:26:39.6183673Z #83 DONE 0.0s
repository	Build runtime and verification images	2026-09-30T00:26:39.6184082Z 
repository	Build runtime and verification images	2026-09-30T00:26:39.6184712Z #84 [migrate runtime 6/6] COPY --chown=65532:65532 alembic.ini ./
repository	Build runtime and verification images	2026-09-30T00:26:39.6185515Z #84 DONE 0.0s
repository	Build runtime and verification images	2026-09-30T00:26:39.6185911Z 
repository	Build runtime and verification images	2026-09-30T00:26:39.6186353Z #85 [backend] exporting to image
repository	Build runtime and verification images	2026-09-30T00:26:39.6187307Z #85 exporting layers
repository	Build runtime and verification images	2026-09-30T00:26:45.7994209Z #85 exporting layers 6.2s done
repository	Build runtime and verification images	2026-09-30T00:26:45.7996723Z #85 writing image sha256:03f4e8da060572c4c50de884a69c11568392d9d96fc904123dc16906e245b402 done
repository	Build runtime and verification images	2026-09-30T00:26:45.7998210Z #85 naming to docker.io/library/verity-ci-backend done
repository	Build runtime and verification images	2026-09-30T00:26:45.7999501Z #85 DONE 6.3s
repository	Build runtime and verification images	2026-09-30T00:26:45.7999953Z 
repository	Build runtime and verification images	2026-09-30T00:26:45.8000446Z #86 [celery-beat] exporting to image
repository	Build runtime and verification images	2026-09-30T00:26:45.8001279Z #86 exporting layers 6.2s done
repository	Build runtime and verification images	2026-09-30T00:26:45.8002552Z #86 writing image sha256:03f4e8da060572c4c50de884a69c11568392d9d96fc904123dc16906e245b402 done
repository	Build runtime and verification images	2026-09-30T00:26:45.8003959Z #86 naming to docker.io/library/verity-ci-celery-beat done
repository	Build runtime and verification images	2026-09-30T00:26:45.8004860Z #86 DONE 6.2s
repository	Build runtime and verification images	2026-09-30T00:26:45.8005298Z 
repository	Build runtime and verification images	2026-09-30T00:26:45.8005782Z #87 [migrate] exporting to image
repository	Build runtime and verification images	2026-09-30T00:26:45.8006750Z #87 exporting layers 6.2s done
repository	Build runtime and verification images	2026-09-30T00:26:45.8008024Z #87 writing image sha256:03f4e8da060572c4c50de884a69c11568392d9d96fc904123dc16906e245b402 done
repository	Build runtime and verification images	2026-09-30T00:26:45.8009411Z #87 naming to docker.io/library/verity-ci-migrate done
repository	Build runtime and verification images	2026-09-30T00:26:45.8010253Z #87 DONE 6.2s
repository	Build runtime and verification images	2026-09-30T00:26:45.8010715Z 
repository	Build runtime and verification images	2026-09-30T00:26:45.8011237Z #88 [celery-worker] exporting to image
repository	Build runtime and verification images	2026-09-30T00:26:45.8012081Z #88 exporting layers 6.2s done
repository	Build runtime and verification images	2026-09-30T00:26:45.8013388Z #88 writing image sha256:03f4e8da060572c4c50de884a69c11568392d9d96fc904123dc16906e245b402 done
repository	Build runtime and verification images	2026-09-30T00:26:45.8014791Z #88 naming to docker.io/library/verity-ci-celery-worker done
repository	Build runtime and verification images	2026-09-30T00:26:45.8015664Z #88 DONE 6.3s
repository	Build runtime and verification images	2026-09-30T00:26:45.8016097Z 
repository	Build runtime and verification images	2026-09-30T00:26:45.8016875Z #89 [migrate] resolving provenance for metadata file
repository	Build runtime and verification images	2026-09-30T00:26:45.9719363Z #89 DONE 0.0s
repository	Build runtime and verification images	2026-09-30T00:26:45.9721287Z 
repository	Build runtime and verification images	2026-09-30T00:26:45.9721926Z #90 [celery-beat] resolving provenance for metadata file
repository	Build runtime and verification images	2026-09-30T00:26:45.9722777Z #90 DONE 0.0s
repository	Build runtime and verification images	2026-09-30T00:26:45.9723197Z 
repository	Build runtime and verification images	2026-09-30T00:26:45.9723753Z #91 [backend] resolving provenance for metadata file
repository	Build runtime and verification images	2026-09-30T00:26:45.9724569Z #91 DONE 0.0s
repository	Build runtime and verification images	2026-09-30T00:26:45.9724992Z 
repository	Build runtime and verification images	2026-09-30T00:26:45.9725591Z #92 [celery-worker] resolving provenance for metadata file
repository	Build runtime and verification images	2026-09-30T00:26:45.9726673Z #92 DONE 0.0s
repository	Build runtime and verification images	2026-09-30T00:26:45.9727126Z 
repository	Build runtime and verification images	2026-09-30T00:26:45.9729003Z #76 [minio server-build 6/6] RUN --mount=type=cache,target=/go/pkg/mod --mount=type=cache,target=/root/.cache/go-build     go build -mod=mod -trimpath -tags kqueue -ldflags='-s -w' -o /out/minio .     && go mod verify
repository	Build runtime and verification images	2026-09-30T00:26:46.6324001Z #76 ...
repository	Build runtime and verification images	2026-09-30T00:26:46.6324557Z 
repository	Build runtime and verification images	2026-09-30T00:26:46.6325081Z #65 [frontend builder 7/7] RUN npm run build
repository	Build runtime and verification images	2026-09-30T00:26:46.6326309Z #65 41.62 ✓ Compiled successfully in 39.3s
repository	Build runtime and verification images	2026-09-30T00:26:46.8025876Z #65 41.64   Running TypeScript ...
repository	Build runtime and verification images	2026-09-30T00:27:06.4169806Z #65 ...
repository	Build runtime and verification images	2026-09-30T00:27:06.4170285Z 
repository	Build runtime and verification images	2026-09-30T00:27:06.4178061Z #79 [verification verification-assemble 3/3] RUN python /assemble_runtime.py --include-sqlite
repository	Build runtime and verification images	2026-09-30T00:27:06.4188146Z #79 DONE 32.4s
repository	Build runtime and verification images	2026-09-30T00:27:06.5728999Z 
repository	Build runtime and verification images	2026-09-30T00:27:06.5731284Z #76 [minio server-build 6/6] RUN --mount=type=cache,target=/go/pkg/mod --mount=type=cache,target=/root/.cache/go-build     go build -mod=mod -trimpath -tags kqueue -ldflags='-s -w' -o /out/minio .     && go mod verify
repository	Build runtime and verification images	2026-09-30T00:27:10.5168736Z #76 ...
repository	Build runtime and verification images	2026-09-30T00:27:10.5169293Z 
repository	Build runtime and verification images	2026-09-30T00:27:10.5170312Z #93 [verification verification 2/3] COPY --from=verification-assemble /runtime-root/ /
repository	Build runtime and verification images	2026-09-30T00:27:15.0178347Z #93 DONE 4.5s
repository	Build runtime and verification images	2026-09-30T00:27:15.0178943Z 
repository	Build runtime and verification images	2026-09-30T00:27:15.0179470Z #65 [frontend builder 7/7] RUN npm run build
repository	Build runtime and verification images	2026-09-30T00:27:15.0180420Z #65 67.64   Finished TypeScript in 26.0s ...
repository	Build runtime and verification images	2026-09-30T00:27:15.0181356Z #65 67.64   Collecting page data using 3 workers ...
repository	Build runtime and verification images	2026-09-30T00:27:15.2831946Z #65 ...
repository	Build runtime and verification images	2026-09-30T00:27:15.2834533Z 
repository	Build runtime and verification images	2026-09-30T00:27:15.2835451Z #94 [verification verification 3/3] COPY --chown=65532:65532 . .
repository	Build runtime and verification images	2026-09-30T00:27:15.2836653Z #94 DONE 0.3s
repository	Build runtime and verification images	2026-09-30T00:27:15.4916707Z 
repository	Build runtime and verification images	2026-09-30T00:27:15.4918401Z #95 [verification] exporting to image
repository	Build runtime and verification images	2026-09-30T00:27:15.4919263Z #95 exporting layers
repository	Build runtime and verification images	2026-09-30T00:27:20.2727709Z #95 ...
repository	Build runtime and verification images	2026-09-30T00:27:20.2728515Z 
repository	Build runtime and verification images	2026-09-30T00:27:20.2728872Z #65 [frontend builder 7/7] RUN npm run build
repository	Build runtime and verification images	2026-09-30T00:27:20.2729685Z #65 70.33   Generating static pages using 3 workers (0/30) ...
repository	Build runtime and verification images	2026-09-30T00:27:20.2730499Z #65 72.37   Generating static pages using 3 workers (7/30) 
repository	Build runtime and verification images	2026-09-30T00:27:20.2731911Z #65 72.53   Generating static pages using 3 workers (14/30) 
repository	Build runtime and verification images	2026-09-30T00:27:20.2732906Z #65 72.84   Generating static pages using 3 workers (22/30) 
repository	Build runtime and verification images	2026-09-30T00:27:20.2734259Z #65 73.18 ✓ Generating static pages using 3 workers (30/30) in 2.8s
repository	Build runtime and verification images	2026-09-30T00:27:20.2735212Z #65 73.23   Finalizing page optimization ...
repository	Build runtime and verification images	2026-09-30T00:27:20.2735852Z #65 74.72 
repository	Build runtime and verification images	2026-09-30T00:27:20.2736333Z #65 74.73 Route (app)
repository	Build runtime and verification images	2026-09-30T00:27:20.2737812Z #65 74.73 ┌ ○ /
repository	Build runtime and verification images	2026-09-30T00:27:20.2738304Z #65 74.73 ├ ○ /_not-found
repository	Build runtime and verification images	2026-09-30T00:27:20.2738788Z #65 74.73 ├ ○ /admin
repository	Build runtime and verification images	2026-09-30T00:27:20.2739234Z #65 74.73 ├ ○ /ai
repository	Build runtime and verification images	2026-09-30T00:27:20.2739681Z #65 74.73 ├ ○ /authorship
repository	Build runtime and verification images	2026-09-30T00:27:20.2740164Z #65 74.73 ├ ○ /check
repository	Build runtime and verification images	2026-09-30T00:27:20.2740628Z #65 74.73 ├ ○ /citations
repository	Build runtime and verification images	2026-09-30T00:27:20.2741117Z #65 74.73 ├ ○ /dashboard
repository	Build runtime and verification images	2026-09-30T00:27:20.2741604Z #65 74.73 ├ ○ /detector
repository	Build runtime and verification images	2026-09-30T00:27:20.2742077Z #65 74.73 ├ ○ /documents
repository	Build runtime and verification images	2026-09-30T00:27:20.2742576Z #65 74.73 ├ ƒ /documents/[id]
repository	Build runtime and verification images	2026-09-30T00:27:20.2743129Z #65 74.73 ├ ○ /erasure-status
repository	Build runtime and verification images	2026-09-30T00:27:20.2743641Z #65 74.73 ├ ○ /evidence-graph
repository	Build runtime and verification images	2026-09-30T00:27:20.2744218Z #65 74.73 ├ ○ /forgot-password
repository	Build runtime and verification images	2026-09-30T00:27:20.2744741Z #65 74.73 ├ ○ /help
repository	Build runtime and verification images	2026-09-30T00:27:20.2745182Z #65 74.73 ├ ○ /history
repository	Build runtime and verification images	2026-09-30T00:27:20.2745660Z #65 74.73 ├ ○ /humaniser
repository	Build runtime and verification images	2026-09-30T00:27:20.2746125Z #65 74.73 ├ ○ /login
repository	Build runtime and verification images	2026-09-30T00:27:20.2747192Z #65 74.73 ├ ○ /onboarding
repository	Build runtime and verification images	2026-09-30T00:27:20.2747674Z #65 74.73 ├ ○ /plagiarism
repository	Build runtime and verification images	2026-09-30T00:27:20.2748182Z #65 74.73 ├ ○ /provenance
repository	Build runtime and verification images	2026-09-30T00:27:20.2748661Z #65 74.73 ├ ○ /register
repository	Build runtime and verification images	2026-09-30T00:27:20.2749138Z #65 74.73 ├ ○ /reports
repository	Build runtime and verification images	2026-09-30T00:27:20.2749616Z #65 74.73 ├ ○ /reset-password
repository	Build runtime and verification images	2026-09-30T00:27:20.2750135Z #65 74.73 ├ ○ /settings
repository	Build runtime and verification images	2026-09-30T00:27:20.2750581Z #65 74.73 ├ ○ /similarity
repository	Build runtime and verification images	2026-09-30T00:27:20.2751031Z #65 74.73 ├ ○ /sources
repository	Build runtime and verification images	2026-09-30T00:27:20.2751499Z #65 74.73 ├ ○ /upload
repository	Build runtime and verification images	2026-09-30T00:27:20.2751961Z #65 74.73 ├ ○ /verify-email
repository	Build runtime and verification images	2026-09-30T00:27:20.2752472Z #65 74.73 └ ○ /write
repository	Build runtime and verification images	2026-09-30T00:27:20.2752824Z #65 74.73 
repository	Build runtime and verification images	2026-09-30T00:27:20.2753142Z #65 74.73 
repository	Build runtime and verification images	2026-09-30T00:27:20.2753768Z #65 74.73 ○  (Static)   prerendered as static content
repository	Build runtime and verification images	2026-09-30T00:27:20.2754574Z #65 74.73 ƒ  (Dynamic)  server-rendered on demand
repository	Build runtime and verification images	2026-09-30T00:27:20.2755113Z #65 74.73 
repository	Build runtime and verification images	2026-09-30T00:27:20.2755429Z #65 DONE 75.2s
repository	Build runtime and verification images	2026-09-30T00:27:20.4250909Z 
repository	Build runtime and verification images	2026-09-30T00:27:20.4252343Z #95 [verification] exporting to image
repository	Build runtime and verification images	2026-09-30T00:27:21.1530530Z #95 exporting layers 5.9s done
repository	Build runtime and verification images	2026-09-30T00:27:21.3292669Z #95 writing image sha256:c367441c5d0e79529f34e0f6f951ae24a3a0b5702188a07305a13e9249c52767 done
repository	Build runtime and verification images	2026-09-30T00:27:21.3294479Z #95 naming to docker.io/library/verity-ci-verification done
repository	Build runtime and verification images	2026-09-30T00:27:21.3295489Z #95 DONE 5.9s
repository	Build runtime and verification images	2026-09-30T00:27:21.3295923Z 
repository	Build runtime and verification images	2026-09-30T00:27:21.3296891Z #96 [verification] resolving provenance for metadata file
repository	Build runtime and verification images	2026-09-30T00:27:21.3298117Z #96 DONE 0.0s
repository	Build runtime and verification images	2026-09-30T00:27:21.3298586Z 
repository	Build runtime and verification images	2026-09-30T00:27:21.3301406Z #76 [minio server-build 6/6] RUN --mount=type=cache,target=/go/pkg/mod --mount=type=cache,target=/root/.cache/go-build     go build -mod=mod -trimpath -tags kqueue -ldflags='-s -w' -o /out/minio .     && go mod verify
repository	Build runtime and verification images	2026-09-30T00:27:22.2788287Z #76 ...
repository	Build runtime and verification images	2026-09-30T00:27:22.2788752Z 
repository	Build runtime and verification images	2026-09-30T00:27:22.2789998Z #97 [frontend runner 4/6] COPY --from=builder --chown=node:node /app/.next/standalone ./
repository	Build runtime and verification images	2026-09-30T00:27:22.7128578Z #97 DONE 0.4s
repository	Build runtime and verification images	2026-09-30T00:27:22.7129139Z 
repository	Build runtime and verification images	2026-09-30T00:27:22.7131212Z #68 [minio-init client-build 6/6] RUN --mount=type=cache,target=/go/pkg/mod --mount=type=cache,target=/root/.cache/go-build     go build -trimpath -tags kqueue -ldflags='-s -w' -o /out/mc .
repository	Build runtime and verification images	2026-09-30T00:27:22.8998106Z #68 ...
repository	Build runtime and verification images	2026-09-30T00:27:22.8998677Z 
repository	Build runtime and verification images	2026-09-30T00:27:22.8999586Z #98 [frontend runner 5/6] COPY --from=builder --chown=node:node /app/.next/static ./.next/static
repository	Build runtime and verification images	2026-09-30T00:27:22.9000512Z #98 DONE 0.0s
repository	Build runtime and verification images	2026-09-30T00:27:22.9000857Z 
repository	Build runtime and verification images	2026-09-30T00:27:22.9001530Z #99 [frontend runner 6/6] COPY --from=builder --chown=node:node /app/public ./public
repository	Build runtime and verification images	2026-09-30T00:27:22.9002901Z #99 DONE 0.0s
repository	Build runtime and verification images	2026-09-30T00:27:22.9003352Z 
repository	Build runtime and verification images	2026-09-30T00:27:22.9003746Z #100 [frontend] exporting to image
repository	Build runtime and verification images	2026-09-30T00:27:23.9558434Z #100 exporting layers 1.2s done
repository	Build runtime and verification images	2026-09-30T00:27:24.1409194Z #100 writing image sha256:ea53354ce416bfde0d4fe3234d7b57658de7a418396d50dce30886ffc838d6f6 done
repository	Build runtime and verification images	2026-09-30T00:27:24.1410597Z #100 naming to docker.io/library/verity-ci-frontend done
repository	Build runtime and verification images	2026-09-30T00:27:24.1411466Z #100 DONE 1.2s
repository	Build runtime and verification images	2026-09-30T00:27:24.1411929Z 
repository	Build runtime and verification images	2026-09-30T00:27:24.1412489Z #101 [frontend] resolving provenance for metadata file
repository	Build runtime and verification images	2026-09-30T00:27:24.1413235Z #101 DONE 0.0s
repository	Build runtime and verification images	2026-09-30T00:27:24.1413644Z 
repository	Build runtime and verification images	2026-09-30T00:27:24.1415320Z #76 [minio server-build 6/6] RUN --mount=type=cache,target=/go/pkg/mod --mount=type=cache,target=/root/.cache/go-build     go build -mod=mod -trimpath -tags kqueue -ldflags='-s -w' -o /out/minio .     && go mod verify
repository	Build runtime and verification images	2026-09-30T00:27:54.1788479Z #76 ...
repository	Build runtime and verification images	2026-09-30T00:27:54.1789016Z 
repository	Build runtime and verification images	2026-09-30T00:27:54.1790783Z #68 [minio-init client-build 6/6] RUN --mount=type=cache,target=/go/pkg/mod --mount=type=cache,target=/root/.cache/go-build     go build -trimpath -tags kqueue -ldflags='-s -w' -o /out/mc .
repository	Build runtime and verification images	2026-09-30T00:27:54.1792506Z #68 DONE 102.0s
repository	Build runtime and verification images	2026-09-30T00:27:54.3612164Z 
repository	Build runtime and verification images	2026-09-30T00:27:54.3613459Z #102 [minio-init client 3/4] COPY --from=client-build /out/mc /usr/local/bin/mc
repository	Build runtime and verification images	2026-09-30T00:27:54.3827543Z #102 DONE 0.2s
repository	Build runtime and verification images	2026-09-30T00:27:54.3828881Z 
repository	Build runtime and verification images	2026-09-30T00:27:54.3830943Z #76 [minio server-build 6/6] RUN --mount=type=cache,target=/go/pkg/mod --mount=type=cache,target=/root/.cache/go-build     go build -mod=mod -trimpath -tags kqueue -ldflags='-s -w' -o /out/minio .     && go mod verify
repository	Build runtime and verification images	2026-09-30T00:27:54.5487781Z #76 ...
repository	Build runtime and verification images	2026-09-30T00:27:54.5488497Z 
repository	Build runtime and verification images	2026-09-30T00:27:54.5489677Z #103 [minio-init client 4/4] COPY --from=client-build /src/LICENSE /usr/share/licenses/mc/LICENSE
repository	Build runtime and verification images	2026-09-30T00:27:54.5490856Z #103 DONE 0.0s
repository	Build runtime and verification images	2026-09-30T00:27:54.5491312Z 
repository	Build runtime and verification images	2026-09-30T00:27:54.5491815Z #104 [minio-init] exporting to image
repository	Build runtime and verification images	2026-09-30T00:27:54.5492705Z #104 exporting layers
repository	Build runtime and verification images	2026-09-30T00:27:55.0182055Z #104 exporting layers 0.6s done
repository	Build runtime and verification images	2026-09-30T00:27:55.1933264Z #104 writing image sha256:c2684c8107aa5b6f498ecb3af8accf8579d8d9ad6c0374add94a3d8891f9a27f done
repository	Build runtime and verification images	2026-09-30T00:27:55.1934816Z #104 naming to docker.io/library/verity-ci-minio-init done
repository	Build runtime and verification images	2026-09-30T00:27:55.1935841Z #104 DONE 0.6s
repository	Build runtime and verification images	2026-09-30T00:27:55.1936359Z 
repository	Build runtime and verification images	2026-09-30T00:27:55.1937696Z #105 [minio-init] resolving provenance for metadata file
repository	Build runtime and verification images	2026-09-30T00:27:55.1938562Z #105 DONE 0.0s
repository	Build runtime and verification images	2026-09-30T00:27:55.1939012Z 
repository	Build runtime and verification images	2026-09-30T00:27:55.1940869Z #76 [minio server-build 6/6] RUN --mount=type=cache,target=/go/pkg/mod --mount=type=cache,target=/root/.cache/go-build     go build -mod=mod -trimpath -tags kqueue -ldflags='-s -w' -o /out/minio .     && go mod verify
repository	Build runtime and verification images	2026-09-30T00:28:38.7297392Z #76 133.8 all modules verified
repository	Build runtime and verification images	2026-09-30T00:28:39.3696607Z #76 DONE 134.5s
repository	Build runtime and verification images	2026-09-30T00:28:39.4862962Z 
repository	Build runtime and verification images	2026-09-30T00:28:39.4863941Z #106 [minio server 3/5] COPY --from=server-build /out/minio /usr/local/bin/minio
repository	Build runtime and verification images	2026-09-30T00:28:39.6230538Z #106 DONE 0.1s
repository	Build runtime and verification images	2026-09-30T00:28:39.7934661Z 
repository	Build runtime and verification images	2026-09-30T00:28:39.7935887Z #107 [minio server 4/5] COPY --from=server-build /src/LICENSE /usr/share/licenses/minio/LICENSE
repository	Build runtime and verification images	2026-09-30T00:28:39.7936994Z #107 DONE 0.0s
repository	Build runtime and verification images	2026-09-30T00:28:39.7937222Z 
repository	Build runtime and verification images	2026-09-30T00:28:39.7937833Z #108 [minio server 5/5] COPY --from=server-build /src/NOTICE /usr/share/licenses/minio/NOTICE
repository	Build runtime and verification images	2026-09-30T00:28:39.7938631Z #108 DONE 0.0s
repository	Build runtime and verification images	2026-09-30T00:28:39.7938827Z 
repository	Build runtime and verification images	2026-09-30T00:28:39.7939066Z #109 [minio] exporting to image
repository	Build runtime and verification images	2026-09-30T00:28:39.7939511Z #109 exporting layers
repository	Build runtime and verification images	2026-09-30T00:28:40.0100210Z #109 exporting layers 0.4s done
repository	Build runtime and verification images	2026-09-30T00:28:40.0402983Z #109 writing image sha256:49cdad6230c31f307c24b057c0b6e245588e90a30d83541601ba313ec528350e done
repository	Build runtime and verification images	2026-09-30T00:28:40.0404061Z #109 naming to docker.io/library/verity-ci-minio done
repository	Build runtime and verification images	2026-09-30T00:28:40.0404602Z #109 DONE 0.4s
repository	Build runtime and verification images	2026-09-30T00:28:40.0404803Z 
repository	Build runtime and verification images	2026-09-30T00:28:40.0405135Z #110 [minio] resolving provenance for metadata file
repository	Build runtime and verification images	2026-09-30T00:28:40.0405962Z #110 DONE 0.0s
repository	Build runtime and verification images	2026-09-30T00:28:40.0406572Z  migrate  Built
repository	Build runtime and verification images	2026-09-30T00:28:40.0406975Z  celery-beat  Built
repository	Build runtime and verification images	2026-09-30T00:28:40.0407684Z  jaeger  Built
repository	Build runtime and verification images	2026-09-30T00:28:40.0408115Z  celery-worker  Built
repository	Build runtime and verification images	2026-09-30T00:28:40.0408501Z  backend  Built
repository	Build runtime and verification images	2026-09-30T00:28:40.0408848Z  grafana  Built
repository	Build runtime and verification images	2026-09-30T00:28:40.0409199Z  verification  Built
repository	Build runtime and verification images	2026-09-30T00:28:40.0409579Z  frontend  Built
repository	Build runtime and verification images	2026-09-30T00:28:40.0409930Z  minio  Built
repository	Build runtime and verification images	2026-09-30T00:28:40.0410276Z  minio-init  Built
repository	Migrate and wait for dependencies	﻿2026-09-30T00:28:40.0478577Z ##[group]Run docker compose -f /tmp/verity-ci.json up -d --wait --wait-timeout 180 backend celery-worker frontend jaeger otel-collector prometheus
repository	Migrate and wait for dependencies	2026-09-30T00:28:40.0479625Z ^[[36;1mdocker compose -f /tmp/verity-ci.json up -d --wait --wait-timeout 180 backend celery-worker frontend jaeger otel-collector prometheus^[[0m
repository	Migrate and wait for dependencies	2026-09-30T00:28:40.0562895Z shell: /usr/bin/bash -e {0}
repository	Migrate and wait for dependencies	2026-09-30T00:28:40.0563156Z env:
repository	Migrate and wait for dependencies	2026-09-30T00:28:40.0563434Z   pythonLocation: /opt/hostedtoolcache/Python/3.12.14/x64
repository	Migrate and wait for dependencies	2026-09-30T00:28:40.0563893Z   PKG_CONFIG_PATH: /opt/hostedtoolcache/Python/3.12.14/x64/lib/pkgconfig
repository	Migrate and wait for dependencies	2026-09-30T00:28:40.0564370Z   Python_ROOT_DIR: /opt/hostedtoolcache/Python/3.12.14/x64
repository	Migrate and wait for dependencies	2026-09-30T00:28:40.0564770Z   Python2_ROOT_DIR: /opt/hostedtoolcache/Python/3.12.14/x64
repository	Migrate and wait for dependencies	2026-09-30T00:28:40.0565176Z   Python3_ROOT_DIR: /opt/hostedtoolcache/Python/3.12.14/x64
repository	Migrate and wait for dependencies	2026-09-30T00:28:40.0565589Z   LD_LIBRARY_PATH: /opt/hostedtoolcache/Python/3.12.14/x64/lib
repository	Migrate and wait for dependencies	2026-09-30T00:28:40.0565922Z ##[endgroup]
repository	Migrate and wait for dependencies	2026-09-30T00:28:40.1562212Z  redis Pulling 
repository	Migrate and wait for dependencies	2026-09-30T00:28:40.1563086Z  mailpit Pulling 
repository	Migrate and wait for dependencies	2026-09-30T00:28:40.1578111Z  otel-collector Pulling 
repository	Migrate and wait for dependencies	2026-09-30T00:28:40.1578598Z  postgres Pulling 
repository	Migrate and wait for dependencies	2026-09-30T00:28:40.1578987Z  prometheus Pulling 
repository	Migrate and wait for dependencies	2026-09-30T00:28:41.0069452Z  ea339a46f8c1 Pulling fs layer 
repository	Migrate and wait for dependencies	2026-09-30T00:28:41.0070260Z  3c661e367453 Pulling fs layer 
repository	Migrate and wait for dependencies	2026-09-30T00:28:41.0070758Z  84e0d013005a Pulling fs layer 
repository	Migrate and wait for dependencies	2026-09-30T00:28:41.0125353Z  487858d29734 Pulling fs layer 
repository	Migrate and wait for dependencies	2026-09-30T00:28:41.0125963Z  6bddf0169a34 Pulling fs layer 
repository	Migrate and wait for dependencies	2026-09-30T00:28:41.0126699Z  3859a559c288 Pulling fs layer 
repository	Migrate and wait for dependencies	2026-09-30T00:28:41.0127546Z  1e155d6744e4 Pulling fs layer 
repository	Migrate and wait for dependencies	2026-09-30T00:28:41.0128227Z  e1db8b9e6f1c Pulling fs layer 
repository	Migrate and wait for dependencies	2026-09-30T00:28:41.0128737Z  fde357b1187c Pulling fs layer 
repository	Migrate and wait for dependencies	2026-09-30T00:28:41.0129203Z  3859a559c288 Waiting 
repository	Migrate and wait for dependencies	2026-09-30T00:28:41.0129672Z  71af9fb8ff89 Pulling fs layer 
repository	Migrate and wait for dependencies	2026-09-30T00:28:41.0130536Z  4ce6fa7d0795 Pulling fs layer 
repository	Migrate and wait for dependencies	2026-09-30T00:28:41.0131007Z  1e155d6744e4 Waiting 
repository	Migrate and wait for dependencies	2026-09-30T00:28:41.0131497Z  f9de78a4ea69 Pulling fs layer 
repository	Migrate and wait for dependencies	2026-09-30T00:28:41.0131900Z  487858d29734 Waiting 
repository	Migrate and wait for dependencies	2026-09-30T00:28:41.0132129Z  e1db8b9e6f1c Waiting 
repository	Migrate and wait for dependencies	2026-09-30T00:28:41.0132346Z  fde357b1187c Waiting 
repository	Migrate and wait for dependencies	2026-09-30T00:28:41.0132565Z  71af9fb8ff89 Waiting 
repository	Migrate and wait for dependencies	2026-09-30T00:28:41.0132778Z  4ce6fa7d0795 Waiting 
repository	Migrate and wait for dependencies	2026-09-30T00:28:41.0132989Z  6bddf0169a34 Waiting 
repository	Migrate and wait for dependencies	2026-09-30T00:28:41.0133195Z  f9de78a4ea69 Waiting 
repository	Migrate and wait for dependencies	2026-09-30T00:28:41.0174023Z  16333ee0c00f Pulling fs layer 
repository	Migrate and wait for dependencies	2026-09-30T00:28:41.0174842Z  83234986c742 Pulling fs layer 
repository	Migrate and wait for dependencies	2026-09-30T00:28:41.0175603Z  7eb50503c2b0 Pulling fs layer 
repository	Migrate and wait for dependencies	2026-09-30T00:28:41.0176188Z  1522f9c6f453 Pulling fs layer 
repository	Migrate and wait for dependencies	2026-09-30T00:28:41.0180595Z  9928009b15c8 Pulling fs layer 
repository	Migrate and wait for dependencies	2026-09-30T00:28:41.0181194Z  4f4fb700ef54 Pulling fs layer 
repository	Migrate and wait for dependencies	2026-09-30T00:28:41.0181517Z  4eb14bae0e1d Pulling fs layer 
repository	Migrate and wait for dependencies	2026-09-30T00:28:41.0181762Z  83234986c742 Waiting 
repository	Migrate and wait for dependencies	2026-09-30T00:28:41.0182111Z  7eb50503c2b0 Waiting 
repository	Migrate and wait for dependencies	2026-09-30T00:28:41.0182392Z  1522f9c6f453 Waiting 
repository	Migrate and wait for dependencies	2026-09-30T00:28:41.0182824Z  9928009b15c8 Waiting 
repository	Migrate and wait for dependencies	2026-09-30T00:28:41.0183095Z  4f4fb700ef54 Waiting 
repository	Migrate and wait for dependencies	2026-09-30T00:28:41.0183517Z  4eb14bae0e1d Waiting 
repository	Migrate and wait for dependencies	2026-09-30T00:28:41.0183755Z  16333ee0c00f Waiting 
repository	Migrate and wait for dependencies	2026-09-30T00:28:41.0192155Z  e2de96513ba9 Already exists 
repository	Migrate and wait for dependencies	2026-09-30T00:28:41.0208467Z  039e6f9f9752 Pulling fs layer 
repository	Migrate and wait for dependencies	2026-09-30T00:28:41.0209015Z  32a162df1425 Pulling fs layer 
repository	Migrate and wait for dependencies	2026-09-30T00:28:41.0209505Z  d100bd361c59 Pulling fs layer 
repository	Migrate and wait for dependencies	2026-09-30T00:28:41.0209975Z  ff16cf9d59a9 Pulling fs layer 
repository	Migrate and wait for dependencies	2026-09-30T00:28:41.0210447Z  f4b681e14ff8 Pulling fs layer 
repository	Migrate and wait for dependencies	2026-09-30T00:28:41.0210911Z  a8a8272ab698 Pulling fs layer 
repository	Migrate and wait for dependencies	2026-09-30T00:28:41.0211367Z  61c973a13167 Pulling fs layer 
repository	Migrate and wait for dependencies	2026-09-30T00:28:41.0211824Z  a372a0a1082a Pulling fs layer 
repository	Migrate and wait for dependencies	2026-09-30T00:28:41.0212278Z  e7c73af1eeb3 Pulling fs layer 
repository	Migrate and wait for dependencies	2026-09-30T00:28:41.0212733Z  8654846d99fb Pulling fs layer 
repository	Migrate and wait for dependencies	2026-09-30T00:28:41.0213190Z  03995e31cd48 Pulling fs layer 
repository	Migrate and wait for dependencies	2026-09-30T00:28:41.0213654Z  537cf577f508 Pulling fs layer 
repository	Migrate and wait for dependencies	2026-09-30T00:28:41.0214114Z  efb5baa83a6e Pulling fs layer 
repository	Migrate and wait for dependencies	2026-09-30T00:28:41.0214892Z  5471e06bfc52 Pulling fs layer 
repository	Migrate and wait for dependencies	2026-09-30T00:28:41.0215278Z  c7449a7c51b4 Pulling fs layer 
repository	Migrate and wait for dependencies	2026-09-30T00:28:41.0215568Z  8c8ff1de0b18 Pulling fs layer 
repository	Migrate and wait for dependencies	2026-09-30T00:28:41.0215833Z  32a162df1425 Waiting 
repository	Migrate and wait for dependencies	2026-09-30T00:28:41.0216056Z  d100bd361c59 Waiting 
repository	Migrate and wait for dependencies	2026-09-30T00:28:41.0216278Z  f4b681e14ff8 Waiting 
repository	Migrate and wait for dependencies	2026-09-30T00:28:41.0216819Z  ff16cf9d59a9 Waiting 
repository	Migrate and wait for dependencies	2026-09-30T00:28:41.0217074Z  a8a8272ab698 Waiting 
repository	Migrate and wait for dependencies	2026-09-30T00:28:41.0217303Z  039e6f9f9752 Waiting 
repository	Migrate and wait for dependencies	2026-09-30T00:28:41.0217522Z  61c973a13167 Waiting 
repository	Migrate and wait for dependencies	2026-09-30T00:28:41.0217742Z  a372a0a1082a Waiting 
repository	Migrate and wait for dependencies	2026-09-30T00:28:41.0217963Z  e7c73af1eeb3 Waiting 
repository	Migrate and wait for dependencies	2026-09-30T00:28:41.0218174Z  8654846d99fb Waiting 
repository	Migrate and wait for dependencies	2026-09-30T00:28:41.0218384Z  5471e06bfc52 Waiting 
repository	Migrate and wait for dependencies	2026-09-30T00:28:41.0218592Z  03995e31cd48 Waiting 
repository	Migrate and wait for dependencies	2026-09-30T00:28:41.0218800Z  537cf577f508 Waiting 
repository	Migrate and wait for dependencies	2026-09-30T00:28:41.0219010Z  8c8ff1de0b18 Waiting 
repository	Migrate and wait for dependencies	2026-09-30T00:28:41.0219264Z  c51f29e3c516 Pulling fs layer 
repository	Migrate and wait for dependencies	2026-09-30T00:28:41.0219541Z  f00eefd5b29e Pulling fs layer 
repository	Migrate and wait for dependencies	2026-09-30T00:28:41.0219787Z  c51f29e3c516 Waiting 
repository	Migrate and wait for dependencies	2026-09-30T00:28:41.0220001Z  f00eefd5b29e Waiting 
repository	Migrate and wait for dependencies	2026-09-30T00:28:41.0220212Z  c7449a7c51b4 Waiting 
repository	Migrate and wait for dependencies	2026-09-30T00:28:41.2412306Z  84e0d013005a Download complete 
repository	Migrate and wait for dependencies	2026-09-30T00:28:41.2421914Z  ea339a46f8c1 Downloading [=>                                                 ]  3.498kB/104.8kB
repository	Migrate and wait for dependencies	2026-09-30T00:28:41.2429643Z  ea339a46f8c1 Downloading [==================================================>]  104.8kB/104.8kB
repository	Migrate and wait for dependencies	2026-09-30T00:28:41.2430746Z  ea339a46f8c1 Verifying Checksum 
repository	Migrate and wait for dependencies	2026-09-30T00:28:41.2431750Z  ea339a46f8c1 Download complete 
repository	Migrate and wait for dependencies	2026-09-30T00:28:41.2435266Z  ea339a46f8c1 Extracting [===============>                                   ]  32.77kB/104.8kB
repository	Migrate and wait for dependencies	2026-09-30T00:28:41.2453513Z  ea339a46f8c1 Extracting [==================================================>]  104.8kB/104.8kB
repository	Migrate and wait for dependencies	2026-09-30T00:28:41.2457755Z  ea339a46f8c1 Extracting [==================================================>]  104.8kB/104.8kB
repository	Migrate and wait for dependencies	2026-09-30T00:28:41.2459117Z  3c661e367453 Downloading [>                                                  ]  536.8kB/112.7MB
repository	Migrate and wait for dependencies	2026-09-30T00:28:41.2510180Z  ea339a46f8c1 Pull complete 
repository	Migrate and wait for dependencies	2026-09-30T00:28:41.3471878Z  3c661e367453 Downloading [===============>                                   ]  34.73MB/112.7MB
repository	Migrate and wait for dependencies	2026-09-30T00:28:41.4473644Z  3c661e367453 Downloading [===============================>                   ]  69.93MB/112.7MB
repository	Migrate and wait for dependencies	2026-09-30T00:28:41.4589291Z  6bddf0169a34 Downloading [>                                                  ]  3.498kB/324.6kB
repository	Migrate and wait for dependencies	2026-09-30T00:28:41.4610423Z  487858d29734 Downloading [>                                                  ]  15.79kB/800.5kB
repository	Migrate and wait for dependencies	2026-09-30T00:28:41.4614402Z  6bddf0169a34 Downloading [==================================================>]  324.6kB/324.6kB
repository	Migrate and wait for dependencies	2026-09-30T00:28:41.4614897Z  6bddf0169a34 Verifying Checksum 
repository	Migrate and wait for dependencies	2026-09-30T00:28:41.4615324Z  6bddf0169a34 Download complete 
repository	Migrate and wait for dependencies	2026-09-30T00:28:41.4667473Z  487858d29734 Downloading [==================================================>]  800.5kB/800.5kB
repository	Migrate and wait for dependencies	2026-09-30T00:28:41.4668697Z  487858d29734 Verifying Checksum 
repository	Migrate and wait for dependencies	2026-09-30T00:28:41.4669512Z  487858d29734 Extracting [==>                                                ]  32.77kB/800.5kB
repository	Migrate and wait for dependencies	2026-09-30T00:28:41.4784475Z  487858d29734 Extracting [==================================================>]  800.5kB/800.5kB
repository	Migrate and wait for dependencies	2026-09-30T00:28:41.4789114Z  487858d29734 Extracting [==================================================>]  800.5kB/800.5kB
repository	Migrate and wait for dependencies	2026-09-30T00:28:41.5440350Z  487858d29734 Pull complete 
repository	Migrate and wait for dependencies	2026-09-30T00:28:41.5458619Z  6bddf0169a34 Extracting [=====>                                             ]  32.77kB/324.6kB
repository	Migrate and wait for dependencies	2026-09-30T00:28:41.5479423Z  3c661e367453 Downloading [============================================>      ]  99.31MB/112.7MB
repository	Migrate and wait for dependencies	2026-09-30T00:28:41.5583970Z  6bddf0169a34 Extracting [==================================================>]  324.6kB/324.6kB
repository	Migrate and wait for dependencies	2026-09-30T00:28:41.5857237Z  6bddf0169a34 Extracting [==================================================>]  324.6kB/324.6kB
repository	Migrate and wait for dependencies	2026-09-30T00:28:41.5927580Z  3c661e367453 Downloading [==================================================>]  112.7MB/112.7MB
repository	Migrate and wait for dependencies	2026-09-30T00:28:41.5929100Z  3c661e367453 Verifying Checksum 
repository	Migrate and wait for dependencies	2026-09-30T00:28:41.5930851Z  3c661e367453 Download complete 
repository	Migrate and wait for dependencies	2026-09-30T00:28:41.6030354Z  3c661e367453 Extracting [>                                                  ]  557.1kB/112.7MB
repository	Migrate and wait for dependencies	2026-09-30T00:28:41.6813604Z  3859a559c288 Downloading [>                                                  ]  540.1kB/61.91MB
repository	Migrate and wait for dependencies	2026-09-30T00:28:41.6975139Z  1e155d6744e4 Downloading [>                                                  ]  523.7kB/50.99MB
repository	Migrate and wait for dependencies	2026-09-30T00:28:41.7074787Z  3c661e367453 Extracting [==>                                                ]  6.128MB/112.7MB
repository	Migrate and wait for dependencies	2026-09-30T00:28:41.7839345Z  3859a559c288 Downloading [===================>                               ]  24.33MB/61.91MB
repository	Migrate and wait for dependencies	2026-09-30T00:28:41.7976209Z  1e155d6744e4 Downloading [========================>                          ]  24.64MB/50.99MB
repository	Migrate and wait for dependencies	2026-09-30T00:28:41.8112642Z  3c661e367453 Extracting [===>                                               ]  8.913MB/112.7MB
repository	Migrate and wait for dependencies	2026-09-30T00:28:41.8135472Z  e1db8b9e6f1c Downloading [==================================================>]     657B/657B
repository	Migrate and wait for dependencies	2026-09-30T00:28:41.8147782Z  e1db8b9e6f1c Download complete 
repository	Migrate and wait for dependencies	2026-09-30T00:28:41.8842569Z  3859a559c288 Downloading [=======================================>           ]   49.2MB/61.91MB
repository	Migrate and wait for dependencies	2026-09-30T00:28:41.8972039Z  1e155d6744e4 Verifying Checksum 
repository	Migrate and wait for dependencies	2026-09-30T00:28:41.8972720Z  1e155d6744e4 Download complete 
repository	Migrate and wait for dependencies	2026-09-30T00:28:41.9129830Z  3c661e367453 Extracting [=====>                                             ]   11.7MB/112.7MB
repository	Migrate and wait for dependencies	2026-09-30T00:28:41.9277772Z  3859a559c288 Verifying Checksum 
repository	Migrate and wait for dependencies	2026-09-30T00:28:41.9278437Z  3859a559c288 Download complete 
repository	Migrate and wait for dependencies	2026-09-30T00:28:41.9774864Z  6bddf0169a34 Pull complete 
repository	Migrate and wait for dependencies	2026-09-30T00:28:41.9902430Z  3859a559c288 Extracting [>                                                  ]  557.1kB/61.91MB
repository	Migrate and wait for dependencies	2026-09-30T00:28:42.0217145Z  3c661e367453 Extracting [=======>                                           ]  16.71MB/112.7MB
repository	Migrate and wait for dependencies	2026-09-30T00:28:42.0244489Z  fde357b1187c Downloading [===========================================>       ]  3.501kB/4.023kB
repository	Migrate and wait for dependencies	2026-09-30T00:28:42.0249766Z  fde357b1187c Downloading [==================================================>]  4.023kB/4.023kB
repository	Migrate and wait for dependencies	2026-09-30T00:28:42.0250767Z  fde357b1187c Verifying Checksum 
repository	Migrate and wait for dependencies	2026-09-30T00:28:42.0251599Z  fde357b1187c Download complete 
repository	Migrate and wait for dependencies	2026-09-30T00:28:42.0996996Z  3859a559c288 Extracting [=====>                                             ]  7.242MB/61.91MB
repository	Migrate and wait for dependencies	2026-09-30T00:28:42.1166292Z  71af9fb8ff89 Downloading [==================================================>]  1.596kB/1.596kB
repository	Migrate and wait for dependencies	2026-09-30T00:28:42.1167675Z  71af9fb8ff89 Verifying Checksum 
repository	Migrate and wait for dependencies	2026-09-30T00:28:42.1168403Z  71af9fb8ff89 Download complete 
repository	Migrate and wait for dependencies	2026-09-30T00:28:42.1236344Z  3c661e367453 Extracting [=========>                                         ]  22.28MB/112.7MB
repository	Migrate and wait for dependencies	2026-09-30T00:28:42.1449568Z  4ce6fa7d0795 Downloading [==================================================>]     100B/100B
repository	Migrate and wait for dependencies	2026-09-30T00:28:42.1452329Z  4ce6fa7d0795 Verifying Checksum 
repository	Migrate and wait for dependencies	2026-09-30T00:28:42.1453434Z  4ce6fa7d0795 Download complete 
repository	Migrate and wait for dependencies	2026-09-30T00:28:42.2038584Z  3859a559c288 Extracting [==========>                                        ]  12.81MB/61.91MB
repository	Migrate and wait for dependencies	2026-09-30T00:28:42.2247845Z  3c661e367453 Extracting [============>                                      ]  28.41MB/112.7MB
repository	Migrate and wait for dependencies	2026-09-30T00:28:42.2419422Z  f9de78a4ea69 Downloading [==================================================>]     714B/714B
repository	Migrate and wait for dependencies	2026-09-30T00:28:42.2423984Z  f9de78a4ea69 Verifying Checksum 
repository	Migrate and wait for dependencies	2026-09-30T00:28:42.2429050Z  f9de78a4ea69 Download complete 
repository	Migrate and wait for dependencies	2026-09-30T00:28:42.3249635Z  3859a559c288 Extracting [================>                                  ]  20.05MB/61.91MB
repository	Migrate and wait for dependencies	2026-09-30T00:28:42.3366220Z  3c661e367453 Extracting [===============>                                   ]  35.09MB/112.7MB
repository	Migrate and wait for dependencies	2026-09-30T00:28:42.3373081Z  16333ee0c00f Downloading [>                                                  ]  48.55kB/3.626MB
repository	Migrate and wait for dependencies	2026-09-30T00:28:42.3547352Z  16333ee0c00f Downloading [==================================================>]  3.626MB/3.626MB
repository	Migrate and wait for dependencies	2026-09-30T00:28:42.3548729Z  16333ee0c00f Verifying Checksum 
repository	Migrate and wait for dependencies	2026-09-30T00:28:42.3549635Z  16333ee0c00f Download complete 
repository	Migrate and wait for dependencies	2026-09-30T00:28:42.3563107Z  16333ee0c00f Extracting [>                                                  ]  65.54kB/3.626MB
repository	Migrate and wait for dependencies	2026-09-30T00:28:42.3634639Z  83234986c742 Downloading [==================================================>]     949B/949B
repository	Migrate and wait for dependencies	2026-09-30T00:28:42.3635691Z  83234986c742 Verifying Checksum 
repository	Migrate and wait for dependencies	2026-09-30T00:28:42.3636932Z  83234986c742 Download complete 
repository	Migrate and wait for dependencies	2026-09-30T00:28:42.4261621Z  3859a559c288 Extracting [=====================>                             ]  26.74MB/61.91MB
repository	Migrate and wait for dependencies	2026-09-30T00:28:42.4437523Z  3c661e367453 Extracting [=================>                                 ]  40.11MB/112.7MB
repository	Migrate and wait for dependencies	2026-09-30T00:28:42.4569858Z  7eb50503c2b0 Downloading [>                                                  ]  3.498kB/198.6kB
repository	Migrate and wait for dependencies	2026-09-30T00:28:42.4590887Z  7eb50503c2b0 Downloading [==================================================>]  198.6kB/198.6kB
repository	Migrate and wait for dependencies	2026-09-30T00:28:42.4598729Z  7eb50503c2b0 Verifying Checksum 
repository	Migrate and wait for dependencies	2026-09-30T00:28:42.4600469Z  7eb50503c2b0 Download complete 
repository	Migrate and wait for dependencies	2026-09-30T00:28:42.4605935Z  16333ee0c00f Extracting [==================>                                ]  1.376MB/3.626MB
repository	Migrate and wait for dependencies	2026-09-30T00:28:42.5274386Z  16333ee0c00f Extracting [==================================================>]  3.626MB/3.626MB
repository	Migrate and wait for dependencies	2026-09-30T00:28:42.5338434Z  3859a559c288 Extracting [========================>                          ]  30.64MB/61.91MB
repository	Migrate and wait for dependencies	2026-09-30T00:28:42.5485222Z  3c661e367453 Extracting [===================>                               ]  44.56MB/112.7MB
repository	Migrate and wait for dependencies	2026-09-30T00:28:42.5601705Z  16333ee0c00f Pull complete 
repository	Migrate and wait for dependencies	2026-09-30T00:28:42.5615166Z  83234986c742 Extracting [==================================================>]     949B/949B
repository	Migrate and wait for dependencies	2026-09-30T00:28:42.5625161Z  83234986c742 Extracting [==================================================>]     949B/949B
repository	Migrate and wait for dependencies	2026-09-30T00:28:42.5813464Z  1522f9c6f453 Downloading [>                                                  ]  130.5kB/12.42MB
repository	Migrate and wait for dependencies	2026-09-30T00:28:42.5855597Z  9928009b15c8 Downloading [==================================================>]     100B/100B
repository	Migrate and wait for dependencies	2026-09-30T00:28:42.5871878Z  9928009b15c8 Download complete 
repository	Migrate and wait for dependencies	2026-09-30T00:28:42.6741981Z  4f4fb700ef54 Downloading [==================================================>]      32B/32B
repository	Migrate and wait for dependencies	2026-09-30T00:28:42.6759455Z  3859a559c288 Extracting [==========================>                        ]  33.42MB/61.91MB
repository	Migrate and wait for dependencies	2026-09-30T00:28:42.6807050Z  3c661e367453 Extracting [====================>                              ]  46.79MB/112.7MB
repository	Migrate and wait for dependencies	2026-09-30T00:28:42.6825914Z  1522f9c6f453 Downloading [=================================>                 ]  8.257MB/12.42MB
repository	Migrate and wait for dependencies	2026-09-30T00:28:42.6981106Z  1522f9c6f453 Download complete 
repository	Migrate and wait for dependencies	2026-09-30T00:28:42.7175841Z  4f4fb700ef54 Verifying Checksum 
repository	Migrate and wait for dependencies	2026-09-30T00:28:42.7177178Z  4f4fb700ef54 Download complete 
repository	Migrate and wait for dependencies	2026-09-30T00:28:42.7770058Z  3859a559c288 Extracting [========================================>          ]  49.58MB/61.91MB
repository	Migrate and wait for dependencies	2026-09-30T00:28:42.7859638Z  3c661e367453 Extracting [======================>                            ]  51.25MB/112.7MB
repository	Migrate and wait for dependencies	2026-09-30T00:28:42.7994175Z  4eb14bae0e1d Downloading [==================================================>]     599B/599B
repository	Migrate and wait for dependencies	2026-09-30T00:28:42.7995637Z  4eb14bae0e1d Verifying Checksum 
repository	Migrate and wait for dependencies	2026-09-30T00:28:42.7997177Z  4eb14bae0e1d Download complete 
repository	Migrate and wait for dependencies	2026-09-30T00:28:42.8845195Z  3859a559c288 Extracting [=================================================> ]  61.83MB/61.91MB
repository	Migrate and wait for dependencies	2026-09-30T00:28:42.8874093Z  3c661e367453 Extracting [========================>                          ]  55.71MB/112.7MB
repository	Migrate and wait for dependencies	2026-09-30T00:28:42.8964376Z  3859a559c288 Extracting [==================================================>]  61.91MB/61.91MB
repository	Migrate and wait for dependencies	2026-09-30T00:28:42.9382995Z  f00eefd5b29e Downloading [>                                                  ]  3.499kB/177.1kB
repository	Migrate and wait for dependencies	2026-09-30T00:28:43.0658055Z  f00eefd5b29e Downloading [====>                                              ]  15.79kB/177.1kB
repository	Migrate and wait for dependencies	2026-09-30T00:28:43.0660950Z  c51f29e3c516 Downloading [>                                                  ]  114.1kB/10.23MB
repository	Migrate and wait for dependencies	2026-09-30T00:28:43.0679647Z  f00eefd5b29e Downloading [==================================================>]  177.1kB/177.1kB
repository	Migrate and wait for dependencies	2026-09-30T00:28:43.0688228Z  f00eefd5b29e Verifying Checksum 
repository	Migrate and wait for dependencies	2026-09-30T00:28:43.0693425Z  f00eefd5b29e Download complete 
repository	Migrate and wait for dependencies	2026-09-30T00:28:43.0710033Z  039e6f9f9752 Downloading [>                                                  ]  294.3kB/28.23MB
repository	Migrate and wait for dependencies	2026-09-30T00:28:43.0808706Z  3c661e367453 Extracting [=========================>                         ]  57.38MB/112.7MB
repository	Migrate and wait for dependencies	2026-09-30T00:28:43.1045645Z  c51f29e3c516 Verifying Checksum 
repository	Migrate and wait for dependencies	2026-09-30T00:28:43.1050922Z  c51f29e3c516 Download complete 
repository	Migrate and wait for dependencies	2026-09-30T00:28:43.1075656Z  c51f29e3c516 Extracting [>                                                  ]  131.1kB/10.23MB
repository	Migrate and wait for dependencies	2026-09-30T00:28:43.1717320Z  039e6f9f9752 Downloading [=================================================> ]  28.02MB/28.23MB
repository	Migrate and wait for dependencies	2026-09-30T00:28:43.1718549Z  039e6f9f9752 Verifying Checksum 
repository	Migrate and wait for dependencies	2026-09-30T00:28:43.1719152Z  039e6f9f9752 Download complete 
repository	Migrate and wait for dependencies	2026-09-30T00:28:43.1837473Z  3c661e367453 Extracting [===========================>                       ]  62.39MB/112.7MB
repository	Migrate and wait for dependencies	2026-09-30T00:28:43.2755350Z  83234986c742 Pull complete 
repository	Migrate and wait for dependencies	2026-09-30T00:28:43.2788808Z  c51f29e3c516 Extracting [=>                                                 ]  262.1kB/10.23MB
repository	Migrate and wait for dependencies	2026-09-30T00:28:43.2790262Z  7eb50503c2b0 Extracting [========>                                          ]  32.77kB/198.6kB
repository	Migrate and wait for dependencies	2026-09-30T00:28:43.2798092Z  3859a559c288 Pull complete 
repository	Migrate and wait for dependencies	2026-09-30T00:28:43.2955598Z  32a162df1425 Downloading [==================================================>]   1.17kB/1.17kB
repository	Migrate and wait for dependencies	2026-09-30T00:28:43.2977032Z  32a162df1425 Verifying Checksum 
repository	Migrate and wait for dependencies	2026-09-30T00:28:43.2991111Z  32a162df1425 Download complete 
repository	Migrate and wait for dependencies	2026-09-30T00:28:43.3010832Z  7eb50503c2b0 Extracting [==================================================>]  198.6kB/198.6kB
repository	Migrate and wait for dependencies	2026-09-30T00:28:43.3068573Z  1e155d6744e4 Extracting [>                                                  ]  524.3kB/50.99MB
repository	Migrate and wait for dependencies	2026-09-30T00:28:43.3143209Z  3c661e367453 Extracting [=============================>                     ]  66.29MB/112.7MB
repository	Migrate and wait for dependencies	2026-09-30T00:28:43.3382586Z  d100bd361c59 Downloading [>                                                  ]  48.55kB/4.534MB
repository	Migrate and wait for dependencies	2026-09-30T00:28:43.3492154Z  039e6f9f9752 Extracting [>                                                  ]  294.9kB/28.23MB
repository	Migrate and wait for dependencies	2026-09-30T00:28:43.3541344Z  7eb50503c2b0 Extracting [==================================================>]  198.6kB/198.6kB
repository	Migrate and wait for dependencies	2026-09-30T00:28:43.3802629Z  c51f29e3c516 Extracting [==============>                                    ]  3.015MB/10.23MB
repository	Migrate and wait for dependencies	2026-09-30T00:28:43.3937785Z  d100bd361c59 Verifying Checksum 
repository	Migrate and wait for dependencies	2026-09-30T00:28:43.3938703Z  d100bd361c59 Download complete 
repository	Migrate and wait for dependencies	2026-09-30T00:28:43.4139685Z  1e155d6744e4 Extracting [===>                                               ]   3.67MB/50.99MB
repository	Migrate and wait for dependencies	2026-09-30T00:28:43.4248873Z  3c661e367453 Extracting [==============================>                    ]  68.52MB/112.7MB
repository	Migrate and wait for dependencies	2026-09-30T00:28:43.4488923Z  ff16cf9d59a9 Downloading [>                                                  ]  15.79kB/1.25MB
repository	Migrate and wait for dependencies	2026-09-30T00:28:43.4510967Z  039e6f9f9752 Extracting [====>                                              ]  2.359MB/28.23MB
repository	Migrate and wait for dependencies	2026-09-30T00:28:43.4641059Z  ff16cf9d59a9 Verifying Checksum 
repository	Migrate and wait for dependencies	2026-09-30T00:28:43.4643509Z  ff16cf9d59a9 Download complete 
repository	Migrate and wait for dependencies	2026-09-30T00:28:43.4835935Z  c51f29e3c516 Extracting [============================>                      ]  5.767MB/10.23MB
repository	Migrate and wait for dependencies	2026-09-30T00:28:43.5163082Z  1e155d6744e4 Extracting [======>                                            ]  6.291MB/50.99MB
repository	Migrate and wait for dependencies	2026-09-30T00:28:43.5199892Z  f4b681e14ff8 Downloading [>                                                  ]  81.32kB/8.066MB
repository	Migrate and wait for dependencies	2026-09-30T00:28:43.5426102Z  3c661e367453 Extracting [==============================>                    ]  69.63MB/112.7MB
repository	Migrate and wait for dependencies	2026-09-30T00:28:43.5575913Z  039e6f9f9752 Extracting [========>                                          ]  5.014MB/28.23MB
repository	Migrate and wait for dependencies	2026-09-30T00:28:43.5819204Z  f4b681e14ff8 Verifying Checksum 
repository	Migrate and wait for dependencies	2026-09-30T00:28:43.5820414Z  f4b681e14ff8 Download complete 
repository	Migrate and wait for dependencies	2026-09-30T00:28:43.5883815Z  c51f29e3c516 Extracting [===========================================>       ]  8.913MB/10.23MB
repository	Migrate and wait for dependencies	2026-09-30T00:28:43.6217715Z  a8a8272ab698 Downloading [>                                                  ]  15.79kB/1.196MB
repository	Migrate and wait for dependencies	2026-09-30T00:28:43.6328073Z  1e155d6744e4 Extracting [========>                                          ]  8.913MB/50.99MB
repository	Migrate and wait for dependencies	2026-09-30T00:28:43.6380166Z  a8a8272ab698 Verifying Checksum 
repository	Migrate and wait for dependencies	2026-09-30T00:28:43.6380922Z  a8a8272ab698 Download complete 
repository	Migrate and wait for dependencies	2026-09-30T00:28:43.6461352Z  c51f29e3c516 Extracting [==================================================>]  10.23MB/10.23MB
repository	Migrate and wait for dependencies	2026-09-30T00:28:43.6505587Z  3c661e367453 Extracting [===============================>                   ]  70.19MB/112.7MB
repository	Migrate and wait for dependencies	2026-09-30T00:28:43.6597969Z  039e6f9f9752 Extracting [=============>                                     ]  7.373MB/28.23MB
repository	Migrate and wait for dependencies	2026-09-30T00:28:43.6910203Z  61c973a13167 Downloading [==================================================>]     116B/116B
repository	Migrate and wait for dependencies	2026-09-30T00:28:43.6912089Z  61c973a13167 Verifying Checksum 
repository	Migrate and wait for dependencies	2026-09-30T00:28:43.6918855Z  61c973a13167 Download complete 
repository	Migrate and wait for dependencies	2026-09-30T00:28:43.7648475Z  1e155d6744e4 Extracting [===========>                                       ]  12.06MB/50.99MB
repository	Migrate and wait for dependencies	2026-09-30T00:28:43.8031147Z  a372a0a1082a Downloading [==================================================>]  3.144kB/3.144kB
repository	Migrate and wait for dependencies	2026-09-30T00:28:43.8228236Z  a372a0a1082a Verifying Checksum 
repository	Migrate and wait for dependencies	2026-09-30T00:28:43.8234490Z  a372a0a1082a Download complete 
repository	Migrate and wait for dependencies	2026-09-30T00:28:43.8272093Z  039e6f9f9752 Extracting [===============>                                   ]  8.847MB/28.23MB
repository	Migrate and wait for dependencies	2026-09-30T00:28:43.8315337Z  7eb50503c2b0 Pull complete 
repository	Migrate and wait for dependencies	2026-09-30T00:28:43.8319159Z  c51f29e3c516 Pull complete 
repository	Migrate and wait for dependencies	2026-09-30T00:28:43.8332942Z  f00eefd5b29e Extracting [=========>                                         ]  32.77kB/177.1kB
repository	Migrate and wait for dependencies	2026-09-30T00:28:43.8404889Z  1522f9c6f453 Extracting [>                                                  ]  131.1kB/12.42MB
repository	Migrate and wait for dependencies	2026-09-30T00:28:43.8407464Z  f00eefd5b29e Extracting [==================================================>]  177.1kB/177.1kB
repository	Migrate and wait for dependencies	2026-09-30T00:28:43.8819348Z  1e155d6744e4 Extracting [=============>                                     ]  13.63MB/50.99MB
repository	Migrate and wait for dependencies	2026-09-30T00:28:43.8820792Z  3c661e367453 Extracting [===============================>                   ]   71.3MB/112.7MB
repository	Migrate and wait for dependencies	2026-09-30T00:28:43.8861169Z  e7c73af1eeb3 Downloading [>                                                  ]  527.5kB/111.8MB
repository	Migrate and wait for dependencies	2026-09-30T00:28:43.8978976Z  f00eefd5b29e Extracting [==================================================>]  177.1kB/177.1kB
repository	Migrate and wait for dependencies	2026-09-30T00:28:43.9107872Z  8654846d99fb Downloading [=================>                                 ]  3.499kB/10.01kB
repository	Migrate and wait for dependencies	2026-09-30T00:28:43.9119945Z  8654846d99fb Downloading [==================================================>]  10.01kB/10.01kB
repository	Migrate and wait for dependencies	2026-09-30T00:28:43.9146162Z  8654846d99fb Verifying Checksum 
repository	Migrate and wait for dependencies	2026-09-30T00:28:43.9148162Z  8654846d99fb Download complete 
repository	Migrate and wait for dependencies	2026-09-30T00:28:43.9331822Z  039e6f9f9752 Extracting [================>                                  ]  9.437MB/28.23MB
repository	Migrate and wait for dependencies	2026-09-30T00:28:43.9405726Z  1522f9c6f453 Extracting [===>                                               ]  917.5kB/12.42MB
repository	Migrate and wait for dependencies	2026-09-30T00:28:43.9880843Z  e7c73af1eeb3 Downloading [==>                                                ]  6.402MB/111.8MB
repository	Migrate and wait for dependencies	2026-09-30T00:28:44.0143830Z  3c661e367453 Extracting [================================>                  ]  72.97MB/112.7MB
repository	Migrate and wait for dependencies	2026-09-30T00:28:44.0304229Z  1e155d6744e4 Extracting [==============>                                    ]   15.2MB/50.99MB
repository	Migrate and wait for dependencies	2026-09-30T00:28:44.0494837Z  1522f9c6f453 Extracting [===========>                                       ]  2.753MB/12.42MB
repository	Migrate and wait for dependencies	2026-09-30T00:28:44.0697517Z  03995e31cd48 Downloading [==================================================>]     128B/128B
repository	Migrate and wait for dependencies	2026-09-30T00:28:44.0709144Z  039e6f9f9752 Extracting [==================>                                ]  10.62MB/28.23MB
repository	Migrate and wait for dependencies	2026-09-30T00:28:44.0715293Z  03995e31cd48 Verifying Checksum 
repository	Migrate and wait for dependencies	2026-09-30T00:28:44.0716075Z  03995e31cd48 Download complete 
repository	Migrate and wait for dependencies	2026-09-30T00:28:44.0879665Z  e7c73af1eeb3 Downloading [===========>                                       ]  26.67MB/111.8MB
repository	Migrate and wait for dependencies	2026-09-30T00:28:44.1321772Z  3c661e367453 Extracting [=================================>                 ]  75.76MB/112.7MB
repository	Migrate and wait for dependencies	2026-09-30T00:28:44.1488295Z  1e155d6744e4 Extracting [=================>                                 ]  17.83MB/50.99MB
repository	Migrate and wait for dependencies	2026-09-30T00:28:44.1521238Z  1522f9c6f453 Extracting [===================>                               ]   4.85MB/12.42MB
repository	Migrate and wait for dependencies	2026-09-30T00:28:44.1556377Z  537cf577f508 Downloading [==================================================>]     168B/168B
repository	Migrate and wait for dependencies	2026-09-30T00:28:44.1571909Z  537cf577f508 Verifying Checksum 
repository	Migrate and wait for dependencies	2026-09-30T00:28:44.1573853Z  537cf577f508 Download complete 
repository	Migrate and wait for dependencies	2026-09-30T00:28:44.1719766Z  039e6f9f9752 Extracting [====================>                              ]   11.8MB/28.23MB
repository	Migrate and wait for dependencies	2026-09-30T00:28:44.1907875Z  e7c73af1eeb3 Downloading [=====================>                             ]  49.09MB/111.8MB
repository	Migrate and wait for dependencies	2026-09-30T00:28:44.1978928Z  f00eefd5b29e Pull complete 
repository	Migrate and wait for dependencies	2026-09-30T00:28:44.2145525Z  mailpit Pulled 
repository	Migrate and wait for dependencies	2026-09-30T00:28:44.2333450Z  3c661e367453 Extracting [==================================>                ]  77.99MB/112.7MB
repository	Migrate and wait for dependencies	2026-09-30T00:28:44.2490408Z  1e155d6744e4 Extracting [====================>                              ]  20.45MB/50.99MB
repository	Migrate and wait for dependencies	2026-09-30T00:28:44.2566012Z  1522f9c6f453 Extracting [=============================>                     ]  7.209MB/12.42MB
repository	Migrate and wait for dependencies	2026-09-30T00:28:44.2836308Z  039e6f9f9752 Extracting [=========================>                         ]  14.45MB/28.23MB
repository	Migrate and wait for dependencies	2026-09-30T00:28:44.2894694Z  efb5baa83a6e Downloading [============================>                      ]    3.5kB/6.105kB
repository	Migrate and wait for dependencies	2026-09-30T00:28:44.2900554Z  efb5baa83a6e Downloading [==================================================>]  6.105kB/6.105kB
repository	Migrate and wait for dependencies	2026-09-30T00:28:44.2904402Z  efb5baa83a6e Verifying Checksum 
repository	Migrate and wait for dependencies	2026-09-30T00:28:44.2911664Z  efb5baa83a6e Download complete 
repository	Migrate and wait for dependencies	2026-09-30T00:28:44.2920124Z  e7c73af1eeb3 Downloading [===================================>               ]  79.46MB/111.8MB
repository	Migrate and wait for dependencies	2026-09-30T00:28:44.3462740Z  3c661e367453 Extracting [====================================>              ]  81.33MB/112.7MB
repository	Migrate and wait for dependencies	2026-09-30T00:28:44.3622885Z  1522f9c6f453 Extracting [===========================================>       ]  10.75MB/12.42MB
repository	Migrate and wait for dependencies	2026-09-30T00:28:44.3849429Z  039e6f9f9752 Extracting [==============================>                    ]   17.4MB/28.23MB
repository	Migrate and wait for dependencies	2026-09-30T00:28:44.3899307Z  1e155d6744e4 Extracting [======================>                            ]  23.07MB/50.99MB
repository	Migrate and wait for dependencies	2026-09-30T00:28:44.3901464Z  5471e06bfc52 Downloading [==================================================>]     184B/184B
repository	Migrate and wait for dependencies	2026-09-30T00:28:44.3904013Z  5471e06bfc52 Verifying Checksum 
repository	Migrate and wait for dependencies	2026-09-30T00:28:44.3905073Z  5471e06bfc52 Download complete 
repository	Migrate and wait for dependencies	2026-09-30T00:28:44.3971763Z  e7c73af1eeb3 Downloading [=============================================>     ]  100.9MB/111.8MB
repository	Migrate and wait for dependencies	2026-09-30T00:28:44.4317557Z  e7c73af1eeb3 Verifying Checksum 
repository	Migrate and wait for dependencies	2026-09-30T00:28:44.4318881Z  e7c73af1eeb3 Download complete 
repository	Migrate and wait for dependencies	2026-09-30T00:28:44.4373687Z  1522f9c6f453 Extracting [==================================================>]  12.42MB/12.42MB
repository	Migrate and wait for dependencies	2026-09-30T00:28:44.4528858Z  3c661e367453 Extracting [=====================================>             ]  85.23MB/112.7MB
repository	Migrate and wait for dependencies	2026-09-30T00:28:44.4914241Z  039e6f9f9752 Extracting [====================================>              ]  20.35MB/28.23MB
repository	Migrate and wait for dependencies	2026-09-30T00:28:44.4944296Z  1e155d6744e4 Extracting [=========================>                         ]  25.69MB/50.99MB
repository	Migrate and wait for dependencies	2026-09-30T00:28:44.4950298Z  1522f9c6f453 Pull complete 
repository	Migrate and wait for dependencies	2026-09-30T00:28:44.4976381Z  9928009b15c8 Extracting [==================================================>]     100B/100B
repository	Migrate and wait for dependencies	2026-09-30T00:28:44.4977970Z  9928009b15c8 Extracting [==================================================>]     100B/100B
repository	Migrate and wait for dependencies	2026-09-30T00:28:44.5151084Z  c7449a7c51b4 Downloading [=>                                                 ]  3.498kB/129.1kB
repository	Migrate and wait for dependencies	2026-09-30T00:28:44.5166095Z  c7449a7c51b4 Downloading [==================================================>]  129.1kB/129.1kB
repository	Migrate and wait for dependencies	2026-09-30T00:28:44.5167043Z  c7449a7c51b4 Verifying Checksum 
repository	Migrate and wait for dependencies	2026-09-30T00:28:44.5167371Z  c7449a7c51b4 Download complete 
repository	Migrate and wait for dependencies	2026-09-30T00:28:44.5242601Z  9928009b15c8 Pull complete 
repository	Migrate and wait for dependencies	2026-09-30T00:28:44.5274594Z  4f4fb700ef54 Extracting [==================================================>]      32B/32B
repository	Migrate and wait for dependencies	2026-09-30T00:28:44.5275894Z  4f4fb700ef54 Extracting [==================================================>]      32B/32B
repository	Migrate and wait for dependencies	2026-09-30T00:28:44.5404372Z  4f4fb700ef54 Pull complete 
repository	Migrate and wait for dependencies	2026-09-30T00:28:44.5426835Z  4eb14bae0e1d Extracting [==================================================>]     599B/599B
repository	Migrate and wait for dependencies	2026-09-30T00:28:44.5428233Z  4eb14bae0e1d Extracting [==================================================>]     599B/599B
repository	Migrate and wait for dependencies	2026-09-30T00:28:44.5565797Z  3c661e367453 Extracting [========================================>          ]   90.8MB/112.7MB
repository	Migrate and wait for dependencies	2026-09-30T00:28:44.5710074Z  4eb14bae0e1d Pull complete 
repository	Migrate and wait for dependencies	2026-09-30T00:28:44.5787282Z  redis Pulled 
repository	Migrate and wait for dependencies	2026-09-30T00:28:44.5987039Z  1e155d6744e4 Extracting [==================================>                ]  35.13MB/50.99MB
repository	Migrate and wait for dependencies	2026-09-30T00:28:44.6032167Z  039e6f9f9752 Extracting [=========================================>         ]   23.3MB/28.23MB
repository	Migrate and wait for dependencies	2026-09-30T00:28:44.6086705Z  8c8ff1de0b18 Downloading [>                                                  ]  15.79kB/935.1kB
repository	Migrate and wait for dependencies	2026-09-30T00:28:44.6171619Z  8c8ff1de0b18 Verifying Checksum 
repository	Migrate and wait for dependencies	2026-09-30T00:28:44.6172583Z  8c8ff1de0b18 Download complete 
repository	Migrate and wait for dependencies	2026-09-30T00:28:44.6654157Z  3c661e367453 Extracting [==========================================>        ]  95.26MB/112.7MB
repository	Migrate and wait for dependencies	2026-09-30T00:28:44.7042697Z  1e155d6744e4 Extracting [=================================================> ]  50.33MB/50.99MB
repository	Migrate and wait for dependencies	2026-09-30T00:28:44.7397375Z  1e155d6744e4 Extracting [==================================================>]  50.99MB/50.99MB
repository	Migrate and wait for dependencies	2026-09-30T00:28:44.7715621Z  3c661e367453 Extracting [============================================>      ]  100.3MB/112.7MB
repository	Migrate and wait for dependencies	2026-09-30T00:28:44.7844188Z  1e155d6744e4 Pull complete 
repository	Migrate and wait for dependencies	2026-09-30T00:28:44.7864440Z  e1db8b9e6f1c Extracting [==================================================>]     657B/657B
repository	Migrate and wait for dependencies	2026-09-30T00:28:44.7866975Z  e1db8b9e6f1c Extracting [==================================================>]     657B/657B
repository	Migrate and wait for dependencies	2026-09-30T00:28:44.7987752Z  e1db8b9e6f1c Pull complete 
repository	Migrate and wait for dependencies	2026-09-30T00:28:44.8004256Z  fde357b1187c Extracting [==================================================>]  4.023kB/4.023kB
repository	Migrate and wait for dependencies	2026-09-30T00:28:44.8100069Z  fde357b1187c Pull complete 
repository	Migrate and wait for dependencies	2026-09-30T00:28:44.8113077Z  71af9fb8ff89 Extracting [==================================================>]  1.596kB/1.596kB
repository	Migrate and wait for dependencies	2026-09-30T00:28:44.8118033Z  71af9fb8ff89 Extracting [==================================================>]  1.596kB/1.596kB
repository	Migrate and wait for dependencies	2026-09-30T00:28:44.8208980Z  71af9fb8ff89 Pull complete 
repository	Migrate and wait for dependencies	2026-09-30T00:28:44.8229307Z  4ce6fa7d0795 Extracting [==================================================>]     100B/100B
repository	Migrate and wait for dependencies	2026-09-30T00:28:44.8230581Z  4ce6fa7d0795 Extracting [==================================================>]     100B/100B
repository	Migrate and wait for dependencies	2026-09-30T00:28:44.8305815Z  4ce6fa7d0795 Pull complete 
repository	Migrate and wait for dependencies	2026-09-30T00:28:44.8320434Z  f9de78a4ea69 Extracting [==================================================>]     714B/714B
repository	Migrate and wait for dependencies	2026-09-30T00:28:44.8321551Z  f9de78a4ea69 Extracting [==================================================>]     714B/714B
repository	Migrate and wait for dependencies	2026-09-30T00:28:44.8441621Z  f9de78a4ea69 Pull complete 
repository	Migrate and wait for dependencies	2026-09-30T00:28:44.8487606Z  039e6f9f9752 Extracting [==========================================>        ]  23.89MB/28.23MB
repository	Migrate and wait for dependencies	2026-09-30T00:28:44.8519974Z  prometheus Pulled 
repository	Migrate and wait for dependencies	2026-09-30T00:28:44.8753430Z  3c661e367453 Extracting [=============================================>     ]  103.6MB/112.7MB
repository	Migrate and wait for dependencies	2026-09-30T00:28:44.9779272Z  3c661e367453 Extracting [=================================================> ]  110.9MB/112.7MB
repository	Migrate and wait for dependencies	2026-09-30T00:28:44.9881203Z  3c661e367453 Extracting [==================================================>]  112.7MB/112.7MB
repository	Migrate and wait for dependencies	2026-09-30T00:28:45.0055525Z  039e6f9f9752 Extracting [===============================================>   ]  26.84MB/28.23MB
repository	Migrate and wait for dependencies	2026-09-30T00:28:45.0229415Z  3c661e367453 Pull complete 
repository	Migrate and wait for dependencies	2026-09-30T00:28:45.0240768Z  84e0d013005a Extracting [==================================================>]     831B/831B
repository	Migrate and wait for dependencies	2026-09-30T00:28:45.0242514Z  84e0d013005a Extracting [==================================================>]     831B/831B
repository	Migrate and wait for dependencies	2026-09-30T00:28:45.0321684Z  84e0d013005a Pull complete 
repository	Migrate and wait for dependencies	2026-09-30T00:28:45.0375406Z  otel-collector Pulled 
repository	Migrate and wait for dependencies	2026-09-30T00:28:45.2926532Z  039e6f9f9752 Extracting [================================================>  ]  27.43MB/28.23MB
repository	Migrate and wait for dependencies	2026-09-30T00:28:45.4068765Z  039e6f9f9752 Extracting [==================================================>]  28.23MB/28.23MB
repository	Migrate and wait for dependencies	2026-09-30T00:28:45.4287006Z  039e6f9f9752 Pull complete 
repository	Migrate and wait for dependencies	2026-09-30T00:28:45.4294916Z  32a162df1425 Extracting [==================================================>]   1.17kB/1.17kB
repository	Migrate and wait for dependencies	2026-09-30T00:28:45.4300267Z  32a162df1425 Extracting [==================================================>]   1.17kB/1.17kB
repository	Migrate and wait for dependencies	2026-09-30T00:28:45.4380522Z  32a162df1425 Pull complete 
repository	Migrate and wait for dependencies	2026-09-30T00:28:45.4400504Z  d100bd361c59 Extracting [>                                                  ]  65.54kB/4.534MB
repository	Migrate and wait for dependencies	2026-09-30T00:28:45.5220608Z  d100bd361c59 Extracting [==================================================>]  4.534MB/4.534MB
repository	Migrate and wait for dependencies	2026-09-30T00:28:45.5645648Z  d100bd361c59 Pull complete 
repository	Migrate and wait for dependencies	2026-09-30T00:28:45.5657228Z  ff16cf9d59a9 Extracting [=>                                                 ]  32.77kB/1.25MB
repository	Migrate and wait for dependencies	2026-09-30T00:28:45.5878776Z  ff16cf9d59a9 Extracting [==================================================>]   1.25MB/1.25MB
repository	Migrate and wait for dependencies	2026-09-30T00:28:45.5994615Z  ff16cf9d59a9 Pull complete 
repository	Migrate and wait for dependencies	2026-09-30T00:28:45.6008068Z  f4b681e14ff8 Extracting [>                                                  ]   98.3kB/8.066MB
repository	Migrate and wait for dependencies	2026-09-30T00:28:45.7112409Z  f4b681e14ff8 Extracting [========================>                          ]  3.932MB/8.066MB
repository	Migrate and wait for dependencies	2026-09-30T00:28:45.8131212Z  f4b681e14ff8 Extracting [======================================>            ]  6.193MB/8.066MB
repository	Migrate and wait for dependencies	2026-09-30T00:28:45.8614610Z  f4b681e14ff8 Extracting [==================================================>]  8.066MB/8.066MB
repository	Migrate and wait for dependencies	2026-09-30T00:28:45.8935804Z  f4b681e14ff8 Pull complete 
repository	Migrate and wait for dependencies	2026-09-30T00:28:45.8945787Z  a8a8272ab698 Extracting [=>                                                 ]  32.77kB/1.196MB
repository	Migrate and wait for dependencies	2026-09-30T00:28:45.9271112Z  a8a8272ab698 Extracting [==================================================>]  1.196MB/1.196MB
repository	Migrate and wait for dependencies	2026-09-30T00:28:45.9333121Z  a8a8272ab698 Extracting [==================================================>]  1.196MB/1.196MB
repository	Migrate and wait for dependencies	2026-09-30T00:28:45.9655993Z  a8a8272ab698 Pull complete 
repository	Migrate and wait for dependencies	2026-09-30T00:28:45.9667627Z  61c973a13167 Extracting [==================================================>]     116B/116B
repository	Migrate and wait for dependencies	2026-09-30T00:28:45.9671215Z  61c973a13167 Extracting [==================================================>]     116B/116B
repository	Migrate and wait for dependencies	2026-09-30T00:28:45.9734348Z  61c973a13167 Pull complete 
repository	Migrate and wait for dependencies	2026-09-30T00:28:45.9745070Z  a372a0a1082a Extracting [==================================================>]  3.144kB/3.144kB
repository	Migrate and wait for dependencies	2026-09-30T00:28:45.9748024Z  a372a0a1082a Extracting [==================================================>]  3.144kB/3.144kB
repository	Migrate and wait for dependencies	2026-09-30T00:28:45.9812563Z  a372a0a1082a Pull complete 
repository	Migrate and wait for dependencies	2026-09-30T00:28:46.0341318Z  e7c73af1eeb3 Extracting [>                                                  ]  557.1kB/111.8MB
repository	Migrate and wait for dependencies	2026-09-30T00:28:46.1509559Z  e7c73af1eeb3 Extracting [===>                                               ]  7.799MB/111.8MB
repository	Migrate and wait for dependencies	2026-09-30T00:28:46.2529996Z  e7c73af1eeb3 Extracting [====>                                              ]  11.14MB/111.8MB
repository	Migrate and wait for dependencies	2026-09-30T00:28:46.3685197Z  e7c73af1eeb3 Extracting [======>                                            ]   15.6MB/111.8MB
repository	Migrate and wait for dependencies	2026-09-30T00:28:46.4698069Z  e7c73af1eeb3 Extracting [=========>                                         ]  20.61MB/111.8MB
repository	Migrate and wait for dependencies	2026-09-30T00:28:46.5700221Z  e7c73af1eeb3 Extracting [============>                                      ]   27.3MB/111.8MB
repository	Migrate and wait for dependencies	2026-09-30T00:28:46.6729261Z  e7c73af1eeb3 Extracting [================>                                  ]  36.77MB/111.8MB
repository	Migrate and wait for dependencies	2026-09-30T00:28:46.7778287Z  e7c73af1eeb3 Extracting [====================>                              ]  46.24MB/111.8MB
repository	Migrate and wait for dependencies	2026-09-30T00:28:46.8916160Z  e7c73af1eeb3 Extracting [========================>                          ]  54.03MB/111.8MB
repository	Migrate and wait for dependencies	2026-09-30T00:28:46.9985020Z  e7c73af1eeb3 Extracting [==========================>                        ]  60.16MB/111.8MB
repository	Migrate and wait for dependencies	2026-09-30T00:28:47.1034890Z  e7c73af1eeb3 Extracting [===============================>                   ]  69.63MB/111.8MB
repository	Migrate and wait for dependencies	2026-09-30T00:28:47.2100496Z  e7c73af1eeb3 Extracting [===================================>               ]  79.66MB/111.8MB
repository	Migrate and wait for dependencies	2026-09-30T00:28:47.3119166Z  e7c73af1eeb3 Extracting [=======================================>           ]  88.01MB/111.8MB
repository	Migrate and wait for dependencies	2026-09-30T00:28:47.4181144Z  e7c73af1eeb3 Extracting [==========================================>        ]   94.7MB/111.8MB
repository	Migrate and wait for dependencies	2026-09-30T00:28:47.5198031Z  e7c73af1eeb3 Extracting [===========================================>       ]  98.04MB/111.8MB
repository	Migrate and wait for dependencies	2026-09-30T00:28:47.6508431Z  e7c73af1eeb3 Extracting [=============================================>     ]  100.8MB/111.8MB
repository	Migrate and wait for dependencies	2026-09-30T00:28:47.7535485Z  e7c73af1eeb3 Extracting [==============================================>    ]  104.7MB/111.8MB
repository	Migrate and wait for dependencies	2026-09-30T00:28:47.8757874Z  e7c73af1eeb3 Extracting [===============================================>   ]    107MB/111.8MB
repository	Migrate and wait for dependencies	2026-09-30T00:28:47.9991807Z  e7c73af1eeb3 Extracting [================================================>  ]  108.6MB/111.8MB
repository	Migrate and wait for dependencies	2026-09-30T00:28:48.2173726Z  e7c73af1eeb3 Extracting [=================================================> ]  110.3MB/111.8MB
repository	Migrate and wait for dependencies	2026-09-30T00:28:48.3353377Z  e7c73af1eeb3 Extracting [==================================================>]  111.8MB/111.8MB
repository	Migrate and wait for dependencies	2026-09-30T00:28:48.9274398Z  e7c73af1eeb3 Pull complete 
repository	Migrate and wait for dependencies	2026-09-30T00:28:48.9283930Z  8654846d99fb Extracting [==================================================>]  10.01kB/10.01kB
repository	Migrate and wait for dependencies	2026-09-30T00:28:48.9288696Z  8654846d99fb Extracting [==================================================>]  10.01kB/10.01kB
repository	Migrate and wait for dependencies	2026-09-30T00:28:48.9399435Z  8654846d99fb Pull complete 
repository	Migrate and wait for dependencies	2026-09-30T00:28:48.9410639Z  03995e31cd48 Extracting [==================================================>]     128B/128B
repository	Migrate and wait for dependencies	2026-09-30T00:28:48.9414698Z  03995e31cd48 Extracting [==================================================>]     128B/128B
repository	Migrate and wait for dependencies	2026-09-30T00:28:48.9480476Z  03995e31cd48 Pull complete 
repository	Migrate and wait for dependencies	2026-09-30T00:28:48.9497501Z  537cf577f508 Extracting [==================================================>]     168B/168B
repository	Migrate and wait for dependencies	2026-09-30T00:28:48.9499436Z  537cf577f508 Extracting [==================================================>]     168B/168B
repository	Migrate and wait for dependencies	2026-09-30T00:28:48.9564403Z  537cf577f508 Pull complete 
repository	Migrate and wait for dependencies	2026-09-30T00:28:48.9574435Z  efb5baa83a6e Extracting [==================================================>]  6.105kB/6.105kB
repository	Migrate and wait for dependencies	2026-09-30T00:28:48.9577288Z  efb5baa83a6e Extracting [==================================================>]  6.105kB/6.105kB
repository	Migrate and wait for dependencies	2026-09-30T00:28:48.9645394Z  efb5baa83a6e Pull complete 
repository	Migrate and wait for dependencies	2026-09-30T00:28:48.9657647Z  5471e06bfc52 Extracting [==================================================>]     184B/184B
repository	Migrate and wait for dependencies	2026-09-30T00:28:48.9658838Z  5471e06bfc52 Extracting [==================================================>]     184B/184B
repository	Migrate and wait for dependencies	2026-09-30T00:28:48.9757530Z  5471e06bfc52 Pull complete 
repository	Migrate and wait for dependencies	2026-09-30T00:28:48.9785811Z  c7449a7c51b4 Extracting [============>                                      ]  32.77kB/129.1kB
repository	Migrate and wait for dependencies	2026-09-30T00:28:48.9794952Z  c7449a7c51b4 Extracting [==================================================>]  129.1kB/129.1kB
repository	Migrate and wait for dependencies	2026-09-30T00:28:49.0304321Z  c7449a7c51b4 Pull complete 
repository	Migrate and wait for dependencies	2026-09-30T00:28:49.0313794Z  8c8ff1de0b18 Extracting [=>                                                 ]  32.77kB/935.1kB
repository	Migrate and wait for dependencies	2026-09-30T00:28:49.0649520Z  8c8ff1de0b18 Extracting [==================================================>]  935.1kB/935.1kB
repository	Migrate and wait for dependencies	2026-09-30T00:28:49.0671102Z  8c8ff1de0b18 Extracting [==================================================>]  935.1kB/935.1kB
repository	Migrate and wait for dependencies	2026-09-30T00:28:49.0967756Z  8c8ff1de0b18 Pull complete 
repository	Migrate and wait for dependencies	2026-09-30T00:28:49.1019974Z  postgres Pulled 
repository	Migrate and wait for dependencies	2026-09-30T00:28:49.1051042Z  Network verity-ci_azaeron-network  Creating
repository	Migrate and wait for dependencies	2026-09-30T00:28:49.1413522Z  Network verity-ci_azaeron-network  Created
repository	Migrate and wait for dependencies	2026-09-30T00:28:49.1497589Z  Volume "verity-ci_jaeger_data"  Creating
repository	Migrate and wait for dependencies	2026-09-30T00:28:49.1512173Z  Volume "verity-ci_jaeger_data"  Created
repository	Migrate and wait for dependencies	2026-09-30T00:28:49.1515747Z  Volume "verity-ci_minio_data"  Creating
repository	Migrate and wait for dependencies	2026-09-30T00:28:49.1524253Z  Volume "verity-ci_minio_data"  Created
repository	Migrate and wait for dependencies	2026-09-30T00:28:49.1527130Z  Volume "verity-ci_prometheus_data"  Creating
repository	Migrate and wait for dependencies	2026-09-30T00:28:49.1534117Z  Volume "verity-ci_prometheus_data"  Created
repository	Migrate and wait for dependencies	2026-09-30T00:28:49.1537117Z  Volume "verity-ci_postgres_data"  Creating
repository	Migrate and wait for dependencies	2026-09-30T00:28:49.1550352Z  Volume "verity-ci_postgres_data"  Created
repository	Migrate and wait for dependencies	2026-09-30T00:28:49.1554061Z  Volume "verity-ci_redis_data"  Creating
repository	Migrate and wait for dependencies	2026-09-30T00:28:49.1567407Z  Volume "verity-ci_redis_data"  Created
repository	Migrate and wait for dependencies	2026-09-30T00:28:49.1572383Z  Container verity-ci-minio-1  Creating
repository	Migrate and wait for dependencies	2026-09-30T00:28:49.1573293Z  Container verity-ci-prometheus-1  Creating
repository	Migrate and wait for dependencies	2026-09-30T00:28:49.1574260Z  Container verity-ci-mailpit-1  Creating
repository	Migrate and wait for dependencies	2026-09-30T00:28:49.1574990Z  Container verity-ci-jaeger-1  Creating
repository	Migrate and wait for dependencies	2026-09-30T00:28:49.1575521Z  Container verity-ci-postgres-1  Creating
repository	Migrate and wait for dependencies	2026-09-30T00:28:49.1576008Z  Container verity-ci-redis-1  Creating
repository	Migrate and wait for dependencies	2026-09-30T00:28:49.1903159Z  Container verity-ci-postgres-1  Created
repository	Migrate and wait for dependencies	2026-09-30T00:28:49.1904456Z  Container verity-ci-migrate-1  Creating
repository	Migrate and wait for dependencies	2026-09-30T00:28:49.1905368Z  Container verity-ci-prometheus-1  Created
repository	Migrate and wait for dependencies	2026-09-30T00:28:49.1908260Z  Container verity-ci-minio-1  Created
repository	Migrate and wait for dependencies	2026-09-30T00:28:49.1910831Z  Container verity-ci-minio-init-1  Creating
repository	Migrate and wait for dependencies	2026-09-30T00:28:49.1916756Z  Container verity-ci-mailpit-1  Created
repository	Migrate and wait for dependencies	2026-09-30T00:28:49.1919387Z  Container verity-ci-redis-1  Created
repository	Migrate and wait for dependencies	2026-09-30T00:28:49.1920290Z  Container verity-ci-celery-beat-1  Creating
repository	Migrate and wait for dependencies	2026-09-30T00:28:49.1923423Z  Container verity-ci-jaeger-1  Created
repository	Migrate and wait for dependencies	2026-09-30T00:28:49.1924100Z  Container verity-ci-otel-collector-1  Creating
repository	Migrate and wait for dependencies	2026-09-30T00:28:49.2075231Z  Container verity-ci-otel-collector-1  Created
repository	Migrate and wait for dependencies	2026-09-30T00:28:49.2079650Z  Container verity-ci-minio-init-1  Created
repository	Migrate and wait for dependencies	2026-09-30T00:28:49.2097469Z  Container verity-ci-celery-beat-1  Created
repository	Migrate and wait for dependencies	2026-09-30T00:28:49.2098201Z  Container verity-ci-migrate-1  Created
repository	Migrate and wait for dependencies	2026-09-30T00:28:49.2098555Z  Container verity-ci-backend-1  Creating
repository	Migrate and wait for dependencies	2026-09-30T00:28:49.2099227Z  Container verity-ci-celery-worker-1  Creating
repository	Migrate and wait for dependencies	2026-09-30T00:28:49.2211434Z  Container verity-ci-celery-worker-1  Created
repository	Migrate and wait for dependencies	2026-09-30T00:28:49.2211994Z  Container verity-ci-backend-1  Created
repository	Migrate and wait for dependencies	2026-09-30T00:28:49.2212348Z  Container verity-ci-frontend-1  Creating
repository	Migrate and wait for dependencies	2026-09-30T00:28:49.2304416Z  Container verity-ci-frontend-1  Created
repository	Migrate and wait for dependencies	2026-09-30T00:28:49.2324898Z  Container verity-ci-jaeger-1  Starting
repository	Migrate and wait for dependencies	2026-09-30T00:28:49.2333927Z  Container verity-ci-mailpit-1  Starting
repository	Migrate and wait for dependencies	2026-09-30T00:28:49.2335978Z  Container verity-ci-redis-1  Starting
repository	Migrate and wait for dependencies	2026-09-30T00:28:49.2337205Z  Container verity-ci-prometheus-1  Starting
repository	Migrate and wait for dependencies	2026-09-30T00:28:49.2337772Z  Container verity-ci-minio-1  Starting
repository	Migrate and wait for dependencies	2026-09-30T00:28:49.2338127Z  Container verity-ci-postgres-1  Starting
repository	Migrate and wait for dependencies	2026-09-30T00:28:49.5957546Z  Container verity-ci-postgres-1  Started
repository	Migrate and wait for dependencies	2026-09-30T00:28:49.5959927Z  Container verity-ci-postgres-1  Waiting
repository	Migrate and wait for dependencies	2026-09-30T00:28:49.5981426Z  Container verity-ci-redis-1  Started
repository	Migrate and wait for dependencies	2026-09-30T00:28:49.5983022Z  Container verity-ci-redis-1  Waiting
repository	Migrate and wait for dependencies	2026-09-30T00:28:49.6390548Z  Container verity-ci-mailpit-1  Started
repository	Migrate and wait for dependencies	2026-09-30T00:28:49.6410656Z  Container verity-ci-jaeger-1  Started
repository	Migrate and wait for dependencies	2026-09-30T00:28:49.6413953Z  Container verity-ci-otel-collector-1  Starting
repository	Migrate and wait for dependencies	2026-09-30T00:28:49.6643010Z  Container verity-ci-prometheus-1  Started
repository	Migrate and wait for dependencies	2026-09-30T00:28:49.6888634Z  Container verity-ci-minio-1  Started
repository	Migrate and wait for dependencies	2026-09-30T00:28:49.6890051Z  Container verity-ci-minio-1  Waiting
repository	Migrate and wait for dependencies	2026-09-30T00:28:49.9262078Z  Container verity-ci-otel-collector-1  Started
repository	Migrate and wait for dependencies	2026-09-30T00:28:55.0974236Z  Container verity-ci-postgres-1  Healthy
repository	Migrate and wait for dependencies	2026-09-30T00:28:55.0974776Z  Container verity-ci-migrate-1  Starting
repository	Migrate and wait for dependencies	2026-09-30T00:28:55.1010749Z  Container verity-ci-redis-1  Healthy
repository	Migrate and wait for dependencies	2026-09-30T00:28:55.1012196Z  Container verity-ci-celery-beat-1  Starting
repository	Migrate and wait for dependencies	2026-09-30T00:28:55.1957311Z  Container verity-ci-minio-1  Healthy
repository	Migrate and wait for dependencies	2026-09-30T00:28:55.1958268Z  Container verity-ci-minio-init-1  Starting
repository	Migrate and wait for dependencies	2026-09-30T00:28:55.2466732Z  Container verity-ci-migrate-1  Started
repository	Migrate and wait for dependencies	2026-09-30T00:28:55.2567961Z  Container verity-ci-celery-beat-1  Started
repository	Migrate and wait for dependencies	2026-09-30T00:28:55.3587030Z  Container verity-ci-minio-init-1  Started
repository	Migrate and wait for dependencies	2026-09-30T00:28:55.3589673Z  Container verity-ci-minio-init-1  Waiting
repository	Migrate and wait for dependencies	2026-09-30T00:28:55.3590863Z  Container verity-ci-postgres-1  Waiting
repository	Migrate and wait for dependencies	2026-09-30T00:28:55.3591904Z  Container verity-ci-redis-1  Waiting
repository	Migrate and wait for dependencies	2026-09-30T00:28:55.3592718Z  Container verity-ci-migrate-1  Waiting
repository	Migrate and wait for dependencies	2026-09-30T00:28:55.3593537Z  Container verity-ci-minio-1  Waiting
repository	Migrate and wait for dependencies	2026-09-30T00:28:55.3594362Z  Container verity-ci-postgres-1  Waiting
repository	Migrate and wait for dependencies	2026-09-30T00:28:55.3595178Z  Container verity-ci-redis-1  Waiting
repository	Migrate and wait for dependencies	2026-09-30T00:28:55.3595970Z  Container verity-ci-migrate-1  Waiting
repository	Migrate and wait for dependencies	2026-09-30T00:28:55.3597068Z  Container verity-ci-minio-init-1  Waiting
repository	Migrate and wait for dependencies	2026-09-30T00:28:55.8629805Z  Container verity-ci-redis-1  Healthy
repository	Migrate and wait for dependencies	2026-09-30T00:28:55.8638400Z  Container verity-ci-postgres-1  Healthy
repository	Migrate and wait for dependencies	2026-09-30T00:28:55.8643871Z  Container verity-ci-postgres-1  Healthy
repository	Migrate and wait for dependencies	2026-09-30T00:28:55.8644836Z  Container verity-ci-redis-1  Healthy
repository	Migrate and wait for dependencies	2026-09-30T00:28:55.8648163Z  Container verity-ci-minio-1  Healthy
repository	Migrate and wait for dependencies	2026-09-30T00:28:56.3634034Z  Container verity-ci-minio-init-1  Exited
repository	Migrate and wait for dependencies	2026-09-30T00:28:56.3642850Z  Container verity-ci-minio-init-1  Exited
repository	Migrate and wait for dependencies	2026-09-30T00:28:58.8608684Z  Container verity-ci-migrate-1  Exited
repository	Migrate and wait for dependencies	2026-09-30T00:28:58.8611037Z  Container verity-ci-backend-1  Starting
repository	Migrate and wait for dependencies	2026-09-30T00:28:58.8611483Z  Container verity-ci-migrate-1  Exited
repository	Migrate and wait for dependencies	2026-09-30T00:28:58.8611945Z  Container verity-ci-celery-worker-1  Starting
repository	Migrate and wait for dependencies	2026-09-30T00:28:59.0068269Z  Container verity-ci-celery-worker-1  Started
repository	Migrate and wait for dependencies	2026-09-30T00:28:59.0352354Z  Container verity-ci-backend-1  Started
repository	Migrate and wait for dependencies	2026-09-30T00:28:59.0353140Z  Container verity-ci-backend-1  Waiting
repository	Migrate and wait for dependencies	2026-09-30T00:29:09.5363993Z  Container verity-ci-backend-1  Healthy
repository	Migrate and wait for dependencies	2026-09-30T00:29:09.5364801Z  Container verity-ci-frontend-1  Starting
repository	Migrate and wait for dependencies	2026-09-30T00:29:09.6733492Z  Container verity-ci-frontend-1  Started
repository	Migrate and wait for dependencies	2026-09-30T00:29:09.6734262Z  Container verity-ci-celery-worker-1  Waiting
repository	Migrate and wait for dependencies	2026-09-30T00:29:09.6734667Z  Container verity-ci-postgres-1  Waiting
repository	Migrate and wait for dependencies	2026-09-30T00:29:09.6735324Z  Container verity-ci-minio-1  Waiting
repository	Migrate and wait for dependencies	2026-09-30T00:29:09.6736040Z  Container verity-ci-prometheus-1  Waiting
repository	Migrate and wait for dependencies	2026-09-30T00:29:09.6737662Z  Container verity-ci-otel-collector-1  Waiting
repository	Migrate and wait for dependencies	2026-09-30T00:29:09.6738068Z  Container verity-ci-backend-1  Waiting
repository	Migrate and wait for dependencies	2026-09-30T00:29:09.6738402Z  Container verity-ci-minio-init-1  Waiting
repository	Migrate and wait for dependencies	2026-09-30T00:29:09.6738756Z  Container verity-ci-migrate-1  Waiting
repository	Migrate and wait for dependencies	2026-09-30T00:29:09.6739078Z  Container verity-ci-redis-1  Waiting
repository	Migrate and wait for dependencies	2026-09-30T00:29:09.6739390Z  Container verity-ci-jaeger-1  Waiting
repository	Migrate and wait for dependencies	2026-09-30T00:29:09.6739718Z  Container verity-ci-celery-beat-1  Waiting
repository	Migrate and wait for dependencies	2026-09-30T00:29:09.6740041Z  Container verity-ci-mailpit-1  Waiting
repository	Migrate and wait for dependencies	2026-09-30T00:29:09.6740350Z  Container verity-ci-frontend-1  Waiting
repository	Migrate and wait for dependencies	2026-09-30T00:29:10.1763539Z  Container verity-ci-otel-collector-1  Healthy
repository	Migrate and wait for dependencies	2026-09-30T00:29:10.1764609Z  Container verity-ci-mailpit-1  Healthy
repository	Migrate and wait for dependencies	2026-09-30T00:29:10.1765940Z  Container verity-ci-minio-init-1  Exited
repository	Migrate and wait for dependencies	2026-09-30T00:29:10.1767148Z  Container verity-ci-minio-1  Healthy
repository	Migrate and wait for dependencies	2026-09-30T00:29:10.1771904Z  Container verity-ci-redis-1  Healthy
repository	Migrate and wait for dependencies	2026-09-30T00:29:10.1773429Z  Container verity-ci-prometheus-1  Healthy
repository	Migrate and wait for dependencies	2026-09-30T00:29:10.1789458Z  Container verity-ci-migrate-1  Exited
repository	Migrate and wait for dependencies	2026-09-30T00:29:10.1799893Z  Container verity-ci-celery-beat-1  Healthy
repository	Migrate and wait for dependencies	2026-09-30T00:29:10.1800871Z  Container verity-ci-jaeger-1  Healthy
repository	Migrate and wait for dependencies	2026-09-30T00:29:10.1801819Z  Container verity-ci-backend-1  Healthy
repository	Migrate and wait for dependencies	2026-09-30T00:29:10.1802187Z  Container verity-ci-celery-worker-1  Healthy
repository	Migrate and wait for dependencies	2026-09-30T00:29:10.1802542Z  Container verity-ci-postgres-1  Healthy
repository	Migrate and wait for dependencies	2026-09-30T00:29:20.1750421Z  Container verity-ci-frontend-1  Healthy
repository	Execute repository gate including live browser and PostgreSQL tests	﻿2026-09-30T00:29:20.1833952Z ##[group]Run python scripts/verity_gate.py --compose /tmp/verity-ci.json --browser-url http://localhost:4700 --output docs/verity/evidence/ci
repository	Execute repository gate including live browser and PostgreSQL tests	2026-09-30T00:29:20.1835003Z ^[[36;1mpython scripts/verity_gate.py --compose /tmp/verity-ci.json --browser-url http://localhost:4700 --output docs/verity/evidence/ci^[[0m
repository	Execute repository gate including live browser and PostgreSQL tests	2026-09-30T00:29:20.1900795Z shell: /usr/bin/bash -e {0}
repository	Execute repository gate including live browser and PostgreSQL tests	2026-09-30T00:29:20.1901153Z env:
repository	Execute repository gate including live browser and PostgreSQL tests	2026-09-30T00:29:20.1902181Z   pythonLocation: /opt/hostedtoolcache/Python/3.12.14/x64
repository	Execute repository gate including live browser and PostgreSQL tests	2026-09-30T00:29:20.1902646Z   PKG_CONFIG_PATH: /opt/hostedtoolcache/Python/3.12.14/x64/lib/pkgconfig
repository	Execute repository gate including live browser and PostgreSQL tests	2026-09-30T00:29:20.1903170Z   Python_ROOT_DIR: /opt/hostedtoolcache/Python/3.12.14/x64
repository	Execute repository gate including live browser and PostgreSQL tests	2026-09-30T00:29:20.1903547Z   Python2_ROOT_DIR: /opt/hostedtoolcache/Python/3.12.14/x64
repository	Execute repository gate including live browser and PostgreSQL tests	2026-09-30T00:29:20.1903931Z   Python3_ROOT_DIR: /opt/hostedtoolcache/Python/3.12.14/x64
repository	Execute repository gate including live browser and PostgreSQL tests	2026-09-30T00:29:20.1904329Z   LD_LIBRARY_PATH: /opt/hostedtoolcache/Python/3.12.14/x64/lib
repository	Execute repository gate including live browser and PostgreSQL tests	2026-09-30T00:29:20.1904653Z ##[endgroup]
repository	Execute repository gate including live browser and PostgreSQL tests	2026-09-30T00:29:21.0598847Z backend-lint: PASS (0.57s)
repository	Execute repository gate including live browser and PostgreSQL tests	2026-09-30T00:29:29.0891001Z backend-format: PASS (8.6s)
repository	Execute repository gate including live browser and PostgreSQL tests	2026-09-30T00:29:43.7967662Z postgres-rls: PASS (14.71s)
repository	Execute repository gate including live browser and PostgreSQL tests	2026-09-30T00:29:58.8025368Z frontend-lint: PASS (15.01s)
repository	Execute repository gate including live browser and PostgreSQL tests	2026-09-30T00:29:58.9680425Z compose: PASS (0.17s)
repository	Execute repository gate including live browser and PostgreSQL tests	2026-09-30T00:30:12.2247896Z backend-typecheck: PASS (51.73s)
repository	Execute repository gate including live browser and PostgreSQL tests	2026-09-30T00:31:41.5515658Z unit-security-worker-contract: PASS (140.49s)
repository	Execute repository gate including live browser and PostgreSQL tests	2026-09-30T00:31:57.1109096Z frontend-build: PASS (15.56s)
repository	Execute repository gate including live browser and PostgreSQL tests	2026-09-30T00:32:02.4614451Z frontend-typecheck: PASS (5.35s)
repository	Execute repository gate including live browser and PostgreSQL tests	2026-09-30T00:37:26.6162041Z browser: PASS (324.15s)
repository	Install security scanners	﻿2026-09-30T00:37:26.6852227Z ##[group]Run python -m pip install pip-audit==2.10.1 bandit==1.9.4 detect-secrets==1.5.0
repository	Install security scanners	2026-09-30T00:37:26.6853312Z ^[[36;1mpython -m pip install pip-audit==2.10.1 bandit==1.9.4 detect-secrets==1.5.0^[[0m
repository	Install security scanners	2026-09-30T00:37:26.6935444Z shell: /usr/bin/bash -e {0}
repository	Install security scanners	2026-09-30T00:37:26.6935715Z env:
repository	Install security scanners	2026-09-30T00:37:26.6935990Z   pythonLocation: /opt/hostedtoolcache/Python/3.12.14/x64
repository	Install security scanners	2026-09-30T00:37:26.6936768Z   PKG_CONFIG_PATH: /opt/hostedtoolcache/Python/3.12.14/x64/lib/pkgconfig
repository	Install security scanners	2026-09-30T00:37:26.6937318Z   Python_ROOT_DIR: /opt/hostedtoolcache/Python/3.12.14/x64
repository	Install security scanners	2026-09-30T00:37:26.6938050Z   Python2_ROOT_DIR: /opt/hostedtoolcache/Python/3.12.14/x64
repository	Install security scanners	2026-09-30T00:37:26.6938795Z   Python3_ROOT_DIR: /opt/hostedtoolcache/Python/3.12.14/x64
repository	Install security scanners	2026-09-30T00:37:26.6939529Z   LD_LIBRARY_PATH: /opt/hostedtoolcache/Python/3.12.14/x64/lib
repository	Install security scanners	2026-09-30T00:37:26.6940171Z ##[endgroup]
repository	Install security scanners	2026-09-30T00:37:27.5769012Z Collecting pip-audit==2.10.1
repository	Install security scanners	2026-09-30T00:37:27.6484182Z   Downloading pip_audit-2.10.1-py3-none-any.whl.metadata (28 kB)
repository	Install security scanners	2026-09-30T00:37:27.6833823Z Collecting bandit==1.9.4
repository	Install security scanners	2026-09-30T00:37:27.6944285Z   Downloading bandit-1.9.4-py3-none-any.whl.metadata (7.1 kB)
repository	Install security scanners	2026-09-30T00:37:27.7184359Z Collecting detect-secrets==1.5.0
repository	Install security scanners	2026-09-30T00:37:27.7297739Z   Downloading detect_secrets-1.5.0-py3-none-any.whl.metadata (23 kB)
repository	Install security scanners	2026-09-30T00:37:27.7549825Z Collecting CacheControl>=0.13.0 (from CacheControl[filecache]>=0.13.0->pip-audit==2.10.1)
repository	Install security scanners	2026-09-30T00:37:27.7715276Z   Downloading cachecontrol-0.14.4-py3-none-any.whl.metadata (3.1 kB)
repository	Install security scanners	2026-09-30T00:37:27.8146422Z Collecting cyclonedx-python-lib<12,>=5 (from pip-audit==2.10.1)
repository	Install security scanners	2026-09-30T00:37:27.8258089Z   Downloading cyclonedx_python_lib-11.12.0-py3-none-any.whl.metadata (6.9 kB)
repository	Install security scanners	2026-09-30T00:37:27.8484094Z Collecting packaging>=23.0.0 (from pip-audit==2.10.1)
repository	Install security scanners	2026-09-30T00:37:27.8603243Z   Downloading packaging-26.3-py3-none-any.whl.metadata (3.5 kB)
repository	Install security scanners	2026-09-30T00:37:27.8793416Z Collecting pip-api>=0.0.28 (from pip-audit==2.10.1)
repository	Install security scanners	2026-09-30T00:37:27.8908616Z   Downloading pip_api-0.0.35-py3-none-any.whl.metadata (17 kB)
repository	Install security scanners	2026-09-30T00:37:27.9105112Z Collecting pip-requirements-parser>=32.0.0 (from pip-audit==2.10.1)
repository	Install security scanners	2026-09-30T00:37:27.9232050Z   Downloading pip_requirements_parser-32.0.1-py3-none-any.whl.metadata (9.3 kB)
repository	Install security scanners	2026-09-30T00:37:27.9515434Z Collecting requests>=2.31.0 (from pip-audit==2.10.1)
repository	Install security scanners	2026-09-30T00:37:27.9631087Z   Downloading requests-2.34.2-py3-none-any.whl.metadata (4.8 kB)
repository	Install security scanners	2026-09-30T00:37:28.0017258Z Collecting rich>=12.4 (from pip-audit==2.10.1)
repository	Install security scanners	2026-09-30T00:37:28.0130262Z   Downloading rich-15.0.0-py3-none-any.whl.metadata (18 kB)
repository	Install security scanners	2026-09-30T00:37:28.0596559Z Collecting tomli>=2.2.1 (from pip-audit==2.10.1)
repository	Install security scanners	2026-09-30T00:37:28.0708838Z   Downloading tomli-2.4.1-cp312-cp312-manylinux2014_x86_64.manylinux_2_17_x86_64.manylinux_2_28_x86_64.whl.metadata (10 kB)
repository	Install security scanners	2026-09-30T00:37:28.0892955Z Collecting tomli-w>=1.2.0 (from pip-audit==2.10.1)
repository	Install security scanners	2026-09-30T00:37:28.1018365Z   Downloading tomli_w-1.2.0-py3-none-any.whl.metadata (5.7 kB)
repository	Install security scanners	2026-09-30T00:37:28.1266217Z Collecting platformdirs>=4.2.0 (from pip-audit==2.10.1)
repository	Install security scanners	2026-09-30T00:37:28.1379990Z   Downloading platformdirs-4.12.2-py3-none-any.whl.metadata (5.5 kB)
repository	Install security scanners	2026-09-30T00:37:28.1821388Z Collecting PyYAML>=5.3.1 (from bandit==1.9.4)
repository	Install security scanners	2026-09-30T00:37:28.1934271Z   Downloading pyyaml-6.0.3-cp312-cp312-manylinux2014_x86_64.manylinux_2_17_x86_64.manylinux_2_28_x86_64.whl.metadata (2.4 kB)
repository	Install security scanners	2026-09-30T00:37:28.2189360Z Collecting stevedore>=1.20.0 (from bandit==1.9.4)
repository	Install security scanners	2026-09-30T00:37:28.2299522Z   Downloading stevedore-5.9.1-py3-none-any.whl.metadata (2.3 kB)
repository	Install security scanners	2026-09-30T00:37:28.2512335Z Collecting license-expression<31,>=30 (from cyclonedx-python-lib<12,>=5->pip-audit==2.10.1)
repository	Install security scanners	2026-09-30T00:37:28.2621227Z   Downloading license_expression-30.4.4-py3-none-any.whl.metadata (11 kB)
repository	Install security scanners	2026-09-30T00:37:28.2860524Z Collecting packageurl-python<2,>=0.11 (from cyclonedx-python-lib<12,>=5->pip-audit==2.10.1)
repository	Install security scanners	2026-09-30T00:37:28.2980107Z   Downloading packageurl_python-0.17.6-py3-none-any.whl.metadata (5.1 kB)
repository	Install security scanners	2026-09-30T00:37:28.3203586Z Collecting py-serializable<3.0.0,>=2.1.0 (from cyclonedx-python-lib<12,>=5->pip-audit==2.10.1)
repository	Install security scanners	2026-09-30T00:37:28.3321997Z   Downloading py_serializable-2.1.0-py3-none-any.whl.metadata (4.3 kB)
repository	Install security scanners	2026-09-30T00:37:28.3512457Z Collecting sortedcontainers<3.0.0,>=2.4.0 (from cyclonedx-python-lib<12,>=5->pip-audit==2.10.1)
repository	Install security scanners	2026-09-30T00:37:28.3623626Z   Downloading sortedcontainers-2.4.0-py2.py3-none-any.whl.metadata (10 kB)
repository	Install security scanners	2026-09-30T00:37:28.3850864Z Collecting typing_extensions<5.0,>=4.6 (from cyclonedx-python-lib<12,>=5->pip-audit==2.10.1)
repository	Install security scanners	2026-09-30T00:37:28.3964918Z   Downloading typing_extensions-4.16.0-py3-none-any.whl.metadata (3.3 kB)
repository	Install security scanners	2026-09-30T00:37:28.4170564Z Collecting boolean.py>=4.0 (from license-expression<31,>=30->cyclonedx-python-lib<12,>=5->pip-audit==2.10.1)
repository	Install security scanners	2026-09-30T00:37:28.4299482Z   Downloading boolean_py-5.0-py3-none-any.whl.metadata (2.3 kB)
repository	Install security scanners	2026-09-30T00:37:28.4505600Z Collecting defusedxml<0.8.0,>=0.7.1 (from py-serializable<3.0.0,>=2.1.0->cyclonedx-python-lib<12,>=5->pip-audit==2.10.1)
repository	Install security scanners	2026-09-30T00:37:28.4617834Z   Downloading defusedxml-0.7.1-py2.py3-none-any.whl.metadata (32 kB)
repository	Install security scanners	2026-09-30T00:37:28.5621582Z Collecting msgpack<2.0.0,>=0.5.2 (from CacheControl>=0.13.0->CacheControl[filecache]>=0.13.0->pip-audit==2.10.1)
repository	Install security scanners	2026-09-30T00:37:28.5738579Z   Downloading msgpack-1.2.3-cp312-cp312-manylinux2014_x86_64.manylinux_2_17_x86_64.manylinux_2_28_x86_64.whl.metadata (8.3 kB)
repository	Install security scanners	2026-09-30T00:37:28.6106078Z Collecting filelock>=3.8.0 (from CacheControl[filecache]>=0.13.0->pip-audit==2.10.1)
repository	Install security scanners	2026-09-30T00:37:28.6225562Z   Downloading filelock-4.0.7-py3-none-any.whl.metadata (2.0 kB)
repository	Install security scanners	2026-09-30T00:37:28.6281621Z Requirement already satisfied: pip in /opt/hostedtoolcache/Python/3.12.14/x64/lib/python3.12/site-packages (from pip-api>=0.0.28->pip-audit==2.10.1) (26.2.1)
repository	Install security scanners	2026-09-30T00:37:28.6620463Z Collecting pyparsing (from pip-requirements-parser>=32.0.0->pip-audit==2.10.1)
repository	Install security scanners	2026-09-30T00:37:28.6740949Z   Downloading pyparsing-3.3.3-py3-none-any.whl.metadata (5.9 kB)
repository	Install security scanners	2026-09-30T00:37:28.7963228Z Collecting charset_normalizer<4,>=2 (from requests>=2.31.0->pip-audit==2.10.1)
repository	Install security scanners	2026-09-30T00:37:28.8077341Z   Downloading charset_normalizer-3.5.1-cp312-cp312-manylinux2014_x86_64.manylinux_2_17_x86_64.manylinux_2_28_x86_64.whl.metadata (45 kB)
repository	Install security scanners	2026-09-30T00:37:28.8330082Z Collecting idna<4,>=2.5 (from requests>=2.31.0->pip-audit==2.10.1)
repository	Install security scanners	2026-09-30T00:37:28.8440355Z   Downloading idna-3.20-py3-none-any.whl.metadata (7.2 kB)
repository	Install security scanners	2026-09-30T00:37:28.8713723Z Collecting urllib3<3,>=1.26 (from requests>=2.31.0->pip-audit==2.10.1)
repository	Install security scanners	2026-09-30T00:37:28.8826753Z   Downloading urllib3-2.8.0-py3-none-any.whl.metadata (7.4 kB)
repository	Install security scanners	2026-09-30T00:37:28.9066896Z Collecting certifi>=2023.5.7 (from requests>=2.31.0->pip-audit==2.10.1)
repository	Install security scanners	2026-09-30T00:37:28.9178712Z   Downloading certifi-2026.7.22-py3-none-any.whl.metadata (2.5 kB)
repository	Install security scanners	2026-09-30T00:37:28.9408338Z Collecting markdown-it-py>=2.2.0 (from rich>=12.4->pip-audit==2.10.1)
repository	Install security scanners	2026-09-30T00:37:28.9536707Z   Downloading markdown_it_py-4.2.0-py3-none-any.whl.metadata (7.4 kB)
repository	Install security scanners	2026-09-30T00:37:28.9804384Z Collecting pygments<3.0.0,>=2.13.0 (from rich>=12.4->pip-audit==2.10.1)
repository	Install security scanners	2026-09-30T00:37:28.9916681Z   Downloading pygments-2.21.0-py3-none-any.whl.metadata (2.5 kB)
repository	Install security scanners	2026-09-30T00:37:29.0098833Z Collecting mdurl~=0.1 (from markdown-it-py>=2.2.0->rich>=12.4->pip-audit==2.10.1)
repository	Install security scanners	2026-09-30T00:37:29.0212153Z   Downloading mdurl-0.1.2-py3-none-any.whl.metadata (1.6 kB)
repository	Install security scanners	2026-09-30T00:37:29.0390241Z Downloading pip_audit-2.10.1-py3-none-any.whl (62 kB)
repository	Install security scanners	2026-09-30T00:37:29.0543065Z Downloading bandit-1.9.4-py3-none-any.whl (134 kB)
repository	Install security scanners	2026-09-30T00:37:29.0762188Z Downloading detect_secrets-1.5.0-py3-none-any.whl (120 kB)
repository	Install security scanners	2026-09-30T00:37:29.0923582Z Downloading cyclonedx_python_lib-11.12.0-py3-none-any.whl (529 kB)
repository	Install security scanners	2026-09-30T00:37:29.1167630Z    ━━━━━━━━━━━━━━━━━━━━━━━━━━━━━━━━━━━━━━━━ 529.5/529.5 kB 22.0 MB/s  0:00:00
repository	Install security scanners	2026-09-30T00:37:29.1296170Z Downloading license_expression-30.4.4-py3-none-any.whl (120 kB)
repository	Install security scanners	2026-09-30T00:37:29.1423658Z Downloading packageurl_python-0.17.6-py3-none-any.whl (36 kB)
repository	Install security scanners	2026-09-30T00:37:29.1553471Z Downloading py_serializable-2.1.0-py3-none-any.whl (23 kB)
repository	Install security scanners	2026-09-30T00:37:29.1697035Z Downloading defusedxml-0.7.1-py2.py3-none-any.whl (25 kB)
repository	Install security scanners	2026-09-30T00:37:29.1841224Z Downloading sortedcontainers-2.4.0-py2.py3-none-any.whl (29 kB)
repository	Install security scanners	2026-09-30T00:37:29.1983541Z Downloading typing_extensions-4.16.0-py3-none-any.whl (45 kB)
repository	Install security scanners	2026-09-30T00:37:29.2114087Z Downloading boolean_py-5.0-py3-none-any.whl (26 kB)
repository	Install security scanners	2026-09-30T00:37:29.2245053Z Downloading cachecontrol-0.14.4-py3-none-any.whl (22 kB)
repository	Install security scanners	2026-09-30T00:37:29.2380345Z Downloading msgpack-1.2.3-cp312-cp312-manylinux2014_x86_64.manylinux_2_17_x86_64.manylinux_2_28_x86_64.whl (472 kB)
repository	Install security scanners	2026-09-30T00:37:29.2571062Z Downloading filelock-4.0.7-py3-none-any.whl (109 kB)
repository	Install security scanners	2026-09-30T00:37:29.2708624Z Downloading packaging-26.3-py3-none-any.whl (129 kB)
repository	Install security scanners	2026-09-30T00:37:29.2843828Z Downloading pip_api-0.0.35-py3-none-any.whl (123 kB)
repository	Install security scanners	2026-09-30T00:37:29.2982587Z Downloading pip_requirements_parser-32.0.1-py3-none-any.whl (35 kB)
repository	Install security scanners	2026-09-30T00:37:29.3106330Z Downloading platformdirs-4.12.2-py3-none-any.whl (32 kB)
repository	Install security scanners	2026-09-30T00:37:29.3233964Z Downloading pyyaml-6.0.3-cp312-cp312-manylinux2014_x86_64.manylinux_2_17_x86_64.manylinux_2_28_x86_64.whl (807 kB)
repository	Install security scanners	2026-09-30T00:37:29.3301963Z    ━━━━━━━━━━━━━━━━━━━━━━━━━━━━━━━━━━━━━━━━ 807.9/807.9 kB 134.9 MB/s  0:00:00
repository	Install security scanners	2026-09-30T00:37:29.3416466Z Downloading requests-2.34.2-py3-none-any.whl (73 kB)
repository	Install security scanners	2026-09-30T00:37:29.3550085Z Downloading charset_normalizer-3.5.1-cp312-cp312-manylinux2014_x86_64.manylinux_2_17_x86_64.manylinux_2_28_x86_64.whl (248 kB)
repository	Install security scanners	2026-09-30T00:37:29.3696737Z Downloading idna-3.20-py3-none-any.whl (69 kB)
repository	Install security scanners	2026-09-30T00:37:29.3828171Z Downloading urllib3-2.8.0-py3-none-any.whl (135 kB)
repository	Install security scanners	2026-09-30T00:37:29.3976126Z Downloading certifi-2026.7.22-py3-none-any.whl (136 kB)
repository	Install security scanners	2026-09-30T00:37:29.4124111Z Downloading rich-15.0.0-py3-none-any.whl (310 kB)
repository	Install security scanners	2026-09-30T00:37:29.4270738Z Downloading pygments-2.21.0-py3-none-any.whl (1.3 MB)
repository	Install security scanners	2026-09-30T00:37:29.4344130Z    ━━━━━━━━━━━━━━━━━━━━━━━━━━━━━━━━━━━━━━━━ 1.3/1.3 MB 244.1 MB/s  0:00:00
repository	Install security scanners	2026-09-30T00:37:29.4454664Z Downloading markdown_it_py-4.2.0-py3-none-any.whl (91 kB)
repository	Install security scanners	2026-09-30T00:37:29.4587217Z Downloading mdurl-0.1.2-py3-none-any.whl (10.0 kB)
repository	Install security scanners	2026-09-30T00:37:29.4714251Z Downloading stevedore-5.9.1-py3-none-any.whl (54 kB)
repository	Install security scanners	2026-09-30T00:37:29.4855697Z Downloading tomli-2.4.1-cp312-cp312-manylinux2014_x86_64.manylinux_2_17_x86_64.manylinux_2_28_x86_64.whl (253 kB)
repository	Install security scanners	2026-09-30T00:37:29.5000351Z Downloading tomli_w-1.2.0-py3-none-any.whl (6.7 kB)
repository	Install security scanners	2026-09-30T00:37:29.5131419Z Downloading pyparsing-3.3.3-py3-none-any.whl (126 kB)
repository	Install security scanners	2026-09-30T00:37:29.6814606Z Installing collected packages: sortedcontainers, boolean.py, urllib3, typing_extensions, tomli-w, tomli, stevedore, PyYAML, pyparsing, pygments, platformdirs, pip-api, packaging, packageurl-python, msgpack, mdurl, license-expression, idna, filelock, defusedxml, charset_normalizer, certifi, requests, py-serializable, pip-requirements-parser, markdown-it-py, rich, detect-secrets, cyclonedx-python-lib, CacheControl, bandit, pip-audit
repository	Install security scanners	2026-09-30T00:37:31.9035353Z 
repository	Install security scanners	2026-09-30T00:37:31.9068449Z Successfully installed CacheControl-0.14.4 PyYAML-6.0.3 bandit-1.9.4 boolean.py-5.0 certifi-2026.7.22 charset_normalizer-3.5.1 cyclonedx-python-lib-11.12.0 defusedxml-0.7.1 detect-secrets-1.5.0 filelock-4.0.7 idna-3.20 license-expression-30.4.4 markdown-it-py-4.2.0 mdurl-0.1.2 msgpack-1.2.3 packageurl-python-0.17.6 packaging-26.3 pip-api-0.0.35 pip-audit-2.10.1 pip-requirements-parser-32.0.1 platformdirs-4.12.2 py-serializable-2.1.0 pygments-2.21.0 pyparsing-3.3.3 requests-2.34.2 rich-15.0.0 sortedcontainers-2.4.0 stevedore-5.9.1 tomli-2.4.1 tomli-w-1.2.0 typing_extensions-4.16.0 urllib3-2.8.0
repository	Dependency audits	﻿2026-09-30T00:37:31.9855620Z ##[group]Run python -m pip_audit -r backend/requirements-dev.lock --no-deps --disable-pip
repository	Dependency audits	2026-09-30T00:37:31.9857068Z ^[[36;1mpython -m pip_audit -r backend/requirements-dev.lock --no-deps --disable-pip^[[0m
repository	Dependency audits	2026-09-30T00:37:31.9858141Z ^[[36;1mnpm audit --prefix frontend^[[0m
repository	Dependency audits	2026-09-30T00:37:31.9934796Z shell: /usr/bin/bash -e {0}
repository	Dependency audits	2026-09-30T00:37:31.9935252Z env:
repository	Dependency audits	2026-09-30T00:37:31.9935731Z   pythonLocation: /opt/hostedtoolcache/Python/3.12.14/x64
repository	Dependency audits	2026-09-30T00:37:31.9936875Z   PKG_CONFIG_PATH: /opt/hostedtoolcache/Python/3.12.14/x64/lib/pkgconfig
repository	Dependency audits	2026-09-30T00:37:31.9937628Z   Python_ROOT_DIR: /opt/hostedtoolcache/Python/3.12.14/x64
repository	Dependency audits	2026-09-30T00:37:31.9938060Z   Python2_ROOT_DIR: /opt/hostedtoolcache/Python/3.12.14/x64
repository	Dependency audits	2026-09-30T00:37:31.9938451Z   Python3_ROOT_DIR: /opt/hostedtoolcache/Python/3.12.14/x64
repository	Dependency audits	2026-09-30T00:37:31.9938858Z   LD_LIBRARY_PATH: /opt/hostedtoolcache/Python/3.12.14/x64/lib
repository	Dependency audits	2026-09-30T00:37:31.9939196Z ##[endgroup]
repository	Dependency audits	2026-09-30T00:37:32.6857744Z WARNING:pip_audit._cli:--no-deps is supported, but users are encouraged to fully hash their pinned dependencies
repository	Dependency audits	2026-09-30T00:37:32.6859667Z WARNING:pip_audit._cli:Consider using a tool like `pip-compile`: https://pip-tools.readthedocs.io/en/latest/#using-hashes
repository	Dependency audits	2026-09-30T00:37:36.6632214Z No known vulnerabilities found
repository	Dependency audits	2026-09-30T00:37:37.1097539Z found 0 vulnerabilities
repository	SAST and source secret gate	﻿2026-09-30T00:37:37.1212098Z ##[group]Run python -m bandit -r backend/app
repository	SAST and source secret gate	2026-09-30T00:37:37.1212496Z ^[[36;1mpython -m bandit -r backend/app^[[0m
repository	SAST and source secret gate	2026-09-30T00:37:37.1212816Z ^[[36;1mpython scripts/verity_secret_gate.py^[[0m
repository	SAST and source secret gate	2026-09-30T00:37:37.1277337Z shell: /usr/bin/bash -e {0}
repository	SAST and source secret gate	2026-09-30T00:37:37.1277601Z env:
repository	SAST and source secret gate	2026-09-30T00:37:37.1277869Z   pythonLocation: /opt/hostedtoolcache/Python/3.12.14/x64
repository	SAST and source secret gate	2026-09-30T00:37:37.1278308Z   PKG_CONFIG_PATH: /opt/hostedtoolcache/Python/3.12.14/x64/lib/pkgconfig
repository	SAST and source secret gate	2026-09-30T00:37:37.1278743Z   Python_ROOT_DIR: /opt/hostedtoolcache/Python/3.12.14/x64
repository	SAST and source secret gate	2026-09-30T00:37:37.1279143Z   Python2_ROOT_DIR: /opt/hostedtoolcache/Python/3.12.14/x64
repository	SAST and source secret gate	2026-09-30T00:37:37.1279536Z   Python3_ROOT_DIR: /opt/hostedtoolcache/Python/3.12.14/x64
repository	SAST and source secret gate	2026-09-30T00:37:37.1279922Z   LD_LIBRARY_PATH: /opt/hostedtoolcache/Python/3.12.14/x64/lib
repository	SAST and source secret gate	2026-09-30T00:37:37.1280253Z ##[endgroup]
repository	SAST and source secret gate	2026-09-30T00:37:37.2845576Z [main]	INFO	profile include tests: None
repository	SAST and source secret gate	2026-09-30T00:37:37.2846206Z [main]	INFO	profile exclude tests: None
repository	SAST and source secret gate	2026-09-30T00:37:37.2847098Z [main]	INFO	cli include tests: None
repository	SAST and source secret gate	2026-09-30T00:37:37.2847607Z [main]	INFO	cli exclude tests: None
repository	SAST and source secret gate	2026-09-30T00:37:37.2848311Z [main]	INFO	running on Python 3.12.14
repository	SAST and source secret gate	2026-09-30T00:37:38.1252694Z [tester]	WARNING	nosec encountered (B105), but no failed test on file backend/app/modules/auth/service.py:145
repository	SAST and source secret gate	2026-09-30T00:37:38.1254062Z [tester]	WARNING	nosec encountered (B105), but no failed test on file backend/app/modules/auth/service.py:146
repository	SAST and source secret gate	2026-09-30T00:37:38.1255416Z [tester]	WARNING	nosec encountered (B105), but no failed test on file backend/app/modules/auth/service.py:149
repository	SAST and source secret gate	2026-09-30T00:37:38.1256820Z [tester]	WARNING	nosec encountered (B105), but no failed test on file backend/app/modules/auth/service.py:148
repository	SAST and source secret gate	2026-09-30T00:37:38.9191793Z [tester]	WARNING	nosec encountered (B104), but no failed test on file backend/app/modules/inference/deployment.py:34
repository	SAST and source secret gate	2026-09-30T00:37:38.9193647Z [tester]	WARNING	nosec encountered (B104), but no failed test on file backend/app/modules/inference/deployment.py:35
repository	SAST and source secret gate	2026-09-30T00:37:38.9195383Z [tester]	WARNING	nosec encountered (B104), but no failed test on file backend/app/modules/inference/deployment.py:36
repository	SAST and source secret gate	2026-09-30T00:37:38.9197333Z [tester]	WARNING	nosec encountered (B104), but no failed test on file backend/app/modules/inference/deployment.py:38
repository	SAST and source secret gate	2026-09-30T00:37:38.9199051Z [tester]	WARNING	nosec encountered (B104), but no failed test on file backend/app/modules/inference/deployment.py:41
repository	SAST and source secret gate	2026-09-30T00:37:38.9200772Z [tester]	WARNING	nosec encountered (B104), but no failed test on file backend/app/modules/inference/deployment.py:42
repository	SAST and source secret gate	2026-09-30T00:37:38.9202494Z [tester]	WARNING	nosec encountered (B104), but no failed test on file backend/app/modules/inference/deployment.py:43
repository	SAST and source secret gate	2026-09-30T00:37:38.9204193Z [tester]	WARNING	nosec encountered (B104), but no failed test on file backend/app/modules/inference/deployment.py:45
repository	SAST and source secret gate	2026-09-30T00:37:38.9206603Z [tester]	WARNING	nosec encountered (B104), but no failed test on file backend/app/modules/inference/deployment.py:46
repository	SAST and source secret gate	2026-09-30T00:37:38.9208326Z [tester]	WARNING	nosec encountered (B104), but no failed test on file backend/app/modules/inference/deployment.py:47
repository	SAST and source secret gate	2026-09-30T00:37:38.9210017Z [tester]	WARNING	nosec encountered (B104), but no failed test on file backend/app/modules/inference/deployment.py:48
repository	SAST and source secret gate	2026-09-30T00:37:38.9211669Z [tester]	WARNING	nosec encountered (B104), but no failed test on file backend/app/modules/inference/deployment.py:49
repository	SAST and source secret gate	2026-09-30T00:37:38.9213336Z [tester]	WARNING	nosec encountered (B104), but no failed test on file backend/app/modules/inference/deployment.py:50
repository	SAST and source secret gate	2026-09-30T00:37:38.9215000Z [tester]	WARNING	nosec encountered (B104), but no failed test on file backend/app/modules/inference/deployment.py:51
repository	SAST and source secret gate	2026-09-30T00:37:38.9216863Z [tester]	WARNING	nosec encountered (B104), but no failed test on file backend/app/modules/inference/deployment.py:52
repository	SAST and source secret gate	2026-09-30T00:37:38.9218534Z [tester]	WARNING	nosec encountered (B104), but no failed test on file backend/app/modules/inference/deployment.py:53
repository	SAST and source secret gate	2026-09-30T00:37:38.9220608Z [tester]	WARNING	nosec encountered (B104), but no failed test on file backend/app/modules/inference/deployment.py:54
repository	SAST and source secret gate	2026-09-30T00:37:38.9222282Z [tester]	WARNING	nosec encountered (B104), but no failed test on file backend/app/modules/inference/deployment.py:55
repository	SAST and source secret gate	2026-09-30T00:37:38.9223927Z [tester]	WARNING	nosec encountered (B104), but no failed test on file backend/app/modules/inference/deployment.py:56
repository	SAST and source secret gate	2026-09-30T00:37:38.9225585Z [tester]	WARNING	nosec encountered (B104), but no failed test on file backend/app/modules/inference/deployment.py:57
repository	SAST and source secret gate	2026-09-30T00:37:38.9227452Z [tester]	WARNING	nosec encountered (B104), but no failed test on file backend/app/modules/inference/deployment.py:58
repository	SAST and source secret gate	2026-09-30T00:37:38.9229093Z [tester]	WARNING	nosec encountered (B104), but no failed test on file backend/app/modules/inference/deployment.py:59
repository	SAST and source secret gate	2026-09-30T00:37:38.9230745Z [tester]	WARNING	nosec encountered (B104), but no failed test on file backend/app/modules/inference/deployment.py:60
repository	SAST and source secret gate	2026-09-30T00:37:39.3657335Z [tester]	WARNING	nosec encountered (B105), but no failed test on file backend/app/modules/similarity/retrieval.py:125
repository	SAST and source secret gate	2026-09-30T00:37:39.3659160Z [tester]	WARNING	nosec encountered (B105), but no failed test on file backend/app/modules/similarity/retrieval.py:126
repository	SAST and source secret gate	2026-09-30T00:37:39.3660888Z [tester]	WARNING	nosec encountered (B105), but no failed test on file backend/app/modules/similarity/retrieval.py:127
repository	SAST and source secret gate	2026-09-30T00:37:39.3662569Z [tester]	WARNING	nosec encountered (B105), but no failed test on file backend/app/modules/similarity/retrieval.py:124
repository	SAST and source secret gate	2026-09-30T00:37:39.3664248Z [tester]	WARNING	nosec encountered (B105), but no failed test on file backend/app/modules/similarity/retrieval.py:125
repository	SAST and source secret gate	2026-09-30T00:37:39.3665904Z [tester]	WARNING	nosec encountered (B105), but no failed test on file backend/app/modules/similarity/retrieval.py:126
repository	SAST and source secret gate	2026-09-30T00:37:39.3667850Z [tester]	WARNING	nosec encountered (B105), but no failed test on file backend/app/modules/similarity/retrieval.py:127
repository	SAST and source secret gate	2026-09-30T00:37:39.5681498Z Working... ━━━━━━━━━━━━━━━━━━━━━━━━━━━━━━━━━━━━━━━━ 100% 0:00:02
repository	SAST and source secret gate	2026-09-30T00:37:39.5688913Z Run started:2026-09-30 00:37:39.568741+00:00
repository	SAST and source secret gate	2026-09-30T00:37:39.5689229Z 
repository	SAST and source secret gate	2026-09-30T00:37:39.5689343Z Test results:
repository	SAST and source secret gate	2026-09-30T00:37:39.5689610Z 	No issues identified.
repository	SAST and source secret gate	2026-09-30T00:37:39.5689774Z 
repository	SAST and source secret gate	2026-09-30T00:37:39.5689877Z Code scanned:
repository	SAST and source secret gate	2026-09-30T00:37:39.5690127Z 	Total lines of code: 24568
repository	SAST and source secret gate	2026-09-30T00:37:39.5690451Z 	Total lines skipped (#nosec): 0
repository	SAST and source secret gate	2026-09-30T00:37:39.5691027Z 	Total potential issues skipped due to specifically being disabled (e.g., #nosec BXXX): 5
repository	SAST and source secret gate	2026-09-30T00:37:39.5691468Z 
repository	SAST and source secret gate	2026-09-30T00:37:39.5691569Z Run metrics:
repository	SAST and source secret gate	2026-09-30T00:37:39.5691817Z 	Total issues (by severity):
repository	SAST and source secret gate	2026-09-30T00:37:39.5692098Z 		Undefined: 0
repository	SAST and source secret gate	2026-09-30T00:37:39.5692323Z 		Low: 0
repository	SAST and source secret gate	2026-09-30T00:37:39.5692533Z 		Medium: 0
repository	SAST and source secret gate	2026-09-30T00:37:39.5693055Z 		High: 0
repository	SAST and source secret gate	2026-09-30T00:37:39.5693330Z 	Total issues (by confidence):
repository	SAST and source secret gate	2026-09-30T00:37:39.5693620Z 		Undefined: 0
repository	SAST and source secret gate	2026-09-30T00:37:39.5693857Z 		Low: 0
repository	SAST and source secret gate	2026-09-30T00:37:39.5694068Z 		Medium: 0
repository	SAST and source secret gate	2026-09-30T00:37:39.5694282Z 		High: 0
repository	SAST and source secret gate	2026-09-30T00:37:39.5694524Z Files skipped (0):
repository	SAST and source secret gate	2026-09-30T00:37:50.8874033Z Secret gate: 0 unreviewed findings; 48 exact reviewed fingerprints
repository	Export frontend SBOM	﻿2026-09-30T00:37:50.8959607Z ##[group]Run npm --prefix frontend sbom --sbom-format cyclonedx > docs/verity/evidence/ci/frontend.cdx.json
repository	Export frontend SBOM	2026-09-30T00:37:50.8960490Z ^[[36;1mnpm --prefix frontend sbom --sbom-format cyclonedx > docs/verity/evidence/ci/frontend.cdx.json^[[0m
repository	Export frontend SBOM	2026-09-30T00:37:50.9023927Z shell: /usr/bin/bash -e {0}
repository	Export frontend SBOM	2026-09-30T00:37:50.9024180Z env:
repository	Export frontend SBOM	2026-09-30T00:37:50.9024450Z   pythonLocation: /opt/hostedtoolcache/Python/3.12.14/x64
repository	Export frontend SBOM	2026-09-30T00:37:50.9024900Z   PKG_CONFIG_PATH: /opt/hostedtoolcache/Python/3.12.14/x64/lib/pkgconfig
repository	Export frontend SBOM	2026-09-30T00:37:50.9025340Z   Python_ROOT_DIR: /opt/hostedtoolcache/Python/3.12.14/x64
repository	Export frontend SBOM	2026-09-30T00:37:50.9025738Z   Python2_ROOT_DIR: /opt/hostedtoolcache/Python/3.12.14/x64
repository	Export frontend SBOM	2026-09-30T00:37:50.9026115Z   Python3_ROOT_DIR: /opt/hostedtoolcache/Python/3.12.14/x64
repository	Export frontend SBOM	2026-09-30T00:37:50.9026766Z   LD_LIBRARY_PATH: /opt/hostedtoolcache/Python/3.12.14/x64/lib
repository	Export frontend SBOM	2026-09-30T00:37:50.9027108Z ##[endgroup]
repository	Reclaim build cache before image scans	﻿2026-09-30T00:37:51.6538206Z ##[group]Run df -h / /tmp
repository	Reclaim build cache before image scans	2026-09-30T00:37:51.6538716Z ^[[36;1mdf -h / /tmp^[[0m
repository	Reclaim build cache before image scans	2026-09-30T00:37:51.6539102Z ^[[36;1mdocker system df^[[0m
repository	Reclaim build cache before image scans	2026-09-30T00:37:51.6539559Z ^[[36;1mdocker builder prune --all --force^[[0m
repository	Reclaim build cache before image scans	2026-09-30T00:37:51.6540062Z ^[[36;1mdf -h / /tmp^[[0m
repository	Reclaim build cache before image scans	2026-09-30T00:37:51.6540471Z ^[[36;1mdocker system df^[[0m
repository	Reclaim build cache before image scans	2026-09-30T00:37:51.6633841Z shell: /usr/bin/bash -e {0}
repository	Reclaim build cache before image scans	2026-09-30T00:37:51.6634275Z env:
repository	Reclaim build cache before image scans	2026-09-30T00:37:51.6634739Z   pythonLocation: /opt/hostedtoolcache/Python/3.12.14/x64
repository	Reclaim build cache before image scans	2026-09-30T00:37:51.6635539Z   PKG_CONFIG_PATH: /opt/hostedtoolcache/Python/3.12.14/x64/lib/pkgconfig
repository	Reclaim build cache before image scans	2026-09-30T00:37:51.6636319Z   Python_ROOT_DIR: /opt/hostedtoolcache/Python/3.12.14/x64
repository	Reclaim build cache before image scans	2026-09-30T00:37:51.6637381Z   Python2_ROOT_DIR: /opt/hostedtoolcache/Python/3.12.14/x64
repository	Reclaim build cache before image scans	2026-09-30T00:37:51.6638094Z   Python3_ROOT_DIR: /opt/hostedtoolcache/Python/3.12.14/x64
repository	Reclaim build cache before image scans	2026-09-30T00:37:51.6638792Z   LD_LIBRARY_PATH: /opt/hostedtoolcache/Python/3.12.14/x64/lib
repository	Reclaim build cache before image scans	2026-09-30T00:37:51.6639388Z ##[endgroup]
repository	Reclaim build cache before image scans	2026-09-30T00:37:51.6751670Z Filesystem      Size  Used Avail Use% Mounted on
repository	Reclaim build cache before image scans	2026-09-30T00:37:51.6752334Z /dev/root       145G   70G   76G  48% /
repository	Reclaim build cache before image scans	2026-09-30T00:37:51.6752687Z /dev/root       145G   70G   76G  48% /
repository	Reclaim build cache before image scans	2026-09-30T00:38:01.5916775Z TYPE            TOTAL     ACTIVE    SIZE      RECLAIMABLE
repository	Reclaim build cache before image scans	2026-09-30T00:38:01.5917694Z Images          18        10        5.699GB   3.734GB (65%)
repository	Reclaim build cache before image scans	2026-09-30T00:38:01.5918374Z Containers      13        11        528.8kB   1.481kB (0%)
repository	Reclaim build cache before image scans	2026-09-30T00:38:01.5918888Z Local Volumes   5         5         2.359GB   0B (0%)
repository	Reclaim build cache before image scans	2026-09-30T00:38:01.5919353Z Build Cache     112       0         4.467GB   4.467GB
repository	Reclaim build cache before image scans	2026-09-30T00:38:01.6959623Z ID						RECLAIMABLE	SIZE		LAST ACCESSED
repository	Reclaim build cache before image scans	2026-09-30T00:38:01.6960359Z di82cb8ht01jmebhmgqof48cz*              	true 		444B      	11 minutes ago
repository	Reclaim build cache before image scans	2026-09-30T00:38:01.6969388Z ufb2yq905j2s8uyril70koipx               	true 	34.52kB   	10 minutes ago
repository	Reclaim build cache before image scans	2026-09-30T00:38:01.6992483Z xfrztey3qev1lwvegrpmdpg34*              	true 	1.994kB   	10 minutes ago
repository	Reclaim build cache before image scans	2026-09-30T00:38:01.7013915Z uxylkj24kd7g3opw56pxnod0i*              	true 	0B        	9 minutes ago
repository	Reclaim build cache before image scans	2026-09-30T00:38:01.7037900Z ivpq8tspankwyo3x2ocq47l0z*              	true 	700B      	12 minutes ago
repository	Reclaim build cache before image scans	2026-09-30T00:38:01.7065406Z r5rt7nj6e0pod2boeog3tzo5a*              	true 	564.2kB   	10 minutes ago
repository	Reclaim build cache before image scans	2026-09-30T00:38:03.0371383Z q6h06wsdaamap53ek1bfdp1br*              	true 	435.9MB   	10 minutes ago
repository	Reclaim build cache before image scans	2026-09-30T00:38:03.0397273Z xgxu8ny96fv1pbxwz8ll45mql               	true 	0B        	12 minutes ago
repository	Reclaim build cache before image scans	2026-09-30T00:38:03.0407910Z b0f9w73gmlr0bz3eye4brxpzv               	true 	7.367MB   	11 minutes ago
repository	Reclaim build cache before image scans	2026-09-30T00:38:03.0687532Z v1llqu4w4dzk05erdbhnxrrux*              	true 	2.061MB   	10 minutes ago
repository	Reclaim build cache before image scans	2026-09-30T00:38:03.7162739Z m3fmawusia5jjwo6wnes8p12c*              	true 	1.058GB   	8 seconds ago
repository	Reclaim build cache before image scans	2026-09-30T00:38:03.7191355Z dsw9175211sgguzmcgr52yz54*              	true 	24.23MB   	9 minutes ago
repository	Reclaim build cache before image scans	2026-09-30T00:38:03.7217747Z hrtcioj9j7d79pkho73f6qntv*              	true 	1.028kB   	10 minutes ago
repository	Reclaim build cache before image scans	2026-09-30T00:38:07.4668521Z a2j8anvxgnmptdj4m6xitwiko*              	true 	1.215GB   	7 seconds ago
repository	Reclaim build cache before image scans	2026-09-30T00:38:08.3991066Z vecs9bevkwc9g0w3ibr6oavbg*              	true 	322.1MB   	11 minutes ago
repository	Reclaim build cache before image scans	2026-09-30T00:38:08.4057880Z wx4fgosrgcia9y51tfjr4vt67*              	true 	31.39MB   	10 minutes ago
repository	Reclaim build cache before image scans	2026-09-30T00:38:08.4080622Z v2mq9j9md9m3cr669ym4jfbuy*              	true 	0B        	12 minutes ago
repository	Reclaim build cache before image scans	2026-09-30T00:38:08.4088773Z kvvf599g10foasg7b0fcgl0vt               	true 	563B      	11 minutes ago
repository	Reclaim build cache before image scans	2026-09-30T00:38:08.4096820Z v62xtjcpcgcwal0w8xemv6jx5               	true 	31.32MB   	10 minutes ago
repository	Reclaim build cache before image scans	2026-09-30T00:38:08.4120311Z tzfdfg2vviu9i7bw0ovc6bk3a*              	true 	606B      	12 minutes ago
repository	Reclaim build cache before image scans	2026-09-30T00:38:08.4963797Z ot6dv57oo768khilax328jnjr               	true 	3.943MB   	10 minutes ago
repository	Reclaim build cache before image scans	2026-09-30T00:38:08.5123525Z v7fmsdad03p2mhjwg70fr5wcm               	true 	0B        	12 minutes ago
repository	Reclaim build cache before image scans	2026-09-30T00:38:08.5146605Z 9sni9clb2p4ibp16fcyts3nzb*              	true 	0B        	11 minutes ago
repository	Reclaim build cache before image scans	2026-09-30T00:38:08.5155475Z kdwy6vkjhigbiftdu3k70vypq               	true 	48.04kB   	11 minutes ago
repository	Reclaim build cache before image scans	2026-09-30T00:38:08.5267086Z f7l6t9y8hh66wiakg5rfyqd8h*              	true 	685.7kB   	10 minutes ago
repository	Reclaim build cache before image scans	2026-09-30T00:38:08.5275746Z ijrwj33ym6jb5smlt5i7s1n31               	true 	2.061MB   	10 minutes ago
repository	Reclaim build cache before image scans	2026-09-30T00:38:08.5284160Z 8qvacq7p2z551k5588oklx4f7               	true 	700B      	12 minutes ago
repository	Reclaim build cache before image scans	2026-09-30T00:38:08.5293196Z vyi9cz6dzeooydp213hxkist2               	true 	0B        	11 minutes ago
repository	Reclaim build cache before image scans	2026-09-30T00:38:08.5305294Z ip7rwwl32okvbb8jikix920jd               	true 	0B        	10 minutes ago
repository	Reclaim build cache before image scans	2026-09-30T00:38:08.5479817Z swqc0ytiiceg26rbwghlvoady*              	true 	1.432MB   	10 minutes ago
repository	Reclaim build cache before image scans	2026-09-30T00:38:08.5523467Z z5nliq679xmpw5sr2wjrh6wr4               	true 	3.615kB   	10 minutes ago
repository	Reclaim build cache before image scans	2026-09-30T00:38:08.5547525Z 6y7x8latvu509wxsdzxhy8wpc*              	true 	56B       	10 minutes ago
repository	Reclaim build cache before image scans	2026-09-30T00:38:08.5699598Z mdy545089abj46izsljy2zsm3*              	true 	112.5MB   	9 minutes ago
repository	Reclaim build cache before image scans	2026-09-30T00:38:08.5709881Z uh2waw90s6wf73mo34kjdv90c               	true 	367B      	9 minutes ago
repository	Reclaim build cache before image scans	2026-09-30T00:38:08.5735108Z 9zavynzqk8uhh6q294x5e57kq*              	true 	2.857kB   	9 minutes ago
repository	Reclaim build cache before image scans	2026-09-30T00:38:08.5759134Z dew56a0fmz3hoxwajbo42uf0s*              	true 	65B       	10 minutes ago
repository	Reclaim build cache before image scans	2026-09-30T00:38:08.7860443Z a50yud26qc7zk5g2f9cv8ex3z*              	true 	115.5MB   	10 minutes ago
repository	Reclaim build cache before image scans	2026-09-30T00:38:08.7880246Z vf5x7kha8xn2du34d9nmxsuug               	true 	3.615kB   	11 minutes ago
repository	Reclaim build cache before image scans	2026-09-30T00:38:08.7888150Z 8s4i38689ykxs5jsj6cjf44qs               	true 	213.1kB   	11 minutes ago
repository	Reclaim build cache before image scans	2026-09-30T00:38:08.7900879Z jw3yr2wxxh62qrwz6y45fh0ch               	true 	110MB     	12 minutes ago
repository	Reclaim build cache before image scans	2026-09-30T00:38:08.7944127Z adpvkyn79rgqu40bqo4xpoxzd               	true 	0B        	10 minutes ago
repository	Reclaim build cache before image scans	2026-09-30T00:38:08.7954726Z abso0wzhwsoov1rd66t5f165l               	true 	34.52kB   	9 minutes ago
repository	Reclaim build cache before image scans	2026-09-30T00:38:08.9023701Z r8ycoiklwr2xnqrlnt12w6gp3               	true 	24.42MB   	11 minutes ago
repository	Reclaim build cache before image scans	2026-09-30T00:38:08.9033717Z r8wrlr1hrvj3vc3p29gpa3v51               	true 	1000kB    	11 minutes ago
repository	Reclaim build cache before image scans	2026-09-30T00:38:08.9042477Z lpoq4qjy5aapgd2f9gn95h5v0               	true 	435.9MB   	10 minutes ago
repository	Reclaim build cache before image scans	2026-09-30T00:38:08.9399598Z eda48u11sesz5nhup4rflp34y               	true 	3.08MB    	10 minutes ago
repository	Reclaim build cache before image scans	2026-09-30T00:38:08.9866525Z klup4492aoxktdbt5mayfc0a4               	true 	2.588MB   	9 minutes ago
repository	Reclaim build cache before image scans	2026-09-30T00:38:08.9874779Z tida436iwzzri3bbwsquf8ypu               	true 	0B        	12 minutes ago
repository	Reclaim build cache before image scans	2026-09-30T00:38:08.9888983Z 22u76rbudkkz533jzouzw2xff               	true 	1.064MB   	10 minutes ago
repository	Reclaim build cache before image scans	2026-09-30T00:38:08.9915715Z 00d0pgrw3rql0ef0hr4frhvjn               	true 	0B        	12 minutes ago
repository	Reclaim build cache before image scans	2026-09-30T00:38:09.0039165Z pb1jsjulp0ds0jbrgx7vakapd               	true 	428.9kB   	10 minutes ago
repository	Reclaim build cache before image scans	2026-09-30T00:38:09.1280377Z tssxos785t3pbh4f0xuonepxh               	true 	37.96MB   	9 minutes ago
repository	Reclaim build cache before image scans	2026-09-30T00:38:09.1289848Z ycvzydv87d0zhes3tcbce3nxu               	true 	0B        	12 minutes ago
repository	Reclaim build cache before image scans	2026-09-30T00:38:09.1301010Z cb1dg0mmhsgfckb81g39p0tvk               	true 	112.4MB   	9 minutes ago
repository	Reclaim build cache before image scans	2026-09-30T00:38:09.1313497Z pl9w46yt3rqd7kpnabxytg5w2               	true 	0B        	12 minutes ago
repository	Reclaim build cache before image scans	2026-09-30T00:38:09.2418258Z 974iclhhjc9py6i6uo0sbpezx               	true 	24.42MB   	10 minutes ago
repository	Reclaim build cache before image scans	2026-09-30T00:38:09.2426863Z 90hazsha68v0d1zwk79jfnhac               	true 	322.1MB   	11 minutes ago
repository	Reclaim build cache before image scans	2026-09-30T00:38:09.2434108Z twm1516pivqb4txkd6df9gc5p               	true 	437.1kB   	10 minutes ago
repository	Reclaim build cache before image scans	2026-09-30T00:38:09.2448464Z fnpzb7unkwz2y1gpyny1yfmsy               	true 	48.28MB   	10 minutes ago
repository	Reclaim build cache before image scans	2026-09-30T00:38:09.2469608Z cjry5dgnrbnnupgnke8ef3isp               	true 	564.2kB   	10 minutes ago
repository	Reclaim build cache before image scans	2026-09-30T00:38:09.2503098Z u8ya6gijpdzm7a33gvq3p3ngd               	true 	0B        	10 minutes ago
repository	Reclaim build cache before image scans	2026-09-30T00:38:12.1720560Z j8cshebchu13fn9u4zsgnywwh               	true 	615.7MB   	10 minutes ago
repository	Reclaim build cache before image scans	2026-09-30T00:38:12.6204290Z dhggjxbaqke7jrkygo0fl9aj2               	true 	112.1MB   	10 minutes ago
repository	Reclaim build cache before image scans	2026-09-30T00:38:12.6235045Z vql8m8blb9qvrjjsbde7k8xv6               	true 	0B        	12 minutes ago
repository	Reclaim build cache before image scans	2026-09-30T00:38:12.6244236Z pklci7ncxa70sluvq9d69qwf9               	true 	437.1kB   	9 minutes ago
repository	Reclaim build cache before image scans	2026-09-30T00:38:12.6280534Z hhvl01lv5cku5za7coo7yq7h7               	true 	24.23MB   	9 minutes ago
repository	Reclaim build cache before image scans	2026-09-30T00:38:12.6294320Z qc2fhv41xvyg8rs4ucopo68n5               	true 	0B        	10 minutes ago
repository	Reclaim build cache before image scans	2026-09-30T00:38:12.6303115Z s0h1x008xrtwaqhysw0v5nh56               	true 	0B        	12 minutes ago
repository	Reclaim build cache before image scans	2026-09-30T00:38:12.6334126Z 4he4o7qc2nbcev17wuyki1g61               	true 	0B        	9 minutes ago
repository	Reclaim build cache before image scans	2026-09-30T00:38:12.6351787Z vfntdgpu3w1wpd529gotut6i2               	true 	0B        	9 minutes ago
repository	Reclaim build cache before image scans	2026-09-30T00:38:12.6370633Z 1x8vmah3goovg9jtqc4t0o841               	true 	182.9kB   	10 minutes ago
repository	Reclaim build cache before image scans	2026-09-30T00:38:12.6381797Z ievsfdcvw9ozy2cstf97bh7ak               	true 	0B        	10 minutes ago
repository	Reclaim build cache before image scans	2026-09-30T00:38:12.6392063Z 3pgwf5y9xjxayn3mjk6xbyei5               	true 	0B        	12 minutes ago
repository	Reclaim build cache before image scans	2026-09-30T00:38:12.6416687Z vlaj3qm7d5bzpxbzl5md29unx               	true 	256.9kB   	10 minutes ago
repository	Reclaim build cache before image scans	2026-09-30T00:38:13.4810480Z rdae8itykyxu65wi8nkouce1v               	true 	296.2MB   	10 minutes ago
repository	Reclaim build cache before image scans	2026-09-30T00:38:13.4814900Z qunw0ajsal599nhzf5igc1dsy               	true 	0B        	12 minutes ago
repository	Reclaim build cache before image scans	2026-09-30T00:38:13.4839420Z bfd88i74su5ay2p27mbbfq8mf               	true 	0B        	9 minutes ago
repository	Reclaim build cache before image scans	2026-09-30T00:38:13.4849183Z qy9j3kq5sfdpztkew2c8qr8tm               	true 	0B        	12 minutes ago
repository	Reclaim build cache before image scans	2026-09-30T00:38:13.4859928Z 22pntb3c419tgw2kvv5si0ejk               	true 	0B        	10 minutes ago
repository	Reclaim build cache before image scans	2026-09-30T00:38:13.4884441Z szj02eutm0wq11dkph5ta7fyd               	true 	0B        	10 minutes ago
repository	Reclaim build cache before image scans	2026-09-30T00:38:13.4907939Z su3rcnuybpwkrx4qwt9angiu1               	true 	0B        	12 minutes ago
repository	Reclaim build cache before image scans	2026-09-30T00:38:13.4925781Z pxieju1tahqseb2q23yspqtz7               	true 	166.4kB   	10 minutes ago
repository	Reclaim build cache before image scans	2026-09-30T00:38:13.4933547Z r458bihz7wsdv6mctnd0jeilo               	true 	0B        	12 minutes ago
repository	Reclaim build cache before image scans	2026-09-30T00:38:13.4942613Z xicj479vtqi66eyhd0xz5ohs2               	true 	0B        	12 minutes ago
repository	Reclaim build cache before image scans	2026-09-30T00:38:13.4966137Z smaeqh0cmi6na6q4iqrphyv68               	true 	0B        	12 minutes ago
repository	Reclaim build cache before image scans	2026-09-30T00:38:13.4976139Z 2bh5ehox9qst5l1w5da7rosrc               	true 	0B        	12 minutes ago
repository	Reclaim build cache before image scans	2026-09-30T00:38:13.4992909Z hb5j2oxy7ppp564w9bc775aue               	true 	0B        	10 minutes ago
repository	Reclaim build cache before image scans	2026-09-30T00:38:14.8314149Z 2ci9qh33x8bnxefmejkewm8bl               	true 	0B        	12 minutes ago
repository	Reclaim build cache before image scans	2026-09-30T00:38:14.8322807Z u0lmel5bufnyi9irwmau3c01g               	true 	0B        	12 minutes ago
repository	Reclaim build cache before image scans	2026-09-30T00:38:14.8537266Z yy3on3q2y1oewe7xbpks6l6lp               	true 	0B        	12 minutes ago
repository	Reclaim build cache before image scans	2026-09-30T00:38:14.8546747Z vgntzfvhmz6ly2ib9cxgexc4d               	true 	0B        	12 minutes ago
repository	Reclaim build cache before image scans	2026-09-30T00:38:14.8556045Z saoa877qxsvgu9jkfz2hezfm0               	true 	0B        	12 minutes ago
repository	Reclaim build cache before image scans	2026-09-30T00:38:14.8580486Z 6hnbsgncg3as67f9lco0qvpz3               	true 	0B        	10 minutes ago
repository	Reclaim build cache before image scans	2026-09-30T00:38:14.8591102Z s2u6m7nj8wb4nlihn3ims60b1               	true 	0B        	12 minutes ago
repository	Reclaim build cache before image scans	2026-09-30T00:38:14.8616552Z 7u714uorz1yx00yjn4jtoatlc               	true 	0B        	12 minutes ago
repository	Reclaim build cache before image scans	2026-09-30T00:38:14.8625212Z zz62cfwpdk6m2rqv2njqdat48               	true 	0B        	12 minutes ago
repository	Reclaim build cache before image scans	2026-09-30T00:38:14.8635204Z rx76855c5pjr4wq381p5eilwn               	true 	0B        	12 minutes ago
repository	Reclaim build cache before image scans	2026-09-30T00:38:14.9999184Z kgnnworw7mcuub4zlabxvjsuo               	true 	0B        	12 minutes ago
repository	Reclaim build cache before image scans	2026-09-30T00:38:15.0301614Z x5agb9xr5i5jjrfbrpngdb2jt               	true 	0B        	12 minutes ago
repository	Reclaim build cache before image scans	2026-09-30T00:38:15.0318604Z u306ady3gqkbcosijfy2ur6nr               	true 	0B        	12 minutes ago
repository	Reclaim build cache before image scans	2026-09-30T00:38:15.0330361Z vjknmpti23t6y61rojf3wzdrf               	true 	0B        	12 minutes ago
repository	Reclaim build cache before image scans	2026-09-30T00:38:15.2985355Z 432n2cak0t993o0cyx8h1f44h               	true 	0B        	12 minutes ago
repository	Reclaim build cache before image scans	2026-09-30T00:38:15.2997598Z rknsxma1vncgf6cs9ofg17vzd               	true 	0B        	12 minutes ago
repository	Reclaim build cache before image scans	2026-09-30T00:38:15.3010399Z p6oz3eknjz9s5j9n0c8ssru9q               	true 	0B        	12 minutes ago
repository	Reclaim build cache before image scans	2026-09-30T00:38:15.3023503Z nar5hvhtgyy4iefhe810gxxnh               	true 	0B        	12 minutes ago
repository	Reclaim build cache before image scans	2026-09-30T00:38:15.3035780Z 3hcyw5oxu9r047ape0kv7zyay               	true 	0B        	12 minutes ago
repository	Reclaim build cache before image scans	2026-09-30T00:38:15.3048415Z wv8gbwemyl0jzokgfxcvdikgw               	true 	0B        	12 minutes ago
repository	Reclaim build cache before image scans	2026-09-30T00:38:15.3057517Z e66f4n8x2tkqapqud7ojmuev2               	true 	0B        	12 minutes ago
repository	Reclaim build cache before image scans	2026-09-30T00:38:15.3068824Z lwpmeydt85xi48uxm9gxu9ovs               	true 	0B        	12 minutes ago
repository	Reclaim build cache before image scans	2026-09-30T00:38:15.3080334Z ptjbdp3bkcc511pjzz5ozx3lk               	true 	0B        	12 minutes ago
repository	Reclaim build cache before image scans	2026-09-30T00:38:15.3091451Z ixxr7afvvg80vp1z20r2v2s87               	true 	0B        	12 minutes ago
repository	Reclaim build cache before image scans	2026-09-30T00:38:15.3101681Z ubf89v72k8iqg0b1anqqyhz3v               	true 	0B        	12 minutes ago
repository	Reclaim build cache before image scans	2026-09-30T00:38:15.3230398Z Total:	5.539GB
repository	Reclaim build cache before image scans	2026-09-30T00:38:15.3287564Z Filesystem      Size  Used Avail Use% Mounted on
repository	Reclaim build cache before image scans	2026-09-30T00:38:15.3288022Z /dev/root       145G   64G   81G  45% /
repository	Reclaim build cache before image scans	2026-09-30T00:38:15.3288561Z /dev/root       145G   64G   81G  45% /
repository	Reclaim build cache before image scans	2026-09-30T00:38:16.6730945Z TYPE            TOTAL     ACTIVE    SIZE      RECLAIMABLE
repository	Reclaim build cache before image scans	2026-09-30T00:38:16.6732047Z Images          18        10        5.699GB   3.734GB (65%)
repository	Reclaim build cache before image scans	2026-09-30T00:38:16.6732821Z Containers      13        11        725.4kB   1.481kB (0%)
repository	Reclaim build cache before image scans	2026-09-30T00:38:16.6733507Z Local Volumes   5         5         2.359GB   0B (0%)
repository	Reclaim build cache before image scans	2026-09-30T00:38:16.6734007Z Build Cache     0         0         0B        0B
repository	Pull pinned infrastructure images for security coverage	﻿2026-09-30T00:38:16.6802875Z ##[group]Run docker compose -f /tmp/verity-ci.json --profile '*' pull --ignore-buildable
repository	Pull pinned infrastructure images for security coverage	2026-09-30T00:38:16.6803544Z ^[[36;1mdocker compose -f /tmp/verity-ci.json --profile '*' pull --ignore-buildable^[[0m
repository	Pull pinned infrastructure images for security coverage	2026-09-30T00:38:16.6867957Z shell: /usr/bin/bash -e {0}
repository	Pull pinned infrastructure images for security coverage	2026-09-30T00:38:16.6868218Z env:
repository	Pull pinned infrastructure images for security coverage	2026-09-30T00:38:16.6868492Z   pythonLocation: /opt/hostedtoolcache/Python/3.12.14/x64
repository	Pull pinned infrastructure images for security coverage	2026-09-30T00:38:16.6868952Z   PKG_CONFIG_PATH: /opt/hostedtoolcache/Python/3.12.14/x64/lib/pkgconfig
repository	Pull pinned infrastructure images for security coverage	2026-09-30T00:38:16.6869398Z   Python_ROOT_DIR: /opt/hostedtoolcache/Python/3.12.14/x64
repository	Pull pinned infrastructure images for security coverage	2026-09-30T00:38:16.6869774Z   Python2_ROOT_DIR: /opt/hostedtoolcache/Python/3.12.14/x64
repository	Pull pinned infrastructure images for security coverage	2026-09-30T00:38:16.6870171Z   Python3_ROOT_DIR: /opt/hostedtoolcache/Python/3.12.14/x64
repository	Pull pinned infrastructure images for security coverage	2026-09-30T00:38:16.6870565Z   LD_LIBRARY_PATH: /opt/hostedtoolcache/Python/3.12.14/x64/lib
repository	Pull pinned infrastructure images for security coverage	2026-09-30T00:38:16.6870892Z ##[endgroup]
repository	Pull pinned infrastructure images for security coverage	2026-09-30T00:38:16.7834598Z  backend Skipped - Image can be built 
repository	Pull pinned infrastructure images for security coverage	2026-09-30T00:38:16.7835267Z  minio Skipped - Image can be built 
repository	Pull pinned infrastructure images for security coverage	2026-09-30T00:38:16.7836144Z  celery-worker Skipped - Image can be built 
repository	Pull pinned infrastructure images for security coverage	2026-09-30T00:38:16.7837061Z  migrate Skipped - Image can be built 
repository	Pull pinned infrastructure images for security coverage	2026-09-30T00:38:16.7840794Z  jaeger Skipped - Image can be built 
repository	Pull pinned infrastructure images for security coverage	2026-09-30T00:38:16.7841787Z  celery-beat Skipped - Image can be built 
repository	Pull pinned infrastructure images for security coverage	2026-09-30T00:38:16.7842366Z  grafana Skipped - Image can be built 
repository	Pull pinned infrastructure images for security coverage	2026-09-30T00:38:16.7842960Z  minio-init Skipped - Image can be built 
repository	Pull pinned infrastructure images for security coverage	2026-09-30T00:38:16.7843496Z  frontend Skipped - Image can be built 
repository	Pull pinned infrastructure images for security coverage	2026-09-30T00:38:16.7844048Z  verification Skipped - Image can be built 
repository	Pull pinned infrastructure images for security coverage	2026-09-30T00:38:16.7844567Z  prometheus Pulling 
repository	Pull pinned infrastructure images for security coverage	2026-09-30T00:38:16.7844952Z  redis Pulling 
repository	Pull pinned infrastructure images for security coverage	2026-09-30T00:38:16.7845316Z  postgres Pulling 
repository	Pull pinned infrastructure images for security coverage	2026-09-30T00:38:16.7845591Z  otel-collector Pulling 
repository	Pull pinned infrastructure images for security coverage	2026-09-30T00:38:16.7845847Z  mailpit Pulling 
repository	Pull pinned infrastructure images for security coverage	2026-09-30T00:38:17.0007398Z  mailpit Pulled 
repository	Pull pinned infrastructure images for security coverage	2026-09-30T00:38:17.0092788Z  otel-collector Pulled 
repository	Pull pinned infrastructure images for security coverage	2026-09-30T00:38:17.0104915Z  prometheus Pulled 
repository	Pull pinned infrastructure images for security coverage	2026-09-30T00:38:17.0112666Z  postgres Pulled 
repository	Pull pinned infrastructure images for security coverage	2026-09-30T00:38:17.0178507Z  redis Pulled 
repository	Scan every Compose image and generate SBOMs	﻿2026-09-30T00:38:17.0268759Z ##[group]Run python scripts/verity_image_gate.py --compose /tmp/verity-ci.json --output docs/verity/evidence/ci/images
repository	Scan every Compose image and generate SBOMs	2026-09-30T00:38:17.0270301Z ^[[36;1mpython scripts/verity_image_gate.py --compose /tmp/verity-ci.json --output docs/verity/evidence/ci/images^[[0m
repository	Scan every Compose image and generate SBOMs	2026-09-30T00:38:17.0367606Z shell: /usr/bin/bash -e {0}
repository	Scan every Compose image and generate SBOMs	2026-09-30T00:38:17.0367873Z env:
repository	Scan every Compose image and generate SBOMs	2026-09-30T00:38:17.0368142Z   pythonLocation: /opt/hostedtoolcache/Python/3.12.14/x64
repository	Scan every Compose image and generate SBOMs	2026-09-30T00:38:17.0368588Z   PKG_CONFIG_PATH: /opt/hostedtoolcache/Python/3.12.14/x64/lib/pkgconfig
repository	Scan every Compose image and generate SBOMs	2026-09-30T00:38:17.0369041Z   Python_ROOT_DIR: /opt/hostedtoolcache/Python/3.12.14/x64
repository	Scan every Compose image and generate SBOMs	2026-09-30T00:38:17.0369434Z   Python2_ROOT_DIR: /opt/hostedtoolcache/Python/3.12.14/x64
repository	Scan every Compose image and generate SBOMs	2026-09-30T00:38:17.0369827Z   Python3_ROOT_DIR: /opt/hostedtoolcache/Python/3.12.14/x64
repository	Scan every Compose image and generate SBOMs	2026-09-30T00:38:17.0370203Z   LD_LIBRARY_PATH: /opt/hostedtoolcache/Python/3.12.14/x64/lib
repository	Scan every Compose image and generate SBOMs	2026-09-30T00:38:17.0370519Z ##[endgroup]
repository	Scan every Compose image and generate SBOMs	2026-09-30T00:38:29.5480751Z verity-ci-backend: vulnerabilities → PASS
repository	Scan every Compose image and generate SBOMs	2026-09-30T00:38:32.4352779Z verity-ci-backend: sbom → PASS
repository	Scan every Compose image and generate SBOMs	2026-09-30T00:38:34.4644835Z verity-ci-frontend: vulnerabilities → PASS
repository	Scan every Compose image and generate SBOMs	2026-09-30T00:38:34.8411812Z verity-ci-frontend: sbom → PASS
repository	Scan every Compose image and generate SBOMs	2026-09-30T00:38:49.9665925Z verity-ci-grafana: vulnerabilities → FAIL
repository	Scan every Compose image and generate SBOMs	2026-09-30T00:38:51.1626876Z verity-ci-grafana: sbom → PASS
repository	Scan every Compose image and generate SBOMs	2026-09-30T00:38:52.3155297Z verity-ci-jaeger: vulnerabilities → PASS
repository	Scan every Compose image and generate SBOMs	2026-09-30T00:38:52.6821583Z verity-ci-jaeger: sbom → PASS
repository	Scan every Compose image and generate SBOMs	2026-09-30T00:38:53.2179796Z axllent/mailpit:v1.31.2@sha256:74d609a42ec279aa63c6b4622a6fa9b5408d1ad5b1d76a1c4be40a265ce0863d: vulnerabilities → PASS
repository	Scan every Compose image and generate SBOMs	2026-09-30T00:38:53.4872677Z axllent/mailpit:v1.31.2@sha256:74d609a42ec279aa63c6b4622a6fa9b5408d1ad5b1d76a1c4be40a265ce0863d: sbom → PASS
repository	Scan every Compose image and generate SBOMs	2026-09-30T00:38:54.5653657Z verity-ci-minio: vulnerabilities → PASS
repository	Scan every Compose image and generate SBOMs	2026-09-30T00:38:54.9259277Z verity-ci-minio: sbom → PASS
repository	Scan every Compose image and generate SBOMs	2026-09-30T00:38:55.4833519Z verity-ci-minio-init: vulnerabilities → PASS
repository	Scan every Compose image and generate SBOMs	2026-09-30T00:38:55.7660015Z verity-ci-minio-init: sbom → PASS
repository	Scan every Compose image and generate SBOMs	2026-09-30T00:38:58.9697888Z otel/opentelemetry-collector-contrib:0.161.0@sha256:fd328de2552466ad78385e1b1289c3f2402b1c45f265b252aab1955b42845ac1: vulnerabilities → PASS
repository	Scan every Compose image and generate SBOMs	2026-09-30T00:38:59.5370827Z otel/opentelemetry-collector-contrib:0.161.0@sha256:fd328de2552466ad78385e1b1289c3f2402b1c45f265b252aab1955b42845ac1: sbom → PASS
repository	Scan every Compose image and generate SBOMs	2026-09-30T00:39:03.6735600Z pgvector/pgvector:pg16@sha256:ccc6e83d6e35e931dc7c5def2022729d5a6c370318d099181995567ff1fb4d6b: vulnerabilities → FAIL
repository	Scan every Compose image and generate SBOMs	2026-09-30T00:39:04.2203897Z pgvector/pgvector:pg16@sha256:ccc6e83d6e35e931dc7c5def2022729d5a6c370318d099181995567ff1fb4d6b: sbom → PASS
repository	Scan every Compose image and generate SBOMs	2026-09-30T00:39:06.5163349Z prom/prometheus:v3.15.0@sha256:efd719c99d83b060d9daefdcf00360461adf279f45ef5391f8d111892118753e: vulnerabilities → PASS
repository	Scan every Compose image and generate SBOMs	2026-09-30T00:39:06.9901970Z prom/prometheus:v3.15.0@sha256:efd719c99d83b060d9daefdcf00360461adf279f45ef5391f8d111892118753e: sbom → PASS
repository	Scan every Compose image and generate SBOMs	2026-09-30T00:39:07.5434325Z redis:7.4-alpine@sha256:858f009f9709ce576febc734aa78b8f6d624b82571f9ddb6bda4377c833b3499: vulnerabilities → PASS
repository	Scan every Compose image and generate SBOMs	2026-09-30T00:39:07.8280704Z redis:7.4-alpine@sha256:858f009f9709ce576febc734aa78b8f6d624b82571f9ddb6bda4377c833b3499: sbom → PASS
repository	Scan every Compose image and generate SBOMs	2026-09-30T00:39:13.1532862Z verity-ci-verification: vulnerabilities → PASS
repository	Scan every Compose image and generate SBOMs	2026-09-30T00:39:13.7803188Z verity-ci-verification: sbom → PASS
repository	Scan every Compose image and generate SBOMs	2026-09-30T00:39:13.8442821Z ##[error]Process completed with exit code 1.
repository	Run actions/upload-artifact@b7c566a772e6b6bfb58ed0dc250532a479d7789f	﻿2026-09-30T00:39:13.8513907Z ##[group]Run actions/upload-artifact@b7c566a772e6b6bfb58ed0dc250532a479d7789f
repository	Run actions/upload-artifact@b7c566a772e6b6bfb58ed0dc250532a479d7789f	2026-09-30T00:39:13.8514350Z with:
repository	Run actions/upload-artifact@b7c566a772e6b6bfb58ed0dc250532a479d7789f	2026-09-30T00:39:13.8514562Z   name: verity-gate-evidence
repository	Run actions/upload-artifact@b7c566a772e6b6bfb58ed0dc250532a479d7789f	2026-09-30T00:39:13.8514991Z   path: docs/verity/evidence/ci
repository	Run actions/upload-artifact@b7c566a772e6b6bfb58ed0dc250532a479d7789f	docs/verity/evidence/secret-gate.json
repository	Run actions/upload-artifact@b7c566a772e6b6bfb58ed0dc250532a479d7789f	frontend/test-results
repository	Run actions/upload-artifact@b7c566a772e6b6bfb58ed0dc250532a479d7789f	
repository	Run actions/upload-artifact@b7c566a772e6b6bfb58ed0dc250532a479d7789f	2026-09-30T00:39:13.8515452Z   retention-days: 7
repository	Run actions/upload-artifact@b7c566a772e6b6bfb58ed0dc250532a479d7789f	2026-09-30T00:39:13.8515671Z   if-no-files-found: warn
repository	Run actions/upload-artifact@b7c566a772e6b6bfb58ed0dc250532a479d7789f	2026-09-30T00:39:13.8515905Z   compression-level: 6
repository	Run actions/upload-artifact@b7c566a772e6b6bfb58ed0dc250532a479d7789f	2026-09-30T00:39:13.8516121Z   overwrite: false
repository	Run actions/upload-artifact@b7c566a772e6b6bfb58ed0dc250532a479d7789f	2026-09-30T00:39:13.8516336Z   include-hidden-files: false
repository	Run actions/upload-artifact@b7c566a772e6b6bfb58ed0dc250532a479d7789f	2026-09-30T00:39:13.8516897Z env:
repository	Run actions/upload-artifact@b7c566a772e6b6bfb58ed0dc250532a479d7789f	2026-09-30T00:39:13.8517165Z   pythonLocation: /opt/hostedtoolcache/Python/3.12.14/x64
repository	Run actions/upload-artifact@b7c566a772e6b6bfb58ed0dc250532a479d7789f	2026-09-30T00:39:13.8517609Z   PKG_CONFIG_PATH: /opt/hostedtoolcache/Python/3.12.14/x64/lib/pkgconfig
repository	Run actions/upload-artifact@b7c566a772e6b6bfb58ed0dc250532a479d7789f	2026-09-30T00:39:13.8518047Z   Python_ROOT_DIR: /opt/hostedtoolcache/Python/3.12.14/x64
repository	Run actions/upload-artifact@b7c566a772e6b6bfb58ed0dc250532a479d7789f	2026-09-30T00:39:13.8518430Z   Python2_ROOT_DIR: /opt/hostedtoolcache/Python/3.12.14/x64
repository	Run actions/upload-artifact@b7c566a772e6b6bfb58ed0dc250532a479d7789f	2026-09-30T00:39:13.8518819Z   Python3_ROOT_DIR: /opt/hostedtoolcache/Python/3.12.14/x64
repository	Run actions/upload-artifact@b7c566a772e6b6bfb58ed0dc250532a479d7789f	2026-09-30T00:39:13.8519223Z   LD_LIBRARY_PATH: /opt/hostedtoolcache/Python/3.12.14/x64/lib
repository	Run actions/upload-artifact@b7c566a772e6b6bfb58ed0dc250532a479d7789f	2026-09-30T00:39:13.8519542Z ##[endgroup]
repository	Run actions/upload-artifact@b7c566a772e6b6bfb58ed0dc250532a479d7789f	2026-09-30T00:39:14.0383756Z Multiple search paths detected. Calculating the least common ancestor of all paths
repository	Run actions/upload-artifact@b7c566a772e6b6bfb58ed0dc250532a479d7789f	2026-09-30T00:39:14.0386756Z The least common ancestor is /home/runner/work/Azaeron-Verity/Azaeron-Verity. This will be the root directory of the artifact
repository	Run actions/upload-artifact@b7c566a772e6b6bfb58ed0dc250532a479d7789f	2026-09-30T00:39:14.0388007Z With the provided path, there will be 82 files uploaded
repository	Run actions/upload-artifact@b7c566a772e6b6bfb58ed0dc250532a479d7789f	2026-09-30T00:39:14.0393047Z Artifact name is valid!
repository	Run actions/upload-artifact@b7c566a772e6b6bfb58ed0dc250532a479d7789f	2026-09-30T00:39:14.0393672Z Root directory input is valid!
repository	Run actions/upload-artifact@b7c566a772e6b6bfb58ed0dc250532a479d7789f	2026-09-30T00:39:14.4283760Z Beginning upload of artifact content to blob storage
repository	Run actions/upload-artifact@b7c566a772e6b6bfb58ed0dc250532a479d7789f	2026-09-30T00:39:15.7057660Z Uploaded bytes 5597876
repository	Run actions/upload-artifact@b7c566a772e6b6bfb58ed0dc250532a479d7789f	2026-09-30T00:39:15.7890163Z Finished uploading artifact content to blob storage!
repository	Run actions/upload-artifact@b7c566a772e6b6bfb58ed0dc250532a479d7789f	2026-09-30T00:39:15.7891073Z SHA256 digest of uploaded artifact zip is 86a28f2ac19f68cfd2d973d85bef856760ec695fbe4cfdd56f9e2388d1589671
repository	Run actions/upload-artifact@b7c566a772e6b6bfb58ed0dc250532a479d7789f	2026-09-30T00:39:15.7892976Z Finalizing artifact upload
repository	Run actions/upload-artifact@b7c566a772e6b6bfb58ed0dc250532a479d7789f	2026-09-30T00:39:16.1830971Z Artifact verity-gate-evidence.zip successfully finalized. Artifact ID 11069779979
repository	Run actions/upload-artifact@b7c566a772e6b6bfb58ed0dc250532a479d7789f	2026-09-30T00:39:16.1832116Z Artifact verity-gate-evidence has been successfully uploaded! Final size is 5597876 bytes. Artifact ID is 11069779979
repository	Run actions/upload-artifact@b7c566a772e6b6bfb58ed0dc250532a479d7789f	2026-09-30T00:39:16.1835544Z Artifact download URL: https://github.com/arajmir7/Azaeron-Verity/actions/runs/36650196695/artifacts/11069779979
repository	Stop isolated runtime	﻿2026-09-30T00:39:16.1972286Z ##[group]Run docker compose -f /tmp/verity-ci.json down --volumes
repository	Stop isolated runtime	2026-09-30T00:39:16.1972793Z ^[[36;1mdocker compose -f /tmp/verity-ci.json down --volumes^[[0m
repository	Stop isolated runtime	2026-09-30T00:39:16.2037184Z shell: /usr/bin/bash -e {0}
repository	Stop isolated runtime	2026-09-30T00:39:16.2037444Z env:
repository	Stop isolated runtime	2026-09-30T00:39:16.2037728Z   pythonLocation: /opt/hostedtoolcache/Python/3.12.14/x64
repository	Stop isolated runtime	2026-09-30T00:39:16.2038195Z   PKG_CONFIG_PATH: /opt/hostedtoolcache/Python/3.12.14/x64/lib/pkgconfig
repository	Stop isolated runtime	2026-09-30T00:39:16.2038649Z   Python_ROOT_DIR: /opt/hostedtoolcache/Python/3.12.14/x64
repository	Stop isolated runtime	2026-09-30T00:39:16.2039037Z   Python2_ROOT_DIR: /opt/hostedtoolcache/Python/3.12.14/x64
repository	Stop isolated runtime	2026-09-30T00:39:16.2039431Z   Python3_ROOT_DIR: /opt/hostedtoolcache/Python/3.12.14/x64
repository	Stop isolated runtime	2026-09-30T00:39:16.2039825Z   LD_LIBRARY_PATH: /opt/hostedtoolcache/Python/3.12.14/x64/lib
repository	Stop isolated runtime	2026-09-30T00:39:16.2040159Z ##[endgroup]
repository	Stop isolated runtime	2026-09-30T00:39:16.3125877Z  Container verity-ci-prometheus-1  Stopping
repository	Stop isolated runtime	2026-09-30T00:39:16.3126945Z  Container verity-ci-celery-worker-1  Stopping
repository	Stop isolated runtime	2026-09-30T00:39:16.3128547Z  Container verity-ci-otel-collector-1  Stopping
repository	Stop isolated runtime	2026-09-30T00:39:16.3134583Z  Container verity-ci-frontend-1  Stopping
repository	Stop isolated runtime	2026-09-30T00:39:16.4167656Z  Container verity-ci-otel-collector-1  Stopped
repository	Stop isolated runtime	2026-09-30T00:39:16.4168492Z  Container verity-ci-otel-collector-1  Removing
repository	Stop isolated runtime	2026-09-30T00:39:16.4233842Z  Container verity-ci-otel-collector-1  Removed
repository	Stop isolated runtime	2026-09-30T00:39:16.4235270Z  Container verity-ci-jaeger-1  Stopping
repository	Stop isolated runtime	2026-09-30T00:39:16.4994234Z  Container verity-ci-prometheus-1  Stopped
repository	Stop isolated runtime	2026-09-30T00:39:16.4999157Z  Container verity-ci-prometheus-1  Removing
repository	Stop isolated runtime	2026-09-30T00:39:16.5113944Z  Container verity-ci-frontend-1  Stopped
repository	Stop isolated runtime	2026-09-30T00:39:16.5114887Z  Container verity-ci-frontend-1  Removing
repository	Stop isolated runtime	2026-09-30T00:39:16.5124803Z  Container verity-ci-prometheus-1  Removed
repository	Stop isolated runtime	2026-09-30T00:39:16.5242451Z  Container verity-ci-frontend-1  Removed
repository	Stop isolated runtime	2026-09-30T00:39:16.5242978Z  Container verity-ci-backend-1  Stopping
repository	Stop isolated runtime	2026-09-30T00:39:16.6706018Z  Container verity-ci-jaeger-1  Stopped
repository	Stop isolated runtime	2026-09-30T00:39:16.6707464Z  Container verity-ci-jaeger-1  Removing
repository	Stop isolated runtime	2026-09-30T00:39:16.6770553Z  Container verity-ci-jaeger-1  Removed
repository	Stop isolated runtime	2026-09-30T00:39:16.8068039Z  Container verity-ci-backend-1  Stopped
repository	Stop isolated runtime	2026-09-30T00:39:16.8071961Z  Container verity-ci-backend-1  Removing
repository	Stop isolated runtime	2026-09-30T00:39:16.8125879Z  Container verity-ci-backend-1  Removed
repository	Stop isolated runtime	2026-09-30T00:39:16.8126999Z  Container verity-ci-celery-beat-1  Stopping
repository	Stop isolated runtime	2026-09-30T00:39:17.2731963Z  Container verity-ci-celery-beat-1  Stopped
repository	Stop isolated runtime	2026-09-30T00:39:17.2735500Z  Container verity-ci-celery-beat-1  Removing
repository	Stop isolated runtime	2026-09-30T00:39:17.2789015Z  Container verity-ci-celery-beat-1  Removed
repository	Stop isolated runtime	2026-09-30T00:39:18.3645835Z  Container verity-ci-celery-worker-1  Stopped
repository	Stop isolated runtime	2026-09-30T00:39:18.3647008Z  Container verity-ci-celery-worker-1  Removing
repository	Stop isolated runtime	2026-09-30T00:39:18.3715659Z  Container verity-ci-celery-worker-1  Removed
repository	Stop isolated runtime	2026-09-30T00:39:18.3719420Z  Container verity-ci-mailpit-1  Stopping
repository	Stop isolated runtime	2026-09-30T00:39:18.3720094Z  Container verity-ci-migrate-1  Stopping
repository	Stop isolated runtime	2026-09-30T00:39:18.3720711Z  Container verity-ci-redis-1  Stopping
repository	Stop isolated runtime	2026-09-30T00:39:18.3721338Z  Container verity-ci-minio-init-1  Stopping
repository	Stop isolated runtime	2026-09-30T00:39:18.3729513Z  Container verity-ci-migrate-1  Stopped
repository	Stop isolated runtime	2026-09-30T00:39:18.3730299Z  Container verity-ci-migrate-1  Removing
repository	Stop isolated runtime	2026-09-30T00:39:18.3730931Z  Container verity-ci-minio-init-1  Stopped
repository	Stop isolated runtime	2026-09-30T00:39:18.3731555Z  Container verity-ci-minio-init-1  Removing
repository	Stop isolated runtime	2026-09-30T00:39:18.3794868Z  Container verity-ci-migrate-1  Removed
repository	Stop isolated runtime	2026-09-30T00:39:18.3795878Z  Container verity-ci-postgres-1  Stopping
repository	Stop isolated runtime	2026-09-30T00:39:18.3820368Z  Container verity-ci-minio-init-1  Removed
repository	Stop isolated runtime	2026-09-30T00:39:18.3821179Z  Container verity-ci-minio-1  Stopping
repository	Stop isolated runtime	2026-09-30T00:39:18.5096735Z  Container verity-ci-postgres-1  Stopped
repository	Stop isolated runtime	2026-09-30T00:39:18.5097823Z  Container verity-ci-postgres-1  Removing
repository	Stop isolated runtime	2026-09-30T00:39:18.5234500Z  Container verity-ci-postgres-1  Removed
repository	Stop isolated runtime	2026-09-30T00:39:18.5444454Z  Container verity-ci-redis-1  Stopped
repository	Stop isolated runtime	2026-09-30T00:39:18.5445355Z  Container verity-ci-redis-1  Removing
repository	Stop isolated runtime	2026-09-30T00:39:18.5521806Z  Container verity-ci-redis-1  Removed
repository	Stop isolated runtime	2026-09-30T00:39:18.5657657Z  Container verity-ci-minio-1  Stopped
repository	Stop isolated runtime	2026-09-30T00:39:18.5658349Z  Container verity-ci-minio-1  Removing
repository	Stop isolated runtime	2026-09-30T00:39:18.5721355Z  Container verity-ci-minio-1  Removed
repository	Stop isolated runtime	2026-09-30T00:39:18.7743168Z  Container verity-ci-mailpit-1  Stopped
repository	Stop isolated runtime	2026-09-30T00:39:18.7747451Z  Container verity-ci-mailpit-1  Removing
repository	Stop isolated runtime	2026-09-30T00:39:18.7795141Z  Container verity-ci-mailpit-1  Removed
repository	Stop isolated runtime	2026-09-30T00:39:18.7807516Z  Volume verity-ci_minio_data  Removing
repository	Stop isolated runtime	2026-09-30T00:39:18.7808496Z  Volume verity-ci_jaeger_data  Removing
repository	Stop isolated runtime	2026-09-30T00:39:18.7812532Z  Network verity-ci_azaeron-network  Removing
repository	Stop isolated runtime	2026-09-30T00:39:18.7814513Z  Volume verity-ci_redis_data  Removing
repository	Stop isolated runtime	2026-09-30T00:39:18.7815467Z  Volume verity-ci_postgres_data  Removing
repository	Stop isolated runtime	2026-09-30T00:39:18.7816091Z  Volume verity-ci_prometheus_data  Removing
repository	Stop isolated runtime	2026-09-30T00:39:18.7913982Z  Volume verity-ci_minio_data  Removed
repository	Stop isolated runtime	2026-09-30T00:39:18.7927804Z  Volume verity-ci_jaeger_data  Removed
repository	Stop isolated runtime	2026-09-30T00:39:18.7938278Z  Volume verity-ci_prometheus_data  Removed
repository	Stop isolated runtime	2026-09-30T00:39:18.7958135Z  Volume verity-ci_redis_data  Removed
repository	Stop isolated runtime	2026-09-30T00:39:18.8618140Z  Network verity-ci_azaeron-network  Removed
repository	Stop isolated runtime	2026-09-30T00:39:18.9421946Z  Volume verity-ci_postgres_data  Removed
repository	Post Run actions/checkout@d23441a48e516b6c34aea4fa41551a30e30af803	﻿2026-09-30T00:39:18.9578629Z Post job cleanup.
repository	Post Run actions/checkout@d23441a48e516b6c34aea4fa41551a30e30af803	2026-09-30T00:39:19.0463851Z [command]/usr/bin/git version
repository	Post Run actions/checkout@d23441a48e516b6c34aea4fa41551a30e30af803	2026-09-30T00:39:19.0506394Z git version 2.55.0
repository	Post Run actions/checkout@d23441a48e516b6c34aea4fa41551a30e30af803	2026-09-30T00:39:19.0547209Z Temporarily overriding HOME='/home/runner/work/_temp/8b87a7b7-8113-4884-8653-1184b65836d6' before making global git config changes
repository	Post Run actions/checkout@d23441a48e516b6c34aea4fa41551a30e30af803	2026-09-30T00:39:19.0548735Z Adding repository directory to the temporary git global config as a safe directory
repository	Post Run actions/checkout@d23441a48e516b6c34aea4fa41551a30e30af803	2026-09-30T00:39:19.0554223Z [command]/usr/bin/git config --global --add safe.directory /home/runner/work/Azaeron-Verity/Azaeron-Verity
repository	Post Run actions/checkout@d23441a48e516b6c34aea4fa41551a30e30af803	2026-09-30T00:39:19.0588714Z Removing SSH command configuration
repository	Post Run actions/checkout@d23441a48e516b6c34aea4fa41551a30e30af803	2026-09-30T00:39:19.0596083Z [command]/usr/bin/git config --local --name-only --get-regexp core\.sshCommand
repository	Post Run actions/checkout@d23441a48e516b6c34aea4fa41551a30e30af803	2026-09-30T00:39:19.0635230Z [command]/usr/bin/git submodule foreach --recursive sh -c "git config --local --name-only --get-regexp 'core\.sshCommand' && git config --local --unset-all 'core.sshCommand' || :"
repository	Post Run actions/checkout@d23441a48e516b6c34aea4fa41551a30e30af803	2026-09-30T00:39:19.0905444Z Removing HTTP extra header
repository	Post Run actions/checkout@d23441a48e516b6c34aea4fa41551a30e30af803	2026-09-30T00:39:19.0912003Z [command]/usr/bin/git config --local --name-only --get-regexp http\.https\:\/\/github\.com\/\.extraheader
repository	Post Run actions/checkout@d23441a48e516b6c34aea4fa41551a30e30af803	2026-09-30T00:39:19.0948923Z [command]/usr/bin/git submodule foreach --recursive sh -c "git config --local --name-only --get-regexp 'http\.https\:\/\/github\.com\/\.extraheader' && git config --local --unset-all 'http.https://github.com/.extraheader' || :"
repository	Post Run actions/checkout@d23441a48e516b6c34aea4fa41551a30e30af803	2026-09-30T00:39:19.1218023Z Removing includeIf entries pointing to credentials config files
repository	Post Run actions/checkout@d23441a48e516b6c34aea4fa41551a30e30af803	2026-09-30T00:39:19.1225702Z [command]/usr/bin/git config --local --name-only --get-regexp ^includeIf\.gitdir:
repository	Post Run actions/checkout@d23441a48e516b6c34aea4fa41551a30e30af803	2026-09-30T00:39:19.1254265Z includeif.gitdir:/home/runner/work/Azaeron-Verity/Azaeron-Verity/.git.path
repository	Post Run actions/checkout@d23441a48e516b6c34aea4fa41551a30e30af803	2026-09-30T00:39:19.1255626Z includeif.gitdir:/home/runner/work/Azaeron-Verity/Azaeron-Verity/.git/worktrees/*.path
repository	Post Run actions/checkout@d23441a48e516b6c34aea4fa41551a30e30af803	2026-09-30T00:39:19.1257098Z includeif.gitdir:/github/workspace/.git.path
repository	Post Run actions/checkout@d23441a48e516b6c34aea4fa41551a30e30af803	2026-09-30T00:39:19.1258139Z includeif.gitdir:/github/workspace/.git/worktrees/*.path
repository	Post Run actions/checkout@d23441a48e516b6c34aea4fa41551a30e30af803	2026-09-30T00:39:19.1268201Z [command]/usr/bin/git config --local --get-all includeif.gitdir:/home/runner/work/Azaeron-Verity/Azaeron-Verity/.git.path
repository	Post Run actions/checkout@d23441a48e516b6c34aea4fa41551a30e30af803	2026-09-30T00:39:19.1295875Z /home/runner/work/_temp/git-credentials-dfff9ad7-b265-42bc-a051-183af9baf7d6.config
repository	Post Run actions/checkout@d23441a48e516b6c34aea4fa41551a30e30af803	2026-09-30T00:39:19.1313505Z [command]/usr/bin/git config --local --unset includeif.gitdir:/home/runner/work/Azaeron-Verity/Azaeron-Verity/.git.path /home/runner/work/_temp/git-credentials-dfff9ad7-b265-42bc-a051-183af9baf7d6.config
repository	Post Run actions/checkout@d23441a48e516b6c34aea4fa41551a30e30af803	2026-09-30T00:39:19.1368426Z [command]/usr/bin/git config --local --get-all includeif.gitdir:/home/runner/work/Azaeron-Verity/Azaeron-Verity/.git/worktrees/*.path
repository	Post Run actions/checkout@d23441a48e516b6c34aea4fa41551a30e30af803	2026-09-30T00:39:19.1392054Z /home/runner/work/_temp/git-credentials-dfff9ad7-b265-42bc-a051-183af9baf7d6.config
repository	Post Run actions/checkout@d23441a48e516b6c34aea4fa41551a30e30af803	2026-09-30T00:39:19.1404105Z [command]/usr/bin/git config --local --unset includeif.gitdir:/home/runner/work/Azaeron-Verity/Azaeron-Verity/.git/worktrees/*.path /home/runner/work/_temp/git-credentials-dfff9ad7-b265-42bc-a051-183af9baf7d6.config
repository	Post Run actions/checkout@d23441a48e516b6c34aea4fa41551a30e30af803	2026-09-30T00:39:19.1454876Z [command]/usr/bin/git config --local --get-all includeif.gitdir:/github/workspace/.git.path
repository	Post Run actions/checkout@d23441a48e516b6c34aea4fa41551a30e30af803	2026-09-30T00:39:19.1472900Z /github/runner_temp/git-credentials-dfff9ad7-b265-42bc-a051-183af9baf7d6.config
repository	Post Run actions/checkout@d23441a48e516b6c34aea4fa41551a30e30af803	2026-09-30T00:39:19.1483603Z [command]/usr/bin/git config --local --unset includeif.gitdir:/github/workspace/.git.path /github/runner_temp/git-credentials-dfff9ad7-b265-42bc-a051-183af9baf7d6.config
repository	Post Run actions/checkout@d23441a48e516b6c34aea4fa41551a30e30af803	2026-09-30T00:39:19.1521870Z [command]/usr/bin/git config --local --get-all includeif.gitdir:/github/workspace/.git/worktrees/*.path
repository	Post Run actions/checkout@d23441a48e516b6c34aea4fa41551a30e30af803	2026-09-30T00:39:19.1547093Z /github/runner_temp/git-credentials-dfff9ad7-b265-42bc-a051-183af9baf7d6.config
repository	Post Run actions/checkout@d23441a48e516b6c34aea4fa41551a30e30af803	2026-09-30T00:39:19.1559553Z [command]/usr/bin/git config --local --unset includeif.gitdir:/github/workspace/.git/worktrees/*.path /github/runner_temp/git-credentials-dfff9ad7-b265-42bc-a051-183af9baf7d6.config
repository	Post Run actions/checkout@d23441a48e516b6c34aea4fa41551a30e30af803	2026-09-30T00:39:19.1597390Z [command]/usr/bin/git submodule foreach --recursive git config --local --show-origin --name-only --get-regexp remote.origin.url
repository	Post Run actions/checkout@d23441a48e516b6c34aea4fa41551a30e30af803	2026-09-30T00:39:19.1829528Z Removing credentials config '/home/runner/work/_temp/git-credentials-dfff9ad7-b265-42bc-a051-183af9baf7d6.config'
repository	Complete job	﻿2026-09-30T00:39:19.1983064Z Cleaning up orphan processes
