repository	UNKNOWN STEP	﻿2026-09-29T16:22:55.9110812Z Current runner version: '2.337.0'
repository	UNKNOWN STEP	2026-09-29T16:22:55.9135667Z ##[group]Runner Image Provisioner
repository	UNKNOWN STEP	2026-09-29T16:22:55.9136660Z Hosted Compute Agent
repository	UNKNOWN STEP	2026-09-29T16:22:55.9137473Z Version: 20260828.587
repository	UNKNOWN STEP	2026-09-29T16:22:55.9138171Z Commit: abac92662cab4cc7352de4f9f9d2e2419aad9c29
repository	UNKNOWN STEP	2026-09-29T16:22:55.9138930Z Build Date: 2026-08-28T16:44:25Z
repository	UNKNOWN STEP	2026-09-29T16:22:55.9139612Z Worker ID: {2530971c-4a56-4aaf-9d22-c782666b0bf2}
repository	UNKNOWN STEP	2026-09-29T16:22:55.9140410Z Azure Region: westus
repository	UNKNOWN STEP	2026-09-29T16:22:55.9140976Z ##[endgroup]
repository	UNKNOWN STEP	2026-09-29T16:22:55.9142916Z ##[group]Operating System
repository	UNKNOWN STEP	2026-09-29T16:22:55.9143710Z Ubuntu
repository	UNKNOWN STEP	2026-09-29T16:22:55.9144273Z 24.04.5
repository	UNKNOWN STEP	2026-09-29T16:22:55.9144833Z LTS
repository	UNKNOWN STEP	2026-09-29T16:22:55.9145375Z ##[endgroup]
repository	UNKNOWN STEP	2026-09-29T16:22:55.9145904Z ##[group]Runner Image
repository	UNKNOWN STEP	2026-09-29T16:22:55.9146565Z Image: ubuntu-24.04
repository	UNKNOWN STEP	2026-09-29T16:22:55.9147408Z Version: 20260920.314.1
repository	UNKNOWN STEP	2026-09-29T16:22:55.9148740Z Included Software: https://github.com/actions/runner-images/blob/ubuntu24/20260920.314/images/ubuntu/Ubuntu2404-Readme.md
repository	UNKNOWN STEP	2026-09-29T16:22:55.9150287Z Image Release: https://github.com/actions/runner-images/releases/tag/ubuntu24%2F20260920.314
repository	UNKNOWN STEP	2026-09-29T16:22:55.9151327Z ##[endgroup]
repository	UNKNOWN STEP	2026-09-29T16:22:55.9152424Z ##[group]GITHUB_TOKEN Permissions
repository	UNKNOWN STEP	2026-09-29T16:22:55.9155004Z Contents: read
repository	UNKNOWN STEP	2026-09-29T16:22:55.9155626Z Metadata: read
repository	UNKNOWN STEP	2026-09-29T16:22:55.9156249Z ##[endgroup]
repository	UNKNOWN STEP	2026-09-29T16:22:55.9158897Z Secret source: Actions
repository	UNKNOWN STEP	2026-09-29T16:22:55.9159902Z Cache mode: write
repository	UNKNOWN STEP	2026-09-29T16:22:55.9160617Z Prepare workflow directory
repository	UNKNOWN STEP	2026-09-29T16:22:55.9497483Z Prepare all required actions
repository	UNKNOWN STEP	2026-09-29T16:22:55.9570548Z Getting action download info
repository	UNKNOWN STEP	2026-09-29T16:22:56.3830496Z Download action repository 'actions/checkout@d23441a48e516b6c34aea4fa41551a30e30af803' (SHA:d23441a48e516b6c34aea4fa41551a30e30af803)
repository	UNKNOWN STEP	2026-09-29T16:22:56.4699617Z Download action repository 'actions/setup-node@249970729cb0ef3589644e2896645e5dc5ba9c38' (SHA:249970729cb0ef3589644e2896645e5dc5ba9c38)
repository	UNKNOWN STEP	2026-09-29T16:22:56.5506283Z Download action repository 'actions/setup-python@ece7cb06caefa5fff74198d8649806c4678c61a1' (SHA:ece7cb06caefa5fff74198d8649806c4678c61a1)
repository	UNKNOWN STEP	2026-09-29T16:22:56.6272236Z Download action repository 'actions/upload-artifact@b7c566a772e6b6bfb58ed0dc250532a479d7789f' (SHA:b7c566a772e6b6bfb58ed0dc250532a479d7789f)
repository	UNKNOWN STEP	2026-09-29T16:22:56.8389593Z Complete job name: repository
repository	UNKNOWN STEP	2026-09-29T16:22:56.9231600Z ##[group]Run actions/checkout@d23441a48e516b6c34aea4fa41551a30e30af803
repository	UNKNOWN STEP	2026-09-29T16:22:56.9232676Z with:
repository	UNKNOWN STEP	2026-09-29T16:22:56.9233148Z   repository: arajmir7/Azaeron-Verity
repository	UNKNOWN STEP	2026-09-29T16:22:56.9237276Z   token: ***
repository	UNKNOWN STEP	2026-09-29T16:22:56.9237727Z   ssh-strict: true
repository	UNKNOWN STEP	2026-09-29T16:22:56.9238157Z   ssh-user: git
repository	UNKNOWN STEP	2026-09-29T16:22:56.9238602Z   persist-credentials: true
repository	UNKNOWN STEP	2026-09-29T16:22:56.9239085Z   clean: true
repository	UNKNOWN STEP	2026-09-29T16:22:56.9239526Z   sparse-checkout-cone-mode: true
repository	UNKNOWN STEP	2026-09-29T16:22:56.9240040Z   fetch-depth: 1
repository	UNKNOWN STEP	2026-09-29T16:22:56.9240462Z   fetch-tags: false
repository	UNKNOWN STEP	2026-09-29T16:22:56.9240895Z   show-progress: true
repository	UNKNOWN STEP	2026-09-29T16:22:56.9241340Z   lfs: false
repository	UNKNOWN STEP	2026-09-29T16:22:56.9241767Z   submodules: false
repository	UNKNOWN STEP	2026-09-29T16:22:56.9242202Z   set-safe-directory: true
repository	UNKNOWN STEP	2026-09-29T16:22:56.9242696Z   allow-unsafe-pr-checkout: false
repository	UNKNOWN STEP	2026-09-29T16:22:56.9243465Z ##[endgroup]
repository	UNKNOWN STEP	2026-09-29T16:22:57.0407722Z Syncing repository: arajmir7/Azaeron-Verity
repository	UNKNOWN STEP	2026-09-29T16:22:57.0410313Z ##[group]Getting Git version info
repository	UNKNOWN STEP	2026-09-29T16:22:57.0411500Z Working directory is '/home/runner/work/Azaeron-Verity/Azaeron-Verity'
repository	UNKNOWN STEP	2026-09-29T16:22:57.0413184Z [command]/usr/bin/git version
repository	UNKNOWN STEP	2026-09-29T16:22:57.0522158Z git version 2.55.0
repository	UNKNOWN STEP	2026-09-29T16:22:57.0555556Z ##[endgroup]
repository	UNKNOWN STEP	2026-09-29T16:22:57.0566675Z Temporarily overriding HOME='/home/runner/work/_temp/2425053a-ce89-4758-8867-ec42886a0a12' before making global git config changes
repository	UNKNOWN STEP	2026-09-29T16:22:57.0569126Z Adding repository directory to the temporary git global config as a safe directory
repository	UNKNOWN STEP	2026-09-29T16:22:57.0573237Z [command]/usr/bin/git config --global --add safe.directory /home/runner/work/Azaeron-Verity/Azaeron-Verity
repository	UNKNOWN STEP	2026-09-29T16:22:57.0634760Z Deleting the contents of '/home/runner/work/Azaeron-Verity/Azaeron-Verity'
repository	UNKNOWN STEP	2026-09-29T16:22:57.0642094Z ##[group]Determining repository object format
repository	UNKNOWN STEP	2026-09-29T16:22:57.0644265Z ##[endgroup]
repository	UNKNOWN STEP	2026-09-29T16:22:57.0645511Z ##[group]Initializing the repository
repository	UNKNOWN STEP	2026-09-29T16:22:57.0649788Z [command]/usr/bin/git init /home/runner/work/Azaeron-Verity/Azaeron-Verity
repository	UNKNOWN STEP	2026-09-29T16:22:57.0758425Z hint: Using 'master' as the name for the initial branch. This default branch name
repository	UNKNOWN STEP	2026-09-29T16:22:57.0760127Z hint: will change to "main" in Git 3.0. To configure the initial branch name
repository	UNKNOWN STEP	2026-09-29T16:22:57.0761622Z hint: to use in all of your new repositories, which will suppress this warning,
repository	UNKNOWN STEP	2026-09-29T16:22:57.0762809Z hint: call:
repository	UNKNOWN STEP	2026-09-29T16:22:57.0763432Z hint:
repository	UNKNOWN STEP	2026-09-29T16:22:57.0764290Z hint: 	git config --global init.defaultBranch <name>
repository	UNKNOWN STEP	2026-09-29T16:22:57.0765289Z hint:
repository	UNKNOWN STEP	2026-09-29T16:22:57.0766196Z hint: Names commonly chosen instead of 'master' are 'main', 'trunk' and
repository	UNKNOWN STEP	2026-09-29T16:22:57.0767913Z hint: 'development'. The just-created branch can be renamed via this command:
repository	UNKNOWN STEP	2026-09-29T16:22:57.0769145Z hint:
repository	UNKNOWN STEP	2026-09-29T16:22:57.0769814Z hint: 	git branch -m <name>
repository	UNKNOWN STEP	2026-09-29T16:22:57.0770564Z hint:
repository	UNKNOWN STEP	2026-09-29T16:22:57.0771555Z hint: Disable this message with "git config set advice.defaultBranchName false"
repository	UNKNOWN STEP	2026-09-29T16:22:57.0773319Z Initialized empty Git repository in /home/runner/work/Azaeron-Verity/Azaeron-Verity/.git/
repository	UNKNOWN STEP	2026-09-29T16:22:57.0783014Z [command]/usr/bin/git remote add origin https://github.com/arajmir7/Azaeron-Verity
repository	UNKNOWN STEP	2026-09-29T16:22:57.0827783Z ##[endgroup]
repository	UNKNOWN STEP	2026-09-29T16:22:57.0828996Z ##[group]Disabling automatic garbage collection
repository	UNKNOWN STEP	2026-09-29T16:22:57.0832061Z [command]/usr/bin/git config --local gc.auto 0
repository	UNKNOWN STEP	2026-09-29T16:22:57.0957841Z ##[endgroup]
repository	UNKNOWN STEP	2026-09-29T16:22:57.0961343Z ##[group]Setting up auth
repository	UNKNOWN STEP	2026-09-29T16:22:57.0962317Z Removing SSH command configuration
repository	UNKNOWN STEP	2026-09-29T16:22:57.0963585Z [command]/usr/bin/git config --local --name-only --get-regexp core\.sshCommand
repository	UNKNOWN STEP	2026-09-29T16:22:57.0967348Z [command]/usr/bin/git submodule foreach --recursive sh -c "git config --local --name-only --get-regexp 'core\.sshCommand' && git config --local --unset-all 'core.sshCommand' || :"
repository	UNKNOWN STEP	2026-09-29T16:22:57.1355484Z Removing HTTP extra header
repository	UNKNOWN STEP	2026-09-29T16:22:57.1363628Z [command]/usr/bin/git config --local --name-only --get-regexp http\.https\:\/\/github\.com\/\.extraheader
repository	UNKNOWN STEP	2026-09-29T16:22:57.1403431Z [command]/usr/bin/git submodule foreach --recursive sh -c "git config --local --name-only --get-regexp 'http\.https\:\/\/github\.com\/\.extraheader' && git config --local --unset-all 'http.https://github.com/.extraheader' || :"
repository	UNKNOWN STEP	2026-09-29T16:22:57.1632783Z Removing includeIf entries pointing to credentials config files
repository	UNKNOWN STEP	2026-09-29T16:22:57.1640664Z [command]/usr/bin/git config --local --name-only --get-regexp ^includeIf\.gitdir:
repository	UNKNOWN STEP	2026-09-29T16:22:57.1679256Z [command]/usr/bin/git submodule foreach --recursive git config --local --show-origin --name-only --get-regexp remote.origin.url
repository	UNKNOWN STEP	2026-09-29T16:22:57.1918636Z [command]/usr/bin/git config --file /home/runner/work/_temp/git-credentials-c75ac283-e4fd-431a-a776-57869af66516.config http.https://github.com/.extraheader AUTHORIZATION: basic ***
repository	UNKNOWN STEP	2026-09-29T16:22:57.1960774Z [command]/usr/bin/git config --local includeIf.gitdir:/home/runner/work/Azaeron-Verity/Azaeron-Verity/.git.path /home/runner/work/_temp/git-credentials-c75ac283-e4fd-431a-a776-57869af66516.config
repository	UNKNOWN STEP	2026-09-29T16:22:57.1997580Z [command]/usr/bin/git config --local includeIf.gitdir:/home/runner/work/Azaeron-Verity/Azaeron-Verity/.git/worktrees/*.path /home/runner/work/_temp/git-credentials-c75ac283-e4fd-431a-a776-57869af66516.config
repository	UNKNOWN STEP	2026-09-29T16:22:57.2034885Z [command]/usr/bin/git config --local includeIf.gitdir:/github/workspace/.git.path /github/runner_temp/git-credentials-c75ac283-e4fd-431a-a776-57869af66516.config
repository	UNKNOWN STEP	2026-09-29T16:22:57.2070853Z [command]/usr/bin/git config --local includeIf.gitdir:/github/workspace/.git/worktrees/*.path /github/runner_temp/git-credentials-c75ac283-e4fd-431a-a776-57869af66516.config
repository	UNKNOWN STEP	2026-09-29T16:22:57.2106607Z ##[endgroup]
repository	UNKNOWN STEP	2026-09-29T16:22:57.2108054Z ##[group]Fetching the repository
repository	UNKNOWN STEP	2026-09-29T16:22:57.2116312Z [command]/usr/bin/git -c protocol.version=2 fetch --no-tags --prune --no-recurse-submodules --depth=1 origin +4bcc572eb8d73057c3ffe9d7ece7c13bdbae40e4:refs/remotes/origin/codex/private-agent-core-20260929
repository	UNKNOWN STEP	2026-09-29T16:22:59.7447815Z From https://github.com/arajmir7/Azaeron-Verity
repository	UNKNOWN STEP	2026-09-29T16:22:59.7450171Z  * [new ref]         4bcc572eb8d73057c3ffe9d7ece7c13bdbae40e4 -> origin/codex/private-agent-core-20260929
repository	UNKNOWN STEP	2026-09-29T16:22:59.7460977Z [command]/usr/bin/git branch --list --remote origin/codex/private-agent-core-20260929
repository	UNKNOWN STEP	2026-09-29T16:22:59.7491374Z   origin/codex/private-agent-core-20260929
repository	UNKNOWN STEP	2026-09-29T16:22:59.7501601Z [command]/usr/bin/git rev-parse refs/remotes/origin/codex/private-agent-core-20260929
repository	UNKNOWN STEP	2026-09-29T16:22:59.7530381Z 4bcc572eb8d73057c3ffe9d7ece7c13bdbae40e4
repository	UNKNOWN STEP	2026-09-29T16:22:59.7539916Z ##[endgroup]
repository	UNKNOWN STEP	2026-09-29T16:22:59.7541485Z ##[group]Determining the checkout info
repository	UNKNOWN STEP	2026-09-29T16:22:59.7543116Z ##[endgroup]
repository	UNKNOWN STEP	2026-09-29T16:22:59.7544008Z [command]/usr/bin/git sparse-checkout disable
repository	UNKNOWN STEP	2026-09-29T16:22:59.7597178Z [command]/usr/bin/git config --local --unset-all extensions.worktreeConfig
repository	UNKNOWN STEP	2026-09-29T16:22:59.7633452Z ##[group]Checking out the ref
repository	UNKNOWN STEP	2026-09-29T16:22:59.7636133Z [command]/usr/bin/git checkout --progress --force -B codex/private-agent-core-20260929 refs/remotes/origin/codex/private-agent-core-20260929
repository	UNKNOWN STEP	2026-09-29T16:23:00.0184209Z Switched to a new branch 'codex/private-agent-core-20260929'
repository	UNKNOWN STEP	2026-09-29T16:23:00.0187544Z branch 'codex/private-agent-core-20260929' set up to track 'origin/codex/private-agent-core-20260929'.
repository	UNKNOWN STEP	2026-09-29T16:23:00.0229166Z ##[endgroup]
repository	UNKNOWN STEP	2026-09-29T16:23:00.0281006Z [command]/usr/bin/git log -1 --format=%H
repository	UNKNOWN STEP	2026-09-29T16:23:00.0310128Z 4bcc572eb8d73057c3ffe9d7ece7c13bdbae40e4
repository	UNKNOWN STEP	2026-09-29T16:23:00.0703172Z ##[group]Run actions/setup-node@249970729cb0ef3589644e2896645e5dc5ba9c38
repository	UNKNOWN STEP	2026-09-29T16:23:00.0704957Z with:
repository	UNKNOWN STEP	2026-09-29T16:23:00.0705954Z   node-version-file: .nvmrc
repository	UNKNOWN STEP	2026-09-29T16:23:00.0707501Z   cache: npm
repository	UNKNOWN STEP	2026-09-29T16:23:00.0708692Z   cache-dependency-path: frontend/package-lock.json
repository	UNKNOWN STEP	2026-09-29T16:23:00.0710177Z   check-latest: false
repository	UNKNOWN STEP	2026-09-29T16:23:00.0720871Z   token: ***
repository	UNKNOWN STEP	2026-09-29T16:23:00.0721923Z   package-manager-cache: true
repository	UNKNOWN STEP	2026-09-29T16:23:00.0723108Z ##[endgroup]
repository	UNKNOWN STEP	2026-09-29T16:23:00.2085002Z Node version file is not JSON file
repository	UNKNOWN STEP	2026-09-29T16:23:00.2087560Z Resolved .nvmrc as 22.23.2
repository	UNKNOWN STEP	2026-09-29T16:23:00.2124362Z Found in cache @ /opt/hostedtoolcache/node/22.23.2/x64
repository	UNKNOWN STEP	2026-09-29T16:23:00.2128359Z ##[group]Environment details
repository	UNKNOWN STEP	2026-09-29T16:23:00.6438102Z node: v22.23.2
repository	UNKNOWN STEP	2026-09-29T16:23:00.6439053Z npm: 10.9.8
repository	UNKNOWN STEP	2026-09-29T16:23:00.6439605Z yarn: 1.22.22
repository	UNKNOWN STEP	2026-09-29T16:23:00.6440870Z ##[endgroup]
repository	UNKNOWN STEP	2026-09-29T16:23:00.6459625Z [command]/opt/hostedtoolcache/node/22.23.2/x64/bin/npm config get cache
repository	UNKNOWN STEP	2026-09-29T16:23:00.7543829Z /home/runner/.npm
repository	UNKNOWN STEP	2026-09-29T16:23:01.0259548Z npm cache is not found
repository	UNKNOWN STEP	2026-09-29T16:23:01.0433200Z ##[group]Run actions/setup-python@ece7cb06caefa5fff74198d8649806c4678c61a1
repository	UNKNOWN STEP	2026-09-29T16:23:01.0433665Z with:
repository	UNKNOWN STEP	2026-09-29T16:23:01.0433880Z   python-version: 3.12
repository	UNKNOWN STEP	2026-09-29T16:23:01.0434117Z   check-latest: false
repository	UNKNOWN STEP	2026-09-29T16:23:01.0436747Z   token: ***
repository	UNKNOWN STEP	2026-09-29T16:23:01.0437161Z   update-environment: true
repository	UNKNOWN STEP	2026-09-29T16:23:01.0437419Z   allow-prereleases: false
repository	UNKNOWN STEP	2026-09-29T16:23:01.0437683Z   freethreaded: false
repository	UNKNOWN STEP	2026-09-29T16:23:01.0437917Z ##[endgroup]
repository	UNKNOWN STEP	2026-09-29T16:23:01.1728605Z ##[group]Installed versions
repository	UNKNOWN STEP	2026-09-29T16:23:01.1826062Z Successfully set up CPython (3.12.14)
repository	UNKNOWN STEP	2026-09-29T16:23:01.1827588Z ##[endgroup]
repository	UNKNOWN STEP	2026-09-29T16:23:01.1965284Z ##[group]Run npm ci --prefix frontend
repository	UNKNOWN STEP	2026-09-29T16:23:01.1965711Z ^[[36;1mnpm ci --prefix frontend^[[0m
repository	UNKNOWN STEP	2026-09-29T16:23:01.2304027Z shell: /usr/bin/bash -e {0}
repository	UNKNOWN STEP	2026-09-29T16:23:01.2304400Z env:
repository	UNKNOWN STEP	2026-09-29T16:23:01.2304745Z   pythonLocation: /opt/hostedtoolcache/Python/3.12.14/x64
repository	UNKNOWN STEP	2026-09-29T16:23:01.2305285Z   PKG_CONFIG_PATH: /opt/hostedtoolcache/Python/3.12.14/x64/lib/pkgconfig
repository	UNKNOWN STEP	2026-09-29T16:23:01.2306124Z   Python_ROOT_DIR: /opt/hostedtoolcache/Python/3.12.14/x64
repository	UNKNOWN STEP	2026-09-29T16:23:01.2306599Z   Python2_ROOT_DIR: /opt/hostedtoolcache/Python/3.12.14/x64
repository	UNKNOWN STEP	2026-09-29T16:23:01.2307419Z   Python3_ROOT_DIR: /opt/hostedtoolcache/Python/3.12.14/x64
repository	UNKNOWN STEP	2026-09-29T16:23:01.2307908Z   LD_LIBRARY_PATH: /opt/hostedtoolcache/Python/3.12.14/x64/lib
repository	UNKNOWN STEP	2026-09-29T16:23:01.2308314Z ##[endgroup]
repository	UNKNOWN STEP	2026-09-29T16:23:07.1576029Z npm warn deprecated recharts@2.15.4: 1.x and 2.x branches are no longer active. Bump to Recharts v3 to receive latest features and bugfixes. See https://github.com/recharts/recharts/wiki/3.0-migration-guide
repository	UNKNOWN STEP	2026-09-29T16:23:07.4909286Z npm warn deprecated eslint@9.39.5: This version is no longer supported. Please see https://eslint.org/version-support for other options.
repository	UNKNOWN STEP	2026-09-29T16:23:14.7747018Z 
repository	UNKNOWN STEP	2026-09-29T16:23:14.7748601Z added 404 packages, and audited 405 packages in 13s
repository	UNKNOWN STEP	2026-09-29T16:23:14.7749316Z 
repository	UNKNOWN STEP	2026-09-29T16:23:14.7749716Z 150 packages are looking for funding
repository	UNKNOWN STEP	2026-09-29T16:23:14.7758378Z   run `npm fund` for details
repository	UNKNOWN STEP	2026-09-29T16:23:14.7763267Z 
repository	UNKNOWN STEP	2026-09-29T16:23:14.7763564Z found 0 vulnerabilities
repository	UNKNOWN STEP	2026-09-29T16:23:14.8426105Z ##[group]Run npx --prefix frontend playwright install --with-deps chromium
repository	UNKNOWN STEP	2026-09-29T16:23:14.8426714Z ^[[36;1mnpx --prefix frontend playwright install --with-deps chromium^[[0m
repository	UNKNOWN STEP	2026-09-29T16:23:14.8494757Z shell: /usr/bin/bash -e {0}
repository	UNKNOWN STEP	2026-09-29T16:23:14.8495015Z env:
repository	UNKNOWN STEP	2026-09-29T16:23:14.8495289Z   pythonLocation: /opt/hostedtoolcache/Python/3.12.14/x64
repository	UNKNOWN STEP	2026-09-29T16:23:14.8495765Z   PKG_CONFIG_PATH: /opt/hostedtoolcache/Python/3.12.14/x64/lib/pkgconfig
repository	UNKNOWN STEP	2026-09-29T16:23:14.8496211Z   Python_ROOT_DIR: /opt/hostedtoolcache/Python/3.12.14/x64
repository	UNKNOWN STEP	2026-09-29T16:23:14.8496604Z   Python2_ROOT_DIR: /opt/hostedtoolcache/Python/3.12.14/x64
repository	UNKNOWN STEP	2026-09-29T16:23:14.8497157Z   Python3_ROOT_DIR: /opt/hostedtoolcache/Python/3.12.14/x64
repository	UNKNOWN STEP	2026-09-29T16:23:14.8497560Z   LD_LIBRARY_PATH: /opt/hostedtoolcache/Python/3.12.14/x64/lib
repository	UNKNOWN STEP	2026-09-29T16:23:14.8497898Z ##[endgroup]
repository	UNKNOWN STEP	2026-09-29T16:23:15.6334356Z Installing dependencies...
repository	UNKNOWN STEP	2026-09-29T16:23:15.6403324Z Switching to root user to install dependencies...
repository	UNKNOWN STEP	2026-09-29T16:23:15.7589424Z Get:1 file:/etc/apt/apt-mirrors.txt Mirrorlist [144 B]
repository	UNKNOWN STEP	2026-09-29T16:23:15.7729137Z Get:3 https://packages.microsoft.com/ubuntu/24.04/prod noble InRelease [3600 B]
repository	UNKNOWN STEP	2026-09-29T16:23:15.7895379Z Hit:2 http://azure.archive.ubuntu.com/ubuntu noble InRelease
repository	UNKNOWN STEP	2026-09-29T16:23:15.7967564Z Get:4 http://azure.archive.ubuntu.com/ubuntu noble-updates InRelease [126 kB]
repository	UNKNOWN STEP	2026-09-29T16:23:15.7972834Z Get:5 http://azure.archive.ubuntu.com/ubuntu noble-backports InRelease [126 kB]
repository	UNKNOWN STEP	2026-09-29T16:23:15.7974434Z Get:6 http://azure.archive.ubuntu.com/ubuntu noble-security InRelease [126 kB]
repository	UNKNOWN STEP	2026-09-29T16:23:15.8576052Z Get:7 https://packages.microsoft.com/ubuntu/24.04/prod noble/main amd64 Packages [501 kB]
repository	UNKNOWN STEP	2026-09-29T16:23:15.8713908Z Get:8 https://packages.microsoft.com/ubuntu/24.04/prod noble/main arm64 Packages [452 kB]
repository	UNKNOWN STEP	2026-09-29T16:23:15.9744899Z Get:9 http://azure.archive.ubuntu.com/ubuntu noble-updates/main amd64 Packages [1319 kB]
repository	UNKNOWN STEP	2026-09-29T16:23:15.9823205Z Get:10 http://azure.archive.ubuntu.com/ubuntu noble-updates/main Translation-en [299 kB]
repository	UNKNOWN STEP	2026-09-29T16:23:15.9839331Z Get:11 http://azure.archive.ubuntu.com/ubuntu noble-updates/main amd64 Components [181 kB]
repository	UNKNOWN STEP	2026-09-29T16:23:15.9848619Z Get:12 http://azure.archive.ubuntu.com/ubuntu noble-updates/universe amd64 Packages [1697 kB]
repository	UNKNOWN STEP	2026-09-29T16:23:15.9952342Z Get:13 http://azure.archive.ubuntu.com/ubuntu noble-updates/universe Translation-en [340 kB]
repository	UNKNOWN STEP	2026-09-29T16:23:15.9976674Z Get:14 http://azure.archive.ubuntu.com/ubuntu noble-updates/universe amd64 Components [388 kB]
repository	UNKNOWN STEP	2026-09-29T16:23:16.0003482Z Get:15 http://azure.archive.ubuntu.com/ubuntu noble-updates/restricted amd64 Packages [1654 kB]
repository	UNKNOWN STEP	2026-09-29T16:23:16.0103320Z Get:16 http://azure.archive.ubuntu.com/ubuntu noble-updates/restricted Translation-en [377 kB]
repository	UNKNOWN STEP	2026-09-29T16:23:16.0136096Z Get:17 http://azure.archive.ubuntu.com/ubuntu noble-updates/multiverse amd64 Components [940 B]
repository	UNKNOWN STEP	2026-09-29T16:23:16.0397561Z Get:18 http://azure.archive.ubuntu.com/ubuntu noble-backports/main amd64 Packages [40.6 kB]
repository	UNKNOWN STEP	2026-09-29T16:23:16.0818770Z Get:19 http://azure.archive.ubuntu.com/ubuntu noble-backports/main amd64 Components [5788 B]
repository	UNKNOWN STEP	2026-09-29T16:23:16.0825787Z Get:20 http://azure.archive.ubuntu.com/ubuntu noble-backports/universe amd64 Packages [31.0 kB]
repository	UNKNOWN STEP	2026-09-29T16:23:16.0830804Z Get:21 http://azure.archive.ubuntu.com/ubuntu noble-backports/universe Translation-en [18.6 kB]
repository	UNKNOWN STEP	2026-09-29T16:23:16.0840671Z Get:22 http://azure.archive.ubuntu.com/ubuntu noble-backports/universe amd64 Components [12.6 kB]
repository	UNKNOWN STEP	2026-09-29T16:23:16.0933749Z Get:23 http://azure.archive.ubuntu.com/ubuntu noble-security/main amd64 Packages [1063 kB]
repository	UNKNOWN STEP	2026-09-29T16:23:16.1038832Z Get:24 http://azure.archive.ubuntu.com/ubuntu noble-security/main Translation-en [220 kB]
repository	UNKNOWN STEP	2026-09-29T16:23:16.1055375Z Get:25 http://azure.archive.ubuntu.com/ubuntu noble-security/main amd64 Components [46.3 kB]
repository	UNKNOWN STEP	2026-09-29T16:23:16.1064803Z Get:26 http://azure.archive.ubuntu.com/ubuntu noble-security/universe amd64 Packages [1216 kB]
repository	UNKNOWN STEP	2026-09-29T16:23:16.1143177Z Get:27 http://azure.archive.ubuntu.com/ubuntu noble-security/universe Translation-en [244 kB]
repository	UNKNOWN STEP	2026-09-29T16:23:16.1148246Z Get:28 http://azure.archive.ubuntu.com/ubuntu noble-security/universe amd64 Components [76.3 kB]
repository	UNKNOWN STEP	2026-09-29T16:23:16.1188924Z Get:29 http://azure.archive.ubuntu.com/ubuntu noble-security/restricted amd64 Packages [1559 kB]
repository	UNKNOWN STEP	2026-09-29T16:23:16.1254350Z Get:30 http://azure.archive.ubuntu.com/ubuntu noble-security/restricted Translation-en [359 kB]
repository	UNKNOWN STEP	2026-09-29T16:23:20.4109859Z Fetched 12.5 MB in 1s (9045 kB/s)
repository	UNKNOWN STEP	2026-09-29T16:23:21.2584703Z Reading package lists...
repository	UNKNOWN STEP	2026-09-29T16:23:21.2820059Z Reading package lists...
repository	UNKNOWN STEP	2026-09-29T16:23:21.4709533Z Building dependency tree...
repository	UNKNOWN STEP	2026-09-29T16:23:21.4716666Z Reading state information...
repository	UNKNOWN STEP	2026-09-29T16:23:21.6185166Z libasound2t64 is already the newest version (1.2.11-1ubuntu0.3).
repository	UNKNOWN STEP	2026-09-29T16:23:21.6186584Z libasound2t64 set to manually installed.
repository	UNKNOWN STEP	2026-09-29T16:23:21.6188040Z libatk-bridge2.0-0t64 is already the newest version (2.52.0-1build1).
repository	UNKNOWN STEP	2026-09-29T16:23:21.6189106Z libatk-bridge2.0-0t64 set to manually installed.
repository	UNKNOWN STEP	2026-09-29T16:23:21.6190429Z libatk1.0-0t64 is already the newest version (2.52.0-1build1).
repository	UNKNOWN STEP	2026-09-29T16:23:21.6191685Z libatk1.0-0t64 set to manually installed.
repository	UNKNOWN STEP	2026-09-29T16:23:21.6192914Z libatspi2.0-0t64 is already the newest version (2.52.0-1build1).
repository	UNKNOWN STEP	2026-09-29T16:23:21.6193747Z libatspi2.0-0t64 set to manually installed.
repository	UNKNOWN STEP	2026-09-29T16:23:21.6194573Z libcairo2 is already the newest version (1.18.0-3build1).
repository	UNKNOWN STEP	2026-09-29T16:23:21.6195524Z libcairo2 set to manually installed.
repository	UNKNOWN STEP	2026-09-29T16:23:21.6196490Z libcups2t64 is already the newest version (2.4.7-1.2ubuntu7.14).
repository	UNKNOWN STEP	2026-09-29T16:23:21.6197514Z libcups2t64 set to manually installed.
repository	UNKNOWN STEP	2026-09-29T16:23:21.6198425Z libdbus-1-3 is already the newest version (1.14.10-4ubuntu4.1).
repository	UNKNOWN STEP	2026-09-29T16:23:21.6199165Z libdbus-1-3 set to manually installed.
repository	UNKNOWN STEP	2026-09-29T16:23:21.6221845Z libdrm2 is already the newest version (2.4.125-1ubuntu0.1~24.04.2).
repository	UNKNOWN STEP	2026-09-29T16:23:21.6222614Z libdrm2 set to manually installed.
repository	UNKNOWN STEP	2026-09-29T16:23:21.6223402Z libgbm1 is already the newest version (25.2.8-0ubuntu0.24.04.2).
repository	UNKNOWN STEP	2026-09-29T16:23:21.6224128Z libgbm1 set to manually installed.
repository	UNKNOWN STEP	2026-09-29T16:23:21.6224872Z libnspr4 is already the newest version (2:4.35-1.1build1).
repository	UNKNOWN STEP	2026-09-29T16:23:21.6225584Z libnspr4 set to manually installed.
repository	UNKNOWN STEP	2026-09-29T16:23:21.6226295Z libnss3 is already the newest version (2:3.98-1ubuntu0.2).
repository	UNKNOWN STEP	2026-09-29T16:23:21.6227284Z libnss3 set to manually installed.
repository	UNKNOWN STEP	2026-09-29T16:23:21.6228093Z libpango-1.0-0 is already the newest version (1.52.1+ds-1build1).
repository	UNKNOWN STEP	2026-09-29T16:23:21.6228870Z libpango-1.0-0 set to manually installed.
repository	UNKNOWN STEP	2026-09-29T16:23:21.6229621Z libx11-6 is already the newest version (2:1.8.7-1build1).
repository	UNKNOWN STEP	2026-09-29T16:23:21.6230295Z libx11-6 set to manually installed.
repository	UNKNOWN STEP	2026-09-29T16:23:21.6230972Z libxcb1 is already the newest version (1.15-1ubuntu2).
repository	UNKNOWN STEP	2026-09-29T16:23:21.6231974Z libxcb1 set to manually installed.
repository	UNKNOWN STEP	2026-09-29T16:23:21.6232750Z libxcomposite1 is already the newest version (1:0.4.5-1build3).
repository	UNKNOWN STEP	2026-09-29T16:23:21.6233552Z libxcomposite1 set to manually installed.
repository	UNKNOWN STEP	2026-09-29T16:23:21.6234360Z libxdamage1 is already the newest version (1:1.1.6-1build1).
repository	UNKNOWN STEP	2026-09-29T16:23:21.6235077Z libxdamage1 set to manually installed.
repository	UNKNOWN STEP	2026-09-29T16:23:21.6235861Z libxext6 is already the newest version (2:1.3.4-1build2).
repository	UNKNOWN STEP	2026-09-29T16:23:21.6236508Z libxext6 set to manually installed.
repository	UNKNOWN STEP	2026-09-29T16:23:21.6237592Z libxfixes3 is already the newest version (1:6.0.0-2build1).
repository	UNKNOWN STEP	2026-09-29T16:23:21.6238094Z libxfixes3 set to manually installed.
repository	UNKNOWN STEP	2026-09-29T16:23:21.6238531Z libxkbcommon0 is already the newest version (1.6.0-1build1).
repository	UNKNOWN STEP	2026-09-29T16:23:21.6238948Z libxkbcommon0 set to manually installed.
repository	UNKNOWN STEP	2026-09-29T16:23:21.6239364Z libxrandr2 is already the newest version (2:1.5.2-2build1).
repository	UNKNOWN STEP	2026-09-29T16:23:21.6239762Z libxrandr2 set to manually installed.
repository	UNKNOWN STEP	2026-09-29T16:23:21.6240264Z fonts-noto-color-emoji is already the newest version (2.047-0ubuntu0.24.04.1).
repository	UNKNOWN STEP	2026-09-29T16:23:21.6241065Z libfontconfig1 is already the newest version (2.15.0-1.1ubuntu2).
repository	UNKNOWN STEP	2026-09-29T16:23:21.6241507Z libfontconfig1 set to manually installed.
repository	UNKNOWN STEP	2026-09-29T16:23:21.6241964Z libfreetype6 is already the newest version (2.13.2+dfsg-1ubuntu0.1).
repository	UNKNOWN STEP	2026-09-29T16:23:21.6242402Z libfreetype6 set to manually installed.
repository	UNKNOWN STEP	2026-09-29T16:23:21.6242812Z fonts-liberation is already the newest version (1:2.1.5-3).
repository	UNKNOWN STEP	2026-09-29T16:23:21.6243230Z fonts-liberation set to manually installed.
repository	UNKNOWN STEP	2026-09-29T16:23:21.6243638Z The following additional packages will be installed:
repository	UNKNOWN STEP	2026-09-29T16:23:21.6244139Z   gir1.2-glib-2.0 libglib2.0-bin libglib2.0-data xfonts-encodings xfonts-utils
repository	UNKNOWN STEP	2026-09-29T16:23:21.6244554Z   xserver-common
repository	UNKNOWN STEP	2026-09-29T16:23:21.6244786Z Suggested packages:
repository	UNKNOWN STEP	2026-09-29T16:23:21.6245012Z   low-memory-monitor
repository	UNKNOWN STEP	2026-09-29T16:23:21.6245247Z Recommended packages:
repository	UNKNOWN STEP	2026-09-29T16:23:21.6245553Z   fonts-ipafont-mincho fonts-tlwg-loma xfonts-base
repository	UNKNOWN STEP	2026-09-29T16:23:21.6473464Z The following NEW packages will be installed:
repository	UNKNOWN STEP	2026-09-29T16:23:21.6474536Z   fonts-freefont-ttf fonts-ipafont-gothic fonts-tlwg-loma-otf fonts-unifont
repository	UNKNOWN STEP	2026-09-29T16:23:21.6482053Z   fonts-wqy-zenhei xfonts-cyrillic xfonts-encodings xfonts-scalable
repository	UNKNOWN STEP	2026-09-29T16:23:21.6482805Z   xfonts-utils
repository	UNKNOWN STEP	2026-09-29T16:23:21.6486470Z The following packages will be upgraded:
repository	UNKNOWN STEP	2026-09-29T16:23:21.6493482Z   gir1.2-glib-2.0 libglib2.0-0t64 libglib2.0-bin libglib2.0-data
repository	UNKNOWN STEP	2026-09-29T16:23:21.6494166Z   xserver-common xvfb
repository	UNKNOWN STEP	2026-09-29T16:23:21.6665629Z 6 upgraded, 9 newly installed, 0 to remove and 31 not upgraded.
repository	UNKNOWN STEP	2026-09-29T16:23:21.6666428Z Need to get 23.9 MB of archives.
repository	UNKNOWN STEP	2026-09-29T16:23:21.6667466Z After this operation, 79.6 MB of additional disk space will be used.
repository	UNKNOWN STEP	2026-09-29T16:23:21.6668341Z Get:1 file:/etc/apt/apt-mirrors.txt Mirrorlist [144 B]
repository	UNKNOWN STEP	2026-09-29T16:23:21.7405959Z Get:2 http://azure.archive.ubuntu.com/ubuntu noble/universe amd64 fonts-ipafont-gothic all 00303-21ubuntu1 [3513 kB]
repository	UNKNOWN STEP	2026-09-29T16:23:21.8656855Z Get:3 http://azure.archive.ubuntu.com/ubuntu noble-updates/main amd64 libglib2.0-data all 2.80.0-6ubuntu3.9 [50.1 kB]
repository	UNKNOWN STEP	2026-09-29T16:23:21.9255632Z Get:4 http://azure.archive.ubuntu.com/ubuntu noble-updates/main amd64 libglib2.0-bin amd64 2.80.0-6ubuntu3.9 [97.9 kB]
repository	UNKNOWN STEP	2026-09-29T16:23:21.9862646Z Get:5 http://azure.archive.ubuntu.com/ubuntu noble-updates/main amd64 gir1.2-glib-2.0 amd64 2.80.0-6ubuntu3.9 [183 kB]
repository	UNKNOWN STEP	2026-09-29T16:23:22.0471938Z Get:6 http://azure.archive.ubuntu.com/ubuntu noble-updates/main amd64 libglib2.0-0t64 amd64 2.80.0-6ubuntu3.9 [1547 kB]
repository	UNKNOWN STEP	2026-09-29T16:23:22.1209944Z Get:7 http://azure.archive.ubuntu.com/ubuntu noble/main amd64 fonts-freefont-ttf all 20211204+svn4273-2 [5641 kB]
repository	UNKNOWN STEP	2026-09-29T16:23:22.3135039Z Get:8 http://azure.archive.ubuntu.com/ubuntu noble/universe amd64 fonts-tlwg-loma-otf all 1:0.7.3-1 [107 kB]
repository	UNKNOWN STEP	2026-09-29T16:23:22.3736197Z Get:9 http://azure.archive.ubuntu.com/ubuntu noble/universe amd64 fonts-unifont all 1:15.1.01-1build1 [2993 kB]
repository	UNKNOWN STEP	2026-09-29T16:23:22.4958336Z Get:10 http://azure.archive.ubuntu.com/ubuntu noble/universe amd64 fonts-wqy-zenhei all 0.9.45-8 [7472 kB]
repository	UNKNOWN STEP	2026-09-29T16:23:22.7243992Z Get:11 http://azure.archive.ubuntu.com/ubuntu noble/main amd64 xfonts-encodings all 1:1.0.5-0ubuntu2 [578 kB]
repository	UNKNOWN STEP	2026-09-29T16:23:22.7953423Z Get:12 http://azure.archive.ubuntu.com/ubuntu noble/main amd64 xfonts-utils amd64 1:7.7+6build3 [94.4 kB]
repository	UNKNOWN STEP	2026-09-29T16:23:22.8557954Z Get:13 http://azure.archive.ubuntu.com/ubuntu noble/universe amd64 xfonts-cyrillic all 1:1.0.5+nmu1 [384 kB]
repository	UNKNOWN STEP	2026-09-29T16:23:22.9184974Z Get:14 http://azure.archive.ubuntu.com/ubuntu noble/main amd64 xfonts-scalable all 1:1.0.3-1.3 [304 kB]
repository	UNKNOWN STEP	2026-09-29T16:23:22.9804497Z Get:15 http://azure.archive.ubuntu.com/ubuntu noble-updates/main amd64 xserver-common all 2:21.1.12-1ubuntu1.8 [34.8 kB]
repository	UNKNOWN STEP	2026-09-29T16:23:23.1002167Z Get:16 http://azure.archive.ubuntu.com/ubuntu noble-updates/universe amd64 xvfb amd64 2:21.1.12-1ubuntu1.8 [877 kB]
repository	UNKNOWN STEP	2026-09-29T16:23:23.7311454Z Fetched 23.9 MB in 2s (13.1 MB/s)
repository	UNKNOWN STEP	2026-09-29T16:23:23.7554691Z Selecting previously unselected package fonts-ipafont-gothic.
repository	UNKNOWN STEP	2026-09-29T16:23:23.7872540Z (Reading database ... 
repository	UNKNOWN STEP	2026-09-29T16:23:23.7872900Z (Reading database ... 5%
repository	UNKNOWN STEP	2026-09-29T16:23:23.7873186Z (Reading database ... 10%
repository	UNKNOWN STEP	2026-09-29T16:23:23.7873447Z (Reading database ... 15%
repository	UNKNOWN STEP	2026-09-29T16:23:23.7873706Z (Reading database ... 20%
repository	UNKNOWN STEP	2026-09-29T16:23:23.7874687Z (Reading database ... 25%
repository	UNKNOWN STEP	2026-09-29T16:23:23.7876838Z (Reading database ... 30%
repository	UNKNOWN STEP	2026-09-29T16:23:23.7877615Z (Reading database ... 35%
repository	UNKNOWN STEP	2026-09-29T16:23:23.7878137Z (Reading database ... 40%
repository	UNKNOWN STEP	2026-09-29T16:23:23.7878591Z (Reading database ... 45%
repository	UNKNOWN STEP	2026-09-29T16:23:23.7878910Z (Reading database ... 50%
repository	UNKNOWN STEP	2026-09-29T16:23:23.7917666Z (Reading database ... 55%
repository	UNKNOWN STEP	2026-09-29T16:23:23.9562068Z (Reading database ... 60%
repository	UNKNOWN STEP	2026-09-29T16:23:24.1560976Z (Reading database ... 65%
repository	UNKNOWN STEP	2026-09-29T16:23:24.3999829Z (Reading database ... 70%
repository	UNKNOWN STEP	2026-09-29T16:23:24.5520697Z (Reading database ... 75%
repository	UNKNOWN STEP	2026-09-29T16:23:24.7106930Z (Reading database ... 80%
repository	UNKNOWN STEP	2026-09-29T16:23:24.9210631Z (Reading database ... 85%
repository	UNKNOWN STEP	2026-09-29T16:23:25.0601028Z (Reading database ... 90%
repository	UNKNOWN STEP	2026-09-29T16:23:25.2211083Z (Reading database ... 95%
repository	UNKNOWN STEP	2026-09-29T16:23:25.2211553Z (Reading database ... 100%
repository	UNKNOWN STEP	2026-09-29T16:23:25.2212214Z (Reading database ... 202190 files and directories currently installed.)
repository	UNKNOWN STEP	2026-09-29T16:23:25.2253862Z Preparing to unpack .../00-fonts-ipafont-gothic_00303-21ubuntu1_all.deb ...
repository	UNKNOWN STEP	2026-09-29T16:23:25.2351484Z Unpacking fonts-ipafont-gothic (00303-21ubuntu1) ...
repository	UNKNOWN STEP	2026-09-29T16:23:25.4738806Z Preparing to unpack .../01-libglib2.0-data_2.80.0-6ubuntu3.9_all.deb ...
repository	UNKNOWN STEP	2026-09-29T16:23:25.4759438Z Unpacking libglib2.0-data (2.80.0-6ubuntu3.9) over (2.80.0-6ubuntu3.8) ...
repository	UNKNOWN STEP	2026-09-29T16:23:25.5078894Z Preparing to unpack .../02-libglib2.0-bin_2.80.0-6ubuntu3.9_amd64.deb ...
repository	UNKNOWN STEP	2026-09-29T16:23:25.5098052Z Unpacking libglib2.0-bin (2.80.0-6ubuntu3.9) over (2.80.0-6ubuntu3.8) ...
repository	UNKNOWN STEP	2026-09-29T16:23:25.5566578Z Preparing to unpack .../03-gir1.2-glib-2.0_2.80.0-6ubuntu3.9_amd64.deb ...
repository	UNKNOWN STEP	2026-09-29T16:23:25.5586274Z Unpacking gir1.2-glib-2.0:amd64 (2.80.0-6ubuntu3.9) over (2.80.0-6ubuntu3.8) ...
repository	UNKNOWN STEP	2026-09-29T16:23:25.5972836Z Preparing to unpack .../04-libglib2.0-0t64_2.80.0-6ubuntu3.9_amd64.deb ...
repository	UNKNOWN STEP	2026-09-29T16:23:25.6038781Z Unpacking libglib2.0-0t64:amd64 (2.80.0-6ubuntu3.9) over (2.80.0-6ubuntu3.8) ...
repository	UNKNOWN STEP	2026-09-29T16:23:25.6453935Z Selecting previously unselected package fonts-freefont-ttf.
repository	UNKNOWN STEP	2026-09-29T16:23:25.6588437Z Preparing to unpack .../05-fonts-freefont-ttf_20211204+svn4273-2_all.deb ...
repository	UNKNOWN STEP	2026-09-29T16:23:25.6595042Z Unpacking fonts-freefont-ttf (20211204+svn4273-2) ...
repository	UNKNOWN STEP	2026-09-29T16:23:25.7347468Z Selecting previously unselected package fonts-tlwg-loma-otf.
repository	UNKNOWN STEP	2026-09-29T16:23:25.7472322Z Preparing to unpack .../06-fonts-tlwg-loma-otf_1%3a0.7.3-1_all.deb ...
repository	UNKNOWN STEP	2026-09-29T16:23:25.7479876Z Unpacking fonts-tlwg-loma-otf (1:0.7.3-1) ...
repository	UNKNOWN STEP	2026-09-29T16:23:25.7671814Z Selecting previously unselected package fonts-unifont.
repository	UNKNOWN STEP	2026-09-29T16:23:25.7794948Z Preparing to unpack .../07-fonts-unifont_1%3a15.1.01-1build1_all.deb ...
repository	UNKNOWN STEP	2026-09-29T16:23:25.7800831Z Unpacking fonts-unifont (1:15.1.01-1build1) ...
repository	UNKNOWN STEP	2026-09-29T16:23:25.8803188Z Selecting previously unselected package fonts-wqy-zenhei.
repository	UNKNOWN STEP	2026-09-29T16:23:25.8929898Z Preparing to unpack .../08-fonts-wqy-zenhei_0.9.45-8_all.deb ...
repository	UNKNOWN STEP	2026-09-29T16:23:25.9027311Z Unpacking fonts-wqy-zenhei (0.9.45-8) ...
repository	UNKNOWN STEP	2026-09-29T16:23:26.3679778Z Selecting previously unselected package xfonts-encodings.
repository	UNKNOWN STEP	2026-09-29T16:23:26.3805261Z Preparing to unpack .../09-xfonts-encodings_1%3a1.0.5-0ubuntu2_all.deb ...
repository	UNKNOWN STEP	2026-09-29T16:23:26.3811887Z Unpacking xfonts-encodings (1:1.0.5-0ubuntu2) ...
repository	UNKNOWN STEP	2026-09-29T16:23:26.4085536Z Selecting previously unselected package xfonts-utils.
repository	UNKNOWN STEP	2026-09-29T16:23:26.4209622Z Preparing to unpack .../10-xfonts-utils_1%3a7.7+6build3_amd64.deb ...
repository	UNKNOWN STEP	2026-09-29T16:23:26.4216732Z Unpacking xfonts-utils (1:7.7+6build3) ...
repository	UNKNOWN STEP	2026-09-29T16:23:26.4526192Z Selecting previously unselected package xfonts-cyrillic.
repository	UNKNOWN STEP	2026-09-29T16:23:26.4647181Z Preparing to unpack .../11-xfonts-cyrillic_1%3a1.0.5+nmu1_all.deb ...
repository	UNKNOWN STEP	2026-09-29T16:23:26.4653568Z Unpacking xfonts-cyrillic (1:1.0.5+nmu1) ...
repository	UNKNOWN STEP	2026-09-29T16:23:26.4995165Z Selecting previously unselected package xfonts-scalable.
repository	UNKNOWN STEP	2026-09-29T16:23:26.5117703Z Preparing to unpack .../12-xfonts-scalable_1%3a1.0.3-1.3_all.deb ...
repository	UNKNOWN STEP	2026-09-29T16:23:26.5126050Z Unpacking xfonts-scalable (1:1.0.3-1.3) ...
repository	UNKNOWN STEP	2026-09-29T16:23:26.5462487Z Preparing to unpack .../13-xserver-common_2%3a21.1.12-1ubuntu1.8_all.deb ...
repository	UNKNOWN STEP	2026-09-29T16:23:26.5479259Z Unpacking xserver-common (2:21.1.12-1ubuntu1.8) over (2:21.1.12-1ubuntu1.6) ...
repository	UNKNOWN STEP	2026-09-29T16:23:26.5824161Z Preparing to unpack .../14-xvfb_2%3a21.1.12-1ubuntu1.8_amd64.deb ...
repository	UNKNOWN STEP	2026-09-29T16:23:26.5849174Z Unpacking xvfb (2:21.1.12-1ubuntu1.8) over (2:21.1.12-1ubuntu1.6) ...
repository	UNKNOWN STEP	2026-09-29T16:23:26.6412504Z Setting up fonts-wqy-zenhei (0.9.45-8) ...
repository	UNKNOWN STEP	2026-09-29T16:23:26.6524530Z Setting up fonts-freefont-ttf (20211204+svn4273-2) ...
repository	UNKNOWN STEP	2026-09-29T16:23:26.6543640Z Setting up libglib2.0-0t64:amd64 (2.80.0-6ubuntu3.9) ...
repository	UNKNOWN STEP	2026-09-29T16:23:26.6645650Z Setting up libglib2.0-data (2.80.0-6ubuntu3.9) ...
repository	UNKNOWN STEP	2026-09-29T16:23:26.6664043Z Setting up fonts-tlwg-loma-otf (1:0.7.3-1) ...
repository	UNKNOWN STEP	2026-09-29T16:23:26.6681156Z Setting up xfonts-encodings (1:1.0.5-0ubuntu2) ...
repository	UNKNOWN STEP	2026-09-29T16:23:26.6699308Z Setting up gir1.2-glib-2.0:amd64 (2.80.0-6ubuntu3.9) ...
repository	UNKNOWN STEP	2026-09-29T16:23:26.6717439Z Setting up fonts-ipafont-gothic (00303-21ubuntu1) ...
repository	UNKNOWN STEP	2026-09-29T16:23:26.6782551Z update-alternatives: using /usr/share/fonts/opentype/ipafont-gothic/ipag.ttf to provide /usr/share/fonts/truetype/fonts-japanese-gothic.ttf (fonts-japanese-gothic.ttf) in auto mode
repository	UNKNOWN STEP	2026-09-29T16:23:26.6797248Z Setting up xserver-common (2:21.1.12-1ubuntu1.8) ...
repository	UNKNOWN STEP	2026-09-29T16:23:26.6814512Z Setting up fonts-unifont (1:15.1.01-1build1) ...
repository	UNKNOWN STEP	2026-09-29T16:23:26.6830662Z Setting up xvfb (2:21.1.12-1ubuntu1.8) ...
repository	UNKNOWN STEP	2026-09-29T16:23:26.6846543Z Setting up libglib2.0-bin (2.80.0-6ubuntu3.9) ...
repository	UNKNOWN STEP	2026-09-29T16:23:26.6863106Z Setting up xfonts-utils (1:7.7+6build3) ...
repository	UNKNOWN STEP	2026-09-29T16:23:26.6899565Z Setting up xfonts-cyrillic (1:1.0.5+nmu1) ...
repository	UNKNOWN STEP	2026-09-29T16:23:26.7189297Z Setting up xfonts-scalable (1:1.0.3-1.3) ...
repository	UNKNOWN STEP	2026-09-29T16:23:26.7465343Z Processing triggers for libc-bin (2.39-0ubuntu8.9) ...
repository	UNKNOWN STEP	2026-09-29T16:23:26.7798299Z Processing triggers for man-db (2.12.0-4build2) ...
repository	UNKNOWN STEP	2026-09-29T16:23:26.7818204Z Not building database; man-db/auto-update is not 'true'.
repository	UNKNOWN STEP	2026-09-29T16:23:26.7828959Z Processing triggers for fontconfig (2.15.0-1.1ubuntu2) ...
repository	UNKNOWN STEP	2026-09-29T16:23:27.4390022Z 
repository	UNKNOWN STEP	2026-09-29T16:23:27.4392394Z Running kernel seems to be up-to-date.
repository	UNKNOWN STEP	2026-09-29T16:23:27.4392768Z 
repository	UNKNOWN STEP	2026-09-29T16:23:27.4392963Z Restarting services...
repository	UNKNOWN STEP	2026-09-29T16:23:27.4849803Z  systemctl restart packagekit.service php8.3-fpm.service polkit.service udisks2.service
repository	UNKNOWN STEP	2026-09-29T16:23:27.6168238Z 
repository	UNKNOWN STEP	2026-09-29T16:23:27.6168912Z Service restarts being deferred:
repository	UNKNOWN STEP	2026-09-29T16:23:27.6169501Z  systemctl restart ModemManager.service
repository	UNKNOWN STEP	2026-09-29T16:23:27.6170241Z  systemctl restart networkd-dispatcher.service
repository	UNKNOWN STEP	2026-09-29T16:23:27.6170845Z 
repository	UNKNOWN STEP	2026-09-29T16:23:27.6171182Z No containers need to be restarted.
repository	UNKNOWN STEP	2026-09-29T16:23:27.6171431Z 
repository	UNKNOWN STEP	2026-09-29T16:23:27.6171721Z No user sessions are running outdated binaries.
repository	UNKNOWN STEP	2026-09-29T16:23:27.6171949Z 
repository	UNKNOWN STEP	2026-09-29T16:23:27.6172306Z No VM guests are running outdated hypervisor (qemu) binaries on this host.
repository	UNKNOWN STEP	2026-09-29T16:23:28.5267460Z Downloading Chrome for Testing 151.0.7922.34 (playwright chromium v1234) from https://cdn.playwright.dev/builds/cft/151.0.7922.34/linux64/chrome-linux64.zip
repository	UNKNOWN STEP	2026-09-29T16:23:29.5692655Z |                                                                                |   0% of 184.3 MiB
repository	UNKNOWN STEP	2026-09-29T16:23:29.7735872Z |■■■■■■■■                                                                        |  10% of 184.3 MiB
repository	UNKNOWN STEP	2026-09-29T16:23:29.9500971Z |■■■■■■■■■■■■■■■■                                                                |  20% of 184.3 MiB
repository	UNKNOWN STEP	2026-09-29T16:23:30.1588345Z |■■■■■■■■■■■■■■■■■■■■■■■■                                                        |  30% of 184.3 MiB
repository	UNKNOWN STEP	2026-09-29T16:23:30.3122112Z |■■■■■■■■■■■■■■■■■■■■■■■■■■■■■■■■                                                |  40% of 184.3 MiB
repository	UNKNOWN STEP	2026-09-29T16:23:30.4825812Z |■■■■■■■■■■■■■■■■■■■■■■■■■■■■■■■■■■■■■■■■                                        |  50% of 184.3 MiB
repository	UNKNOWN STEP	2026-09-29T16:23:30.6428729Z |■■■■■■■■■■■■■■■■■■■■■■■■■■■■■■■■■■■■■■■■■■■■■■■■                                |  60% of 184.3 MiB
repository	UNKNOWN STEP	2026-09-29T16:23:30.8075453Z |■■■■■■■■■■■■■■■■■■■■■■■■■■■■■■■■■■■■■■■■■■■■■■■■■■■■■■■■                        |  70% of 184.3 MiB
repository	UNKNOWN STEP	2026-09-29T16:23:30.9795666Z |■■■■■■■■■■■■■■■■■■■■■■■■■■■■■■■■■■■■■■■■■■■■■■■■■■■■■■■■■■■■■■■■                |  80% of 184.3 MiB
repository	UNKNOWN STEP	2026-09-29T16:23:31.1713677Z |■■■■■■■■■■■■■■■■■■■■■■■■■■■■■■■■■■■■■■■■■■■■■■■■■■■■■■■■■■■■■■■■■■■■■■■■        |  90% of 184.3 MiB
repository	UNKNOWN STEP	2026-09-29T16:23:31.3684926Z |■■■■■■■■■■■■■■■■■■■■■■■■■■■■■■■■■■■■■■■■■■■■■■■■■■■■■■■■■■■■■■■■■■■■■■■■■■■■■■■■| 100% of 184.3 MiB
repository	UNKNOWN STEP	2026-09-29T16:23:34.1497925Z Chrome for Testing 151.0.7922.34 (playwright chromium v1234) downloaded to /home/runner/.cache/ms-playwright/chromium-1234
repository	UNKNOWN STEP	2026-09-29T16:23:34.1501485Z Downloading FFmpeg (playwright ffmpeg v1011) from https://cdn.playwright.dev/dbazure/download/playwright/builds/ffmpeg/1011/ffmpeg-linux.zip
repository	UNKNOWN STEP	2026-09-29T16:23:35.1122508Z |                                                                                |   0% of 2.3 MiB
repository	UNKNOWN STEP	2026-09-29T16:23:35.1159011Z |■■■■■■■■                                                                        |  10% of 2.3 MiB
repository	UNKNOWN STEP	2026-09-29T16:23:35.1182247Z |■■■■■■■■■■■■■■■■                                                                |  20% of 2.3 MiB
repository	UNKNOWN STEP	2026-09-29T16:23:35.1205867Z |■■■■■■■■■■■■■■■■■■■■■■■■                                                        |  30% of 2.3 MiB
repository	UNKNOWN STEP	2026-09-29T16:23:35.1220810Z |■■■■■■■■■■■■■■■■■■■■■■■■■■■■■■■■                                                |  40% of 2.3 MiB
repository	UNKNOWN STEP	2026-09-29T16:23:35.1234032Z |■■■■■■■■■■■■■■■■■■■■■■■■■■■■■■■■■■■■■■■■                                        |  50% of 2.3 MiB
repository	UNKNOWN STEP	2026-09-29T16:23:35.1248464Z |■■■■■■■■■■■■■■■■■■■■■■■■■■■■■■■■■■■■■■■■■■■■■■■■                                |  60% of 2.3 MiB
repository	UNKNOWN STEP	2026-09-29T16:23:35.1260343Z |■■■■■■■■■■■■■■■■■■■■■■■■■■■■■■■■■■■■■■■■■■■■■■■■■■■■■■■■                        |  70% of 2.3 MiB
repository	UNKNOWN STEP	2026-09-29T16:23:35.1272796Z |■■■■■■■■■■■■■■■■■■■■■■■■■■■■■■■■■■■■■■■■■■■■■■■■■■■■■■■■■■■■■■■■                |  80% of 2.3 MiB
repository	UNKNOWN STEP	2026-09-29T16:23:35.1285933Z |■■■■■■■■■■■■■■■■■■■■■■■■■■■■■■■■■■■■■■■■■■■■■■■■■■■■■■■■■■■■■■■■■■■■■■■■        |  90% of 2.3 MiB
repository	UNKNOWN STEP	2026-09-29T16:23:35.1297697Z |■■■■■■■■■■■■■■■■■■■■■■■■■■■■■■■■■■■■■■■■■■■■■■■■■■■■■■■■■■■■■■■■■■■■■■■■■■■■■■■■| 100% of 2.3 MiB
repository	UNKNOWN STEP	2026-09-29T16:23:35.1912526Z FFmpeg (playwright ffmpeg v1011) downloaded to /home/runner/.cache/ms-playwright/ffmpeg-1011
repository	UNKNOWN STEP	2026-09-29T16:23:35.1917740Z Downloading Chrome Headless Shell 151.0.7922.34 (playwright chromium-headless-shell v1234) from https://cdn.playwright.dev/builds/cft/151.0.7922.34/linux64/chrome-headless-shell-linux64.zip
repository	UNKNOWN STEP	2026-09-29T16:23:36.2239123Z |                                                                                |   0% of 114.7 MiB
repository	UNKNOWN STEP	2026-09-29T16:23:36.3676184Z |■■■■■■■■                                                                        |  10% of 114.7 MiB
repository	UNKNOWN STEP	2026-09-29T16:23:36.4321808Z |■■■■■■■■■■■■■■■■                                                                |  20% of 114.7 MiB
repository	UNKNOWN STEP	2026-09-29T16:23:36.4976660Z |■■■■■■■■■■■■■■■■■■■■■■■■                                                        |  30% of 114.7 MiB
repository	UNKNOWN STEP	2026-09-29T16:23:36.5660411Z |■■■■■■■■■■■■■■■■■■■■■■■■■■■■■■■■                                                |  40% of 114.7 MiB
repository	UNKNOWN STEP	2026-09-29T16:23:36.6516328Z |■■■■■■■■■■■■■■■■■■■■■■■■■■■■■■■■■■■■■■■■                                        |  50% of 114.7 MiB
repository	UNKNOWN STEP	2026-09-29T16:23:36.7527681Z |■■■■■■■■■■■■■■■■■■■■■■■■■■■■■■■■■■■■■■■■■■■■■■■■                                |  60% of 114.7 MiB
repository	UNKNOWN STEP	2026-09-29T16:23:36.8464547Z |■■■■■■■■■■■■■■■■■■■■■■■■■■■■■■■■■■■■■■■■■■■■■■■■■■■■■■■■                        |  70% of 114.7 MiB
repository	UNKNOWN STEP	2026-09-29T16:23:36.9288057Z |■■■■■■■■■■■■■■■■■■■■■■■■■■■■■■■■■■■■■■■■■■■■■■■■■■■■■■■■■■■■■■■■                |  80% of 114.7 MiB
repository	UNKNOWN STEP	2026-09-29T16:23:37.0070579Z |■■■■■■■■■■■■■■■■■■■■■■■■■■■■■■■■■■■■■■■■■■■■■■■■■■■■■■■■■■■■■■■■■■■■■■■■        |  90% of 114.7 MiB
repository	UNKNOWN STEP	2026-09-29T16:23:37.0859500Z |■■■■■■■■■■■■■■■■■■■■■■■■■■■■■■■■■■■■■■■■■■■■■■■■■■■■■■■■■■■■■■■■■■■■■■■■■■■■■■■■| 100% of 114.7 MiB
repository	UNKNOWN STEP	2026-09-29T16:23:39.0760027Z Chrome Headless Shell 151.0.7922.34 (playwright chromium-headless-shell v1234) downloaded to /home/runner/.cache/ms-playwright/chromium_headless_shell-1234
repository	UNKNOWN STEP	2026-09-29T16:23:39.1055462Z ##[group]Run python backend/scripts/prepare_slice0_compose.py --project verity-ci --identity-mail --port-offset 1700 --output /tmp/verity-ci.json
repository	UNKNOWN STEP	2026-09-29T16:23:39.1056522Z ^[[36;1mpython backend/scripts/prepare_slice0_compose.py --project verity-ci --identity-mail --port-offset 1700 --output /tmp/verity-ci.json^[[0m
repository	UNKNOWN STEP	2026-09-29T16:23:39.1120858Z shell: /usr/bin/bash -e {0}
repository	UNKNOWN STEP	2026-09-29T16:23:39.1121106Z env:
repository	UNKNOWN STEP	2026-09-29T16:23:39.1121376Z   pythonLocation: /opt/hostedtoolcache/Python/3.12.14/x64
repository	UNKNOWN STEP	2026-09-29T16:23:39.1122010Z   PKG_CONFIG_PATH: /opt/hostedtoolcache/Python/3.12.14/x64/lib/pkgconfig
repository	UNKNOWN STEP	2026-09-29T16:23:39.1122453Z   Python_ROOT_DIR: /opt/hostedtoolcache/Python/3.12.14/x64
repository	UNKNOWN STEP	2026-09-29T16:23:39.1122848Z   Python2_ROOT_DIR: /opt/hostedtoolcache/Python/3.12.14/x64
repository	UNKNOWN STEP	2026-09-29T16:23:39.1123240Z   Python3_ROOT_DIR: /opt/hostedtoolcache/Python/3.12.14/x64
repository	UNKNOWN STEP	2026-09-29T16:23:39.1123630Z   LD_LIBRARY_PATH: /opt/hostedtoolcache/Python/3.12.14/x64/lib
repository	UNKNOWN STEP	2026-09-29T16:23:39.1123993Z ##[endgroup]
repository	UNKNOWN STEP	2026-09-29T16:23:39.5711801Z Wrote isolated project verity-ci to /tmp/verity-ci.json
repository	UNKNOWN STEP	2026-09-29T16:23:39.5822758Z ##[group]Run docker compose -f /tmp/verity-ci.json --profile verification build backend celery-worker celery-beat migrate frontend verification minio minio-init jaeger grafana
repository	UNKNOWN STEP	2026-09-29T16:23:39.5825001Z ^[[36;1mdocker compose -f /tmp/verity-ci.json --profile verification build backend celery-worker celery-beat migrate frontend verification minio minio-init jaeger grafana^[[0m
repository	UNKNOWN STEP	2026-09-29T16:23:39.5922198Z shell: /usr/bin/bash -e {0}
repository	UNKNOWN STEP	2026-09-29T16:23:39.5922654Z env:
repository	UNKNOWN STEP	2026-09-29T16:23:39.5923120Z   pythonLocation: /opt/hostedtoolcache/Python/3.12.14/x64
repository	UNKNOWN STEP	2026-09-29T16:23:39.5923925Z   PKG_CONFIG_PATH: /opt/hostedtoolcache/Python/3.12.14/x64/lib/pkgconfig
repository	UNKNOWN STEP	2026-09-29T16:23:39.5924715Z   Python_ROOT_DIR: /opt/hostedtoolcache/Python/3.12.14/x64
repository	UNKNOWN STEP	2026-09-29T16:23:39.5925434Z   Python2_ROOT_DIR: /opt/hostedtoolcache/Python/3.12.14/x64
repository	UNKNOWN STEP	2026-09-29T16:23:39.5926154Z   Python3_ROOT_DIR: /opt/hostedtoolcache/Python/3.12.14/x64
repository	UNKNOWN STEP	2026-09-29T16:23:39.5927183Z   LD_LIBRARY_PATH: /opt/hostedtoolcache/Python/3.12.14/x64/lib
repository	UNKNOWN STEP	2026-09-29T16:23:39.5927811Z ##[endgroup]
repository	UNKNOWN STEP	2026-09-29T16:23:39.9557109Z #1 [internal] load local bake definitions
repository	UNKNOWN STEP	2026-09-29T16:23:40.1070988Z #1 reading from stdin 3.77kB done
repository	UNKNOWN STEP	2026-09-29T16:23:40.1071582Z #1 DONE 0.0s
repository	UNKNOWN STEP	2026-09-29T16:23:40.3743685Z 
repository	UNKNOWN STEP	2026-09-29T16:23:40.3744500Z #2 [frontend internal] load build definition from Dockerfile
repository	UNKNOWN STEP	2026-09-29T16:23:40.3745319Z #2 transferring dockerfile: 1.07kB done
repository	UNKNOWN STEP	2026-09-29T16:23:40.3745849Z #2 DONE 0.0s
repository	UNKNOWN STEP	2026-09-29T16:23:40.3746078Z 
repository	UNKNOWN STEP	2026-09-29T16:23:40.3746538Z #3 [celery-beat internal] load build definition from Dockerfile
repository	UNKNOWN STEP	2026-09-29T16:23:40.3747540Z #3 transferring dockerfile: 2.03kB done
repository	UNKNOWN STEP	2026-09-29T16:23:40.3748031Z #3 DONE 0.0s
repository	UNKNOWN STEP	2026-09-29T16:23:40.3748240Z 
repository	UNKNOWN STEP	2026-09-29T16:23:40.3748677Z #4 [minio-init internal] load build definition from Dockerfile
repository	UNKNOWN STEP	2026-09-29T16:23:40.3749415Z #4 transferring dockerfile: 2.90kB done
repository	UNKNOWN STEP	2026-09-29T16:23:40.3749905Z #4 DONE 0.0s
repository	UNKNOWN STEP	2026-09-29T16:23:40.3750110Z 
repository	UNKNOWN STEP	2026-09-29T16:23:40.3750482Z #5 [jaeger internal] load build definition from Dockerfile
repository	UNKNOWN STEP	2026-09-29T16:23:40.3750961Z #5 transferring dockerfile: 645B done
repository	UNKNOWN STEP	2026-09-29T16:23:40.3751289Z #5 DONE 0.0s
repository	UNKNOWN STEP	2026-09-29T16:23:40.3751420Z 
repository	UNKNOWN STEP	2026-09-29T16:23:40.3751691Z #6 [grafana internal] load build definition from Dockerfile
repository	UNKNOWN STEP	2026-09-29T16:23:40.3752162Z #6 transferring dockerfile: 483B done
repository	UNKNOWN STEP	2026-09-29T16:23:40.3752470Z #6 DONE 0.0s
repository	UNKNOWN STEP	2026-09-29T16:23:40.3752605Z 
repository	UNKNOWN STEP	2026-09-29T16:23:40.3753460Z #7 [celery-worker internal] load metadata for gcr.io/distroless/base-debian13:nonroot@sha256:0896741ba5bafd3ac87ea025a5f578952f2d238ddc3614cb368acc983a687aa2
repository	UNKNOWN STEP	2026-09-29T16:23:40.5895328Z #7 ...
repository	UNKNOWN STEP	2026-09-29T16:23:40.5895555Z 
repository	UNKNOWN STEP	2026-09-29T16:23:40.5895983Z #8 [auth] library/node:pull token for registry-1.docker.io
repository	UNKNOWN STEP	2026-09-29T16:23:40.5896517Z #8 DONE 0.0s
repository	UNKNOWN STEP	2026-09-29T16:23:40.5896640Z 
repository	UNKNOWN STEP	2026-09-29T16:23:40.5897215Z #9 [auth] library/python:pull token for registry-1.docker.io
repository	UNKNOWN STEP	2026-09-29T16:23:40.5897664Z #9 DONE 0.0s
repository	UNKNOWN STEP	2026-09-29T16:23:40.5897789Z 
repository	UNKNOWN STEP	2026-09-29T16:23:40.5898038Z #10 [auth] library/alpine:pull token for registry-1.docker.io
repository	UNKNOWN STEP	2026-09-29T16:23:40.5898394Z #10 DONE 0.0s
repository	UNKNOWN STEP	2026-09-29T16:23:40.5898511Z 
repository	UNKNOWN STEP	2026-09-29T16:23:40.5898779Z #11 [auth] jaegertracing/jaeger:pull token for registry-1.docker.io
repository	UNKNOWN STEP	2026-09-29T16:23:40.5899148Z #11 DONE 0.0s
repository	UNKNOWN STEP	2026-09-29T16:23:40.5899266Z 
repository	UNKNOWN STEP	2026-09-29T16:23:40.5899495Z #12 [auth] library/golang:pull token for registry-1.docker.io
repository	UNKNOWN STEP	2026-09-29T16:23:40.5899827Z #12 DONE 0.0s
repository	UNKNOWN STEP	2026-09-29T16:23:40.5900177Z 
repository	UNKNOWN STEP	2026-09-29T16:23:40.5900418Z #13 [auth] grafana/grafana:pull token for registry-1.docker.io
repository	UNKNOWN STEP	2026-09-29T16:23:40.5900746Z #13 DONE 0.0s
repository	UNKNOWN STEP	2026-09-29T16:23:40.7397895Z 
repository	UNKNOWN STEP	2026-09-29T16:23:40.7399402Z #14 [celery-worker internal] load metadata for docker.io/library/python:3.12-slim-trixie@sha256:2f17fc044b579bab302c2e8054d3a686e2cb9a83de48e70534b94cd8ebbe06a9
repository	UNKNOWN STEP	2026-09-29T16:23:41.0269730Z #14 ...
repository	UNKNOWN STEP	2026-09-29T16:23:41.0269900Z 
repository	UNKNOWN STEP	2026-09-29T16:23:41.0271075Z #7 [verification internal] load metadata for gcr.io/distroless/base-debian13:nonroot@sha256:0896741ba5bafd3ac87ea025a5f578952f2d238ddc3614cb368acc983a687aa2
repository	UNKNOWN STEP	2026-09-29T16:23:41.0271812Z #7 DONE 0.7s
repository	UNKNOWN STEP	2026-09-29T16:23:41.0367228Z 
repository	UNKNOWN STEP	2026-09-29T16:23:41.0368911Z #14 [backend internal] load metadata for docker.io/library/python:3.12-slim-trixie@sha256:2f17fc044b579bab302c2e8054d3a686e2cb9a83de48e70534b94cd8ebbe06a9
repository	UNKNOWN STEP	2026-09-29T16:23:41.1499121Z #14 DONE 0.8s
repository	UNKNOWN STEP	2026-09-29T16:23:41.1499437Z 
repository	UNKNOWN STEP	2026-09-29T16:23:41.1500661Z #15 [jaeger internal] load metadata for docker.io/library/alpine:3.24.2@sha256:294b683cb724975bec92580e1e685676bd4b50bda910ddb8c51d4cabeaec77e6
repository	UNKNOWN STEP	2026-09-29T16:23:41.1501916Z #15 DONE 0.8s
repository	UNKNOWN STEP	2026-09-29T16:23:41.1502153Z 
repository	UNKNOWN STEP	2026-09-29T16:23:41.1502460Z #16 [backend internal] load .dockerignore
repository	UNKNOWN STEP	2026-09-29T16:23:41.1503101Z #16 transferring context: 105B done
repository	UNKNOWN STEP	2026-09-29T16:23:41.1503587Z #16 DONE 0.0s
repository	UNKNOWN STEP	2026-09-29T16:23:41.1503808Z 
repository	UNKNOWN STEP	2026-09-29T16:23:41.1504953Z #17 [grafana internal] load metadata for docker.io/grafana/grafana:13.2.2@sha256:ac461fb352abc50da10a51c7d02462e9c05488f11f53f14b3ad79a8145f638a0
repository	UNKNOWN STEP	2026-09-29T16:23:41.1506168Z #17 DONE 0.8s
repository	UNKNOWN STEP	2026-09-29T16:23:41.1506397Z 
repository	UNKNOWN STEP	2026-09-29T16:23:41.1506693Z #18 [grafana internal] load .dockerignore
repository	UNKNOWN STEP	2026-09-29T16:23:41.1507594Z #18 transferring context: 2B done
repository	UNKNOWN STEP	2026-09-29T16:23:41.1508091Z #18 DONE 0.0s
repository	UNKNOWN STEP	2026-09-29T16:23:41.1508295Z 
repository	UNKNOWN STEP	2026-09-29T16:23:41.1509391Z #19 [minio internal] load metadata for docker.io/library/alpine:3.22@sha256:5291449c3df73caf6ed85e649dec1b9e818b39a5d8c871e97afc13e9cd5e8fa8
repository	UNKNOWN STEP	2026-09-29T16:23:41.1510620Z #19 DONE 0.9s
repository	UNKNOWN STEP	2026-09-29T16:23:41.1510858Z 
repository	UNKNOWN STEP	2026-09-29T16:23:41.1511891Z #20 [frontend internal] load metadata for docker.io/library/node:22-alpine@sha256:b6f26b36c8ff49624cfdac716b8ea1138d606df02586a77d364bb5536a634f85
repository	UNKNOWN STEP	2026-09-29T16:23:41.1512562Z #20 DONE 0.9s
repository	UNKNOWN STEP	2026-09-29T16:23:41.1512692Z 
repository	UNKNOWN STEP	2026-09-29T16:23:41.1513372Z #21 [celery-worker runtime-os 1/1] FROM gcr.io/distroless/base-debian13:nonroot@sha256:0896741ba5bafd3ac87ea025a5f578952f2d238ddc3614cb368acc983a687aa2
repository	UNKNOWN STEP	2026-09-29T16:23:41.1514530Z #21 resolve gcr.io/distroless/base-debian13:nonroot@sha256:0896741ba5bafd3ac87ea025a5f578952f2d238ddc3614cb368acc983a687aa2 0.0s done
repository	UNKNOWN STEP	2026-09-29T16:23:41.2761466Z #21 ...
repository	UNKNOWN STEP	2026-09-29T16:23:41.2761727Z 
repository	UNKNOWN STEP	2026-09-29T16:23:41.2762077Z #22 [frontend internal] load .dockerignore
repository	UNKNOWN STEP	2026-09-29T16:23:41.2762735Z #22 transferring context: 96B done
repository	UNKNOWN STEP	2026-09-29T16:23:41.2763173Z #22 DONE 0.0s
repository	UNKNOWN STEP	2026-09-29T16:23:41.2763375Z 
repository	UNKNOWN STEP	2026-09-29T16:23:41.2763726Z #23 [backend internal] load build context
repository	UNKNOWN STEP	2026-09-29T16:23:41.2764441Z #23 transferring context: 1.45MB 0.1s done
repository	UNKNOWN STEP	2026-09-29T16:23:41.2764965Z #23 DONE 0.1s
repository	UNKNOWN STEP	2026-09-29T16:23:41.2765182Z 
repository	UNKNOWN STEP	2026-09-29T16:23:41.2765488Z #24 [verification internal] load build context
repository	UNKNOWN STEP	2026-09-29T16:23:41.2766205Z #24 transferring context: 2.08MB 0.1s done
repository	UNKNOWN STEP	2026-09-29T16:23:41.2766701Z #24 DONE 0.1s
repository	UNKNOWN STEP	2026-09-29T16:23:41.2767149Z 
repository	UNKNOWN STEP	2026-09-29T16:23:41.2767459Z #25 [frontend internal] load build context
repository	UNKNOWN STEP	2026-09-29T16:23:41.2768108Z #25 transferring context: 692.33kB 0.0s done
repository	UNKNOWN STEP	2026-09-29T16:23:41.2768602Z #25 DONE 0.0s
repository	UNKNOWN STEP	2026-09-29T16:23:41.2768809Z 
repository	UNKNOWN STEP	2026-09-29T16:23:41.2769967Z #21 [celery-worker runtime-os 1/1] FROM gcr.io/distroless/base-debian13:nonroot@sha256:0896741ba5bafd3ac87ea025a5f578952f2d238ddc3614cb368acc983a687aa2
repository	UNKNOWN STEP	2026-09-29T16:23:41.2771782Z #21 sha256:65795e700eda57743efe12537e031042bd7832a19cc23f772acf2057dc7566f1 3.63kB / 3.63kB done
repository	UNKNOWN STEP	2026-09-29T16:23:41.2773198Z #21 sha256:218cf840d0d95a86231eb9d33d26ac8a520a4299c6096cb70a0c2fb2a87c9e0a 0B / 288.06kB 0.1s
repository	UNKNOWN STEP	2026-09-29T16:23:41.2775023Z #21 sha256:cf992c1b1b2f6792527fa80ce3fd623a13fc03cf3a27da59d44f8ab0e105d3ea 3.76kB / 3.76kB done
repository	UNKNOWN STEP	2026-09-29T16:23:41.2775797Z #21 sha256:2cc7ee286bf3a9e6af5f71756d7fc8e22e23ce65fec9047d774511ffcef79fa8 0B / 124.53kB 0.1s
repository	UNKNOWN STEP	2026-09-29T16:23:41.2776541Z #21 sha256:c172f21841dff4c8cf45cde46589c1c2616cefe7e819965e92e6d3475c428aa0 0B / 12.68kB 0.1s
repository	UNKNOWN STEP	2026-09-29T16:23:41.2777551Z #21 sha256:0896741ba5bafd3ac87ea025a5f578952f2d238ddc3614cb368acc983a687aa2 1.79kB / 1.79kB done
repository	UNKNOWN STEP	2026-09-29T16:23:41.3778592Z #21 ...
repository	UNKNOWN STEP	2026-09-29T16:23:41.3778901Z 
repository	UNKNOWN STEP	2026-09-29T16:23:41.3780334Z #26 [minio internal] load metadata for docker.io/library/golang:1.26.8-alpine3.24@sha256:8ac98ca534ac3f51e1f420a1dd2c15e74c75cfa0f23f3ad27eb5d7236c349a0c
repository	UNKNOWN STEP	2026-09-29T16:23:41.3781049Z #26 DONE 1.1s
repository	UNKNOWN STEP	2026-09-29T16:23:41.3781175Z 
repository	UNKNOWN STEP	2026-09-29T16:23:41.3781824Z #27 [jaeger internal] load metadata for docker.io/jaegertracing/jaeger:2.21.0@sha256:3d0ac795ff98aa04d1be04311d2dac6c25b4bfc8322dc02e53bc5b170c5018c3
repository	UNKNOWN STEP	2026-09-29T16:23:41.3782484Z #27 DONE 1.1s
repository	UNKNOWN STEP	2026-09-29T16:23:41.3782647Z 
repository	UNKNOWN STEP	2026-09-29T16:23:41.3782796Z #28 [minio internal] load .dockerignore
repository	UNKNOWN STEP	2026-09-29T16:23:41.3783137Z #28 transferring context: 2B done
repository	UNKNOWN STEP	2026-09-29T16:23:41.3783387Z #28 DONE 0.0s
repository	UNKNOWN STEP	2026-09-29T16:23:41.3783496Z 
repository	UNKNOWN STEP	2026-09-29T16:23:41.3783652Z #29 [jaeger internal] load .dockerignore
repository	UNKNOWN STEP	2026-09-29T16:23:41.3783985Z #29 transferring context: 2B done
repository	UNKNOWN STEP	2026-09-29T16:23:41.3784226Z #29 DONE 0.0s
repository	UNKNOWN STEP	2026-09-29T16:23:41.3784340Z 
repository	UNKNOWN STEP	2026-09-29T16:23:41.3784487Z #30 [jaeger internal] load build context
repository	UNKNOWN STEP	2026-09-29T16:23:41.3784810Z #30 transferring context: 740B done
repository	UNKNOWN STEP	2026-09-29T16:23:41.3785065Z #30 DONE 0.0s
repository	UNKNOWN STEP	2026-09-29T16:23:41.3785176Z 
repository	UNKNOWN STEP	2026-09-29T16:23:41.3785822Z #21 [celery-worker runtime-os 1/1] FROM gcr.io/distroless/base-debian13:nonroot@sha256:0896741ba5bafd3ac87ea025a5f578952f2d238ddc3614cb368acc983a687aa2
repository	UNKNOWN STEP	2026-09-29T16:23:41.6560722Z #21 extracting sha256:2cc7ee286bf3a9e6af5f71756d7fc8e22e23ce65fec9047d774511ffcef79fa8
repository	UNKNOWN STEP	2026-09-29T16:23:41.7781279Z #21 ...
repository	UNKNOWN STEP	2026-09-29T16:23:41.7781538Z 
repository	UNKNOWN STEP	2026-09-29T16:23:41.7783624Z #31 [minio-init client-build 3/6] ADD --checksum=sha256:4cea8ed209c8f96e59ea1a5cc4901019b54c2be6d6f5f16c6749ea8bdcf4172e https://codeload.github.com/minio/mc/tar.gz/d6541ea280b73a834b64d4097e21f2be77676104 /tmp/source.tgz
repository	UNKNOWN STEP	2026-09-29T16:23:41.7785517Z #31 DONE 0.4s
repository	UNKNOWN STEP	2026-09-29T16:23:41.7785898Z 
repository	UNKNOWN STEP	2026-09-29T16:23:41.7786673Z #21 [celery-worker runtime-os 1/1] FROM gcr.io/distroless/base-debian13:nonroot@sha256:0896741ba5bafd3ac87ea025a5f578952f2d238ddc3614cb368acc983a687aa2
repository	UNKNOWN STEP	2026-09-29T16:23:41.7788104Z #21 sha256:218cf840d0d95a86231eb9d33d26ac8a520a4299c6096cb70a0c2fb2a87c9e0a 288.06kB / 288.06kB 0.5s done
repository	UNKNOWN STEP	2026-09-29T16:23:41.7788960Z #21 sha256:2cc7ee286bf3a9e6af5f71756d7fc8e22e23ce65fec9047d774511ffcef79fa8 124.53kB / 124.53kB 0.6s done
repository	UNKNOWN STEP	2026-09-29T16:23:41.7789762Z #21 extracting sha256:2cc7ee286bf3a9e6af5f71756d7fc8e22e23ce65fec9047d774511ffcef79fa8 done
repository	UNKNOWN STEP	2026-09-29T16:23:41.7790521Z #21 sha256:d6b1b89eccacc15c2420b2776d72c1dae334a00805ed9af54bf2f71e4d536f28 0B / 32.09kB 0.7s
repository	UNKNOWN STEP	2026-09-29T16:23:41.7791270Z #21 sha256:f6069939f718601b38d25ec5ed5631ed047e4da24acec2e252f8f29d251be718 0B / 254.67kB 0.7s
repository	UNKNOWN STEP	2026-09-29T16:23:41.7792010Z #21 extracting sha256:c172f21841dff4c8cf45cde46589c1c2616cefe7e819965e92e6d3475c428aa0 done
repository	UNKNOWN STEP	2026-09-29T16:23:41.7792731Z #21 sha256:2780920e5dbfbe103d03a583ed75345306e572ec5a48cb10361f046767d9f29a 0B / 67B 0.7s
repository	UNKNOWN STEP	2026-09-29T16:23:41.8780244Z #21 sha256:c172f21841dff4c8cf45cde46589c1c2616cefe7e819965e92e6d3475c428aa0 12.68kB / 12.68kB 0.7s done
repository	UNKNOWN STEP	2026-09-29T16:23:41.9781420Z #21 sha256:2780920e5dbfbe103d03a583ed75345306e572ec5a48cb10361f046767d9f29a 67B / 67B 0.9s
repository	UNKNOWN STEP	2026-09-29T16:23:42.1776584Z #21 sha256:d6b1b89eccacc15c2420b2776d72c1dae334a00805ed9af54bf2f71e4d536f28 32.09kB / 32.09kB 1.1s
repository	UNKNOWN STEP	2026-09-29T16:23:42.2775769Z #21 sha256:f6069939f718601b38d25ec5ed5631ed047e4da24acec2e252f8f29d251be718 254.67kB / 254.67kB 1.2s
repository	UNKNOWN STEP	2026-09-29T16:23:42.7781567Z #21 sha256:2780920e5dbfbe103d03a583ed75345306e572ec5a48cb10361f046767d9f29a 67B / 67B 1.2s done
repository	UNKNOWN STEP	2026-09-29T16:23:42.9082202Z #21 ...
repository	UNKNOWN STEP	2026-09-29T16:23:42.9083220Z 
repository	UNKNOWN STEP	2026-09-29T16:23:42.9085668Z #32 [minio server-build 3/6] ADD --checksum=sha256:09ffb1ddfa9636348f8d029f9680bb086840dccf9d34370e8462151d28e95f97 https://codeload.github.com/minio/minio/tar.gz/5aebb3970e132ca231508152c0333cb223c83d70 /tmp/source.tgz
repository	UNKNOWN STEP	2026-09-29T16:23:42.9087963Z #32 DONE 1.6s
repository	UNKNOWN STEP	2026-09-29T16:23:42.9088285Z 
repository	UNKNOWN STEP	2026-09-29T16:23:42.9090082Z #21 [celery-worker runtime-os 1/1] FROM gcr.io/distroless/base-debian13:nonroot@sha256:0896741ba5bafd3ac87ea025a5f578952f2d238ddc3614cb368acc983a687aa2
repository	UNKNOWN STEP	2026-09-29T16:23:42.9093846Z #21 sha256:2780920e5dbfbe103d03a583ed75345306e572ec5a48cb10361f046767d9f29a 67B / 67B 1.2s done
repository	UNKNOWN STEP	2026-09-29T16:23:43.0774647Z #21 sha256:7c12895b777bcaa8ccae0605b4de635b68fc32d60fa08f421dc3818bf55ee212 0B / 188B 2.0s
repository	UNKNOWN STEP	2026-09-29T16:23:43.2778807Z #21 sha256:7c12895b777bcaa8ccae0605b4de635b68fc32d60fa08f421dc3818bf55ee212 188B / 188B 2.2s
repository	UNKNOWN STEP	2026-09-29T16:23:43.5827762Z #21 sha256:d6b1b89eccacc15c2420b2776d72c1dae334a00805ed9af54bf2f71e4d536f28 32.09kB / 32.09kB 2.4s done
repository	UNKNOWN STEP	2026-09-29T16:23:43.5829509Z #21 sha256:f6069939f718601b38d25ec5ed5631ed047e4da24acec2e252f8f29d251be718 254.67kB / 254.67kB 2.5s done
repository	UNKNOWN STEP	2026-09-29T16:23:43.5830777Z #21 sha256:7c12895b777bcaa8ccae0605b4de635b68fc32d60fa08f421dc3818bf55ee212 188B / 188B 2.5s done
repository	UNKNOWN STEP	2026-09-29T16:23:43.5831751Z #21 extracting sha256:218cf840d0d95a86231eb9d33d26ac8a520a4299c6096cb70a0c2fb2a87c9e0a
repository	UNKNOWN STEP	2026-09-29T16:23:43.5832703Z #21 sha256:3214acf345c0cc6bbdb56b698a41ccdefc624a09d6beb0d38b5de0b2303ecaf4 0B / 123B 2.5s
repository	UNKNOWN STEP	2026-09-29T16:23:43.5833672Z #21 sha256:52630fc75a18675c530ed9eba5f55eca09b03e91bd5bc15307918bbc1a7e7296 0B / 162B 2.5s
repository	UNKNOWN STEP	2026-09-29T16:23:43.5834739Z #21 sha256:dd64bf2dd177757451a98fcdc999a339c35dee5d9872d8f4dc69c8f3c4dd0112 0B / 80B 2.5s
repository	UNKNOWN STEP	2026-09-29T16:23:43.7358589Z #21 sha256:d6b1b89eccacc15c2420b2776d72c1dae334a00805ed9af54bf2f71e4d536f28 32.09kB / 32.09kB 2.4s done
repository	UNKNOWN STEP	2026-09-29T16:23:43.7360007Z #21 sha256:f6069939f718601b38d25ec5ed5631ed047e4da24acec2e252f8f29d251be718 254.67kB / 254.67kB 2.5s done
repository	UNKNOWN STEP	2026-09-29T16:23:43.7361387Z #21 sha256:7c12895b777bcaa8ccae0605b4de635b68fc32d60fa08f421dc3818bf55ee212 188B / 188B 2.5s done
repository	UNKNOWN STEP	2026-09-29T16:23:43.7362387Z #21 extracting sha256:218cf840d0d95a86231eb9d33d26ac8a520a4299c6096cb70a0c2fb2a87c9e0a 0.1s done
repository	UNKNOWN STEP	2026-09-29T16:23:43.7363186Z #21 extracting sha256:f6069939f718601b38d25ec5ed5631ed047e4da24acec2e252f8f29d251be718
repository	UNKNOWN STEP	2026-09-29T16:23:43.8774210Z #21 sha256:3214acf345c0cc6bbdb56b698a41ccdefc624a09d6beb0d38b5de0b2303ecaf4 123B / 123B 2.7s done
repository	UNKNOWN STEP	2026-09-29T16:23:43.8775770Z #21 sha256:52630fc75a18675c530ed9eba5f55eca09b03e91bd5bc15307918bbc1a7e7296 162B / 162B 2.7s done
repository	UNKNOWN STEP	2026-09-29T16:23:43.8777574Z #21 sha256:dd64bf2dd177757451a98fcdc999a339c35dee5d9872d8f4dc69c8f3c4dd0112 80B / 80B 2.7s done
repository	UNKNOWN STEP	2026-09-29T16:23:43.8778830Z #21 extracting sha256:f6069939f718601b38d25ec5ed5631ed047e4da24acec2e252f8f29d251be718 0.0s done
repository	UNKNOWN STEP	2026-09-29T16:23:43.8779965Z #21 sha256:ebddc55facdc6b1f7e0f30816a5fc7cc62f38abdf76c0a8b0a0ce52085754795 0B / 311B 2.8s
repository	UNKNOWN STEP	2026-09-29T16:23:43.8780839Z #21 sha256:b839dfae01f66e15c6a8b63520557ed315bdfe036342fa7a0c537259f10d7a9a 0B / 351B 2.8s
repository	UNKNOWN STEP	2026-09-29T16:23:43.8781749Z #21 sha256:c4bc6f35ff5e25aa1afe7a148a0b6f10a760f54e298f86a4a4d44b91f1afbfab 0B / 143.34kB 2.8s
repository	UNKNOWN STEP	2026-09-29T16:23:43.9778902Z #21 sha256:3214acf345c0cc6bbdb56b698a41ccdefc624a09d6beb0d38b5de0b2303ecaf4 123B / 123B 2.7s done
repository	UNKNOWN STEP	2026-09-29T16:23:43.9780049Z #21 sha256:ebddc55facdc6b1f7e0f30816a5fc7cc62f38abdf76c0a8b0a0ce52085754795 311B / 311B 2.9s done
repository	UNKNOWN STEP	2026-09-29T16:23:43.9781128Z #21 sha256:b839dfae01f66e15c6a8b63520557ed315bdfe036342fa7a0c537259f10d7a9a 351B / 351B 2.9s done
repository	UNKNOWN STEP	2026-09-29T16:23:43.9782172Z #21 extracting sha256:d6b1b89eccacc15c2420b2776d72c1dae334a00805ed9af54bf2f71e4d536f28 done
repository	UNKNOWN STEP	2026-09-29T16:23:43.9783162Z #21 extracting sha256:2780920e5dbfbe103d03a583ed75345306e572ec5a48cb10361f046767d9f29a done
repository	UNKNOWN STEP	2026-09-29T16:23:43.9783897Z #21 extracting sha256:7c12895b777bcaa8ccae0605b4de635b68fc32d60fa08f421dc3818bf55ee212 done
repository	UNKNOWN STEP	2026-09-29T16:23:43.9784619Z #21 extracting sha256:3214acf345c0cc6bbdb56b698a41ccdefc624a09d6beb0d38b5de0b2303ecaf4 done
repository	UNKNOWN STEP	2026-09-29T16:23:43.9785609Z #21 extracting sha256:52630fc75a18675c530ed9eba5f55eca09b03e91bd5bc15307918bbc1a7e7296 done
repository	UNKNOWN STEP	2026-09-29T16:23:43.9786318Z #21 extracting sha256:dd64bf2dd177757451a98fcdc999a339c35dee5d9872d8f4dc69c8f3c4dd0112 done
repository	UNKNOWN STEP	2026-09-29T16:23:43.9787296Z #21 extracting sha256:b839dfae01f66e15c6a8b63520557ed315bdfe036342fa7a0c537259f10d7a9a done
repository	UNKNOWN STEP	2026-09-29T16:23:43.9788027Z #21 extracting sha256:ebddc55facdc6b1f7e0f30816a5fc7cc62f38abdf76c0a8b0a0ce52085754795 done
repository	UNKNOWN STEP	2026-09-29T16:23:43.9788926Z #21 sha256:b96fe2995f90d0ef0bf14f9b4a67b5f4e77d478e6108166e0565adc9efd6e4a3 0B / 5.08MB 2.9s
repository	UNKNOWN STEP	2026-09-29T16:23:43.9789657Z #21 sha256:58c0c263dc73f20a6488f5a19989645aea42be93147eb5a52bf69112982e34a5 0B / 3.07MB 2.9s
repository	UNKNOWN STEP	2026-09-29T16:23:44.1773058Z #21 sha256:ebddc55facdc6b1f7e0f30816a5fc7cc62f38abdf76c0a8b0a0ce52085754795 311B / 311B 2.9s done
repository	UNKNOWN STEP	2026-09-29T16:23:44.1774459Z #21 sha256:b839dfae01f66e15c6a8b63520557ed315bdfe036342fa7a0c537259f10d7a9a 351B / 351B 2.9s done
repository	UNKNOWN STEP	2026-09-29T16:23:44.3775553Z #21 sha256:c4bc6f35ff5e25aa1afe7a148a0b6f10a760f54e298f86a4a4d44b91f1afbfab 143.34kB / 143.34kB 3.2s done
repository	UNKNOWN STEP	2026-09-29T16:23:44.3776885Z #21 extracting sha256:c4bc6f35ff5e25aa1afe7a148a0b6f10a760f54e298f86a4a4d44b91f1afbfab done
repository	UNKNOWN STEP	2026-09-29T16:23:44.3778209Z #21 sha256:bd8962e292918c50c90edebd9684c053bc386b9c5503acd8fec75d0c6f93a0b7 0B / 372.77kB 3.3s
repository	UNKNOWN STEP	2026-09-29T16:23:44.5777927Z #21 sha256:c4bc6f35ff5e25aa1afe7a148a0b6f10a760f54e298f86a4a4d44b91f1afbfab 143.34kB / 143.34kB 3.2s done
repository	UNKNOWN STEP	2026-09-29T16:23:44.5780001Z #21 sha256:b96fe2995f90d0ef0bf14f9b4a67b5f4e77d478e6108166e0565adc9efd6e4a3 2.10MB / 5.08MB 3.5s
repository	UNKNOWN STEP	2026-09-29T16:23:44.7543254Z #21 sha256:b96fe2995f90d0ef0bf14f9b4a67b5f4e77d478e6108166e0565adc9efd6e4a3 5.08MB / 5.08MB 3.5s done
repository	UNKNOWN STEP	2026-09-29T16:23:44.7544409Z #21 sha256:58c0c263dc73f20a6488f5a19989645aea42be93147eb5a52bf69112982e34a5 3.07MB / 3.07MB 3.6s done
repository	UNKNOWN STEP	2026-09-29T16:23:44.7545434Z #21 extracting sha256:b96fe2995f90d0ef0bf14f9b4a67b5f4e77d478e6108166e0565adc9efd6e4a3 0.1s done
repository	UNKNOWN STEP	2026-09-29T16:23:44.7547138Z #21 sha256:cac2ae0193cb073e7492050b05fc342a888651b4bbc966908c8793f889c299ba 0B / 96.15kB 3.6s
repository	UNKNOWN STEP	2026-09-29T16:23:44.8771823Z #21 sha256:bd8962e292918c50c90edebd9684c053bc386b9c5503acd8fec75d0c6f93a0b7 372.77kB / 372.77kB 3.7s done
repository	UNKNOWN STEP	2026-09-29T16:23:44.8773662Z #21 extracting sha256:b96fe2995f90d0ef0bf14f9b4a67b5f4e77d478e6108166e0565adc9efd6e4a3 0.1s done
repository	UNKNOWN STEP	2026-09-29T16:23:44.8775175Z #21 extracting sha256:58c0c263dc73f20a6488f5a19989645aea42be93147eb5a52bf69112982e34a5 0.1s done
repository	UNKNOWN STEP	2026-09-29T16:23:44.8777159Z #21 extracting sha256:bd8962e292918c50c90edebd9684c053bc386b9c5503acd8fec75d0c6f93a0b7 done
repository	UNKNOWN STEP	2026-09-29T16:23:45.0777757Z #21 sha256:cac2ae0193cb073e7492050b05fc342a888651b4bbc966908c8793f889c299ba 96.15kB / 96.15kB 3.9s done
repository	UNKNOWN STEP	2026-09-29T16:23:45.0779146Z #21 extracting sha256:cac2ae0193cb073e7492050b05fc342a888651b4bbc966908c8793f889c299ba done
repository	UNKNOWN STEP	2026-09-29T16:23:45.0779646Z #21 DONE 4.0s
repository	UNKNOWN STEP	2026-09-29T16:23:45.0779773Z 
repository	UNKNOWN STEP	2026-09-29T16:23:45.0780082Z #33 [backend runtime 1/6] WORKDIR /app
repository	UNKNOWN STEP	2026-09-29T16:23:45.1805032Z #33 DONE 0.0s
repository	UNKNOWN STEP	2026-09-29T16:23:45.1805681Z 
repository	UNKNOWN STEP	2026-09-29T16:23:45.1807480Z #34 [migrate runtime-base 1/4] FROM docker.io/library/python:3.12-slim-trixie@sha256:2f17fc044b579bab302c2e8054d3a686e2cb9a83de48e70534b94cd8ebbe06a9
repository	UNKNOWN STEP	2026-09-29T16:23:45.1809547Z #34 resolve docker.io/library/python:3.12-slim-trixie@sha256:2f17fc044b579bab302c2e8054d3a686e2cb9a83de48e70534b94cd8ebbe06a9 0.0s done
repository	UNKNOWN STEP	2026-09-29T16:23:45.1811156Z #34 sha256:2f17fc044b579bab302c2e8054d3a686e2cb9a83de48e70534b94cd8ebbe06a9 10.37kB / 10.37kB done
repository	UNKNOWN STEP	2026-09-29T16:23:45.1812565Z #34 sha256:44ff437bba879d4941b710a369a8f19266aea34b29002807f0c487fabc9eec9b 1.75kB / 1.75kB done
repository	UNKNOWN STEP	2026-09-29T16:23:45.1813887Z #34 sha256:9e87977b867847e186d066f531ef783b006d582a985c341c269446088d90f2c4 5.65kB / 5.65kB done
repository	UNKNOWN STEP	2026-09-29T16:23:45.4625701Z #34 sha256:6b37362b3da78869050b894b799ad4df04f1f3b52774087db0d81151570244c8 0B / 29.83MB 4.3s
repository	UNKNOWN STEP	2026-09-29T16:23:45.6799932Z #34 sha256:6b37362b3da78869050b894b799ad4df04f1f3b52774087db0d81151570244c8 4.19MB / 29.83MB 4.5s
repository	UNKNOWN STEP	2026-09-29T16:23:45.7846016Z #34 sha256:6b37362b3da78869050b894b799ad4df04f1f3b52774087db0d81151570244c8 25.17MB / 29.83MB 4.7s
repository	UNKNOWN STEP	2026-09-29T16:23:45.9780589Z #34 sha256:6b37362b3da78869050b894b799ad4df04f1f3b52774087db0d81151570244c8 29.83MB / 29.83MB 4.7s done
repository	UNKNOWN STEP	2026-09-29T16:23:45.9782306Z #34 sha256:3764a9a7d1e8a98213ab2201a41dbf3da9c60240ea35a5ea96ab994555070a70 0B / 1.29MB 4.8s
repository	UNKNOWN STEP	2026-09-29T16:23:46.1845376Z #34 sha256:3764a9a7d1e8a98213ab2201a41dbf3da9c60240ea35a5ea96ab994555070a70 1.29MB / 1.29MB 5.1s
repository	UNKNOWN STEP	2026-09-29T16:23:46.1846690Z #34 extracting sha256:6b37362b3da78869050b894b799ad4df04f1f3b52774087db0d81151570244c8
repository	UNKNOWN STEP	2026-09-29T16:23:46.2845511Z #34 sha256:3764a9a7d1e8a98213ab2201a41dbf3da9c60240ea35a5ea96ab994555070a70 1.29MB / 1.29MB 5.1s done
repository	UNKNOWN STEP	2026-09-29T16:23:46.2847382Z #34 sha256:b0dc7f87bef15c2536cb182d6c48b52f90a0522884ec9eb222f833fa97ffebf0 0B / 12.12MB 5.2s
repository	UNKNOWN STEP	2026-09-29T16:23:46.2848718Z #34 sha256:06ad939ed42b51caafb25b14810875d14e0ee0c441d3e2e5e46475fb8c150bca 0B / 249B 5.2s
repository	UNKNOWN STEP	2026-09-29T16:23:46.3845237Z #34 sha256:3764a9a7d1e8a98213ab2201a41dbf3da9c60240ea35a5ea96ab994555070a70 1.29MB / 1.29MB 5.1s done
repository	UNKNOWN STEP	2026-09-29T16:23:46.3847163Z #34 sha256:b0dc7f87bef15c2536cb182d6c48b52f90a0522884ec9eb222f833fa97ffebf0 12.12MB / 12.12MB 5.2s done
repository	UNKNOWN STEP	2026-09-29T16:23:46.3849033Z #34 sha256:06ad939ed42b51caafb25b14810875d14e0ee0c441d3e2e5e46475fb8c150bca 249B / 249B 5.2s done
repository	UNKNOWN STEP	2026-09-29T16:23:46.5093818Z #34 sha256:b0dc7f87bef15c2536cb182d6c48b52f90a0522884ec9eb222f833fa97ffebf0 12.12MB / 12.12MB 5.2s done
repository	UNKNOWN STEP	2026-09-29T16:23:46.5095765Z #34 sha256:06ad939ed42b51caafb25b14810875d14e0ee0c441d3e2e5e46475fb8c150bca 249B / 249B 5.2s done
repository	UNKNOWN STEP	2026-09-29T16:23:46.7176618Z #34 ...
repository	UNKNOWN STEP	2026-09-29T16:23:46.7177404Z 
repository	UNKNOWN STEP	2026-09-29T16:23:46.7178524Z #35 [jaeger stage-1 1/4] FROM docker.io/library/alpine:3.24.2@sha256:294b683cb724975bec92580e1e685676bd4b50bda910ddb8c51d4cabeaec77e6
repository	UNKNOWN STEP	2026-09-29T16:23:46.7180378Z #35 resolve docker.io/library/alpine:3.24.2@sha256:294b683cb724975bec92580e1e685676bd4b50bda910ddb8c51d4cabeaec77e6 done
repository	UNKNOWN STEP	2026-09-29T16:23:46.7182776Z #35 sha256:294b683cb724975bec92580e1e685676bd4b50bda910ddb8c51d4cabeaec77e6 9.22kB / 9.22kB done
repository	UNKNOWN STEP	2026-09-29T16:23:46.7184183Z #35 sha256:d56c381f961d307a21b3ca004cf1e3910f106644aefb1f43e654c8a56c4fd395 1.02kB / 1.02kB done
repository	UNKNOWN STEP	2026-09-29T16:23:46.7185860Z #35 sha256:320994c3b997e2ec6433f717f153e108023c5bec8fefa8d76b83451d16d05ea8 611B / 611B done
repository	UNKNOWN STEP	2026-09-29T16:23:46.7188165Z #35 sha256:e2de96513ba9eb53b431787ec8a65cdde380ac4772a3e4c4b714dcfde2a102b5 3.85MB / 3.85MB 5.0s done
repository	UNKNOWN STEP	2026-09-29T16:23:46.7189660Z #35 extracting sha256:e2de96513ba9eb53b431787ec8a65cdde380ac4772a3e4c4b714dcfde2a102b5 0.2s done
repository	UNKNOWN STEP	2026-09-29T16:23:46.7190595Z #35 DONE 5.3s
repository	UNKNOWN STEP	2026-09-29T16:23:46.7190931Z 
repository	UNKNOWN STEP	2026-09-29T16:23:46.7192155Z #34 [migrate runtime-base 1/4] FROM docker.io/library/python:3.12-slim-trixie@sha256:2f17fc044b579bab302c2e8054d3a686e2cb9a83de48e70534b94cd8ebbe06a9
repository	UNKNOWN STEP	2026-09-29T16:23:46.7193475Z #34 ...
repository	UNKNOWN STEP	2026-09-29T16:23:46.7193863Z 
repository	UNKNOWN STEP	2026-09-29T16:23:46.7195252Z #36 [jaeger stage-1 2/4] RUN mkdir -p /etc/jaeger /tmp/badger-v2/key /tmp/badger-v2/data     && chmod 1777 /tmp     && chown -R 10001:0 /tmp/badger-v2
repository	UNKNOWN STEP	2026-09-29T16:23:47.0391184Z #36 DONE 0.3s
repository	UNKNOWN STEP	2026-09-29T16:23:47.0391746Z 
repository	UNKNOWN STEP	2026-09-29T16:23:47.0392850Z #34 [migrate runtime-base 1/4] FROM docker.io/library/python:3.12-slim-trixie@sha256:2f17fc044b579bab302c2e8054d3a686e2cb9a83de48e70534b94cd8ebbe06a9
repository	UNKNOWN STEP	2026-09-29T16:23:47.2587953Z #34 ...
repository	UNKNOWN STEP	2026-09-29T16:23:47.2588301Z 
repository	UNKNOWN STEP	2026-09-29T16:23:47.2589521Z #37 [minio client 1/4] FROM docker.io/library/alpine:3.22@sha256:5291449c3df73caf6ed85e649dec1b9e818b39a5d8c871e97afc13e9cd5e8fa8
repository	UNKNOWN STEP	2026-09-29T16:23:47.2591552Z #37 resolve docker.io/library/alpine:3.22@sha256:5291449c3df73caf6ed85e649dec1b9e818b39a5d8c871e97afc13e9cd5e8fa8 0.0s done
repository	UNKNOWN STEP	2026-09-29T16:23:47.2593518Z #37 sha256:3e9b4b680bfc9fb5269227cffbd6d42be39fbf7c0b908123913864aa4447e764 1.02kB / 1.02kB done
repository	UNKNOWN STEP	2026-09-29T16:23:47.2625167Z #37 sha256:c83674e1999044d33d751661371b873539f47e5b5c5ca3320c7e0377acca6238 611B / 611B done
repository	UNKNOWN STEP	2026-09-29T16:23:47.2626526Z #37 sha256:5291449c3df73caf6ed85e649dec1b9e818b39a5d8c871e97afc13e9cd5e8fa8 9.22kB / 9.22kB done
repository	UNKNOWN STEP	2026-09-29T16:23:47.2654472Z #37 sha256:53f8f5e03afd86ade91b7aa57a749f5a3d1419c113be5d8c10e7ee61bb5ab887 3.79MB / 3.79MB 5.5s done
repository	UNKNOWN STEP	2026-09-29T16:23:47.2655924Z #37 extracting sha256:53f8f5e03afd86ade91b7aa57a749f5a3d1419c113be5d8c10e7ee61bb5ab887 0.4s done
repository	UNKNOWN STEP	2026-09-29T16:23:47.2656775Z #37 DONE 5.9s
repository	UNKNOWN STEP	2026-09-29T16:23:47.2669381Z 
repository	UNKNOWN STEP	2026-09-29T16:23:47.2670816Z #34 [migrate runtime-base 1/4] FROM docker.io/library/python:3.12-slim-trixie@sha256:2f17fc044b579bab302c2e8054d3a686e2cb9a83de48e70534b94cd8ebbe06a9
repository	UNKNOWN STEP	2026-09-29T16:23:48.8216750Z #34 ...
repository	UNKNOWN STEP	2026-09-29T16:23:48.8233329Z 
repository	UNKNOWN STEP	2026-09-29T16:23:48.8235592Z #38 [minio server 2/5] RUN apk add --no-cache ca-certificates && addgroup -g 10001 minio && adduser -D -H -u 10001 -G minio minio     && mkdir /data && chown minio:minio /data
repository	UNKNOWN STEP	2026-09-29T16:23:48.8238012Z #38 0.238 fetch https://dl-cdn.alpinelinux.org/alpine/v3.22/main/x86_64/APKINDEX.tar.gz
repository	UNKNOWN STEP	2026-09-29T16:23:48.8239568Z #38 0.346 fetch https://dl-cdn.alpinelinux.org/alpine/v3.22/community/x86_64/APKINDEX.tar.gz
repository	UNKNOWN STEP	2026-09-29T16:23:48.8240917Z #38 0.805 (1/1) Installing ca-certificates (20260909-r0)
repository	UNKNOWN STEP	2026-09-29T16:23:48.8241877Z #38 0.832 Executing busybox-1.37.0-r20.trigger
repository	UNKNOWN STEP	2026-09-29T16:23:48.8242882Z #38 0.856 Executing ca-certificates-20260909-r0.trigger
repository	UNKNOWN STEP	2026-09-29T16:23:48.8244145Z #38 0.916 OK: 8 MiB in 17 packages
repository	UNKNOWN STEP	2026-09-29T16:23:48.8244788Z #38 DONE 1.4s
repository	UNKNOWN STEP	2026-09-29T16:23:48.9256377Z 
repository	UNKNOWN STEP	2026-09-29T16:23:48.9259181Z #39 [minio-init client 2/4] RUN apk add --no-cache ca-certificates && addgroup -g 10001 minio && adduser -D -u 10001 -G minio minio
repository	UNKNOWN STEP	2026-09-29T16:23:48.9260340Z #39 0.297 fetch https://dl-cdn.alpinelinux.org/alpine/v3.22/main/x86_64/APKINDEX.tar.gz
repository	UNKNOWN STEP	2026-09-29T16:23:48.9261893Z #39 0.409 fetch https://dl-cdn.alpinelinux.org/alpine/v3.22/community/x86_64/APKINDEX.tar.gz
repository	UNKNOWN STEP	2026-09-29T16:23:48.9263189Z #39 1.031 (1/1) Installing ca-certificates (20260909-r0)
repository	UNKNOWN STEP	2026-09-29T16:23:48.9264145Z #39 1.072 Executing busybox-1.37.0-r20.trigger
repository	UNKNOWN STEP	2026-09-29T16:23:48.9265068Z #39 1.087 Executing ca-certificates-20260909-r0.trigger
repository	UNKNOWN STEP	2026-09-29T16:23:48.9265912Z #39 1.164 OK: 8 MiB in 17 packages
repository	UNKNOWN STEP	2026-09-29T16:23:48.9266537Z #39 DONE 1.6s
repository	UNKNOWN STEP	2026-09-29T16:23:48.9267137Z 
repository	UNKNOWN STEP	2026-09-29T16:23:48.9268459Z #40 [minio client-build 1/6] FROM docker.io/library/golang:1.26.8-alpine3.24@sha256:8ac98ca534ac3f51e1f420a1dd2c15e74c75cfa0f23f3ad27eb5d7236c349a0c
repository	UNKNOWN STEP	2026-09-29T16:23:48.9270722Z #40 resolve docker.io/library/golang:1.26.8-alpine3.24@sha256:8ac98ca534ac3f51e1f420a1dd2c15e74c75cfa0f23f3ad27eb5d7236c349a0c 0.0s done
repository	UNKNOWN STEP	2026-09-29T16:23:48.9272700Z #40 sha256:8ac98ca534ac3f51e1f420a1dd2c15e74c75cfa0f23f3ad27eb5d7236c349a0c 10.29kB / 10.29kB done
repository	UNKNOWN STEP	2026-09-29T16:23:48.9274377Z #40 sha256:66f9a494af2b76ecb3eab75ff47166df61caec6d200c59d556b77327493d83a8 1.92kB / 1.92kB done
repository	UNKNOWN STEP	2026-09-29T16:23:48.9275462Z #40 sha256:c5fe2bbc8331458475b45686d82e0c28b1161addfe33f1ebac0a715a29587701 2.19kB / 2.19kB done
repository	UNKNOWN STEP	2026-09-29T16:23:48.9276409Z #40 sha256:4f4fb700ef54461cfa02571ae0db9a0dc1e0cdb5577484a6d75e68dc38e8acc1 0B / 32B 5.5s
repository	UNKNOWN STEP	2026-09-29T16:23:48.9278282Z #40 sha256:e2de96513ba9eb53b431787ec8a65cdde380ac4772a3e4c4b714dcfde2a102b5 3.85MB / 3.85MB 5.0s done
repository	UNKNOWN STEP	2026-09-29T16:23:48.9279917Z #40 extracting sha256:e2de96513ba9eb53b431787ec8a65cdde380ac4772a3e4c4b714dcfde2a102b5 0.2s done
repository	UNKNOWN STEP	2026-09-29T16:23:48.9281352Z #40 sha256:2cb3e687d353c47479f7eb82d6cc1b230f1d252bfefaddbeec9d3de57edf5d49 67.31MB / 67.31MB 5.8s done
repository	UNKNOWN STEP	2026-09-29T16:23:48.9283662Z #40 sha256:4009a0783f338ed55a73885b00ecad4c761c55b29337bc83f4ba5893b456a80c 247.52kB / 247.52kB 5.5s done
repository	UNKNOWN STEP	2026-09-29T16:23:48.9285390Z #40 extracting sha256:4009a0783f338ed55a73885b00ecad4c761c55b29337bc83f4ba5893b456a80c 0.2s done
repository	UNKNOWN STEP	2026-09-29T16:23:48.9286839Z #40 sha256:68ed9cc945387f62e6993f95484c65db531f4a4c6c076363d90fd1d575e36633 126B / 126B 5.6s done
repository	UNKNOWN STEP	2026-09-29T16:23:48.9288430Z #40 extracting sha256:2cb3e687d353c47479f7eb82d6cc1b230f1d252bfefaddbeec9d3de57edf5d49 1.6s
repository	UNKNOWN STEP	2026-09-29T16:23:49.1392956Z #40 ...
repository	UNKNOWN STEP	2026-09-29T16:23:49.1393537Z 
repository	UNKNOWN STEP	2026-09-29T16:23:49.1395639Z #34 [migrate runtime-base 1/4] FROM docker.io/library/python:3.12-slim-trixie@sha256:2f17fc044b579bab302c2e8054d3a686e2cb9a83de48e70534b94cd8ebbe06a9
repository	UNKNOWN STEP	2026-09-29T16:23:49.3597271Z #34 extracting sha256:6b37362b3da78869050b894b799ad4df04f1f3b52774087db0d81151570244c8 3.1s done
repository	UNKNOWN STEP	2026-09-29T16:23:49.3599493Z #34 extracting sha256:3764a9a7d1e8a98213ab2201a41dbf3da9c60240ea35a5ea96ab994555070a70
repository	UNKNOWN STEP	2026-09-29T16:23:49.6001121Z #34 extracting sha256:3764a9a7d1e8a98213ab2201a41dbf3da9c60240ea35a5ea96ab994555070a70 0.2s done
repository	UNKNOWN STEP	2026-09-29T16:23:50.0967276Z #34 extracting sha256:b0dc7f87bef15c2536cb182d6c48b52f90a0522884ec9eb222f833fa97ffebf0
repository	UNKNOWN STEP	2026-09-29T16:23:50.2122615Z #34 ...
repository	UNKNOWN STEP	2026-09-29T16:23:50.2123122Z 
repository	UNKNOWN STEP	2026-09-29T16:23:50.2124743Z #41 [jaeger upstream 1/1] FROM docker.io/jaegertracing/jaeger:2.21.0@sha256:3d0ac795ff98aa04d1be04311d2dac6c25b4bfc8322dc02e53bc5b170c5018c3
repository	UNKNOWN STEP	2026-09-29T16:23:50.2127502Z #41 resolve docker.io/jaegertracing/jaeger:2.21.0@sha256:3d0ac795ff98aa04d1be04311d2dac6c25b4bfc8322dc02e53bc5b170c5018c3 0.0s done
repository	UNKNOWN STEP	2026-09-29T16:23:50.2129634Z #41 sha256:3d0ac795ff98aa04d1be04311d2dac6c25b4bfc8322dc02e53bc5b170c5018c3 3.12kB / 3.12kB done
repository	UNKNOWN STEP	2026-09-29T16:23:50.2131262Z #41 sha256:35cd1b523cd977d78513d7e4a4474fa0e4aa505e6da956f4438d4d6241e1e5ef 1.24kB / 1.24kB done
repository	UNKNOWN STEP	2026-09-29T16:23:50.2132991Z #41 sha256:51f7cf34678178e0bbd51eeaab4104aa8f729eac33f7dfa51fdba5f62b9c3a34 3.96kB / 3.96kB done
repository	UNKNOWN STEP	2026-09-29T16:23:50.2134806Z #41 sha256:9926de6285bea63eed6de53a9c3df5168d48ade47715136fd97ff659923b18f8 104.79kB / 104.79kB 5.7s done
repository	UNKNOWN STEP	2026-09-29T16:23:50.2136649Z #41 extracting sha256:9926de6285bea63eed6de53a9c3df5168d48ade47715136fd97ff659923b18f8 done
repository	UNKNOWN STEP	2026-09-29T16:23:50.2138739Z #41 sha256:d9b64a1d4fc60c3461519a71f0a7cdae36d1390c1c37ff487db173f4ce4adf75 20.20kB / 20.20kB 5.8s done
repository	UNKNOWN STEP	2026-09-29T16:23:50.2163418Z #41 extracting sha256:d9b64a1d4fc60c3461519a71f0a7cdae36d1390c1c37ff487db173f4ce4adf75 done
repository	UNKNOWN STEP	2026-09-29T16:23:50.2164903Z #41 sha256:28ede702a59e8cf964364605d43c280252f12ecdb9c5942efa170e5c12f172fa 50.82MB / 50.82MB 6.4s done
repository	UNKNOWN STEP	2026-09-29T16:23:50.2166437Z #41 sha256:157d41acf62c2579c488f87f4b829ec3880f5d9982f073ef4fdb94869d2d6e8b 293B / 293B 5.9s done
repository	UNKNOWN STEP	2026-09-29T16:23:50.2170147Z #41 extracting sha256:28ede702a59e8cf964364605d43c280252f12ecdb9c5942efa170e5c12f172fa 2.0s done
repository	UNKNOWN STEP	2026-09-29T16:23:50.2171526Z #41 extracting sha256:157d41acf62c2579c488f87f4b829ec3880f5d9982f073ef4fdb94869d2d6e8b done
repository	UNKNOWN STEP	2026-09-29T16:23:50.2172596Z #41 DONE 8.8s
repository	UNKNOWN STEP	2026-09-29T16:23:50.2172814Z 
repository	UNKNOWN STEP	2026-09-29T16:23:50.2174092Z #34 [migrate runtime-base 1/4] FROM docker.io/library/python:3.12-slim-trixie@sha256:2f17fc044b579bab302c2e8054d3a686e2cb9a83de48e70534b94cd8ebbe06a9
repository	UNKNOWN STEP	2026-09-29T16:23:50.5949219Z #34 ...
repository	UNKNOWN STEP	2026-09-29T16:23:50.5949512Z 
repository	UNKNOWN STEP	2026-09-29T16:23:50.5950365Z #42 [jaeger stage-1 3/4] COPY --from=upstream --chown=10001:0 /cmd/jaeger/jaeger-linux /usr/local/bin/jaeger
repository	UNKNOWN STEP	2026-09-29T16:23:50.5951226Z #42 DONE 0.3s
repository	UNKNOWN STEP	2026-09-29T16:23:50.5951444Z 
repository	UNKNOWN STEP	2026-09-29T16:23:50.5951995Z #43 [jaeger stage-1 4/4] COPY --chown=10001:0 config.yaml /etc/jaeger/config.yaml
repository	UNKNOWN STEP	2026-09-29T16:23:50.5952733Z #43 DONE 0.0s
repository	UNKNOWN STEP	2026-09-29T16:23:50.5952934Z 
repository	UNKNOWN STEP	2026-09-29T16:23:50.5954097Z #34 [migrate runtime-base 1/4] FROM docker.io/library/python:3.12-slim-trixie@sha256:2f17fc044b579bab302c2e8054d3a686e2cb9a83de48e70534b94cd8ebbe06a9
repository	UNKNOWN STEP	2026-09-29T16:23:51.1361128Z #34 ...
repository	UNKNOWN STEP	2026-09-29T16:23:51.1361430Z 
repository	UNKNOWN STEP	2026-09-29T16:23:51.1361710Z #44 [jaeger] exporting to image
repository	UNKNOWN STEP	2026-09-29T16:23:51.1362315Z #44 exporting layers 0.5s done
repository	UNKNOWN STEP	2026-09-29T16:23:51.1365232Z #44 writing image sha256:f62eef62770ea87a350189b627315d271e8124fe15280f76de970a4711e6348e done
repository	UNKNOWN STEP	2026-09-29T16:23:51.1366842Z #44 naming to docker.io/library/verity-ci-jaeger done
repository	UNKNOWN STEP	2026-09-29T16:23:51.1367748Z #44 DONE 0.5s
repository	UNKNOWN STEP	2026-09-29T16:23:51.1367991Z 
repository	UNKNOWN STEP	2026-09-29T16:23:51.1368857Z #45 [jaeger] resolving provenance for metadata file
repository	UNKNOWN STEP	2026-09-29T16:23:51.1369496Z #45 DONE 0.0s
repository	UNKNOWN STEP	2026-09-29T16:23:51.1369714Z 
repository	UNKNOWN STEP	2026-09-29T16:23:51.1370878Z #34 [migrate runtime-base 1/4] FROM docker.io/library/python:3.12-slim-trixie@sha256:2f17fc044b579bab302c2e8054d3a686e2cb9a83de48e70534b94cd8ebbe06a9
repository	UNKNOWN STEP	2026-09-29T16:23:51.1372467Z #34 ...
repository	UNKNOWN STEP	2026-09-29T16:23:51.1372680Z 
repository	UNKNOWN STEP	2026-09-29T16:23:51.1373669Z #46 [grafana 1/2] FROM docker.io/grafana/grafana:13.2.2@sha256:ac461fb352abc50da10a51c7d02462e9c05488f11f53f14b3ad79a8145f638a0
repository	UNKNOWN STEP	2026-09-29T16:23:51.1376552Z #46 resolve docker.io/grafana/grafana:13.2.2@sha256:ac461fb352abc50da10a51c7d02462e9c05488f11f53f14b3ad79a8145f638a0 0.0s done
repository	UNKNOWN STEP	2026-09-29T16:23:51.1378539Z #46 sha256:ac461fb352abc50da10a51c7d02462e9c05488f11f53f14b3ad79a8145f638a0 1.08kB / 1.08kB done
repository	UNKNOWN STEP	2026-09-29T16:23:51.1380278Z #46 sha256:747aaf291145d9a84a547f1fa4edf48697371db6ab386b81c95ad3a725c20f17 6.68kB / 6.68kB done
repository	UNKNOWN STEP	2026-09-29T16:23:51.1381814Z #46 sha256:9924c7fe0effe4a5fea08b3451905de54f09fde9d1589463a5f2d02d9ec158bc 2.62kB / 2.62kB done
repository	UNKNOWN STEP	2026-09-29T16:23:51.1383184Z #46 extracting sha256:d29b8861ba88937e242a23869598b880d45819d5d63c6ae634f8ee377dae3716 done
repository	UNKNOWN STEP	2026-09-29T16:23:51.1384722Z #46 sha256:50c36ff186b125cadb80cdfe32662273c27f2f2945498a7b58b009caeaee55c7 3.75MB / 3.75MB 3.8s done
repository	UNKNOWN STEP	2026-09-29T16:23:51.1386186Z #46 sha256:96173311c88587e1df8b96aacdacc0f5bf4cbbd409f1f1f0a23597b4f841eb4d 8.73MB / 8.73MB 3.9s done
repository	UNKNOWN STEP	2026-09-29T16:23:51.1387893Z #46 sha256:d29b8861ba88937e242a23869598b880d45819d5d63c6ae634f8ee377dae3716 140B / 140B 3.7s done
repository	UNKNOWN STEP	2026-09-29T16:23:51.1389294Z #46 extracting sha256:50c36ff186b125cadb80cdfe32662273c27f2f2945498a7b58b009caeaee55c7 0.2s done
repository	UNKNOWN STEP	2026-09-29T16:23:51.1390677Z #46 sha256:c40ab487b8c1fbaa4676fd652dd8a458d68cbe2b5d21a95afed284076ee113b1 0B / 76.01kB 3.9s
repository	UNKNOWN STEP	2026-09-29T16:23:51.1392377Z #46 sha256:f62726bea4304c0732860d6d505203d13cbd88b9268fcc95dc03ee47c44f60a0 0B / 32.55kB 3.9s
repository	UNKNOWN STEP	2026-09-29T16:23:51.1394012Z #46 sha256:7a3cd33acbe015d2c11959be6f391127292fc3095b56ea293b870db295f71bf0 156.11MB / 156.11MB 5.0s done
repository	UNKNOWN STEP	2026-09-29T16:23:51.1395602Z #46 sha256:77d7fbf8f524fa2494ffa8a8f6ddac9fcfccae42e43fd940064e0972fd2a311c 303.20MB / 303.20MB 5.1s done
repository	UNKNOWN STEP	2026-09-29T16:23:51.1397337Z #46 sha256:795aff3159d742592d9fe125032dca094f2f60d0481b13479276068586939f67 182B / 182B 4.1s done
repository	UNKNOWN STEP	2026-09-29T16:23:51.1399070Z #46 extracting sha256:96173311c88587e1df8b96aacdacc0f5bf4cbbd409f1f1f0a23597b4f841eb4d 0.2s done
repository	UNKNOWN STEP	2026-09-29T16:23:51.1400542Z #46 sha256:eb20eee6617438a86e17b3d23772b7a1fa123d19e3dfd9d1598e124fb7f22189 1.33kB / 1.33kB 4.3s done
repository	UNKNOWN STEP	2026-09-29T16:23:51.1401921Z #46 extracting sha256:c40ab487b8c1fbaa4676fd652dd8a458d68cbe2b5d21a95afed284076ee113b1 done
repository	UNKNOWN STEP	2026-09-29T16:23:51.1403263Z #46 extracting sha256:f62726bea4304c0732860d6d505203d13cbd88b9268fcc95dc03ee47c44f60a0 done
repository	UNKNOWN STEP	2026-09-29T16:23:51.1404806Z #46 extracting sha256:77d7fbf8f524fa2494ffa8a8f6ddac9fcfccae42e43fd940064e0972fd2a311c 4.8s
repository	UNKNOWN STEP	2026-09-29T16:23:51.2441582Z #46 ...
repository	UNKNOWN STEP	2026-09-29T16:23:51.2441928Z 
repository	UNKNOWN STEP	2026-09-29T16:23:51.2443094Z #47 [frontend builder 1/7] FROM docker.io/library/node:22-alpine@sha256:b6f26b36c8ff49624cfdac716b8ea1138d606df02586a77d364bb5536a634f85
repository	UNKNOWN STEP	2026-09-29T16:23:51.2445210Z #47 resolve docker.io/library/node:22-alpine@sha256:b6f26b36c8ff49624cfdac716b8ea1138d606df02586a77d364bb5536a634f85 done
repository	UNKNOWN STEP	2026-09-29T16:23:51.2448145Z #47 sha256:b6f26b36c8ff49624cfdac716b8ea1138d606df02586a77d364bb5536a634f85 6.41kB / 6.41kB done
repository	UNKNOWN STEP	2026-09-29T16:23:51.2449607Z #47 sha256:b64da1de5a51067ab8e75f0bc8dbd0905d8894baa22261f439a4572f41291e50 1.72kB / 1.72kB done
repository	UNKNOWN STEP	2026-09-29T16:23:51.2451060Z #47 sha256:d8123cc242555fddfbc6735537cc6c78c3e33807fcf82b585c840e8cd36353d9 6.57kB / 6.57kB done
repository	UNKNOWN STEP	2026-09-29T16:23:51.2452572Z #47 sha256:e2de96513ba9eb53b431787ec8a65cdde380ac4772a3e4c4b714dcfde2a102b5 3.85MB / 3.85MB 5.2s done
repository	UNKNOWN STEP	2026-09-29T16:23:51.2454102Z #47 sha256:1a3a899a8294dd12f21fb3f36579c74b05013aacbcf71d6db947dda5e1c59d06 53.48MB / 55.68MB 5.4s
repository	UNKNOWN STEP	2026-09-29T16:23:51.2455495Z #47 sha256:ec179e2ee07230312183920d42bf49c2ef18644e3d7186ffa92b02dd2e26a835 0B / 1.26MB 5.4s
repository	UNKNOWN STEP	2026-09-29T16:23:51.2457097Z #47 extracting sha256:e2de96513ba9eb53b431787ec8a65cdde380ac4772a3e4c4b714dcfde2a102b5 0.2s done
repository	UNKNOWN STEP	2026-09-29T16:23:51.2458508Z #47 sha256:65213f1a3de84db18197276d9be6a34fad98eec70604aeaa6821556d932c2676 0B / 444B 5.4s
repository	UNKNOWN STEP	2026-09-29T16:23:51.2461106Z #47 extracting sha256:1a3a899a8294dd12f21fb3f36579c74b05013aacbcf71d6db947dda5e1c59d06 4.3s done
repository	UNKNOWN STEP	2026-09-29T16:23:51.2462508Z #47 extracting sha256:ec179e2ee07230312183920d42bf49c2ef18644e3d7186ffa92b02dd2e26a835 0.1s done
repository	UNKNOWN STEP	2026-09-29T16:23:51.2463892Z #47 extracting sha256:65213f1a3de84db18197276d9be6a34fad98eec70604aeaa6821556d932c2676 done
repository	UNKNOWN STEP	2026-09-29T16:23:51.2464764Z #47 ...
repository	UNKNOWN STEP	2026-09-29T16:23:51.2464961Z 
repository	UNKNOWN STEP	2026-09-29T16:23:51.2465253Z #48 [frontend builder 2/7] WORKDIR /app
repository	UNKNOWN STEP	2026-09-29T16:23:51.2465920Z #48 DONE 0.0s
repository	UNKNOWN STEP	2026-09-29T16:23:51.2466151Z 
repository	UNKNOWN STEP	2026-09-29T16:23:51.2467504Z #49 [frontend builder 3/7] COPY package.json package-lock.json ./
repository	UNKNOWN STEP	2026-09-29T16:23:51.2468175Z #49 DONE 0.0s
repository	UNKNOWN STEP	2026-09-29T16:23:51.2468384Z 
repository	UNKNOWN STEP	2026-09-29T16:23:51.2469284Z #46 [grafana 1/2] FROM docker.io/grafana/grafana:13.2.2@sha256:ac461fb352abc50da10a51c7d02462e9c05488f11f53f14b3ad79a8145f638a0
repository	UNKNOWN STEP	2026-09-29T16:23:51.2470260Z #46 ...
repository	UNKNOWN STEP	2026-09-29T16:23:51.2470441Z 
repository	UNKNOWN STEP	2026-09-29T16:23:51.2471549Z #34 [migrate runtime-base 1/4] FROM docker.io/library/python:3.12-slim-trixie@sha256:2f17fc044b579bab302c2e8054d3a686e2cb9a83de48e70534b94cd8ebbe06a9
repository	UNKNOWN STEP	2026-09-29T16:23:51.5475420Z #34 extracting sha256:b0dc7f87bef15c2536cb182d6c48b52f90a0522884ec9eb222f833fa97ffebf0 1.4s done
repository	UNKNOWN STEP	2026-09-29T16:23:51.5477682Z #34 extracting sha256:06ad939ed42b51caafb25b14810875d14e0ee0c441d3e2e5e46475fb8c150bca done
repository	UNKNOWN STEP	2026-09-29T16:23:51.6736569Z #34 DONE 10.5s
repository	UNKNOWN STEP	2026-09-29T16:23:51.6777226Z 
repository	UNKNOWN STEP	2026-09-29T16:23:51.6778305Z #50 [celery-beat runtime-base 2/4] WORKDIR /app
repository	UNKNOWN STEP	2026-09-29T16:23:51.6781330Z #50 DONE 0.0s
repository	UNKNOWN STEP	2026-09-29T16:23:51.6781749Z 
repository	UNKNOWN STEP	2026-09-29T16:23:51.6782228Z #51 [celery-beat runtime-base 3/4] COPY requirements.lock ./
repository	UNKNOWN STEP	2026-09-29T16:23:51.6782909Z #51 DONE 0.0s
repository	UNKNOWN STEP	2026-09-29T16:23:51.6783120Z 
repository	UNKNOWN STEP	2026-09-29T16:23:51.6784626Z #52 [celery-worker runtime-base 4/4] RUN pip install --no-cache-dir --only-binary=:all: --require-hashes -r requirements.lock     && useradd --create-home --uid 1000 azaeron
repository	UNKNOWN STEP	2026-09-29T16:23:52.0827881Z #52 ...
repository	UNKNOWN STEP	2026-09-29T16:23:52.0828444Z 
repository	UNKNOWN STEP	2026-09-29T16:23:52.0830278Z #53 [frontend runner 3/6] RUN rm -rf /usr/local/lib/node_modules/npm /opt/yarn-*     && rm -f /usr/local/bin/npm /usr/local/bin/npx /usr/local/bin/yarn /usr/local/bin/yarnpkg
repository	UNKNOWN STEP	2026-09-29T16:23:52.0832158Z #53 DONE 0.9s
repository	UNKNOWN STEP	2026-09-29T16:23:52.2171750Z 
repository	UNKNOWN STEP	2026-09-29T16:23:52.2173962Z #46 [grafana 1/2] FROM docker.io/grafana/grafana:13.2.2@sha256:ac461fb352abc50da10a51c7d02462e9c05488f11f53f14b3ad79a8145f638a0
repository	UNKNOWN STEP	2026-09-29T16:23:56.0375077Z #46 extracting sha256:77d7fbf8f524fa2494ffa8a8f6ddac9fcfccae42e43fd940064e0972fd2a311c 9.8s
repository	UNKNOWN STEP	2026-09-29T16:23:57.2892651Z #46 ...
repository	UNKNOWN STEP	2026-09-29T16:23:57.2893307Z 
repository	UNKNOWN STEP	2026-09-29T16:23:57.2895064Z #52 [celery-worker runtime-base 4/4] RUN pip install --no-cache-dir --only-binary=:all: --require-hashes -r requirements.lock     && useradd --create-home --uid 1000 azaeron
repository	UNKNOWN STEP	2026-09-29T16:23:57.2897687Z #52 2.536 Collecting alembic==1.14.0 (from -r requirements.lock (line 3))
repository	UNKNOWN STEP	2026-09-29T16:23:57.2899051Z #52 2.568   Downloading alembic-1.14.0-py3-none-any.whl (233 kB)
repository	UNKNOWN STEP	2026-09-29T16:23:57.2900313Z #52 2.603 Collecting amqp==5.4.0 (from -r requirements.lock (line 7))
repository	UNKNOWN STEP	2026-09-29T16:23:57.2901526Z #52 2.609   Downloading amqp-5.4.0-py3-none-any.whl (51 kB)
repository	UNKNOWN STEP	2026-09-29T16:23:57.2902915Z #52 2.619 Collecting annotated-doc==0.0.5 (from -r requirements.lock (line 11))
repository	UNKNOWN STEP	2026-09-29T16:23:57.2904200Z #52 2.626   Downloading annotated_doc-0.0.5-py3-none-any.whl (5.3 kB)
repository	UNKNOWN STEP	2026-09-29T16:23:57.2905490Z #52 2.637 Collecting annotated-types==0.8.0 (from -r requirements.lock (line 15))
repository	UNKNOWN STEP	2026-09-29T16:23:57.2906744Z #52 2.642   Downloading annotated_types-0.8.0-py3-none-any.whl (13 kB)
repository	UNKNOWN STEP	2026-09-29T16:23:57.2908187Z #52 2.662 Collecting anyio==4.15.1 (from -r requirements.lock (line 19))
repository	UNKNOWN STEP	2026-09-29T16:23:57.2909358Z #52 2.666   Downloading anyio-4.15.1-py3-none-any.whl (132 kB)
repository	UNKNOWN STEP	2026-09-29T16:23:57.2910557Z #52 2.696 Collecting argon2-cffi==25.1.0 (from -r requirements.lock (line 26))
repository	UNKNOWN STEP	2026-09-29T16:23:57.2911771Z #52 2.700   Downloading argon2_cffi-25.1.0-py3-none-any.whl (14 kB)
repository	UNKNOWN STEP	2026-09-29T16:23:57.2913440Z #52 2.718 Collecting argon2-cffi-bindings==26.1.0 (from -r requirements.lock (line 30))
repository	UNKNOWN STEP	2026-09-29T16:23:57.2915127Z #52 2.723   Downloading argon2_cffi_bindings-26.1.0-cp310-abi3-manylinux_2_26_x86_64.manylinux_2_28_x86_64.whl (26 kB)
repository	UNKNOWN STEP	2026-09-29T16:23:57.2916561Z #52 2.744 Collecting asgiref==3.12.1 (from -r requirements.lock (line 73))
repository	UNKNOWN STEP	2026-09-29T16:23:57.2917987Z #52 2.748   Downloading asgiref-3.12.1-py3-none-any.whl (25 kB)
repository	UNKNOWN STEP	2026-09-29T16:23:57.2919160Z #52 2.809 Collecting asyncpg==0.30.0 (from -r requirements.lock (line 77))
repository	UNKNOWN STEP	2026-09-29T16:23:57.2920922Z #52 2.815   Downloading asyncpg-0.30.0-cp312-cp312-manylinux_2_17_x86_64.manylinux2014_x86_64.whl (3.6 MB)
repository	UNKNOWN STEP	2026-09-29T16:23:57.2922852Z #52 2.839      ━━━━━━━━━━━━━━━━━━━━━━━━━━━━━━━━━━━━━━━━ 3.6/3.6 MB 179.5 MB/s eta 0:00:00
repository	UNKNOWN STEP	2026-09-29T16:23:57.2924156Z #52 2.909 Collecting bcrypt==4.0.1 (from -r requirements.lock (line 128))
repository	UNKNOWN STEP	2026-09-29T16:23:57.2925450Z #52 2.916   Downloading bcrypt-4.0.1-cp36-abi3-manylinux_2_28_x86_64.whl (593 kB)
repository	UNKNOWN STEP	2026-09-29T16:23:57.2927328Z #52 2.932      ━━━━━━━━━━━━━━━━━━━━━━━━━━━━━━━━━━━━━ 593.7/593.7 kB 205.3 MB/s eta 0:00:00
repository	UNKNOWN STEP	2026-09-29T16:23:57.2928603Z #52 2.957 Collecting beautifulsoup4==4.12.3 (from -r requirements.lock (line 151))
repository	UNKNOWN STEP	2026-09-29T16:23:57.2929885Z #52 2.961   Downloading beautifulsoup4-4.12.3-py3-none-any.whl (147 kB)
repository	UNKNOWN STEP	2026-09-29T16:23:57.2931370Z #52 2.996 Collecting billiard==4.3.0 (from -r requirements.lock (line 155))
repository	UNKNOWN STEP	2026-09-29T16:23:57.2932735Z #52 3.002   Downloading billiard-4.3.0-py3-none-any.whl (88 kB)
repository	UNKNOWN STEP	2026-09-29T16:23:57.2934322Z #52 3.059 Collecting celery==5.4.0 (from -r requirements.lock (line 159))
repository	UNKNOWN STEP	2026-09-29T16:23:57.2935491Z #52 3.066   Downloading celery-5.4.0-py3-none-any.whl (425 kB)
repository	UNKNOWN STEP	2026-09-29T16:23:57.2936737Z #52 3.155 Collecting certifi==2026.7.22 (from -r requirements.lock (line 163))
repository	UNKNOWN STEP	2026-09-29T16:23:57.2938221Z #52 3.162   Downloading certifi-2026.7.22-py3-none-any.whl (136 kB)
repository	UNKNOWN STEP	2026-09-29T16:23:57.2939412Z #52 3.378 Collecting cffi==2.1.1 (from -r requirements.lock (line 170))
repository	UNKNOWN STEP	2026-09-29T16:23:57.2940929Z #52 3.383   Downloading cffi-2.1.1-cp312-cp312-manylinux2014_x86_64.manylinux_2_17_x86_64.whl (221 kB)
repository	UNKNOWN STEP	2026-09-29T16:23:57.2942605Z #52 3.593 Collecting charset-normalizer==3.5.1 (from -r requirements.lock (line 274))
repository	UNKNOWN STEP	2026-09-29T16:23:57.2944582Z #52 3.598   Downloading charset_normalizer-3.5.1-cp312-cp312-manylinux2014_x86_64.manylinux_2_17_x86_64.manylinux_2_28_x86_64.whl (248 kB)
repository	UNKNOWN STEP	2026-09-29T16:23:57.2946193Z #52 3.639 Collecting click==8.5.0 (from -r requirements.lock (line 448))
repository	UNKNOWN STEP	2026-09-29T16:23:57.2947617Z #52 3.643   Downloading click-8.5.0-py3-none-any.whl (125 kB)
repository	UNKNOWN STEP	2026-09-29T16:23:57.2948914Z #52 3.658 Collecting click-didyoumean==0.3.1 (from -r requirements.lock (line 457))
repository	UNKNOWN STEP	2026-09-29T16:23:57.2950431Z #52 3.661   Downloading click_didyoumean-0.3.1-py3-none-any.whl (3.6 kB)
repository	UNKNOWN STEP	2026-09-29T16:23:57.2952008Z #52 3.670 Collecting click-plugins==1.1.1.2 (from -r requirements.lock (line 461))
repository	UNKNOWN STEP	2026-09-29T16:23:57.2953350Z #52 3.674   Downloading click_plugins-1.1.1.2-py2.py3-none-any.whl (11 kB)
repository	UNKNOWN STEP	2026-09-29T16:23:57.2954630Z #52 3.706 Collecting click-repl==0.4.0 (from -r requirements.lock (line 465))
repository	UNKNOWN STEP	2026-09-29T16:23:57.2955821Z #52 3.706   Downloading click_repl-0.4.0-py3-none-any.whl (14 kB)
repository	UNKNOWN STEP	2026-09-29T16:23:57.2957238Z #52 4.051 Collecting cryptography==50.0.1 (from -r requirements.lock (line 469))
repository	UNKNOWN STEP	2026-09-29T16:23:57.2958700Z #52 4.055   Downloading cryptography-50.0.1-cp311-abi3-manylinux_2_34_x86_64.whl (4.7 MB)
repository	UNKNOWN STEP	2026-09-29T16:23:57.2960409Z #52 4.075      ━━━━━━━━━━━━━━━━━━━━━━━━━━━━━━━━━━━━━━━━ 4.7/4.7 MB 288.1 MB/s eta 0:00:00
repository	UNKNOWN STEP	2026-09-29T16:23:57.2961655Z #52 4.098 Collecting deprecated==1.3.1 (from -r requirements.lock (line 519))
repository	UNKNOWN STEP	2026-09-29T16:23:57.2963166Z #52 4.106   Downloading deprecated-1.3.1-py2.py3-none-any.whl (11 kB)
repository	UNKNOWN STEP	2026-09-29T16:23:57.2964657Z #52 4.117 Collecting dnspython==2.8.0 (from -r requirements.lock (line 526))
repository	UNKNOWN STEP	2026-09-29T16:23:57.2966127Z #52 4.120   Downloading dnspython-2.8.0-py3-none-any.whl (331 kB)
repository	UNKNOWN STEP	2026-09-29T16:23:57.2967723Z #52 4.159 Collecting email-validator==2.2.0 (from -r requirements.lock (line 530))
repository	UNKNOWN STEP	2026-09-29T16:23:57.2969271Z #52 4.165   Downloading email_validator-2.2.0-py3-none-any.whl (33 kB)
repository	UNKNOWN STEP	2026-09-29T16:23:57.2970457Z #52 4.309 Collecting fastapi==0.141.1 (from -r requirements.lock (line 534))
repository	UNKNOWN STEP	2026-09-29T16:23:57.2971674Z #52 4.314   Downloading fastapi-0.141.1-py3-none-any.whl (131 kB)
repository	UNKNOWN STEP	2026-09-29T16:23:57.2973284Z #52 4.345 Collecting googleapis-common-protos==1.75.0 (from -r requirements.lock (line 538))
repository	UNKNOWN STEP	2026-09-29T16:23:57.2975046Z #52 4.365   Downloading googleapis_common_protos-1.75.0-py3-none-any.whl (300 kB)
repository	UNKNOWN STEP	2026-09-29T16:23:57.2976671Z #52 4.640 Collecting greenlet==3.5.6 (from -r requirements.lock (line 542))
repository	UNKNOWN STEP	2026-09-29T16:23:57.2978495Z #52 4.651   Downloading greenlet-3.5.6-cp312-cp312-manylinux_2_24_x86_64.manylinux_2_28_x86_64.whl (621 kB)
repository	UNKNOWN STEP	2026-09-29T16:23:57.2980284Z #52 4.662      ━━━━━━━━━━━━━━━━━━━━━━━━━━━━━━━━━━━━━ 621.4/621.4 kB 123.5 MB/s eta 0:00:00
repository	UNKNOWN STEP	2026-09-29T16:23:57.2981641Z #52 5.515 Collecting grpcio==1.84.0 (from -r requirements.lock (line 623))
repository	UNKNOWN STEP	2026-09-29T16:23:57.2983520Z #52 5.520   Downloading grpcio-1.84.0-cp312-cp312-manylinux2014_x86_64.manylinux_2_17_x86_64.whl (7.2 MB)
repository	UNKNOWN STEP	2026-09-29T16:23:57.2985236Z #52 5.558      ━━━━━━━━━━━━━━━━━━━━━━━━━━━━━━━━━━━━━━━━ 7.2/7.2 MB 216.2 MB/s eta 0:00:00
repository	UNKNOWN STEP	2026-09-29T16:23:57.2986461Z #52 5.634 Collecting h11==0.16.0 (from -r requirements.lock (line 686))
repository	UNKNOWN STEP	2026-09-29T16:23:57.2988012Z #52 5.639   Downloading h11-0.16.0-py3-none-any.whl (37 kB)
repository	UNKNOWN STEP	2026-09-29T16:23:57.2989316Z #52 5.656 Collecting httpcore==1.0.9 (from -r requirements.lock (line 692))
repository	UNKNOWN STEP	2026-09-29T16:23:57.4188353Z #52 5.665   Downloading httpcore-1.0.9-py3-none-any.whl (78 kB)
repository	UNKNOWN STEP	2026-09-29T16:23:57.4210458Z #52 5.707 Collecting httptools==0.8.0 (from -r requirements.lock (line 696))
repository	UNKNOWN STEP	2026-09-29T16:23:57.4238711Z #52 5.711   Downloading httptools-0.8.0-cp312-cp312-manylinux1_x86_64.manylinux_2_28_x86_64.manylinux_2_5_x86_64.whl (523 kB)
repository	UNKNOWN STEP	2026-09-29T16:23:57.4268396Z #52 5.731 Collecting httpx==0.27.0 (from -r requirements.lock (line 748))
repository	UNKNOWN STEP	2026-09-29T16:23:57.4278228Z #52 5.735   Downloading httpx-0.27.0-py3-none-any.whl (75 kB)
repository	UNKNOWN STEP	2026-09-29T16:23:57.4291988Z #52 5.756 Collecting idna==3.20 (from -r requirements.lock (line 752))
repository	UNKNOWN STEP	2026-09-29T16:23:57.4293061Z #52 5.763   Downloading idna-3.20-py3-none-any.whl (69 kB)
repository	UNKNOWN STEP	2026-09-29T16:23:57.4294410Z #52 5.794 Collecting importlib-metadata==8.5.0 (from -r requirements.lock (line 759))
repository	UNKNOWN STEP	2026-09-29T16:23:57.5258428Z #52 5.797   Downloading importlib_metadata-8.5.0-py3-none-any.whl (26 kB)
repository	UNKNOWN STEP	2026-09-29T16:23:57.5278713Z #52 5.812 Collecting itsdangerous==2.2.0 (from -r requirements.lock (line 763))
repository	UNKNOWN STEP	2026-09-29T16:23:57.5307965Z #52 5.816   Downloading itsdangerous-2.2.0-py3-none-any.whl (16 kB)
repository	UNKNOWN STEP	2026-09-29T16:23:57.5318427Z #52 5.851 Collecting kombu==5.6.2 (from -r requirements.lock (line 767))
repository	UNKNOWN STEP	2026-09-29T16:23:57.5344162Z #52 5.856   Downloading kombu-5.6.2-py3-none-any.whl (214 kB)
repository	UNKNOWN STEP	2026-09-29T16:23:57.9057728Z #52 6.261 Collecting lxml==6.1.3 (from -r requirements.lock (line 771))
repository	UNKNOWN STEP	2026-09-29T16:23:57.9059144Z #52 6.266   Downloading lxml-6.1.3-cp312-cp312-manylinux_2_26_x86_64.manylinux_2_28_x86_64.whl (5.2 MB)
repository	UNKNOWN STEP	2026-09-29T16:23:58.0069379Z #52 6.280      ━━━━━━━━━━━━━━━━━━━━━━━━━━━━━━━━━━━━━━━━ 5.2/5.2 MB 431.6 MB/s eta 0:00:00
repository	UNKNOWN STEP	2026-09-29T16:23:58.0078435Z #52 6.307 Collecting mako==1.4.1 (from -r requirements.lock (line 949))
repository	UNKNOWN STEP	2026-09-29T16:23:58.0079781Z #52 6.310   Downloading mako-1.4.1-py3-none-any.whl (80 kB)
repository	UNKNOWN STEP	2026-09-29T16:23:58.0080871Z #52 6.377 Collecting markupsafe==3.0.3 (from -r requirements.lock (line 953))
repository	UNKNOWN STEP	2026-09-29T16:23:58.1682600Z #52 6.382   Downloading markupsafe-3.0.3-cp312-cp312-manylinux2014_x86_64.manylinux_2_17_x86_64.manylinux_2_28_x86_64.whl (22 kB)
repository	UNKNOWN STEP	2026-09-29T16:23:58.1708007Z #52 6.414 Collecting minio==7.2.12 (from -r requirements.lock (line 1044))
repository	UNKNOWN STEP	2026-09-29T16:23:58.1737894Z #52 6.420   Downloading minio-7.2.12-py3-none-any.whl (94 kB)
repository	UNKNOWN STEP	2026-09-29T16:23:58.3933029Z #52 6.714 Collecting numpy==2.5.3 (from -r requirements.lock (line 1048))
repository	UNKNOWN STEP	2026-09-29T16:23:58.3948302Z #52 6.728   Downloading numpy-2.5.3-cp312-cp312-manylinux_2_27_x86_64.manylinux_2_28_x86_64.whl (16.7 MB)
repository	UNKNOWN STEP	2026-09-29T16:23:58.4962815Z #52 6.769      ━━━━━━━━━━━━━━━━━━━━━━━━━━━━━━━━━━━━━━━ 16.7/16.7 MB 365.7 MB/s eta 0:00:00
repository	UNKNOWN STEP	2026-09-29T16:23:58.4964107Z #52 6.817 Collecting opentelemetry-api==1.28.0 (from -r requirements.lock (line 1116))
repository	UNKNOWN STEP	2026-09-29T16:23:58.4980673Z #52 6.825   Downloading opentelemetry_api-1.28.0-py3-none-any.whl (64 kB)
repository	UNKNOWN STEP	2026-09-29T16:23:58.4982605Z #52 6.847 Collecting opentelemetry-exporter-otlp-proto-common==1.28.0 (from -r requirements.lock (line 1127))
repository	UNKNOWN STEP	2026-09-29T16:23:58.4984552Z #52 6.853   Downloading opentelemetry_exporter_otlp_proto_common-1.28.0-py3-none-any.whl (18 kB)
repository	UNKNOWN STEP	2026-09-29T16:23:58.4987113Z #52 6.872 Collecting opentelemetry-exporter-otlp-proto-grpc==1.28.0 (from -r requirements.lock (line 1131))
repository	UNKNOWN STEP	2026-09-29T16:23:58.6060156Z #52 6.879   Downloading opentelemetry_exporter_otlp_proto_grpc-1.28.0-py3-none-any.whl (18 kB)
repository	UNKNOWN STEP	2026-09-29T16:23:58.6061954Z #52 6.932 Collecting opentelemetry-instrumentation==0.49b0 (from -r requirements.lock (line 1135))
repository	UNKNOWN STEP	2026-09-29T16:23:58.6063549Z #52 6.932   Downloading opentelemetry_instrumentation-0.49b0-py3-none-any.whl (30 kB)
repository	UNKNOWN STEP	2026-09-29T16:23:58.6065096Z #52 6.932 Collecting opentelemetry-instrumentation-asgi==0.49b0 (from -r requirements.lock (line 1141))
repository	UNKNOWN STEP	2026-09-29T16:23:58.6066573Z #52 6.937   Downloading opentelemetry_instrumentation_asgi-0.49b0-py3-none-any.whl (16 kB)
repository	UNKNOWN STEP	2026-09-29T16:23:58.6068349Z #52 6.956 Collecting opentelemetry-instrumentation-fastapi==0.49b0 (from -r requirements.lock (line 1145))
repository	UNKNOWN STEP	2026-09-29T16:23:58.6069879Z #52 6.962   Downloading opentelemetry_instrumentation_fastapi-0.49b0-py3-none-any.whl (12 kB)
repository	UNKNOWN STEP	2026-09-29T16:23:58.7134771Z #52 6.982 Collecting opentelemetry-proto==1.28.0 (from -r requirements.lock (line 1149))
repository	UNKNOWN STEP	2026-09-29T16:23:58.7136111Z #52 6.989   Downloading opentelemetry_proto-1.28.0-py3-none-any.whl (55 kB)
repository	UNKNOWN STEP	2026-09-29T16:23:58.7137756Z #52 7.015 Collecting opentelemetry-sdk==1.28.0 (from -r requirements.lock (line 1155))
repository	UNKNOWN STEP	2026-09-29T16:23:58.7139173Z #52 7.020   Downloading opentelemetry_sdk-1.28.0-py3-none-any.whl (118 kB)
repository	UNKNOWN STEP	2026-09-29T16:23:58.7140642Z #52 7.060 Collecting opentelemetry-semantic-conventions==0.49b0 (from -r requirements.lock (line 1161))
repository	UNKNOWN STEP	2026-09-29T16:23:58.7142191Z #52 7.065   Downloading opentelemetry_semantic_conventions-0.49b0-py3-none-any.whl (159 kB)
repository	UNKNOWN STEP	2026-09-29T16:23:58.7143622Z #52 7.089 Collecting opentelemetry-util-http==0.49b0 (from -r requirements.lock (line 1169))
repository	UNKNOWN STEP	2026-09-29T16:23:58.8161371Z #52 7.099   Downloading opentelemetry_util_http-0.49b0-py3-none-any.whl (6.9 kB)
repository	UNKNOWN STEP	2026-09-29T16:23:58.8164972Z #52 7.113 Collecting packaging==26.3 (from -r requirements.lock (line 1175))
repository	UNKNOWN STEP	2026-09-29T16:23:58.8166340Z #52 7.119   Downloading packaging-26.3-py3-none-any.whl (129 kB)
repository	UNKNOWN STEP	2026-09-29T16:23:58.8168001Z #52 7.134 Collecting pdfminer-six==20260107 (from -r requirements.lock (line 1181))
repository	UNKNOWN STEP	2026-09-29T16:23:58.8169857Z #52 7.137   Downloading pdfminer_six-20260107-py3-none-any.whl (6.6 MB)
repository	UNKNOWN STEP	2026-09-29T16:23:58.8171977Z #52 7.158      ━━━━━━━━━━━━━━━━━━━━━━━━━━━━━━━━━━━━━━━━ 6.6/6.6 MB 369.4 MB/s eta 0:00:00
repository	UNKNOWN STEP	2026-09-29T16:23:58.8173325Z #52 7.192 Collecting pdfplumber==0.11.10 (from -r requirements.lock (line 1185))
repository	UNKNOWN STEP	2026-09-29T16:23:58.9292054Z #52 7.204   Downloading pdfplumber-0.11.10-py3-none-any.whl (60 kB)
repository	UNKNOWN STEP	2026-09-29T16:23:58.9318198Z #52 7.215 Collecting pgvector==0.3.0 (from -r requirements.lock (line 1189))
repository	UNKNOWN STEP	2026-09-29T16:23:58.9347921Z #52 7.220   Downloading pgvector-0.3.0-py2.py3-none-any.whl (23 kB)
repository	UNKNOWN STEP	2026-09-29T16:23:59.1510806Z #52 7.502 Collecting pillow==12.3.0 (from -r requirements.lock (line 1192))
repository	UNKNOWN STEP	2026-09-29T16:23:59.1528287Z #52 7.508   Downloading pillow-12.3.0-cp312-cp312-manylinux_2_27_x86_64.manylinux_2_28_x86_64.whl (6.9 MB)
repository	UNKNOWN STEP	2026-09-29T16:23:59.2792722Z #52 7.535      ━━━━━━━━━━━━━━━━━━━━━━━━━━━━━━━━━━━━━━━━ 6.9/6.9 MB 405.9 MB/s eta 0:00:00
repository	UNKNOWN STEP	2026-09-29T16:23:59.2818055Z #52 7.577 Collecting prometheus-client==0.21.0 (from -r requirements.lock (line 1281))
repository	UNKNOWN STEP	2026-09-29T16:23:59.2819637Z #52 7.582   Downloading prometheus_client-0.21.0-py3-none-any.whl (54 kB)
repository	UNKNOWN STEP	2026-09-29T16:23:59.2848244Z #52 7.610 Collecting prompt-toolkit==3.0.53 (from -r requirements.lock (line 1285))
repository	UNKNOWN STEP	2026-09-29T16:23:59.2877949Z #52 7.620   Downloading prompt_toolkit-3.0.53-py3-none-any.whl (392 kB)
repository	UNKNOWN STEP	2026-09-29T16:23:59.2907678Z #52 ...
repository	UNKNOWN STEP	2026-09-29T16:23:59.2908161Z 
repository	UNKNOWN STEP	2026-09-29T16:23:59.2938836Z #40 [minio client-build 1/6] FROM docker.io/library/golang:1.26.8-alpine3.24@sha256:8ac98ca534ac3f51e1f420a1dd2c15e74c75cfa0f23f3ad27eb5d7236c349a0c
repository	UNKNOWN STEP	2026-09-29T16:23:59.2968978Z #40 extracting sha256:2cb3e687d353c47479f7eb82d6cc1b230f1d252bfefaddbeec9d3de57edf5d49 10.6s
repository	UNKNOWN STEP	2026-09-29T16:23:59.3806090Z #40 extracting sha256:2cb3e687d353c47479f7eb82d6cc1b230f1d252bfefaddbeec9d3de57edf5d49 12.2s done
repository	UNKNOWN STEP	2026-09-29T16:23:59.3807753Z #40 ...
repository	UNKNOWN STEP	2026-09-29T16:23:59.3838015Z 
repository	UNKNOWN STEP	2026-09-29T16:23:59.3856426Z #46 [grafana 1/2] FROM docker.io/grafana/grafana:13.2.2@sha256:ac461fb352abc50da10a51c7d02462e9c05488f11f53f14b3ad79a8145f638a0
repository	UNKNOWN STEP	2026-09-29T16:24:01.1560024Z #46 extracting sha256:77d7fbf8f524fa2494ffa8a8f6ddac9fcfccae42e43fd940064e0972fd2a311c 14.9s
repository	UNKNOWN STEP	2026-09-29T16:24:01.2674862Z #46 ...
repository	UNKNOWN STEP	2026-09-29T16:24:01.2675350Z 
repository	UNKNOWN STEP	2026-09-29T16:24:01.2675920Z #54 [frontend builder 4/7] RUN npm ci
repository	UNKNOWN STEP	2026-09-29T16:24:01.3879390Z #54 ...
repository	UNKNOWN STEP	2026-09-29T16:24:01.3880673Z 
repository	UNKNOWN STEP	2026-09-29T16:24:01.3882148Z #46 [grafana 1/2] FROM docker.io/grafana/grafana:13.2.2@sha256:ac461fb352abc50da10a51c7d02462e9c05488f11f53f14b3ad79a8145f638a0
repository	UNKNOWN STEP	2026-09-29T16:24:02.2515372Z #46 ...
repository	UNKNOWN STEP	2026-09-29T16:24:02.2515686Z 
repository	UNKNOWN STEP	2026-09-29T16:24:02.2527406Z #40 [minio-init client-build 1/6] FROM docker.io/library/golang:1.26.8-alpine3.24@sha256:8ac98ca534ac3f51e1f420a1dd2c15e74c75cfa0f23f3ad27eb5d7236c349a0c
repository	UNKNOWN STEP	2026-09-29T16:24:02.2529846Z #40 extracting sha256:2cb3e687d353c47479f7eb82d6cc1b230f1d252bfefaddbeec9d3de57edf5d49 12.2s done
repository	UNKNOWN STEP	2026-09-29T16:24:02.2531474Z #40 extracting sha256:68ed9cc945387f62e6993f95484c65db531f4a4c6c076363d90fd1d575e36633 done
repository	UNKNOWN STEP	2026-09-29T16:24:02.2533021Z #40 extracting sha256:4f4fb700ef54461cfa02571ae0db9a0dc1e0cdb5577484a6d75e68dc38e8acc1 done
repository	UNKNOWN STEP	2026-09-29T16:24:02.2534072Z #40 DONE 20.9s
repository	UNKNOWN STEP	2026-09-29T16:24:02.2534316Z 
repository	UNKNOWN STEP	2026-09-29T16:24:02.2538476Z #46 [grafana 1/2] FROM docker.io/grafana/grafana:13.2.2@sha256:ac461fb352abc50da10a51c7d02462e9c05488f11f53f14b3ad79a8145f638a0
repository	UNKNOWN STEP	2026-09-29T16:24:02.3632461Z #46 ...
repository	UNKNOWN STEP	2026-09-29T16:24:02.3633109Z 
repository	UNKNOWN STEP	2026-09-29T16:24:02.3633771Z #55 [minio client-build 2/6] WORKDIR /src
repository	UNKNOWN STEP	2026-09-29T16:24:02.3634812Z #55 DONE 0.0s
repository	UNKNOWN STEP	2026-09-29T16:24:02.3635210Z 
repository	UNKNOWN STEP	2026-09-29T16:24:02.3637555Z #56 [minio-init client-build 3/6] ADD --checksum=sha256:4cea8ed209c8f96e59ea1a5cc4901019b54c2be6d6f5f16c6749ea8bdcf4172e https://codeload.github.com/minio/mc/tar.gz/d6541ea280b73a834b64d4097e21f2be77676104 /tmp/source.tgz
repository	UNKNOWN STEP	2026-09-29T16:24:02.3639419Z #56 DONE 0.0s
repository	UNKNOWN STEP	2026-09-29T16:24:02.3639850Z 
repository	UNKNOWN STEP	2026-09-29T16:24:02.3641651Z #57 [minio server-build 3/6] ADD --checksum=sha256:09ffb1ddfa9636348f8d029f9680bb086840dccf9d34370e8462151d28e95f97 https://codeload.github.com/minio/minio/tar.gz/5aebb3970e132ca231508152c0333cb223c83d70 /tmp/source.tgz
repository	UNKNOWN STEP	2026-09-29T16:24:02.3644539Z #57 DONE 0.1s
repository	UNKNOWN STEP	2026-09-29T16:24:02.5164607Z 
repository	UNKNOWN STEP	2026-09-29T16:24:02.5167735Z #52 [celery-worker runtime-base 4/4] RUN pip install --no-cache-dir --only-binary=:all: --require-hashes -r requirements.lock     && useradd --create-home --uid 1000 azaeron
repository	UNKNOWN STEP	2026-09-29T16:24:02.5170019Z #52 7.863 Collecting protobuf==5.29.6 (from -r requirements.lock (line 1289))
repository	UNKNOWN STEP	2026-09-29T16:24:02.5171728Z #52 7.867   Downloading protobuf-5.29.6-cp38-abi3-manylinux2014_x86_64.whl (320 kB)
repository	UNKNOWN STEP	2026-09-29T16:24:02.5173049Z #52 7.875 Collecting pycparser==3.0 (from -r requirements.lock (line 1304))
repository	UNKNOWN STEP	2026-09-29T16:24:02.5174133Z #52 7.880   Downloading pycparser-3.0-py3-none-any.whl (48 kB)
repository	UNKNOWN STEP	2026-09-29T16:24:02.5175343Z #52 7.988 Collecting pycryptodome==3.23.0 (from -r requirements.lock (line 1308))
repository	UNKNOWN STEP	2026-09-29T16:24:02.5177495Z #52 7.993   Downloading pycryptodome-3.23.0-cp37-abi3-manylinux_2_17_x86_64.manylinux2014_x86_64.whl (2.3 MB)
repository	UNKNOWN STEP	2026-09-29T16:24:02.5179817Z #52 8.000      ━━━━━━━━━━━━━━━━━━━━━━━━━━━━━━━━━━━━━━━━ 2.3/2.3 MB 447.9 MB/s eta 0:00:00
repository	UNKNOWN STEP	2026-09-29T16:24:02.5181485Z #52 8.141 Collecting pydantic==2.13.5 (from -r requirements.lock (line 1351))
repository	UNKNOWN STEP	2026-09-29T16:24:02.5183099Z #52 8.151   Downloading pydantic-2.13.5-py3-none-any.whl (472 kB)
repository	UNKNOWN STEP	2026-09-29T16:24:02.5184334Z #52 9.643 Collecting pydantic-core==2.46.5 (from -r requirements.lock (line 1358))
repository	UNKNOWN STEP	2026-09-29T16:24:02.5185877Z #52 9.648   Downloading pydantic_core-2.46.5-cp312-cp312-manylinux_2_17_x86_64.manylinux2014_x86_64.whl (2.1 MB)
repository	UNKNOWN STEP	2026-09-29T16:24:02.5190592Z #52 9.691      ━━━━━━━━━━━━━━━━━━━━━━━━━━━━━━━━━━━━━━━━ 2.1/2.1 MB 379.0 MB/s eta 0:00:00
repository	UNKNOWN STEP	2026-09-29T16:24:02.5192259Z #52 9.709 Collecting pydantic-settings==2.15.0 (from -r requirements.lock (line 1480))
repository	UNKNOWN STEP	2026-09-29T16:24:02.5196005Z #52 9.713   Downloading pydantic_settings-2.15.0-py3-none-any.whl (69 kB)
repository	UNKNOWN STEP	2026-09-29T16:24:02.5197951Z #52 9.734 Collecting pyjwt==2.14.0 (from -r requirements.lock (line 1484))
repository	UNKNOWN STEP	2026-09-29T16:24:02.5199393Z #52 9.738   Downloading pyjwt-2.14.0-py3-none-any.whl (32 kB)
repository	UNKNOWN STEP	2026-09-29T16:24:02.5200796Z #52 9.860 Collecting pypdfium2==5.13.0 (from -r requirements.lock (line 1488))
repository	UNKNOWN STEP	2026-09-29T16:24:02.5205973Z #52 9.945   Downloading pypdfium2-5.13.0-py3-none-manylinux_2_17_x86_64.manylinux2014_x86_64.whl (3.7 MB)
repository	UNKNOWN STEP	2026-09-29T16:24:02.5211891Z #52 9.958      ━━━━━━━━━━━━━━━━━━━━━━━━━━━━━━━━━━━━━━━━ 3.7/3.7 MB 421.0 MB/s eta 0:00:00
repository	UNKNOWN STEP	2026-09-29T16:24:02.5220175Z #52 9.978 Collecting pyphen==0.18.1 (from -r requirements.lock (line 1512))
repository	UNKNOWN STEP	2026-09-29T16:24:02.5226193Z #52 9.982   Downloading pyphen-0.18.1-py3-none-any.whl (2.1 MB)
repository	UNKNOWN STEP	2026-09-29T16:24:02.5231311Z #52 9.998      ━━━━━━━━━━━━━━━━━━━━━━━━━━━━━━━━━━━━━━━━ 2.1/2.1 MB 182.6 MB/s eta 0:00:00
repository	UNKNOWN STEP	2026-09-29T16:24:02.5236332Z #52 10.01 Collecting python-dateutil==2.9.0 (from -r requirements.lock (line 1516))
repository	UNKNOWN STEP	2026-09-29T16:24:02.5238133Z #52 10.02   Downloading python_dateutil-2.9.0-py2.py3-none-any.whl (230 kB)
repository	UNKNOWN STEP	2026-09-29T16:24:02.5239647Z #52 10.03 Collecting python-docx==1.1.2 (from -r requirements.lock (line 1522))
repository	UNKNOWN STEP	2026-09-29T16:24:02.5241900Z #52 10.04   Downloading python_docx-1.1.2-py3-none-any.whl (244 kB)
repository	UNKNOWN STEP	2026-09-29T16:24:02.5244927Z #52 10.06 Collecting python-dotenv==1.2.3 (from -r requirements.lock (line 1526))
repository	UNKNOWN STEP	2026-09-29T16:24:02.5247580Z #52 10.06   Downloading python_dotenv-1.2.3-py3-none-any.whl (22 kB)
repository	UNKNOWN STEP	2026-09-29T16:24:02.5249003Z #52 10.07 Collecting python-multipart==0.0.32 (from -r requirements.lock (line 1532))
repository	UNKNOWN STEP	2026-09-29T16:24:02.5250514Z #52 10.08   Downloading python_multipart-0.0.32-py3-none-any.whl (30 kB)
repository	UNKNOWN STEP	2026-09-29T16:24:02.5251829Z #52 10.13 Collecting pyyaml==6.0.3 (from -r requirements.lock (line 1536))
repository	UNKNOWN STEP	2026-09-29T16:24:02.5253560Z #52 10.14   Downloading pyyaml-6.0.3-cp312-cp312-manylinux2014_x86_64.manylinux_2_17_x86_64.manylinux_2_28_x86_64.whl (807 kB)
repository	UNKNOWN STEP	2026-09-29T16:24:02.5258117Z #52 10.14      ━━━━━━━━━━━━━━━━━━━━━━━━━━━━━━━━━━━━━ 807.9/807.9 kB 449.4 MB/s eta 0:00:00
repository	UNKNOWN STEP	2026-09-29T16:24:02.5260510Z #52 10.17 Collecting redis==5.2.0 (from -r requirements.lock (line 1611))
repository	UNKNOWN STEP	2026-09-29T16:24:02.5263064Z #52 10.18   Downloading redis-5.2.0-py3-none-any.whl (261 kB)
repository	UNKNOWN STEP	2026-09-29T16:24:02.5264398Z #52 10.34 Collecting setuptools==84.0.0 (from -r requirements.lock (line 1615))
repository	UNKNOWN STEP	2026-09-29T16:24:02.5265614Z #52 10.34   Downloading setuptools-84.0.0-py3-none-any.whl (818 kB)
repository	UNKNOWN STEP	2026-09-29T16:24:02.5267377Z #52 10.35      ━━━━━━━━━━━━━━━━━━━━━━━━━━━━━━━━━━━━━ 818.2/818.2 kB 257.1 MB/s eta 0:00:00
repository	UNKNOWN STEP	2026-09-29T16:24:02.5268632Z #52 10.38 Collecting six==1.17.0 (from -r requirements.lock (line 1619))
repository	UNKNOWN STEP	2026-09-29T16:24:02.5270271Z #52 10.39   Downloading six-1.17.0-py2.py3-none-any.whl (11 kB)
repository	UNKNOWN STEP	2026-09-29T16:24:02.5271593Z #52 10.39 Collecting sniffio==1.3.1 (from -r requirements.lock (line 1623))
repository	UNKNOWN STEP	2026-09-29T16:24:02.5272806Z #52 10.40   Downloading sniffio-1.3.1-py3-none-any.whl (10 kB)
repository	UNKNOWN STEP	2026-09-29T16:24:02.5274046Z #52 10.41 Collecting soupsieve==2.9.2 (from -r requirements.lock (line 1627))
repository	UNKNOWN STEP	2026-09-29T16:24:02.5275306Z #52 10.42   Downloading soupsieve-2.9.2-py3-none-any.whl (37 kB)
repository	UNKNOWN STEP	2026-09-29T16:24:02.8202880Z #52 ...
repository	UNKNOWN STEP	2026-09-29T16:24:02.8203806Z 
repository	UNKNOWN STEP	2026-09-29T16:24:02.8205055Z #58 [minio-init client-build 4/6] RUN tar -xzf /tmp/source.tgz --strip-components=1 && rm /tmp/source.tgz
repository	UNKNOWN STEP	2026-09-29T16:24:02.8206386Z #58 DONE 0.5s
repository	UNKNOWN STEP	2026-09-29T16:24:02.8206847Z 
repository	UNKNOWN STEP	2026-09-29T16:24:02.8208752Z #52 [celery-worker runtime-base 4/4] RUN pip install --no-cache-dir --only-binary=:all: --require-hashes -r requirements.lock     && useradd --create-home --uid 1000 azaeron
repository	UNKNOWN STEP	2026-09-29T16:24:02.8210775Z #52 11.09 Collecting sqlalchemy==2.0.36 (from -r requirements.lock (line 1631))
repository	UNKNOWN STEP	2026-09-29T16:24:02.8212547Z #52 11.11   Downloading SQLAlchemy-2.0.36-cp312-cp312-manylinux_2_17_x86_64.manylinux2014_x86_64.whl (3.2 MB)
repository	UNKNOWN STEP	2026-09-29T16:24:02.8214539Z #52 11.16      ━━━━━━━━━━━━━━━━━━━━━━━━━━━━━━━━━━━━━━━━ 3.2/3.2 MB 223.5 MB/s eta 0:00:00
repository	UNKNOWN STEP	2026-09-29T16:24:02.9232051Z #52 11.27 Collecting starlette==1.6.0 (from -r requirements.lock (line 1692))
repository	UNKNOWN STEP	2026-09-29T16:24:03.0306737Z #52 11.30   Downloading starlette-1.6.0-py3-none-any.whl (75 kB)
repository	UNKNOWN STEP	2026-09-29T16:24:03.0308704Z #52 11.33 Collecting structlog==24.4.0 (from -r requirements.lock (line 1696))
repository	UNKNOWN STEP	2026-09-29T16:24:03.0310274Z #52 11.33   Downloading structlog-24.4.0-py3-none-any.whl (67 kB)
repository	UNKNOWN STEP	2026-09-29T16:24:03.0311704Z #52 11.35 Collecting textstat==0.7.4 (from -r requirements.lock (line 1700))
repository	UNKNOWN STEP	2026-09-29T16:24:03.0312986Z #52 11.36   Downloading textstat-0.7.4-py3-none-any.whl (105 kB)
repository	UNKNOWN STEP	2026-09-29T16:24:03.0314403Z #52 11.39 Collecting typing-extensions==4.16.0 (from -r requirements.lock (line 1703))
repository	UNKNOWN STEP	2026-09-29T16:24:03.0315766Z #52 11.40   Downloading typing_extensions-4.16.0-py3-none-any.whl (45 kB)
repository	UNKNOWN STEP	2026-09-29T16:24:03.1342731Z #52 11.42 Collecting typing-inspection==0.4.4 (from -r requirements.lock (line 1720))
repository	UNKNOWN STEP	2026-09-29T16:24:03.1344385Z #52 11.42   Downloading typing_inspection-0.4.4-py3-none-any.whl (14 kB)
repository	UNKNOWN STEP	2026-09-29T16:24:03.1345519Z #52 11.44 Collecting tzdata==2026.4 (from -r requirements.lock (line 1727))
repository	UNKNOWN STEP	2026-09-29T16:24:03.1346519Z #52 11.45   Downloading tzdata-2026.4-py2.py3-none-any.whl (347 kB)
repository	UNKNOWN STEP	2026-09-29T16:24:03.3240403Z #52 11.51 Collecting urllib3==2.8.0 (from -r requirements.lock (line 1733))
repository	UNKNOWN STEP	2026-09-29T16:24:03.3241593Z #52 11.52   Downloading urllib3-2.8.0-py3-none-any.whl (135 kB)
repository	UNKNOWN STEP	2026-09-29T16:24:03.3243043Z #52 11.57 Collecting uvicorn==0.53.0 (from -r requirements.lock (line 1737))
repository	UNKNOWN STEP	2026-09-29T16:24:03.3244365Z #52 11.57   Downloading uvicorn-0.53.0-py3-none-any.whl (87 kB)
repository	UNKNOWN STEP	2026-09-29T16:24:03.4777898Z #52 11.67 Collecting uvloop==0.22.1 (from -r requirements.lock (line 1741))
repository	UNKNOWN STEP	2026-09-29T16:24:03.4783852Z #52 11.67   Downloading uvloop-0.22.1-cp312-cp312-manylinux2014_x86_64.manylinux_2_17_x86_64.manylinux_2_28_x86_64.whl (4.4 MB)
repository	UNKNOWN STEP	2026-09-29T16:24:03.4816906Z #52 11.69      ━━━━━━━━━━━━━━━━━━━━━━━━━━━━━━━━━━━━━━━━ 4.4/4.4 MB 207.5 MB/s eta 0:00:00
repository	UNKNOWN STEP	2026-09-29T16:24:03.4822007Z #52 11.72 Collecting vine==5.1.0 (from -r requirements.lock (line 1792))
repository	UNKNOWN STEP	2026-09-29T16:24:03.4825711Z #52 11.73   Downloading vine-5.1.0-py3-none-any.whl (9.6 kB)
repository	UNKNOWN STEP	2026-09-29T16:24:03.6018396Z #52 11.88 Collecting watchfiles==1.2.0 (from -r requirements.lock (line 1799))
repository	UNKNOWN STEP	2026-09-29T16:24:03.6023114Z #52 11.89   Downloading watchfiles-1.2.0-cp312-cp312-manylinux_2_17_x86_64.manylinux2014_x86_64.whl (456 kB)
repository	UNKNOWN STEP	2026-09-29T16:24:03.6025008Z #52 11.93 Collecting wcwidth==0.8.4 (from -r requirements.lock (line 1908))
repository	UNKNOWN STEP	2026-09-29T16:24:03.6028237Z #52 11.93   Downloading wcwidth-0.8.4-py3-none-any.whl (299 kB)
repository	UNKNOWN STEP	2026-09-29T16:24:03.7105636Z #52 ...
repository	UNKNOWN STEP	2026-09-29T16:24:03.7106933Z 
repository	UNKNOWN STEP	2026-09-29T16:24:03.7111790Z #59 [minio server-build 4/6] RUN tar -xzf /tmp/source.tgz --strip-components=1 && rm /tmp/source.tgz
repository	UNKNOWN STEP	2026-09-29T16:24:03.7113032Z #59 DONE 1.3s
repository	UNKNOWN STEP	2026-09-29T16:24:03.9864258Z 
repository	UNKNOWN STEP	2026-09-29T16:24:03.9866183Z #52 [celery-worker runtime-base 4/4] RUN pip install --no-cache-dir --only-binary=:all: --require-hashes -r requirements.lock     && useradd --create-home --uid 1000 azaeron
repository	UNKNOWN STEP	2026-09-29T16:24:03.9872237Z #52 12.17 Collecting websockets==17.1 (from -r requirements.lock (line 1912))
repository	UNKNOWN STEP	2026-09-29T16:24:03.9874143Z #52 12.17   Downloading websockets-17.1-cp312-cp312-manylinux1_x86_64.manylinux_2_28_x86_64.manylinux_2_5_x86_64.whl (224 kB)
repository	UNKNOWN STEP	2026-09-29T16:24:04.7278906Z #52 12.97 Collecting wrapt==1.17.3 (from -r requirements.lock (line 2062))
repository	UNKNOWN STEP	2026-09-29T16:24:04.7280959Z #52 12.98   Downloading wrapt-1.17.3-cp312-cp312-manylinux1_x86_64.manylinux_2_28_x86_64.manylinux_2_5_x86_64.whl (88 kB)
repository	UNKNOWN STEP	2026-09-29T16:24:04.7282563Z #52 13.00 Collecting zipp==4.1.0 (from -r requirements.lock (line 2147))
repository	UNKNOWN STEP	2026-09-29T16:24:04.7283725Z #52 13.01   Downloading zipp-4.1.0-py3-none-any.whl (10 kB)
repository	UNKNOWN STEP	2026-09-29T16:24:05.8776386Z #52 14.19 Installing collected packages: zipp, wrapt, websockets, wcwidth, vine, uvloop, urllib3, tzdata, typing-extensions, structlog, soupsieve, sniffio, six, setuptools, redis, pyyaml, python-multipart, python-dotenv, pyphen, pypdfium2, pyjwt, pycryptodome, pycparser, protobuf, prometheus-client, pillow, packaging, opentelemetry-util-http, numpy, markupsafe, lxml, itsdangerous, idna, httptools, h11, greenlet, dnspython, click, charset-normalizer, certifi, billiard, bcrypt, asyncpg, asgiref, annotated-types, annotated-doc, uvicorn, typing-inspection, textstat, sqlalchemy, python-docx, python-dateutil, pydantic-core, prompt-toolkit, pgvector, opentelemetry-proto, mako, importlib-metadata, httpcore, grpcio, googleapis-common-protos, email-validator, deprecated, click-plugins, click-didyoumean, cffi, beautifulsoup4, anyio, amqp, watchfiles, starlette, pydantic, opentelemetry-exporter-otlp-proto-common, opentelemetry-api, kombu, httpx, cryptography, click-repl, argon2-cffi-bindings, alembic, pydantic-settings, pdfminer-six, opentelemetry-semantic-conventions, fastapi, celery, argon2-cffi, pdfplumber, opentelemetry-sdk, opentelemetry-instrumentation, minio, opentelemetry-instrumentation-asgi, opentelemetry-exporter-otlp-proto-grpc, opentelemetry-instrumentation-fastapi
repository	UNKNOWN STEP	2026-09-29T16:24:09.3731408Z #52 ...
repository	UNKNOWN STEP	2026-09-29T16:24:09.3732448Z 
repository	UNKNOWN STEP	2026-09-29T16:24:09.3745515Z #46 [grafana 1/2] FROM docker.io/grafana/grafana:13.2.2@sha256:ac461fb352abc50da10a51c7d02462e9c05488f11f53f14b3ad79a8145f638a0
repository	UNKNOWN STEP	2026-09-29T16:24:09.3758972Z #46 extracting sha256:77d7fbf8f524fa2494ffa8a8f6ddac9fcfccae42e43fd940064e0972fd2a311c 17.4s done
repository	UNKNOWN STEP	2026-09-29T16:24:09.3760705Z #46 extracting sha256:7a3cd33acbe015d2c11959be6f391127292fc3095b56ea293b870db295f71bf0 5.3s
repository	UNKNOWN STEP	2026-09-29T16:24:09.5936890Z #46 extracting sha256:7a3cd33acbe015d2c11959be6f391127292fc3095b56ea293b870db295f71bf0 5.7s done
repository	UNKNOWN STEP	2026-09-29T16:24:09.8662531Z #46 extracting sha256:795aff3159d742592d9fe125032dca094f2f60d0481b13479276068586939f67
repository	UNKNOWN STEP	2026-09-29T16:24:10.0619506Z #46 extracting sha256:795aff3159d742592d9fe125032dca094f2f60d0481b13479276068586939f67 done
repository	UNKNOWN STEP	2026-09-29T16:24:12.0645191Z #46 extracting sha256:4f4fb700ef54461cfa02571ae0db9a0dc1e0cdb5577484a6d75e68dc38e8acc1 done
repository	UNKNOWN STEP	2026-09-29T16:24:12.0653765Z #46 extracting sha256:eb20eee6617438a86e17b3d23772b7a1fa123d19e3dfd9d1598e124fb7f22189 done
repository	UNKNOWN STEP	2026-09-29T16:24:12.0663658Z #46 DONE 31.0s
repository	UNKNOWN STEP	2026-09-29T16:24:12.0664163Z 
repository	UNKNOWN STEP	2026-09-29T16:24:12.0668509Z #60 [minio server-build 5/6] RUN --mount=type=cache,target=/go/pkg/mod     go get github.com/apache/thrift@v0.24.0 github.com/buger/jsonparser@v1.1.2       github.com/go-jose/go-jose/v4@v4.1.4 github.com/prometheus/prometheus@v0.311.3       github.com/rabbitmq/amqp091-go@v1.13.0       golang.org/x/crypto@v0.55.0 google.golang.org/grpc@v1.83.2     && go mod download && go mod verify
repository	UNKNOWN STEP	2026-09-29T16:24:12.0671542Z #60 2.137 go: downloading github.com/go-jose/go-jose/v4 v4.1.4
repository	UNKNOWN STEP	2026-09-29T16:24:12.0672579Z #60 2.144 go: downloading github.com/apache/thrift v0.24.0
repository	UNKNOWN STEP	2026-09-29T16:24:12.0673685Z #60 2.144 go: downloading github.com/buger/jsonparser v1.1.2
repository	UNKNOWN STEP	2026-09-29T16:24:12.0674544Z #60 2.343 go: downloading github.com/rabbitmq/amqp091-go v1.13.0
repository	UNKNOWN STEP	2026-09-29T16:24:12.0675557Z #60 4.658 go: downloading google.golang.org/genproto v0.0.0-20260217215200-42d3e9bedb6d
repository	UNKNOWN STEP	2026-09-29T16:24:12.0676566Z #60 6.736 go: downloading cloud.google.com/go v0.121.6
repository	UNKNOWN STEP	2026-09-29T16:24:12.0677534Z #60 6.737 go: downloading cel.dev/expr v0.25.2
repository	UNKNOWN STEP	2026-09-29T16:24:12.0678401Z #60 6.738 go: downloading cloud.google.com/go/auth v0.18.2
repository	UNKNOWN STEP	2026-09-29T16:24:12.0679289Z #60 6.739 go: downloading cloud.google.com/go/compute/metadata v0.9.0
repository	UNKNOWN STEP	2026-09-29T16:24:12.0680119Z #60 6.783 go: downloading cloud.google.com/go/iam v1.5.3
repository	UNKNOWN STEP	2026-09-29T16:24:12.0680894Z #60 6.827 go: downloading cloud.google.com/go/logging v1.13.2
repository	UNKNOWN STEP	2026-09-29T16:24:12.0681711Z #60 6.831 go: downloading cloud.google.com/go/longrunning v0.8.0
repository	UNKNOWN STEP	2026-09-29T16:24:12.0682557Z #60 6.831 go: downloading cloud.google.com/go/monitoring v1.24.3
repository	UNKNOWN STEP	2026-09-29T16:24:12.0683370Z #60 6.831 go: downloading cloud.google.com/go/storage v1.56.0
repository	UNKNOWN STEP	2026-09-29T16:24:12.0684142Z #60 6.939 go: downloading cloud.google.com/go/trace v1.11.7
repository	UNKNOWN STEP	2026-09-29T16:24:12.0685134Z #60 6.939 go: downloading github.com/Azure/azure-sdk-for-go/sdk/azcore v1.21.0
repository	UNKNOWN STEP	2026-09-29T16:24:12.0686185Z #60 6.941 go: downloading github.com/Azure/azure-sdk-for-go/sdk/azidentity v1.13.1
repository	UNKNOWN STEP	2026-09-29T16:24:12.0686849Z #60 6.943 go: downloading github.com/Azure/azure-sdk-for-go/sdk/internal v1.11.2
repository	UNKNOWN STEP	2026-09-29T16:24:12.0688577Z #60 6.986 go: downloading github.com/AzureAD/microsoft-authentication-library-for-go v1.6.0
repository	UNKNOWN STEP	2026-09-29T16:24:12.0690126Z #60 6.987 go: downloading github.com/GoogleCloudPlatform/opentelemetry-operations-go/detectors/gcp v1.33.0
repository	UNKNOWN STEP	2026-09-29T16:24:12.0691746Z #60 7.041 go: downloading github.com/GoogleCloudPlatform/opentelemetry-operations-go/exporter/metric v0.53.0
repository	UNKNOWN STEP	2026-09-29T16:24:12.0695873Z #60 7.076 go: downloading github.com/GoogleCloudPlatform/opentelemetry-operations-go/internal/cloudmock v0.53.0
repository	UNKNOWN STEP	2026-09-29T16:24:12.0697880Z #60 7.078 go: downloading github.com/GoogleCloudPlatform/opentelemetry-operations-go/internal/resourcemapping v0.53.0
repository	UNKNOWN STEP	2026-09-29T16:24:12.0699294Z #60 7.079 go: downloading github.com/cncf/xds/go v0.0.0-20260202195803-dba9d589def2
repository	UNKNOWN STEP	2026-09-29T16:24:12.0700376Z #60 7.080 go: downloading github.com/envoyproxy/go-control-plane v0.14.0
repository	UNKNOWN STEP	2026-09-29T16:24:12.0701438Z #60 7.124 go: downloading github.com/envoyproxy/go-control-plane/envoy v1.37.0
repository	UNKNOWN STEP	2026-09-29T16:24:12.0703831Z #60 7.124 go: downloading github.com/envoyproxy/protoc-gen-validate v1.3.3
repository	UNKNOWN STEP	2026-09-29T16:24:12.0704754Z #60 7.193 go: downloading github.com/go-openapi/analysis v0.24.2
repository	UNKNOWN STEP	2026-09-29T16:24:12.0705591Z #60 7.281 go: downloading github.com/go-openapi/errors v0.22.7
repository	UNKNOWN STEP	2026-09-29T16:24:12.0706457Z #60 7.290 go: downloading github.com/go-openapi/jsonpointer v0.22.5
repository	UNKNOWN STEP	2026-09-29T16:24:12.0707583Z #60 7.290 go: downloading github.com/go-openapi/jsonreference v0.21.4
repository	UNKNOWN STEP	2026-09-29T16:24:12.0708452Z #60 7.290 go: downloading github.com/go-openapi/loads v0.23.2
repository	UNKNOWN STEP	2026-09-29T16:24:12.0709252Z #60 7.331 go: downloading github.com/go-openapi/spec v0.22.3
repository	UNKNOWN STEP	2026-09-29T16:24:12.0710067Z #60 7.332 go: downloading github.com/go-openapi/strfmt v0.26.1
repository	UNKNOWN STEP	2026-09-29T16:24:12.0712154Z #60 7.334 go: downloading github.com/go-openapi/swag v0.25.4
repository	UNKNOWN STEP	2026-09-29T16:24:12.0713030Z #60 7.403 go: downloading github.com/go-openapi/validate v0.25.1
repository	UNKNOWN STEP	2026-09-29T16:24:12.0713876Z #60 7.403 go: downloading github.com/golang-jwt/jwt/v5 v5.3.1
repository	UNKNOWN STEP	2026-09-29T16:24:12.0715507Z #60 7.487 go: downloading github.com/google/pprof v0.0.0-20260302011040-a15ffb7f9dcc
repository	UNKNOWN STEP	2026-09-29T16:24:12.0716707Z #60 7.488 go: downloading github.com/googleapis/enterprise-certificate-proxy v0.3.14
repository	UNKNOWN STEP	2026-09-29T16:24:12.0717982Z #60 7.489 go: downloading github.com/googleapis/gax-go/v2 v2.18.0
repository	UNKNOWN STEP	2026-09-29T16:24:12.0720303Z #60 7.490 go: downloading github.com/gorilla/websocket v1.5.4-0.20250319132907-e064f32e3674
repository	UNKNOWN STEP	2026-09-29T16:24:12.0721311Z #60 7.576 go: downloading github.com/miekg/dns v1.1.72
repository	UNKNOWN STEP	2026-09-29T16:24:12.0722606Z #60 7.581 go: downloading github.com/modern-go/reflect2 v1.0.3-0.20250322232337-35a7c28c31ee
repository	UNKNOWN STEP	2026-09-29T16:24:12.0723697Z #60 7.585 go: downloading github.com/rogpeppe/go-internal v1.14.1
repository	UNKNOWN STEP	2026-09-29T16:24:12.0724552Z #60 7.629 go: downloading github.com/spiffe/go-spiffe/v2 v2.7.0
repository	UNKNOWN STEP	2026-09-29T16:24:12.0725361Z #60 7.632 go: downloading go.mongodb.org/mongo-driver v1.17.6
repository	UNKNOWN STEP	2026-09-29T16:24:12.0726278Z #60 7.674 go: downloading go.opentelemetry.io/contrib/detectors/gcp v1.44.0
repository	UNKNOWN STEP	2026-09-29T16:24:12.0805295Z #60 7.784 go: downloading go.opentelemetry.io/contrib/instrumentation/google.golang.org/grpc/otelgrpc v0.61.0
repository	UNKNOWN STEP	2026-09-29T16:24:12.0809899Z #60 7.784 go: downloading go.opentelemetry.io/contrib/instrumentation/net/http/otelhttp v0.67.0
repository	UNKNOWN STEP	2026-09-29T16:24:12.0811301Z #60 7.786 go: downloading go.opentelemetry.io/otel/exporters/stdout/stdoutmetric v1.36.0
repository	UNKNOWN STEP	2026-09-29T16:24:12.0812269Z #60 7.810 go: downloading golang.org/x/mod v0.38.0
repository	UNKNOWN STEP	2026-09-29T16:24:12.0813030Z #60 7.832 go: downloading golang.org/x/oauth2 v0.36.0
repository	UNKNOWN STEP	2026-09-29T16:24:12.0813737Z #60 7.839 go: downloading golang.org/x/time v0.15.0
repository	UNKNOWN STEP	2026-09-29T16:24:12.0824138Z #60 7.842 go: downloading golang.org/x/tools v0.48.0
repository	UNKNOWN STEP	2026-09-29T16:24:12.0825062Z #60 7.844 go: downloading google.golang.org/api v0.272.0
repository	UNKNOWN STEP	2026-09-29T16:24:12.2219379Z #60 ...
repository	UNKNOWN STEP	2026-09-29T16:24:12.2220122Z 
repository	UNKNOWN STEP	2026-09-29T16:24:12.2222017Z #61 [grafana 2/2] RUN apk upgrade --no-cache     && find /usr/share/grafana/data/plugins-bundled -mindepth 1 -maxdepth 1         ! -name jaeger ! -name prometheus -exec rm -rf {} +
repository	UNKNOWN STEP	2026-09-29T16:24:12.9014716Z #61 ...
repository	UNKNOWN STEP	2026-09-29T16:24:12.9014985Z 
repository	UNKNOWN STEP	2026-09-29T16:24:12.9017293Z #62 [minio-init client-build 5/6] RUN --mount=type=cache,target=/go/pkg/mod     go get github.com/prometheus/prometheus@v0.311.3       golang.org/x/crypto@v0.55.0 google.golang.org/grpc@v1.83.2     && go mod tidy && go mod download && go mod verify
repository	UNKNOWN STEP	2026-09-29T16:24:12.9019510Z #62 0.918 go: downloading github.com/prometheus/prometheus v0.311.3
repository	UNKNOWN STEP	2026-09-29T16:24:12.9020501Z #62 0.919 go: downloading google.golang.org/grpc v1.83.2
repository	UNKNOWN STEP	2026-09-29T16:24:12.9022585Z #62 0.919 go: downloading golang.org/x/crypto v0.55.0
repository	UNKNOWN STEP	2026-09-29T16:24:12.9023312Z #62 3.458 go: downloading golang.org/x/net v0.58.0
repository	UNKNOWN STEP	2026-09-29T16:24:12.9024092Z #62 3.932 go: downloading google.golang.org/protobuf v1.36.11
repository	UNKNOWN STEP	2026-09-29T16:24:12.9024841Z #62 4.077 go: downloading golang.org/x/sys v0.47.0
repository	UNKNOWN STEP	2026-09-29T16:24:12.9025912Z #62 5.229 go: downloading google.golang.org/genproto/googleapis/rpc v0.0.0-20260526163538-3dc84a4a5aaa
repository	UNKNOWN STEP	2026-09-29T16:24:12.9027102Z #62 5.400 go: downloading golang.org/x/text v0.41.0
repository	UNKNOWN STEP	2026-09-29T16:24:12.9027900Z #62 6.303 go: downloading github.com/coreos/go-systemd/v22 v22.6.0
repository	UNKNOWN STEP	2026-09-29T16:24:12.9028689Z #62 6.313 go: downloading github.com/go-logr/logr v1.4.3
repository	UNKNOWN STEP	2026-09-29T16:24:12.9029478Z #62 6.336 go: downloading github.com/klauspost/compress v1.18.5
repository	UNKNOWN STEP	2026-09-29T16:24:12.9030391Z #62 6.361 go: downloading github.com/prometheus/client_golang v1.23.2
repository	UNKNOWN STEP	2026-09-29T16:24:12.9031276Z #62 6.361 go: downloading github.com/prometheus/common v0.67.5
repository	UNKNOWN STEP	2026-09-29T16:24:12.9032111Z #62 6.380 go: downloading github.com/prometheus/procfs v0.16.1
repository	UNKNOWN STEP	2026-09-29T16:24:12.9032910Z #62 6.431 go: downloading github.com/stretchr/testify v1.11.1
repository	UNKNOWN STEP	2026-09-29T16:24:12.9033702Z #62 6.431 go: downloading go.opentelemetry.io/auto/sdk v1.2.1
repository	UNKNOWN STEP	2026-09-29T16:24:12.9034483Z #62 6.462 go: downloading go.opentelemetry.io/otel v1.44.0
repository	UNKNOWN STEP	2026-09-29T16:24:12.9035646Z #62 6.551 go: downloading go.opentelemetry.io/otel/metric v1.44.0
repository	UNKNOWN STEP	2026-09-29T16:24:12.9036480Z #62 6.591 go: downloading go.opentelemetry.io/otel/sdk v1.44.0
repository	UNKNOWN STEP	2026-09-29T16:24:12.9037666Z #62 6.605 go: downloading go.opentelemetry.io/otel/sdk/metric v1.44.0
repository	UNKNOWN STEP	2026-09-29T16:24:12.9038541Z #62 6.739 go: downloading go.opentelemetry.io/otel/trace v1.44.0
repository	UNKNOWN STEP	2026-09-29T16:24:12.9039282Z #62 6.817 go: downloading go.uber.org/zap v1.27.1
repository	UNKNOWN STEP	2026-09-29T16:24:12.9039987Z #62 6.864 go: downloading golang.org/x/sync v0.22.0
repository	UNKNOWN STEP	2026-09-29T16:24:12.9040663Z #62 7.076 go: downloading golang.org/x/term v0.45.0
repository	UNKNOWN STEP	2026-09-29T16:24:12.9041993Z #62 7.088 go: downloading google.golang.org/genproto/googleapis/api v0.0.0-20260526163538-3dc84a4a5aaa
repository	UNKNOWN STEP	2026-09-29T16:24:12.9042940Z #62 7.988 go: upgraded go 1.23.0 => 1.25.0
repository	UNKNOWN STEP	2026-09-29T16:24:12.9043741Z #62 7.988 go: removed toolchain go1.23.10
repository	UNKNOWN STEP	2026-09-29T16:24:12.9044649Z #62 7.988 go: upgraded github.com/coreos/go-systemd/v22 v22.5.0 => v22.6.0
repository	UNKNOWN STEP	2026-09-29T16:24:12.9045705Z #62 7.988 go: upgraded github.com/klauspost/compress v1.18.0 => v1.18.5
repository	UNKNOWN STEP	2026-09-29T16:24:12.9046749Z #62 7.988 go: upgraded github.com/prometheus/client_golang v1.21.1 => v1.23.2
repository	UNKNOWN STEP	2026-09-29T16:24:12.9068395Z #62 7.988 go: upgraded github.com/prometheus/common v0.63.0 => v0.67.5
repository	UNKNOWN STEP	2026-09-29T16:24:12.9069398Z #62 7.988 go: upgraded github.com/prometheus/procfs v0.16.0 => v0.16.1
repository	UNKNOWN STEP	2026-09-29T16:24:12.9070430Z #62 7.988 go: upgraded github.com/prometheus/prometheus v0.303.0 => v0.311.3
repository	UNKNOWN STEP	2026-09-29T16:24:12.9071332Z #62 7.988 go: upgraded go.uber.org/zap v1.27.0 => v1.27.1
repository	UNKNOWN STEP	2026-09-29T16:24:12.9072155Z #62 7.988 go: upgraded golang.org/x/crypto v0.40.0 => v0.55.0
repository	UNKNOWN STEP	2026-09-29T16:24:12.9072958Z #62 7.988 go: upgraded golang.org/x/net v0.42.0 => v0.58.0
repository	UNKNOWN STEP	2026-09-29T16:24:12.9073731Z #62 7.988 go: upgraded golang.org/x/sync v0.16.0 => v0.22.0
repository	UNKNOWN STEP	2026-09-29T16:24:12.9074490Z #62 7.988 go: upgraded golang.org/x/sys v0.34.0 => v0.47.0
repository	UNKNOWN STEP	2026-09-29T16:24:12.9075253Z #62 7.989 go: upgraded golang.org/x/term v0.33.0 => v0.45.0
repository	UNKNOWN STEP	2026-09-29T16:24:12.9075995Z #62 7.989 go: upgraded golang.org/x/text v0.27.0 => v0.41.0
repository	UNKNOWN STEP	2026-09-29T16:24:12.9077627Z #62 7.989 go: upgraded google.golang.org/genproto/googleapis/api v0.0.0-20250311173030-29e43e6258d7 => v0.0.0-20260526163538-3dc84a4a5aaa
repository	UNKNOWN STEP	2026-09-29T16:24:12.9079539Z #62 7.989 go: upgraded google.golang.org/genproto/googleapis/rpc v0.0.0-20250303144028-a0af3efb3deb => v0.0.0-20260526163538-3dc84a4a5aaa
repository	UNKNOWN STEP	2026-09-29T16:24:12.9080810Z #62 7.989 go: upgraded google.golang.org/grpc v1.71.0 => v1.83.2
repository	UNKNOWN STEP	2026-09-29T16:24:12.9081689Z #62 7.989 go: upgraded google.golang.org/protobuf v1.36.6 => v1.36.11
repository	UNKNOWN STEP	2026-09-29T16:24:12.9082650Z #62 8.106 go: downloading gopkg.in/check.v1 v1.0.0-20201130134442-10cb98267c6c
repository	UNKNOWN STEP	2026-09-29T16:24:12.9083524Z #62 8.106 go: downloading github.com/minio/pkg/v3 v3.1.0
repository	UNKNOWN STEP	2026-09-29T16:24:12.9084277Z #62 8.106 go: downloading github.com/juju/ratelimit v1.0.2
repository	UNKNOWN STEP	2026-09-29T16:24:12.9085054Z #62 8.109 go: downloading github.com/dustin/go-humanize v1.0.1
repository	UNKNOWN STEP	2026-09-29T16:24:12.9085890Z #62 8.327 go: downloading github.com/jedib0t/go-pretty/v6 v6.6.7
repository	UNKNOWN STEP	2026-09-29T16:24:12.9086662Z #62 8.327 go: downloading github.com/minio/cli v1.24.2
repository	UNKNOWN STEP	2026-09-29T16:24:12.9117881Z #62 8.344 go: downloading github.com/minio/minio-go/v7 v7.0.90
repository	UNKNOWN STEP	2026-09-29T16:24:12.9118509Z #62 8.601 go: downloading github.com/rs/xid v1.6.0
repository	UNKNOWN STEP	2026-09-29T16:24:12.9119806Z #62 8.977 go: downloading github.com/charmbracelet/bubbles v0.20.0
repository	UNKNOWN STEP	2026-09-29T16:24:12.9121007Z #62 9.019 go: downloading github.com/charmbracelet/bubbletea v1.3.4
repository	UNKNOWN STEP	2026-09-29T16:24:12.9121989Z #62 9.019 go: downloading github.com/charmbracelet/lipgloss v1.0.0
repository	UNKNOWN STEP	2026-09-29T16:24:12.9122892Z #62 9.019 go: downloading github.com/cheggaaa/pb v1.0.29
repository	UNKNOWN STEP	2026-09-29T16:24:12.9123709Z #62 9.052 go: downloading github.com/fatih/color v1.18.0
repository	UNKNOWN STEP	2026-09-29T16:24:12.9124532Z #62 9.082 go: downloading github.com/golang-jwt/jwt/v4 v4.5.2
repository	UNKNOWN STEP	2026-09-29T16:24:12.9128112Z #62 9.082 go: downloading github.com/google/shlex v0.0.0-20191202100458-e7afc7fbc510
repository	UNKNOWN STEP	2026-09-29T16:24:12.9129115Z #62 9.084 go: downloading github.com/google/uuid v1.6.0
repository	UNKNOWN STEP	2026-09-29T16:24:12.9130364Z #62 9.139 go: downloading github.com/inconshreveable/mousetrap v1.1.0
repository	UNKNOWN STEP	2026-09-29T16:24:12.9131315Z #62 9.662 go: downloading github.com/mattn/go-ieproxy v0.0.12
repository	UNKNOWN STEP	2026-09-29T16:24:12.9132189Z #62 9.662 go: downloading github.com/mattn/go-isatty v0.0.20
repository	UNKNOWN STEP	2026-09-29T16:24:12.9133029Z #62 9.662 go: downloading github.com/minio/colorjson v1.0.8
repository	UNKNOWN STEP	2026-09-29T16:24:12.9133866Z #62 9.663 go: downloading github.com/minio/filepath v1.0.0
repository	UNKNOWN STEP	2026-09-29T16:24:12.9136229Z #62 9.674 go: downloading github.com/minio/madmin-go/v3 v3.0.107-0.20250415152934-4b504b82db63
repository	UNKNOWN STEP	2026-09-29T16:24:12.9137961Z #62 9.685 go: downloading github.com/minio/selfupdate v0.6.0
repository	UNKNOWN STEP	2026-09-29T16:24:12.9138908Z #62 9.687 go: downloading github.com/mitchellh/go-homedir v1.1.0
repository	UNKNOWN STEP	2026-09-29T16:24:12.9139822Z #62 9.694 go: downloading github.com/muesli/reflow v0.3.0
repository	UNKNOWN STEP	2026-09-29T16:24:12.9140669Z #62 9.709 go: downloading github.com/muesli/termenv v0.16.0
repository	UNKNOWN STEP	2026-09-29T16:24:12.9141556Z #62 9.710 go: downloading github.com/olekukonko/tablewriter v0.0.5
repository	UNKNOWN STEP	2026-09-29T16:24:12.9142427Z #62 9.725 go: downloading github.com/pkg/xattr v0.4.10
repository	UNKNOWN STEP	2026-09-29T16:24:12.9143244Z #62 9.736 go: downloading github.com/posener/complete v1.2.3
repository	UNKNOWN STEP	2026-09-29T16:24:12.9152194Z #62 9.832 go: downloading github.com/rjeczalik/notify v0.9.3
repository	UNKNOWN STEP	2026-09-29T16:24:12.9162220Z #62 9.869 go: downloading github.com/shirou/gopsutil/v3 v3.24.5
repository	UNKNOWN STEP	2026-09-29T16:24:12.9167840Z #62 9.908 go: downloading github.com/tidwall/gjson v1.18.0
repository	UNKNOWN STEP	2026-09-29T16:24:12.9168729Z #62 9.925 go: downloading github.com/vbauerster/mpb/v8 v8.9.3
repository	UNKNOWN STEP	2026-09-29T16:24:12.9169540Z #62 9.969 go: downloading gopkg.in/yaml.v2 v2.4.0
repository	UNKNOWN STEP	2026-09-29T16:24:12.9170320Z #62 10.00 go: downloading github.com/kr/pretty v0.3.1
repository	UNKNOWN STEP	2026-09-29T16:24:12.9171204Z #62 10.03 go: downloading github.com/mattn/go-colorable v0.1.14
repository	UNKNOWN STEP	2026-09-29T16:24:12.9172079Z #62 10.06 go: downloading github.com/mattn/go-runewidth v0.0.16
repository	UNKNOWN STEP	2026-09-29T16:24:12.9174243Z #62 10.07 go: downloading github.com/charmbracelet/x/ansi v0.8.0
repository	UNKNOWN STEP	2026-09-29T16:24:12.9175678Z #62 10.08 go: downloading github.com/charmbracelet/x/exp/golden v0.0.0-20240815200342-61de596daa2b
repository	UNKNOWN STEP	2026-09-29T16:24:13.0118184Z #62 10.10 go: downloading github.com/rivo/uniseg v0.4.7
repository	UNKNOWN STEP	2026-09-29T16:24:13.0121593Z #62 10.13 go: downloading github.com/charmbracelet/x/term v0.2.1
repository	UNKNOWN STEP	2026-09-29T16:24:13.0126317Z #62 10.13 go: downloading github.com/erikgeiser/coninput v0.0.0-20211004153227-1c3628e74d0f
repository	UNKNOWN STEP	2026-09-29T16:24:13.0127937Z #62 10.13 go: downloading github.com/mattn/go-localereader v0.0.1
repository	UNKNOWN STEP	2026-09-29T16:24:13.0129246Z #62 10.14 go: downloading github.com/muesli/ansi v0.0.0-20230316100256-276c6243b2f6
repository	UNKNOWN STEP	2026-09-29T16:24:13.0130220Z #62 10.15 go: downloading github.com/muesli/cancelreader v0.2.2
repository	UNKNOWN STEP	2026-09-29T16:24:13.0131056Z #62 10.17 go: downloading github.com/goccy/go-json v0.10.5
repository	UNKNOWN STEP	2026-09-29T16:24:13.0131822Z #62 10.17 go: downloading github.com/minio/crc64nvme v1.0.1
repository	UNKNOWN STEP	2026-09-29T16:24:13.0132459Z #62 10.19 go: downloading github.com/minio/md5-simd v1.1.2
repository	UNKNOWN STEP	2026-09-29T16:24:13.2001924Z #62 10.23 go: downloading github.com/go-ini/ini v1.67.0
repository	UNKNOWN STEP	2026-09-29T16:24:13.2003182Z #62 10.24 go: downloading github.com/lestrrat-go/jwx/v2 v2.1.4
repository	UNKNOWN STEP	2026-09-29T16:24:13.2004191Z #62 10.38 go: downloading github.com/minio/mux v1.9.0
repository	UNKNOWN STEP	2026-09-29T16:24:13.2005002Z #62 ...
repository	UNKNOWN STEP	2026-09-29T16:24:13.2005300Z 
repository	UNKNOWN STEP	2026-09-29T16:24:13.2005797Z #54 [frontend builder 4/7] RUN npm ci
repository	UNKNOWN STEP	2026-09-29T16:24:13.2008600Z #54 11.80 npm warn deprecated recharts@2.15.4: 1.x and 2.x branches are no longer active. Bump to Recharts v3 to receive latest features and bugfixes. See https://github.com/recharts/recharts/wiki/3.0-migration-guide
repository	UNKNOWN STEP	2026-09-29T16:24:13.2010969Z #54 12.46 npm warn deprecated eslint@9.39.5: This version is no longer supported. Please see https://eslint.org/version-support for other options.
repository	UNKNOWN STEP	2026-09-29T16:24:13.3041638Z #54 ...
repository	UNKNOWN STEP	2026-09-29T16:24:13.3042302Z 
repository	UNKNOWN STEP	2026-09-29T16:24:13.3044617Z #62 [minio-init client-build 5/6] RUN --mount=type=cache,target=/go/pkg/mod     go get github.com/prometheus/prometheus@v0.311.3       golang.org/x/crypto@v0.55.0 google.golang.org/grpc@v1.83.2     && go mod tidy && go mod download && go mod verify
repository	UNKNOWN STEP	2026-09-29T16:24:13.3047770Z #62 10.46 go: downloading github.com/fatih/structs v1.1.0
repository	UNKNOWN STEP	2026-09-29T16:24:13.3048956Z #62 10.46 go: downloading go.etcd.io/etcd/client/v3 v3.5.19
repository	UNKNOWN STEP	2026-09-29T16:24:13.3049956Z #62 10.46 go: downloading gopkg.in/yaml.v3 v3.0.1
repository	UNKNOWN STEP	2026-09-29T16:24:13.3050897Z #62 10.46 go: downloading aead.dev/minisign v0.3.0
repository	UNKNOWN STEP	2026-09-29T16:24:13.3051948Z #62 10.48 go: downloading github.com/hashicorp/go-multierror v1.1.1
repository	UNKNOWN STEP	2026-09-29T16:24:13.4083021Z #62 10.52 go: downloading github.com/aymanbagabas/go-osc52/v2 v2.0.1
repository	UNKNOWN STEP	2026-09-29T16:24:13.4084761Z #62 10.52 go: downloading github.com/lucasb-eyer/go-colorful v1.2.0
repository	UNKNOWN STEP	2026-09-29T16:24:13.4086121Z #62 10.55 go: downloading github.com/beorn7/perks v1.0.1
repository	UNKNOWN STEP	2026-09-29T16:24:13.4087348Z #62 10.56 go: downloading github.com/cespare/xxhash/v2 v2.3.0
repository	UNKNOWN STEP	2026-09-29T16:24:13.4088492Z #62 10.59 go: downloading github.com/prometheus/client_model v0.6.2
repository	UNKNOWN STEP	2026-09-29T16:24:13.5105644Z #62 10.63 go: downloading go.uber.org/goleak v1.3.0
repository	UNKNOWN STEP	2026-09-29T16:24:13.5107279Z #62 10.66 go: downloading github.com/secure-io/sio-go v0.3.1
repository	UNKNOWN STEP	2026-09-29T16:24:13.5108507Z #62 10.66 go: downloading github.com/tinylib/msgp v1.2.5
repository	UNKNOWN STEP	2026-09-29T16:24:13.5109759Z #62 10.69 go: downloading github.com/prometheus/prom2json v1.4.2
repository	UNKNOWN STEP	2026-09-29T16:24:13.6148288Z #62 10.69 go: downloading github.com/safchain/ethtool v0.5.10
repository	UNKNOWN STEP	2026-09-29T16:24:13.6150800Z #62 10.74 go: downloading github.com/google/go-cmp v0.7.0
repository	UNKNOWN STEP	2026-09-29T16:24:13.6151992Z #62 10.78 go: downloading github.com/tidwall/match v1.1.1
repository	UNKNOWN STEP	2026-09-29T16:24:13.6153750Z #62 10.78 go: downloading github.com/tidwall/pretty v1.2.1
repository	UNKNOWN STEP	2026-09-29T16:24:13.6156853Z #62 10.79 go: downloading github.com/acarl005/stripansi v0.0.0-20180116102854-5a71ef0e047d
repository	UNKNOWN STEP	2026-09-29T16:24:13.8553396Z #62 10.80 go: downloading github.com/VividCortex/ewma v1.2.0
repository	UNKNOWN STEP	2026-09-29T16:24:13.8555076Z #62 10.80 go: downloading github.com/lufia/plan9stats v0.0.0-20250317134145-8bc96cf8fc35
repository	UNKNOWN STEP	2026-09-29T16:24:13.8556646Z #62 10.82 go: downloading github.com/power-devops/perfstat v0.0.0-20240221224432-82ca36839d55
repository	UNKNOWN STEP	2026-09-29T16:24:13.8558141Z #62 10.84 go: downloading github.com/shoenig/go-m1cpu v0.1.6
repository	UNKNOWN STEP	2026-09-29T16:24:13.8559147Z #62 10.84 go: downloading github.com/tklauser/go-sysconf v0.3.15
repository	UNKNOWN STEP	2026-09-29T16:24:13.8560128Z #62 10.88 go: downloading github.com/yusufpapurcu/wmi v1.2.4
repository	UNKNOWN STEP	2026-09-29T16:24:13.8710969Z #62 11.05 go: downloading github.com/kr/text v0.2.0
repository	UNKNOWN STEP	2026-09-29T16:24:13.9868864Z #62 11.05 go: downloading github.com/rogpeppe/go-internal v1.10.0
repository	UNKNOWN STEP	2026-09-29T16:24:13.9870355Z #62 11.09 go: downloading github.com/aymanbagabas/go-udiff v0.2.0
repository	UNKNOWN STEP	2026-09-29T16:24:13.9871687Z #62 11.11 go: downloading github.com/davecgh/go-spew v1.1.2-0.20180830191138-d8f796af33cc
repository	UNKNOWN STEP	2026-09-29T16:24:13.9873248Z #62 11.11 go: downloading github.com/pmezard/go-difflib v1.0.1-0.20181226105442-5d4384ee4fb2
repository	UNKNOWN STEP	2026-09-29T16:24:13.9874423Z #62 11.17 go: downloading github.com/klauspost/cpuid/v2 v2.2.10
repository	UNKNOWN STEP	2026-09-29T16:24:14.1051356Z #62 11.19 go: downloading github.com/lestrrat-go/option v1.0.1
repository	UNKNOWN STEP	2026-09-29T16:24:14.1052994Z #62 11.23 go: downloading github.com/decred/dcrd/dcrec/secp256k1/v4 v4.4.0
repository	UNKNOWN STEP	2026-09-29T16:24:14.1062448Z #62 11.23 go: downloading github.com/lestrrat-go/blackmagic v1.0.2
repository	UNKNOWN STEP	2026-09-29T16:24:14.1063756Z #62 11.23 go: downloading github.com/lestrrat-go/httprc v1.0.6
repository	UNKNOWN STEP	2026-09-29T16:24:14.1064921Z #62 11.28 go: downloading github.com/lestrrat-go/iter v1.0.2
repository	UNKNOWN STEP	2026-09-29T16:24:14.2368671Z #62 11.35 go: downloading github.com/hashicorp/errwrap v1.1.0
repository	UNKNOWN STEP	2026-09-29T16:24:14.2370386Z #62 11.36 go: downloading go.etcd.io/etcd/api/v3 v3.5.19
repository	UNKNOWN STEP	2026-09-29T16:24:14.3395468Z #62 11.43 go: downloading go.etcd.io/etcd/client/pkg/v3 v3.5.19
repository	UNKNOWN STEP	2026-09-29T16:24:14.4403977Z #62 11.57 go: downloading github.com/kylelemons/godebug v1.1.0
repository	UNKNOWN STEP	2026-09-29T16:24:14.4408488Z #62 11.57 go: downloading go.yaml.in/yaml/v2 v2.4.4
repository	UNKNOWN STEP	2026-09-29T16:24:14.4412409Z #62 11.57 go: downloading github.com/munnerz/goautoneg v0.0.0-20191010083416-a7dc8b61c822
repository	UNKNOWN STEP	2026-09-29T16:24:14.4433071Z #62 11.57 go: downloading github.com/matttproud/golang_protobuf_extensions v1.0.4
repository	UNKNOWN STEP	2026-09-29T16:24:14.4435248Z #62 11.59 go: downloading github.com/philhofer/fwd v1.1.3-0.20240916144458-20a13a1f6b7c
repository	UNKNOWN STEP	2026-09-29T16:24:14.4437207Z #62 11.60 go: downloading github.com/shoenig/test v0.6.4
repository	UNKNOWN STEP	2026-09-29T16:24:14.4438366Z #62 11.62 go: downloading github.com/tklauser/numcpus v0.10.0
repository	UNKNOWN STEP	2026-09-29T16:24:14.5504634Z #62 11.64 go: downloading github.com/go-ole/go-ole v1.3.0
repository	UNKNOWN STEP	2026-09-29T16:24:14.5505888Z #62 11.67 go: downloading github.com/segmentio/asm v1.2.0
repository	UNKNOWN STEP	2026-09-29T16:24:14.5507341Z #62 11.73 go: downloading github.com/lestrrat-go/httpcc v1.0.1
repository	UNKNOWN STEP	2026-09-29T16:24:14.7146786Z #62 11.73 go: downloading github.com/gogo/protobuf v1.3.2
repository	UNKNOWN STEP	2026-09-29T16:24:14.7148470Z #62 11.75 go: downloading github.com/golang/protobuf v1.5.4
repository	UNKNOWN STEP	2026-09-29T16:24:14.7149656Z #62 11.81 go: downloading github.com/coreos/go-semver v0.3.1
repository	UNKNOWN STEP	2026-09-29T16:24:14.7150421Z #62 11.89 go: downloading go.uber.org/multierr v1.11.0
repository	UNKNOWN STEP	2026-09-29T16:24:15.2555337Z #62 12.44 go: downloading github.com/grafana/regexp v0.0.0-20250905093917-f7b3be9d1853
repository	UNKNOWN STEP	2026-09-29T16:24:15.4381130Z #62 12.45 go: downloading gonum.org/v1/gonum v0.17.0
repository	UNKNOWN STEP	2026-09-29T16:24:15.4560977Z #62 12.63 go: downloading github.com/go-logr/stdr v1.2.2
repository	UNKNOWN STEP	2026-09-29T16:24:15.5693660Z #62 ...
repository	UNKNOWN STEP	2026-09-29T16:24:15.5694514Z 
repository	UNKNOWN STEP	2026-09-29T16:24:15.5699466Z #61 [grafana 2/2] RUN apk upgrade --no-cache     && find /usr/share/grafana/data/plugins-bundled -mindepth 1 -maxdepth 1         ! -name jaeger ! -name prometheus -exec rm -rf {} +
repository	UNKNOWN STEP	2026-09-29T16:24:15.5701004Z #61 1.354 Preupgrading:
repository	UNKNOWN STEP	2026-09-29T16:24:15.5701872Z #61 1.355 (1/2) Upgrading libapk (3.0.6-r0 -> 3.0.8-r0)
repository	UNKNOWN STEP	2026-09-29T16:24:15.5702840Z #61 1.370 (2/2) Upgrading apk-tools (3.0.6-r0 -> 3.0.8-r0)
repository	UNKNOWN STEP	2026-09-29T16:24:15.5703754Z #61 1.375 Executing busybox-1.37.0-r31.trigger
repository	UNKNOWN STEP	2026-09-29T16:24:15.5704647Z #61 1.480 Continuing with the main upgrade transaction:
repository	UNKNOWN STEP	2026-09-29T16:24:15.5705649Z #61 2.174 (1/6) Upgrading alpine-release (3.24.1-r0 -> 3.24.2-r0)
repository	UNKNOWN STEP	2026-09-29T16:24:15.5706732Z #61 2.190 (2/6) Upgrading libcrypto3 (3.5.7-r0 -> 3.5.8-r0)
repository	UNKNOWN STEP	2026-09-29T16:24:15.5708003Z #61 2.276 (3/6) Upgrading libssl3 (3.5.7-r0 -> 3.5.8-r0)
repository	UNKNOWN STEP	2026-09-29T16:24:15.5709123Z #61 2.297 (4/6) Upgrading ca-certificates-bundle (20260611-r0 -> 20260909-r0)
repository	UNKNOWN STEP	2026-09-29T16:24:15.5710357Z #61 2.305 (5/6) Upgrading ca-certificates (20260611-r0 -> 20260909-r0)
repository	UNKNOWN STEP	2026-09-29T16:24:15.5711514Z #61 2.339 (6/6) Upgrading tzdata (2026c-r0 -> 2026d-r0)
repository	UNKNOWN STEP	2026-09-29T16:24:15.5712459Z #61 2.459 Executing busybox-1.37.0-r31.trigger
repository	UNKNOWN STEP	2026-09-29T16:24:15.5713381Z #61 2.466 Executing ca-certificates-20260909-r0.trigger
repository	UNKNOWN STEP	2026-09-29T16:24:15.5714209Z #61 2.514 OK: 15.8 MiB in 33 packages
repository	UNKNOWN STEP	2026-09-29T16:24:15.5714819Z #61 DONE 3.5s
repository	UNKNOWN STEP	2026-09-29T16:24:15.7221584Z 
repository	UNKNOWN STEP	2026-09-29T16:24:15.7223121Z #63 [grafana] exporting to image
repository	UNKNOWN STEP	2026-09-29T16:24:15.7223968Z #63 exporting layers
repository	UNKNOWN STEP	2026-09-29T16:24:17.0600078Z #63 exporting layers 1.5s done
repository	UNKNOWN STEP	2026-09-29T16:24:17.2550645Z #63 writing image sha256:a0430bebd4afe547938a9a2c0689068aad94d3c84ad9b0209cc85a54f0a171f3 done
repository	UNKNOWN STEP	2026-09-29T16:24:17.2552493Z #63 naming to docker.io/library/verity-ci-grafana done
repository	UNKNOWN STEP	2026-09-29T16:24:17.2553329Z #63 DONE 1.5s
repository	UNKNOWN STEP	2026-09-29T16:24:17.2553774Z 
repository	UNKNOWN STEP	2026-09-29T16:24:17.2554344Z #64 [grafana] resolving provenance for metadata file
repository	UNKNOWN STEP	2026-09-29T16:24:17.2555157Z #64 DONE 0.0s
repository	UNKNOWN STEP	2026-09-29T16:24:17.2555547Z 
repository	UNKNOWN STEP	2026-09-29T16:24:17.2559001Z #60 [minio server-build 5/6] RUN --mount=type=cache,target=/go/pkg/mod     go get github.com/apache/thrift@v0.24.0 github.com/buger/jsonparser@v1.1.2       github.com/go-jose/go-jose/v4@v4.1.4 github.com/prometheus/prometheus@v0.311.3       github.com/rabbitmq/amqp091-go@v1.13.0       golang.org/x/crypto@v0.55.0 google.golang.org/grpc@v1.83.2     && go mod download && go mod verify
repository	UNKNOWN STEP	2026-09-29T16:24:17.2561911Z #60 12.85 go: upgraded go 1.24.0 => 1.25.0
repository	UNKNOWN STEP	2026-09-29T16:24:17.2562770Z #60 12.85 go: removed toolchain go1.24.2
repository	UNKNOWN STEP	2026-09-29T16:24:17.2563701Z #60 12.85 go: upgraded cel.dev/expr v0.23.1 => v0.25.2
repository	UNKNOWN STEP	2026-09-29T16:24:17.2564705Z #60 12.85 go: upgraded cloud.google.com/go v0.120.1 => v0.121.6
repository	UNKNOWN STEP	2026-09-29T16:24:17.2569882Z #60 12.85 go: upgraded cloud.google.com/go/auth v0.16.0 => v0.18.2
repository	UNKNOWN STEP	2026-09-29T16:24:17.2571134Z #60 12.85 go: upgraded cloud.google.com/go/compute/metadata v0.6.0 => v0.9.0
repository	UNKNOWN STEP	2026-09-29T16:24:17.2572306Z #60 12.85 go: upgraded cloud.google.com/go/iam v1.5.2 => v1.5.3
repository	UNKNOWN STEP	2026-09-29T16:24:17.2573463Z #60 12.85 go: upgraded cloud.google.com/go/monitoring v1.24.2 => v1.24.3
repository	UNKNOWN STEP	2026-09-29T16:24:17.2574686Z #60 12.85 go: upgraded cloud.google.com/go/storage v1.52.0 => v1.56.0
repository	UNKNOWN STEP	2026-09-29T16:24:17.2576281Z #60 12.85 go: upgraded github.com/Azure/azure-sdk-for-go/sdk/azcore v1.18.0 => v1.21.0
repository	UNKNOWN STEP	2026-09-29T16:24:17.2578086Z #60 12.85 go: upgraded github.com/Azure/azure-sdk-for-go/sdk/azidentity v1.9.0 => v1.13.1
repository	UNKNOWN STEP	2026-09-29T16:24:17.2579520Z #60 12.85 go: upgraded github.com/Azure/azure-sdk-for-go/sdk/internal v1.11.1 => v1.11.2
repository	UNKNOWN STEP	2026-09-29T16:24:17.2581213Z #60 12.85 go: upgraded github.com/AzureAD/microsoft-authentication-library-for-go v1.4.2 => v1.6.0
repository	UNKNOWN STEP	2026-09-29T16:24:17.2583045Z #60 12.85 go: upgraded github.com/GoogleCloudPlatform/opentelemetry-operations-go/detectors/gcp v1.27.0 => v1.33.0
repository	UNKNOWN STEP	2026-09-29T16:24:17.2584958Z #60 12.85 go: upgraded github.com/GoogleCloudPlatform/opentelemetry-operations-go/exporter/metric v0.51.0 => v0.53.0
repository	UNKNOWN STEP	2026-09-29T16:24:17.2587207Z #60 12.85 go: upgraded github.com/GoogleCloudPlatform/opentelemetry-operations-go/internal/resourcemapping v0.51.0 => v0.53.0
repository	UNKNOWN STEP	2026-09-29T16:24:17.2588845Z #60 12.85 go: upgraded github.com/apache/thrift v0.21.0 => v0.24.0
repository	UNKNOWN STEP	2026-09-29T16:24:17.2590004Z #60 12.85 go: upgraded github.com/buger/jsonparser v1.1.1 => v1.1.2
repository	UNKNOWN STEP	2026-09-29T16:24:17.2591511Z #60 12.85 go: upgraded github.com/cncf/xds/go v0.0.0-20250326154945-ae57f3c0d45f => v0.0.0-20260202195803-dba9d589def2
repository	UNKNOWN STEP	2026-09-29T16:24:17.2592969Z #60 12.85 go: upgraded github.com/coreos/go-systemd/v22 v22.5.0 => v22.6.0
repository	UNKNOWN STEP	2026-09-29T16:24:17.2594334Z #60 12.85 go: upgraded github.com/envoyproxy/go-control-plane/envoy v1.32.4 => v1.37.0
repository	UNKNOWN STEP	2026-09-29T16:24:17.2595761Z #60 12.85 go: upgraded github.com/envoyproxy/protoc-gen-validate v1.2.1 => v1.3.3
repository	UNKNOWN STEP	2026-09-29T16:24:17.2597261Z #60 12.85 go: upgraded github.com/go-jose/go-jose/v4 v4.1.0 => v4.1.4
repository	UNKNOWN STEP	2026-09-29T16:24:17.2598393Z #60 12.85 go: upgraded github.com/go-logr/logr v1.4.2 => v1.4.3
repository	UNKNOWN STEP	2026-09-29T16:24:17.2599506Z #60 12.85 go: upgraded github.com/go-openapi/analysis v0.23.0 => v0.24.2
repository	UNKNOWN STEP	2026-09-29T16:24:17.2600773Z #60 12.85 go: upgraded github.com/go-openapi/errors v0.22.1 => v0.22.7
repository	UNKNOWN STEP	2026-09-29T16:24:17.2602003Z #60 12.85 go: upgraded github.com/go-openapi/jsonpointer v0.21.1 => v0.22.5
repository	UNKNOWN STEP	2026-09-29T16:24:17.2603298Z #60 12.85 go: upgraded github.com/go-openapi/jsonreference v0.21.0 => v0.21.4
repository	UNKNOWN STEP	2026-09-29T16:24:17.2604524Z #60 12.85 go: upgraded github.com/go-openapi/loads v0.22.0 => v0.23.2
repository	UNKNOWN STEP	2026-09-29T16:24:17.2605644Z #60 12.85 go: upgraded github.com/go-openapi/spec v0.21.0 => v0.22.3
repository	UNKNOWN STEP	2026-09-29T16:24:17.2606779Z #60 12.85 go: upgraded github.com/go-openapi/strfmt v0.23.0 => v0.26.1
repository	UNKNOWN STEP	2026-09-29T16:24:17.2608207Z #60 12.85 go: upgraded github.com/go-openapi/swag v0.23.1 => v0.25.4
repository	UNKNOWN STEP	2026-09-29T16:24:17.2609407Z #60 12.85 go: upgraded github.com/go-openapi/validate v0.24.0 => v0.25.1
repository	UNKNOWN STEP	2026-09-29T16:24:17.2610591Z #60 12.85 go: upgraded github.com/golang-jwt/jwt/v5 v5.2.2 => v5.3.1
repository	UNKNOWN STEP	2026-09-29T16:24:17.2612113Z #60 12.85 go: upgraded github.com/google/pprof v0.0.0-20250422154841-e1f9c1950416 => v0.0.0-20260302011040-a15ffb7f9dcc
repository	UNKNOWN STEP	2026-09-29T16:24:17.2613751Z #60 12.85 go: upgraded github.com/googleapis/enterprise-certificate-proxy v0.3.6 => v0.3.14
repository	UNKNOWN STEP	2026-09-29T16:24:17.2615151Z #60 12.85 go: upgraded github.com/googleapis/gax-go/v2 v2.14.1 => v2.18.0
repository	UNKNOWN STEP	2026-09-29T16:24:17.2616594Z #60 12.85 go: upgraded github.com/gorilla/websocket v1.5.3 => v1.5.4-0.20250319132907-e064f32e3674
repository	UNKNOWN STEP	2026-09-29T16:24:17.2618321Z #60 12.85 go: upgraded github.com/klauspost/compress v1.18.0 => v1.18.5
repository	UNKNOWN STEP	2026-09-29T16:24:17.2619434Z #60 12.85 go: upgraded github.com/miekg/dns v1.1.65 => v1.1.72
repository	UNKNOWN STEP	2026-09-29T16:24:17.2620775Z #60 12.85 go: upgraded github.com/modern-go/reflect2 v1.0.2 => v1.0.3-0.20250322232337-35a7c28c31ee
repository	UNKNOWN STEP	2026-09-29T16:24:17.2622504Z #60 12.85 go: upgraded github.com/prometheus/client_golang v1.22.0 => v1.23.2
repository	UNKNOWN STEP	2026-09-29T16:24:17.2623744Z #60 12.85 go: upgraded github.com/prometheus/common v0.63.0 => v0.67.5
repository	UNKNOWN STEP	2026-09-29T16:24:17.2624936Z #60 12.85 go: upgraded github.com/prometheus/prometheus v0.303.0 => v0.311.3
repository	UNKNOWN STEP	2026-09-29T16:24:17.2626281Z #60 12.85 go: upgraded github.com/rabbitmq/amqp091-go v1.10.0 => v1.13.0
repository	UNKNOWN STEP	2026-09-29T16:24:17.2627770Z #60 12.85 go: upgraded github.com/spiffe/go-spiffe/v2 v2.5.0 => v2.7.0
repository	UNKNOWN STEP	2026-09-29T16:24:17.2629209Z #60 12.85 go: upgraded go.mongodb.org/mongo-driver v1.17.3 => v1.17.6
repository	UNKNOWN STEP	2026-09-29T16:24:17.2630413Z #60 12.85 go: upgraded go.opentelemetry.io/auto/sdk v1.1.0 => v1.2.1
repository	UNKNOWN STEP	2026-09-29T16:24:17.2631746Z #60 12.85 go: upgraded go.opentelemetry.io/contrib/detectors/gcp v1.35.0 => v1.44.0
repository	UNKNOWN STEP	2026-09-29T16:24:17.2633475Z #60 12.85 go: upgraded go.opentelemetry.io/contrib/instrumentation/google.golang.org/grpc/otelgrpc v0.60.0 => v0.61.0
repository	UNKNOWN STEP	2026-09-29T16:24:17.2635306Z #60 12.85 go: upgraded go.opentelemetry.io/contrib/instrumentation/net/http/otelhttp v0.60.0 => v0.67.0
repository	UNKNOWN STEP	2026-09-29T16:24:17.2637854Z #60 12.85 go: upgraded go.opentelemetry.io/otel v1.35.0 => v1.44.0
repository	UNKNOWN STEP	2026-09-29T16:24:17.2640917Z #60 12.85 go: upgraded go.opentelemetry.io/otel/metric v1.35.0 => v1.44.0
repository	UNKNOWN STEP	2026-09-29T16:24:17.2643606Z #60 12.85 go: upgraded go.opentelemetry.io/otel/sdk v1.35.0 => v1.44.0
repository	UNKNOWN STEP	2026-09-29T16:24:17.2647746Z #60 12.85 go: upgraded go.opentelemetry.io/otel/sdk/metric v1.35.0 => v1.44.0
repository	UNKNOWN STEP	2026-09-29T16:24:17.2651648Z #60 12.85 go: upgraded go.opentelemetry.io/otel/trace v1.35.0 => v1.44.0
repository	UNKNOWN STEP	2026-09-29T16:24:17.2653948Z #60 12.85 go: upgraded go.uber.org/zap v1.27.0 => v1.27.1
repository	UNKNOWN STEP	2026-09-29T16:24:17.2657996Z #60 12.85 go: upgraded golang.org/x/crypto v0.37.0 => v0.55.0
repository	UNKNOWN STEP	2026-09-29T16:24:17.2659169Z #60 12.85 go: upgraded golang.org/x/mod v0.24.0 => v0.38.0
repository	UNKNOWN STEP	2026-09-29T16:24:17.2662057Z #60 12.85 go: upgraded golang.org/x/net v0.39.0 => v0.58.0
repository	UNKNOWN STEP	2026-09-29T16:24:17.2663364Z #60 12.85 go: upgraded golang.org/x/oauth2 v0.29.0 => v0.36.0
repository	UNKNOWN STEP	2026-09-29T16:24:17.2666065Z #60 12.85 go: upgraded golang.org/x/sync v0.13.0 => v0.22.0
repository	UNKNOWN STEP	2026-09-29T16:24:17.2668921Z #60 12.85 go: upgraded golang.org/x/sys v0.32.0 => v0.47.0
repository	UNKNOWN STEP	2026-09-29T16:24:17.2669707Z #60 12.85 go: upgraded golang.org/x/term v0.31.0 => v0.45.0
repository	UNKNOWN STEP	2026-09-29T16:24:17.2670468Z #60 12.85 go: upgraded golang.org/x/text v0.24.0 => v0.41.0
repository	UNKNOWN STEP	2026-09-29T16:24:17.2671218Z #60 12.85 go: upgraded golang.org/x/time v0.11.0 => v0.15.0
repository	UNKNOWN STEP	2026-09-29T16:24:17.2671982Z #60 12.85 go: upgraded golang.org/x/tools v0.32.0 => v0.48.0
repository	UNKNOWN STEP	2026-09-29T16:24:17.2672803Z #60 12.85 go: upgraded google.golang.org/api v0.230.0 => v0.272.0
repository	UNKNOWN STEP	2026-09-29T16:24:17.2674082Z #60 12.85 go: upgraded google.golang.org/genproto v0.0.0-20250422160041-2d3770c4ea7f => v0.0.0-20260217215200-42d3e9bedb6d
repository	UNKNOWN STEP	2026-09-29T16:24:17.2675860Z #60 12.85 go: upgraded google.golang.org/genproto/googleapis/api v0.0.0-20250422160041-2d3770c4ea7f => v0.0.0-20260526163538-3dc84a4a5aaa
repository	UNKNOWN STEP	2026-09-29T16:24:17.2677933Z #60 12.85 go: upgraded google.golang.org/genproto/googleapis/rpc v0.0.0-20250422160041-2d3770c4ea7f => v0.0.0-20260526163538-3dc84a4a5aaa
repository	UNKNOWN STEP	2026-09-29T16:24:17.2679244Z #60 12.85 go: upgraded google.golang.org/grpc v1.72.0 => v1.83.2
repository	UNKNOWN STEP	2026-09-29T16:24:17.2680196Z #60 12.85 go: upgraded google.golang.org/protobuf v1.36.6 => v1.36.11
repository	UNKNOWN STEP	2026-09-29T16:24:18.6153805Z #60 ...
repository	UNKNOWN STEP	2026-09-29T16:24:18.6154112Z 
repository	UNKNOWN STEP	2026-09-29T16:24:18.6154621Z #54 [frontend builder 4/7] RUN npm ci
repository	UNKNOWN STEP	2026-09-29T16:24:18.6155356Z #54 26.92 
repository	UNKNOWN STEP	2026-09-29T16:24:18.6156120Z #54 26.92 added 404 packages, and audited 405 packages in 27s
repository	UNKNOWN STEP	2026-09-29T16:24:18.6156860Z #54 26.92 
repository	UNKNOWN STEP	2026-09-29T16:24:18.6157769Z #54 26.92 150 packages are looking for funding
repository	UNKNOWN STEP	2026-09-29T16:24:18.6158661Z #54 26.92   run `npm fund` for details
repository	UNKNOWN STEP	2026-09-29T16:24:18.6159268Z #54 26.93 
repository	UNKNOWN STEP	2026-09-29T16:24:18.6160001Z #54 26.93 found 0 vulnerabilities
repository	UNKNOWN STEP	2026-09-29T16:24:18.6160842Z #54 26.93 npm notice
repository	UNKNOWN STEP	2026-09-29T16:24:18.6161789Z #54 26.93 npm notice New major version of npm available! 10.9.8 -> 12.1.0
repository	UNKNOWN STEP	2026-09-29T16:24:18.6163359Z #54 26.93 npm notice Changelog: https://github.com/npm/cli/releases/tag/v12.1.0
repository	UNKNOWN STEP	2026-09-29T16:24:18.6164433Z #54 26.93 npm notice To update run: npm install -g npm@12.1.0
repository	UNKNOWN STEP	2026-09-29T16:24:18.6165230Z #54 26.93 npm notice
repository	UNKNOWN STEP	2026-09-29T16:24:18.6165782Z #54 DONE 27.4s
repository	UNKNOWN STEP	2026-09-29T16:24:18.8211067Z 
repository	UNKNOWN STEP	2026-09-29T16:24:18.8212108Z #65 [frontend builder 5/7] COPY . .
repository	UNKNOWN STEP	2026-09-29T16:24:18.8212969Z #65 DONE 0.1s
repository	UNKNOWN STEP	2026-09-29T16:24:18.8213425Z 
repository	UNKNOWN STEP	2026-09-29T16:24:18.8213956Z #66 [frontend builder 6/7] RUN mkdir -p public
repository	UNKNOWN STEP	2026-09-29T16:24:18.9637896Z #66 DONE 0.3s
repository	UNKNOWN STEP	2026-09-29T16:24:18.9639129Z 
repository	UNKNOWN STEP	2026-09-29T16:24:18.9641022Z #52 [celery-worker runtime-base 4/4] RUN pip install --no-cache-dir --only-binary=:all: --require-hashes -r requirements.lock     && useradd --create-home --uid 1000 azaeron
repository	UNKNOWN STEP	2026-09-29T16:24:19.1168194Z #52 ...
repository	UNKNOWN STEP	2026-09-29T16:24:19.1169416Z 
repository	UNKNOWN STEP	2026-09-29T16:24:19.1170200Z #67 [frontend builder 7/7] RUN npm run build
repository	UNKNOWN STEP	2026-09-29T16:24:19.5072128Z #67 0.532 
repository	UNKNOWN STEP	2026-09-29T16:24:19.5073491Z #67 0.532 > azaeron-frontend@1.0.0 build
repository	UNKNOWN STEP	2026-09-29T16:24:19.5074760Z #67 0.532 > node ./node_modules/next/dist/bin/next build
repository	UNKNOWN STEP	2026-09-29T16:24:19.5075503Z #67 0.532 
repository	UNKNOWN STEP	2026-09-29T16:24:20.5341943Z #67 1.568 ▲ Next.js 16.3.3 (Turbopack)
repository	UNKNOWN STEP	2026-09-29T16:24:20.6535728Z #67 1.687 ✓ Running next.config.ts took 109ms
repository	UNKNOWN STEP	2026-09-29T16:24:20.8904829Z #67 1.696 
repository	UNKNOWN STEP	2026-09-29T16:24:20.8905614Z #67 1.774   Creating an optimized production build ...
repository	UNKNOWN STEP	2026-09-29T16:24:25.2158353Z #67 ...
repository	UNKNOWN STEP	2026-09-29T16:24:25.2158849Z 
repository	UNKNOWN STEP	2026-09-29T16:24:25.2161005Z #62 [minio-init client-build 5/6] RUN --mount=type=cache,target=/go/pkg/mod     go get github.com/prometheus/prometheus@v0.311.3       golang.org/x/crypto@v0.55.0 google.golang.org/grpc@v1.83.2     && go mod tidy && go mod download && go mod verify
repository	UNKNOWN STEP	2026-09-29T16:24:25.2163627Z #62 20.81 all modules verified
repository	UNKNOWN STEP	2026-09-29T16:24:25.2164314Z #62 DONE 22.4s
repository	UNKNOWN STEP	2026-09-29T16:24:25.3670564Z 
repository	UNKNOWN STEP	2026-09-29T16:24:25.3672724Z #68 [minio-init client-build 6/6] RUN --mount=type=cache,target=/go/pkg/mod --mount=type=cache,target=/root/.cache/go-build     go build -trimpath -tags kqueue -ldflags='-s -w' -o /out/mc .
repository	UNKNOWN STEP	2026-09-29T16:24:27.2288226Z #68 ...
repository	UNKNOWN STEP	2026-09-29T16:24:27.2288717Z 
repository	UNKNOWN STEP	2026-09-29T16:24:27.2290393Z #52 [verification runtime-base 4/4] RUN pip install --no-cache-dir --only-binary=:all: --require-hashes -r requirements.lock     && useradd --create-home --uid 1000 azaeron
repository	UNKNOWN STEP	2026-09-29T16:24:27.2306404Z #52 34.66 Successfully installed alembic-1.14.0 amqp-5.4.0 annotated-doc-0.0.5 annotated-types-0.8.0 anyio-4.15.1 argon2-cffi-25.1.0 argon2-cffi-bindings-26.1.0 asgiref-3.12.1 asyncpg-0.30.0 bcrypt-4.0.1 beautifulsoup4-4.12.3 billiard-4.3.0 celery-5.4.0 certifi-2026.7.22 cffi-2.1.1 charset-normalizer-3.5.1 click-8.5.0 click-didyoumean-0.3.1 click-plugins-1.1.1.2 click-repl-0.4.0 cryptography-50.0.1 deprecated-1.3.1 dnspython-2.8.0 email-validator-2.2.0 fastapi-0.141.1 googleapis-common-protos-1.75.0 greenlet-3.5.6 grpcio-1.84.0 h11-0.16.0 httpcore-1.0.9 httptools-0.8.0 httpx-0.27.0 idna-3.20 importlib-metadata-8.5.0 itsdangerous-2.2.0 kombu-5.6.2 lxml-6.1.3 mako-1.4.1 markupsafe-3.0.3 minio-7.2.12 numpy-2.5.3 opentelemetry-api-1.28.0 opentelemetry-exporter-otlp-proto-common-1.28.0 opentelemetry-exporter-otlp-proto-grpc-1.28.0 opentelemetry-instrumentation-0.49b0 opentelemetry-instrumentation-asgi-0.49b0 opentelemetry-instrumentation-fastapi-0.49b0 opentelemetry-proto-1.28.0 opentelemetry-sdk-1.28.0 opentelemetry-semantic-conventions-0.49b0 opentelemetry-util-http-0.49b0 packaging-26.3 pdfminer-six-20260107 pdfplumber-0.11.10 pgvector-0.3.0 pillow-12.3.0 prometheus-client-0.21.0 prompt-toolkit-3.0.53 protobuf-5.29.6 pycparser-3.0 pycryptodome-3.23.0 pydantic-2.13.5 pydantic-core-2.46.5 pydantic-settings-2.15.0 pyjwt-2.14.0 pypdfium2-5.13.0 pyphen-0.18.1 python-dateutil-2.9.0 python-docx-1.1.2 python-dotenv-1.2.3 python-multipart-0.0.32 pyyaml-6.0.3 redis-5.2.0 setuptools-84.0.0 six-1.17.0 sniffio-1.3.1 soupsieve-2.9.2 sqlalchemy-2.0.36 starlette-1.6.0 structlog-24.4.0 textstat-0.7.4 typing-extensions-4.16.0 typing-inspection-0.4.4 tzdata-2026.4 urllib3-2.8.0 uvicorn-0.53.0 uvloop-0.22.1 vine-5.1.0 watchfiles-1.2.0 wcwidth-0.8.4 websockets-17.1 wrapt-1.17.3 zipp-4.1.0
repository	UNKNOWN STEP	2026-09-29T16:24:27.2332364Z #52 34.66 WARNING: Running pip as the 'root' user can result in broken permissions and conflicting behaviour with the system package manager, possibly rendering your system unusable. It is recommended to use a virtual environment instead: https://pip.pypa.io/warnings/venv. Use the --root-user-action option if you know what you are doing and want to suppress this warning.
repository	UNKNOWN STEP	2026-09-29T16:24:27.2335159Z #52 DONE 35.4s
repository	UNKNOWN STEP	2026-09-29T16:24:27.2335407Z 
repository	UNKNOWN STEP	2026-09-29T16:24:27.2335854Z #69 [verification runtime-base 3/4] COPY requirements.lock ./
repository	UNKNOWN STEP	2026-09-29T16:24:27.2336476Z #69 CACHED
repository	UNKNOWN STEP	2026-09-29T16:24:27.2336675Z 
repository	UNKNOWN STEP	2026-09-29T16:24:27.2344998Z #70 [verification runtime-base 4/4] RUN pip install --no-cache-dir --only-binary=:all: --require-hashes -r requirements.lock     && useradd --create-home --uid 1000 azaeron
repository	UNKNOWN STEP	2026-09-29T16:24:27.2346686Z #70 CACHED
repository	UNKNOWN STEP	2026-09-29T16:24:27.2346904Z 
repository	UNKNOWN STEP	2026-09-29T16:24:27.2348017Z #71 [verification verification-base 1/2] COPY requirements-dev.lock ./
repository	UNKNOWN STEP	2026-09-29T16:24:27.2349384Z #71 DONE 0.0s
repository	UNKNOWN STEP	2026-09-29T16:24:27.3440590Z 
repository	UNKNOWN STEP	2026-09-29T16:24:27.3442604Z #72 [celery-beat assemble 1/3] COPY --from=runtime-os / /base/
repository	UNKNOWN STEP	2026-09-29T16:24:27.8326721Z #72 DONE 0.6s
repository	UNKNOWN STEP	2026-09-29T16:24:27.8328343Z 
repository	UNKNOWN STEP	2026-09-29T16:24:27.8329638Z #73 [migrate assemble 2/3] COPY scripts/assemble_runtime.py /assemble_runtime.py
repository	UNKNOWN STEP	2026-09-29T16:24:27.8330733Z #73 DONE 0.1s
repository	UNKNOWN STEP	2026-09-29T16:24:27.8331218Z 
repository	UNKNOWN STEP	2026-09-29T16:24:27.8331893Z #74 [migrate assemble 3/3] RUN python /assemble_runtime.py
repository	UNKNOWN STEP	2026-09-29T16:24:33.0475954Z #74 ...
repository	UNKNOWN STEP	2026-09-29T16:24:33.0476497Z 
repository	UNKNOWN STEP	2026-09-29T16:24:33.0478072Z #75 [verification verification-base 2/2] RUN pip install --no-cache-dir --only-binary=:all: --require-hashes -r requirements-dev.lock
repository	UNKNOWN STEP	2026-09-29T16:24:33.0479748Z #75 3.402 Collecting aiosqlite==0.20.0 (from -r requirements-dev.lock (line 3))
repository	UNKNOWN STEP	2026-09-29T16:24:33.0480874Z #75 3.433   Downloading aiosqlite-0.20.0-py3-none-any.whl (15 kB)
repository	UNKNOWN STEP	2026-09-29T16:24:33.0482418Z #75 3.447 Requirement already satisfied: alembic==1.14.0 in /usr/local/lib/python3.12/site-packages (from -r requirements-dev.lock (line 7)) (1.14.0)
repository	UNKNOWN STEP	2026-09-29T16:24:33.0484402Z #75 3.448 Requirement already satisfied: amqp==5.4.0 in /usr/local/lib/python3.12/site-packages (from -r requirements-dev.lock (line 13)) (5.4.0)
repository	UNKNOWN STEP	2026-09-29T16:24:33.0486474Z #75 3.449 Requirement already satisfied: annotated-doc==0.0.5 in /usr/local/lib/python3.12/site-packages (from -r requirements-dev.lock (line 19)) (0.0.5)
repository	UNKNOWN STEP	2026-09-29T16:24:33.0488799Z #75 3.450 Requirement already satisfied: annotated-types==0.8.0 in /usr/local/lib/python3.12/site-packages (from -r requirements-dev.lock (line 25)) (0.8.0)
repository	UNKNOWN STEP	2026-09-29T16:24:33.0490834Z #75 3.452 Requirement already satisfied: anyio==4.15.1 in /usr/local/lib/python3.12/site-packages (from -r requirements-dev.lock (line 31)) (4.15.1)
repository	UNKNOWN STEP	2026-09-29T16:24:33.0492936Z #75 3.453 Requirement already satisfied: argon2-cffi==25.1.0 in /usr/local/lib/python3.12/site-packages (from -r requirements-dev.lock (line 39)) (25.1.0)
repository	UNKNOWN STEP	2026-09-29T16:24:33.0495092Z #75 3.454 Requirement already satisfied: argon2-cffi-bindings==26.1.0 in /usr/local/lib/python3.12/site-packages (from -r requirements-dev.lock (line 45)) (26.1.0)
repository	UNKNOWN STEP	2026-09-29T16:24:33.0497587Z #75 3.456 Requirement already satisfied: asgiref==3.12.1 in /usr/local/lib/python3.12/site-packages (from -r requirements-dev.lock (line 90)) (3.12.1)
repository	UNKNOWN STEP	2026-09-29T16:24:33.0499803Z #75 3.457 Requirement already satisfied: asyncpg==0.30.0 in /usr/local/lib/python3.12/site-packages (from -r requirements-dev.lock (line 96)) (0.30.0)
repository	UNKNOWN STEP	2026-09-29T16:24:33.0502784Z #75 3.458 Requirement already satisfied: bcrypt==4.0.1 in /usr/local/lib/python3.12/site-packages (from -r requirements-dev.lock (line 149)) (4.0.1)
repository	UNKNOWN STEP	2026-09-29T16:24:33.0504955Z #75 3.459 Requirement already satisfied: beautifulsoup4==4.12.3 in /usr/local/lib/python3.12/site-packages (from -r requirements-dev.lock (line 174)) (4.12.3)
repository	UNKNOWN STEP	2026-09-29T16:24:33.0507786Z #75 3.460 Requirement already satisfied: billiard==4.3.0 in /usr/local/lib/python3.12/site-packages (from -r requirements-dev.lock (line 180)) (4.3.0)
repository	UNKNOWN STEP	2026-09-29T16:24:33.0509334Z #75 3.606 Collecting black==26.5.1 (from -r requirements-dev.lock (line 186))
repository	UNKNOWN STEP	2026-09-29T16:24:33.0510838Z #75 3.609   Downloading black-26.5.1-cp312-cp312-manylinux2014_x86_64.manylinux_2_17_x86_64.manylinux_2_28_x86_64.whl (1.9 MB)
repository	UNKNOWN STEP	2026-09-29T16:24:33.0513466Z #75 3.636      ━━━━━━━━━━━━━━━━━━━━━━━━━━━━━━━━━━━━━━━━ 1.9/1.9 MB 197.6 MB/s eta 0:00:00
repository	UNKNOWN STEP	2026-09-29T16:24:33.0515304Z #75 3.660 Requirement already satisfied: celery==5.4.0 in /usr/local/lib/python3.12/site-packages (from -r requirements-dev.lock (line 215)) (5.4.0)
repository	UNKNOWN STEP	2026-09-29T16:24:33.0518197Z #75 3.661 Requirement already satisfied: certifi==2026.7.22 in /usr/local/lib/python3.12/site-packages (from -r requirements-dev.lock (line 221)) (2026.7.22)
repository	UNKNOWN STEP	2026-09-29T16:24:33.0520493Z #75 3.662 Requirement already satisfied: cffi==2.1.1 in /usr/local/lib/python3.12/site-packages (from -r requirements-dev.lock (line 229)) (2.1.1)
repository	UNKNOWN STEP	2026-09-29T16:24:33.0522887Z #75 3.663 Requirement already satisfied: charset-normalizer==3.5.1 in /usr/local/lib/python3.12/site-packages (from -r requirements-dev.lock (line 334)) (3.5.1)
repository	UNKNOWN STEP	2026-09-29T16:24:33.0525270Z #75 3.663 Requirement already satisfied: click==8.5.0 in /usr/local/lib/python3.12/site-packages (from -r requirements-dev.lock (line 510)) (8.5.0)
repository	UNKNOWN STEP	2026-09-29T16:24:33.0527791Z #75 3.664 Requirement already satisfied: click-didyoumean==0.3.1 in /usr/local/lib/python3.12/site-packages (from -r requirements-dev.lock (line 521)) (0.3.1)
repository	UNKNOWN STEP	2026-09-29T16:24:33.0529979Z #75 3.665 Requirement already satisfied: click-plugins==1.1.1.2 in /usr/local/lib/python3.12/site-packages (from -r requirements-dev.lock (line 527)) (1.1.1.2)
repository	UNKNOWN STEP	2026-09-29T16:24:33.0532240Z #75 3.666 Requirement already satisfied: click-repl==0.4.0 in /usr/local/lib/python3.12/site-packages (from -r requirements-dev.lock (line 533)) (0.4.0)
repository	UNKNOWN STEP	2026-09-29T16:24:33.0534643Z #75 3.667 Requirement already satisfied: cryptography==50.0.1 in /usr/local/lib/python3.12/site-packages (from -r requirements-dev.lock (line 539)) (50.0.1)
repository	UNKNOWN STEP	2026-09-29T16:24:33.0537268Z #75 3.669 Requirement already satisfied: deprecated==1.3.1 in /usr/local/lib/python3.12/site-packages (from -r requirements-dev.lock (line 590)) (1.3.1)
repository	UNKNOWN STEP	2026-09-29T16:24:33.0588935Z #75 3.670 Requirement already satisfied: dnspython==2.8.0 in /usr/local/lib/python3.12/site-packages (from -r requirements-dev.lock (line 598)) (2.8.0)
repository	UNKNOWN STEP	2026-09-29T16:24:33.0591650Z #75 3.671 Requirement already satisfied: email-validator==2.2.0 in /usr/local/lib/python3.12/site-packages (from -r requirements-dev.lock (line 604)) (2.2.0)
repository	UNKNOWN STEP	2026-09-29T16:24:33.0593629Z #75 3.702 Collecting factory-boy==3.3.0 (from -r requirements-dev.lock (line 610))
repository	UNKNOWN STEP	2026-09-29T16:24:33.0595294Z #75 3.708   Downloading factory_boy-3.3.0-py2.py3-none-any.whl (36 kB)
repository	UNKNOWN STEP	2026-09-29T16:24:33.0596558Z #75 3.870 Collecting faker==30.0.0 (from -r requirements-dev.lock (line 614))
repository	UNKNOWN STEP	2026-09-29T16:24:33.0598120Z #75 3.874   Downloading Faker-30.0.0-py3-none-any.whl (1.8 MB)
repository	UNKNOWN STEP	2026-09-29T16:24:33.0599665Z #75 3.888      ━━━━━━━━━━━━━━━━━━━━━━━━━━━━━━━━━━━━━━━━ 1.8/1.8 MB 197.9 MB/s eta 0:00:00
repository	UNKNOWN STEP	2026-09-29T16:24:33.0601765Z #75 3.903 Requirement already satisfied: fastapi==0.141.1 in /usr/local/lib/python3.12/site-packages (from -r requirements-dev.lock (line 620)) (0.141.1)
repository	UNKNOWN STEP	2026-09-29T16:24:33.0604194Z #75 3.904 Requirement already satisfied: googleapis-common-protos==1.75.0 in /usr/local/lib/python3.12/site-packages (from -r requirements-dev.lock (line 626)) (1.75.0)
repository	UNKNOWN STEP	2026-09-29T16:24:33.0606584Z #75 3.905 Requirement already satisfied: greenlet==3.5.6 in /usr/local/lib/python3.12/site-packages (from -r requirements-dev.lock (line 632)) (3.5.6)
repository	UNKNOWN STEP	2026-09-29T16:24:33.0631129Z #75 3.906 Requirement already satisfied: grpcio==1.84.0 in /usr/local/lib/python3.12/site-packages (from -r requirements-dev.lock (line 715)) (1.84.0)
repository	UNKNOWN STEP	2026-09-29T16:24:33.0658854Z #75 3.907 Requirement already satisfied: h11==0.16.0 in /usr/local/lib/python3.12/site-packages (from -r requirements-dev.lock (line 780)) (0.16.0)
repository	UNKNOWN STEP	2026-09-29T16:24:33.0661137Z #75 3.908 Requirement already satisfied: httpcore==1.0.9 in /usr/local/lib/python3.12/site-packages (from -r requirements-dev.lock (line 787)) (1.0.9)
repository	UNKNOWN STEP	2026-09-29T16:24:33.0663478Z #75 3.909 Requirement already satisfied: httptools==0.8.0 in /usr/local/lib/python3.12/site-packages (from -r requirements-dev.lock (line 793)) (0.8.0)
repository	UNKNOWN STEP	2026-09-29T16:24:33.0666201Z #75 3.909 Requirement already satisfied: httpx==0.27.0 in /usr/local/lib/python3.12/site-packages (from -r requirements-dev.lock (line 847)) (0.27.0)
repository	UNKNOWN STEP	2026-09-29T16:24:33.0668685Z #75 3.910 Requirement already satisfied: idna==3.20 in /usr/local/lib/python3.12/site-packages (from -r requirements-dev.lock (line 853)) (3.20)
repository	UNKNOWN STEP	2026-09-29T16:24:33.0670974Z #75 3.911 Requirement already satisfied: importlib-metadata==8.5.0 in /usr/local/lib/python3.12/site-packages (from -r requirements-dev.lock (line 861)) (8.5.0)
repository	UNKNOWN STEP	2026-09-29T16:24:33.0672720Z #75 3.937 Collecting iniconfig==2.3.0 (from -r requirements-dev.lock (line 867))
repository	UNKNOWN STEP	2026-09-29T16:24:33.0673864Z #75 3.940   Downloading iniconfig-2.3.0-py3-none-any.whl (7.5 kB)
repository	UNKNOWN STEP	2026-09-29T16:24:33.0675603Z #75 3.944 Requirement already satisfied: itsdangerous==2.2.0 in /usr/local/lib/python3.12/site-packages (from -r requirements-dev.lock (line 871)) (2.2.0)
repository	UNKNOWN STEP	2026-09-29T16:24:33.0678047Z #75 3.945 Requirement already satisfied: kombu==5.6.2 in /usr/local/lib/python3.12/site-packages (from -r requirements-dev.lock (line 877)) (5.6.2)
repository	UNKNOWN STEP	2026-09-29T16:24:33.0680227Z #75 3.946 Requirement already satisfied: lxml==6.1.3 in /usr/local/lib/python3.12/site-packages (from -r requirements-dev.lock (line 883)) (6.1.3)
repository	UNKNOWN STEP	2026-09-29T16:24:33.0682362Z #75 3.947 Requirement already satisfied: mako==1.4.1 in /usr/local/lib/python3.12/site-packages (from -r requirements-dev.lock (line 1063)) (1.4.1)
repository	UNKNOWN STEP	2026-09-29T16:24:33.0684520Z #75 3.948 Requirement already satisfied: markupsafe==3.0.3 in /usr/local/lib/python3.12/site-packages (from -r requirements-dev.lock (line 1069)) (3.0.3)
repository	UNKNOWN STEP	2026-09-29T16:24:33.0686757Z #75 3.952 Requirement already satisfied: minio==7.2.12 in /usr/local/lib/python3.12/site-packages (from -r requirements-dev.lock (line 1162)) (7.2.12)
repository	UNKNOWN STEP	2026-09-29T16:24:33.0688630Z #75 4.212 Collecting mypy==1.11.0 (from -r requirements-dev.lock (line 1168))
repository	UNKNOWN STEP	2026-09-29T16:24:33.0690189Z #75 4.219   Downloading mypy-1.11.0-cp312-cp312-manylinux_2_17_x86_64.manylinux2014_x86_64.manylinux_2_28_x86_64.whl (12.5 MB)
repository	UNKNOWN STEP	2026-09-29T16:24:33.0692025Z #75 4.306      ━━━━━━━━━━━━━━━━━━━━━━━━━━━━━━━━━━━━━━━ 12.5/12.5 MB 155.4 MB/s eta 0:00:00
repository	UNKNOWN STEP	2026-09-29T16:24:33.0693367Z #75 4.379 Collecting mypy-extensions==1.1.0 (from -r requirements-dev.lock (line 1197))
repository	UNKNOWN STEP	2026-09-29T16:24:33.0694764Z #75 4.385   Downloading mypy_extensions-1.1.0-py3-none-any.whl (5.0 kB)
repository	UNKNOWN STEP	2026-09-29T16:24:33.0696663Z #75 4.390 Requirement already satisfied: numpy==2.5.3 in /usr/local/lib/python3.12/site-packages (from -r requirements-dev.lock (line 1203)) (2.5.3)
repository	UNKNOWN STEP	2026-09-29T16:24:33.0699621Z #75 4.391 Requirement already satisfied: opentelemetry-api==1.28.0 in /usr/local/lib/python3.12/site-packages (from -r requirements-dev.lock (line 1273)) (1.28.0)
repository	UNKNOWN STEP	2026-09-29T16:24:33.0702248Z #75 4.393 Requirement already satisfied: opentelemetry-exporter-otlp-proto-common==1.28.0 in /usr/local/lib/python3.12/site-packages (from -r requirements-dev.lock (line 1285)) (1.28.0)
repository	UNKNOWN STEP	2026-09-29T16:24:33.0705011Z #75 4.394 Requirement already satisfied: opentelemetry-exporter-otlp-proto-grpc==1.28.0 in /usr/local/lib/python3.12/site-packages (from -r requirements-dev.lock (line 1291)) (1.28.0)
repository	UNKNOWN STEP	2026-09-29T16:24:33.0707873Z #75 4.395 Requirement already satisfied: opentelemetry-instrumentation==0.49b0 in /usr/local/lib/python3.12/site-packages (from -r requirements-dev.lock (line 1297)) (0.49b0)
repository	UNKNOWN STEP	2026-09-29T16:24:33.0710524Z #75 4.400 Requirement already satisfied: opentelemetry-instrumentation-asgi==0.49b0 in /usr/local/lib/python3.12/site-packages (from -r requirements-dev.lock (line 1304)) (0.49b0)
repository	UNKNOWN STEP	2026-09-29T16:24:33.0713228Z #75 4.401 Requirement already satisfied: opentelemetry-instrumentation-fastapi==0.49b0 in /usr/local/lib/python3.12/site-packages (from -r requirements-dev.lock (line 1310)) (0.49b0)
repository	UNKNOWN STEP	2026-09-29T16:24:33.0715749Z #75 4.401 Requirement already satisfied: opentelemetry-proto==1.28.0 in /usr/local/lib/python3.12/site-packages (from -r requirements-dev.lock (line 1316)) (1.28.0)
repository	UNKNOWN STEP	2026-09-29T16:24:33.0718572Z #75 4.402 Requirement already satisfied: opentelemetry-sdk==1.28.0 in /usr/local/lib/python3.12/site-packages (from -r requirements-dev.lock (line 1323)) (1.28.0)
repository	UNKNOWN STEP	2026-09-29T16:24:33.0720864Z #75 4.403 Requirement already satisfied: opentelemetry-semantic-conventions==0.49b0 in /usr/local/lib/python3.12/site-packages (from -r requirements-dev.lock (line 1330)) (0.49b0)
repository	UNKNOWN STEP	2026-09-29T16:24:33.0723145Z #75 4.406 Requirement already satisfied: opentelemetry-util-http==0.49b0 in /usr/local/lib/python3.12/site-packages (from -r requirements-dev.lock (line 1339)) (0.49b0)
repository	UNKNOWN STEP	2026-09-29T16:24:33.0725258Z #75 4.407 Requirement already satisfied: packaging==26.3 in /usr/local/lib/python3.12/site-packages (from -r requirements-dev.lock (line 1346)) (26.3)
repository	UNKNOWN STEP	2026-09-29T16:24:33.0726772Z #75 4.439 Collecting pathspec==1.1.1 (from -r requirements-dev.lock (line 1355))
repository	UNKNOWN STEP	2026-09-29T16:24:33.0728055Z #75 4.445   Downloading pathspec-1.1.1-py3-none-any.whl (57 kB)
repository	UNKNOWN STEP	2026-09-29T16:24:33.0729745Z #75 4.454 Requirement already satisfied: pdfminer-six==20260107 in /usr/local/lib/python3.12/site-packages (from -r requirements-dev.lock (line 1359)) (20260107)
repository	UNKNOWN STEP	2026-09-29T16:24:33.0731899Z #75 4.455 Requirement already satisfied: pdfplumber==0.11.10 in /usr/local/lib/python3.12/site-packages (from -r requirements-dev.lock (line 1365)) (0.11.10)
repository	UNKNOWN STEP	2026-09-29T16:24:33.0734042Z #75 4.456 Requirement already satisfied: pgvector==0.3.0 in /usr/local/lib/python3.12/site-packages (from -r requirements-dev.lock (line 1371)) (0.3.0)
repository	UNKNOWN STEP	2026-09-29T16:24:33.0736104Z #75 4.459 Requirement already satisfied: pillow==12.3.0 in /usr/local/lib/python3.12/site-packages (from -r requirements-dev.lock (line 1376)) (12.3.0)
repository	UNKNOWN STEP	2026-09-29T16:24:33.0737950Z #75 4.507 Collecting platformdirs==4.11.11 (from -r requirements-dev.lock (line 1467))
repository	UNKNOWN STEP	2026-09-29T16:24:33.0739085Z #75 4.511   Downloading platformdirs-4.11.11-py3-none-any.whl (24 kB)
repository	UNKNOWN STEP	2026-09-29T16:24:33.0740170Z #75 4.548 Collecting pluggy==1.6.0 (from -r requirements-dev.lock (line 1471))
repository	UNKNOWN STEP	2026-09-29T16:24:33.0741287Z #75 4.553   Downloading pluggy-1.6.0-py3-none-any.whl (20 kB)
repository	UNKNOWN STEP	2026-09-29T16:24:33.0743023Z #75 4.559 Requirement already satisfied: prometheus-client==0.21.0 in /usr/local/lib/python3.12/site-packages (from -r requirements-dev.lock (line 1475)) (0.21.0)
repository	UNKNOWN STEP	2026-09-29T16:24:33.0768604Z #75 4.561 Requirement already satisfied: prompt-toolkit==3.0.53 in /usr/local/lib/python3.12/site-packages (from -r requirements-dev.lock (line 1481)) (3.0.53)
repository	UNKNOWN STEP	2026-09-29T16:24:33.0770814Z #75 4.564 Requirement already satisfied: protobuf==5.29.6 in /usr/local/lib/python3.12/site-packages (from -r requirements-dev.lock (line 1487)) (5.29.6)
repository	UNKNOWN STEP	2026-09-29T16:24:33.0773170Z #75 4.565 Requirement already satisfied: pycparser==3.0 in /usr/local/lib/python3.12/site-packages (from -r requirements-dev.lock (line 1503)) (3.0)
repository	UNKNOWN STEP	2026-09-29T16:24:33.0775318Z #75 4.566 Requirement already satisfied: pycryptodome==3.23.0 in /usr/local/lib/python3.12/site-packages (from -r requirements-dev.lock (line 1509)) (3.23.0)
repository	UNKNOWN STEP	2026-09-29T16:24:33.0777632Z #75 4.569 Requirement already satisfied: pydantic==2.13.5 in /usr/local/lib/python3.12/site-packages (from -r requirements-dev.lock (line 1554)) (2.13.5)
repository	UNKNOWN STEP	2026-09-29T16:24:33.0779760Z #75 4.570 Requirement already satisfied: pydantic-core==2.46.5 in /usr/local/lib/python3.12/site-packages (from -r requirements-dev.lock (line 1562)) (2.46.5)
repository	UNKNOWN STEP	2026-09-29T16:24:33.0782130Z #75 4.571 Requirement already satisfied: pydantic-settings==2.15.0 in /usr/local/lib/python3.12/site-packages (from -r requirements-dev.lock (line 1686)) (2.15.0)
repository	UNKNOWN STEP	2026-09-29T16:24:33.0783779Z #75 4.625 Collecting pygments==2.21.0 (from -r requirements-dev.lock (line 1692))
repository	UNKNOWN STEP	2026-09-29T16:24:33.0784843Z #75 4.630   Downloading pygments-2.21.0-py3-none-any.whl (1.3 MB)
repository	UNKNOWN STEP	2026-09-29T16:24:33.0786196Z #75 4.668      ━━━━━━━━━━━━━━━━━━━━━━━━━━━━━━━━━━━━━━━━ 1.3/1.3 MB 144.2 MB/s eta 0:00:00
repository	UNKNOWN STEP	2026-09-29T16:24:33.0788019Z #75 4.778 Requirement already satisfied: pyjwt==2.14.0 in /usr/local/lib/python3.12/site-packages (from -r requirements-dev.lock (line 1696)) (2.14.0)
repository	UNKNOWN STEP	2026-09-29T16:24:33.0790347Z #75 4.779 Requirement already satisfied: pypdfium2==5.13.0 in /usr/local/lib/python3.12/site-packages (from -r requirements-dev.lock (line 1702)) (5.13.0)
repository	UNKNOWN STEP	2026-09-29T16:24:33.0792468Z #75 4.780 Requirement already satisfied: pyphen==0.18.1 in /usr/local/lib/python3.12/site-packages (from -r requirements-dev.lock (line 1728)) (0.18.1)
repository	UNKNOWN STEP	2026-09-29T16:24:33.0794050Z #75 4.847 Collecting pytest==9.1.1 (from -r requirements-dev.lock (line 1734))
repository	UNKNOWN STEP	2026-09-29T16:24:33.0795099Z #75 4.850   Downloading pytest-9.1.1-py3-none-any.whl (386 kB)
repository	UNKNOWN STEP	2026-09-29T16:24:33.0796229Z #75 4.901 Collecting pytest-asyncio==1.4.0 (from -r requirements-dev.lock (line 1740))
repository	UNKNOWN STEP	2026-09-29T16:24:33.0797644Z #75 4.905   Downloading pytest_asyncio-1.4.0-py3-none-any.whl (16 kB)
repository	UNKNOWN STEP	2026-09-29T16:24:33.0799359Z #75 4.913 Requirement already satisfied: python-dateutil==2.9.0 in /usr/local/lib/python3.12/site-packages (from -r requirements-dev.lock (line 1744)) (2.9.0)
repository	UNKNOWN STEP	2026-09-29T16:24:33.0801523Z #75 4.914 Requirement already satisfied: python-docx==1.1.2 in /usr/local/lib/python3.12/site-packages (from -r requirements-dev.lock (line 1752)) (1.1.2)
repository	UNKNOWN STEP	2026-09-29T16:24:33.0829031Z #75 4.915 Requirement already satisfied: python-dotenv==1.2.3 in /usr/local/lib/python3.12/site-packages (from -r requirements-dev.lock (line 1758)) (1.2.3)
repository	UNKNOWN STEP	2026-09-29T16:24:33.0831918Z #75 4.916 Requirement already satisfied: python-multipart==0.0.32 in /usr/local/lib/python3.12/site-packages (from -r requirements-dev.lock (line 1765)) (0.0.32)
repository	UNKNOWN STEP	2026-09-29T16:24:33.0833761Z #75 4.953 Collecting pytokens==0.4.1 (from -r requirements-dev.lock (line 1771))
repository	UNKNOWN STEP	2026-09-29T16:24:33.0835461Z #75 4.957   Downloading pytokens-0.4.1-cp312-cp312-manylinux2014_x86_64.manylinux_2_17_x86_64.manylinux_2_28_x86_64.whl (269 kB)
repository	UNKNOWN STEP	2026-09-29T16:24:33.0838076Z #75 4.968 Requirement already satisfied: pyyaml==6.0.3 in /usr/local/lib/python3.12/site-packages (from -r requirements-dev.lock (line 1815)) (6.0.3)
repository	UNKNOWN STEP	2026-09-29T16:24:33.0840298Z #75 4.968 Requirement already satisfied: redis==5.2.0 in /usr/local/lib/python3.12/site-packages (from -r requirements-dev.lock (line 1892)) (5.2.0)
repository	UNKNOWN STEP	2026-09-29T16:24:33.0841928Z #75 5.783 Collecting ruff==0.6.0 (from -r requirements-dev.lock (line 1898))
repository	UNKNOWN STEP	2026-09-29T16:24:33.0843542Z #75 5.787   Downloading ruff-0.6.0-py3-none-manylinux_2_17_x86_64.manylinux2014_x86_64.whl (10.2 MB)
repository	UNKNOWN STEP	2026-09-29T16:24:33.0845260Z #75 5.834      ━━━━━━━━━━━━━━━━━━━━━━━━━━━━━━━━━━━━━━━ 10.2/10.2 MB 236.9 MB/s eta 0:00:00
repository	UNKNOWN STEP	2026-09-29T16:24:33.0847288Z #75 5.853 Requirement already satisfied: setuptools==84.0.0 in /usr/local/lib/python3.12/site-packages (from -r requirements-dev.lock (line 1918)) (84.0.0)
repository	UNKNOWN STEP	2026-09-29T16:24:33.0849868Z #75 5.855 Requirement already satisfied: six==1.17.0 in /usr/local/lib/python3.12/site-packages (from -r requirements-dev.lock (line 1924)) (1.17.0)
repository	UNKNOWN STEP	2026-09-29T16:24:33.0852059Z #75 5.856 Requirement already satisfied: sniffio==1.3.1 in /usr/local/lib/python3.12/site-packages (from -r requirements-dev.lock (line 1930)) (1.3.1)
repository	UNKNOWN STEP	2026-09-29T16:24:33.0854264Z #75 5.857 Requirement already satisfied: soupsieve==2.9.2 in /usr/local/lib/python3.12/site-packages (from -r requirements-dev.lock (line 1936)) (2.9.2)
repository	UNKNOWN STEP	2026-09-29T16:24:33.0857087Z #75 5.858 Requirement already satisfied: sqlalchemy==2.0.36 in /usr/local/lib/python3.12/site-packages (from -r requirements-dev.lock (line 1942)) (2.0.36)
repository	UNKNOWN STEP	2026-09-29T16:24:33.0859365Z #75 5.859 Requirement already satisfied: starlette==1.6.0 in /usr/local/lib/python3.12/site-packages (from -r requirements-dev.lock (line 2004)) (1.6.0)
repository	UNKNOWN STEP	2026-09-29T16:24:33.0861594Z #75 5.859 Requirement already satisfied: structlog==24.4.0 in /usr/local/lib/python3.12/site-packages (from -r requirements-dev.lock (line 2010)) (24.4.0)
repository	UNKNOWN STEP	2026-09-29T16:24:33.0863800Z #75 5.860 Requirement already satisfied: textstat==0.7.4 in /usr/local/lib/python3.12/site-packages (from -r requirements-dev.lock (line 2016)) (0.7.4)
repository	UNKNOWN STEP	2026-09-29T16:24:33.0867694Z #75 5.861 Requirement already satisfied: typing-extensions==4.16.0 in /usr/local/lib/python3.12/site-packages (from -r requirements-dev.lock (line 2021)) (4.16.0)
repository	UNKNOWN STEP	2026-09-29T16:24:33.0870501Z #75 5.862 Requirement already satisfied: typing-inspection==0.4.4 in /usr/local/lib/python3.12/site-packages (from -r requirements-dev.lock (line 2042)) (0.4.4)
repository	UNKNOWN STEP	2026-09-29T16:24:33.0872830Z #75 5.862 Requirement already satisfied: tzdata==2026.4 in /usr/local/lib/python3.12/site-packages (from -r requirements-dev.lock (line 2050)) (2026.4)
repository	UNKNOWN STEP	2026-09-29T16:24:33.0875027Z #75 5.863 Requirement already satisfied: urllib3==2.8.0 in /usr/local/lib/python3.12/site-packages (from -r requirements-dev.lock (line 2057)) (2.8.0)
repository	UNKNOWN STEP	2026-09-29T16:24:33.0877411Z #75 5.864 Requirement already satisfied: uvicorn==0.53.0 in /usr/local/lib/python3.12/site-packages (from -r requirements-dev.lock (line 2063)) (0.53.0)
repository	UNKNOWN STEP	2026-09-29T16:24:33.0879627Z #75 5.865 Requirement already satisfied: uvloop==0.22.1 in /usr/local/lib/python3.12/site-packages (from -r requirements-dev.lock (line 2069)) (0.22.1)
repository	UNKNOWN STEP	2026-09-29T16:24:33.0908755Z #75 5.867 Requirement already satisfied: vine==5.1.0 in /usr/local/lib/python3.12/site-packages (from -r requirements-dev.lock (line 2122)) (5.1.0)
repository	UNKNOWN STEP	2026-09-29T16:24:33.0911095Z #75 5.868 Requirement already satisfied: watchfiles==1.2.0 in /usr/local/lib/python3.12/site-packages (from -r requirements-dev.lock (line 2130)) (1.2.0)
repository	UNKNOWN STEP	2026-09-29T16:24:33.0913360Z #75 5.868 Requirement already satisfied: wcwidth==0.8.4 in /usr/local/lib/python3.12/site-packages (from -r requirements-dev.lock (line 2241)) (0.8.4)
repository	UNKNOWN STEP	2026-09-29T16:24:33.0915622Z #75 5.869 Requirement already satisfied: websockets==17.1 in /usr/local/lib/python3.12/site-packages (from -r requirements-dev.lock (line 2247)) (17.1)
repository	UNKNOWN STEP	2026-09-29T16:24:33.0918118Z #75 5.870 Requirement already satisfied: wrapt==1.17.3 in /usr/local/lib/python3.12/site-packages (from -r requirements-dev.lock (line 2399)) (1.17.3)
repository	UNKNOWN STEP	2026-09-29T16:24:33.0922042Z #75 5.870 Requirement already satisfied: zipp==4.1.0 in /usr/local/lib/python3.12/site-packages (from -r requirements-dev.lock (line 2485)) (4.1.0)
repository	UNKNOWN STEP	2026-09-29T16:24:33.7919164Z #75 6.765 Installing collected packages: ruff, pytokens, pygments, pluggy, platformdirs, pathspec, mypy-extensions, iniconfig, aiosqlite, pytest, mypy, faker, black, pytest-asyncio, factory-boy
repository	UNKNOWN STEP	2026-09-29T16:24:36.6348695Z #75 ...
repository	UNKNOWN STEP	2026-09-29T16:24:36.6387881Z 
repository	UNKNOWN STEP	2026-09-29T16:24:36.6390963Z #60 [minio server-build 5/6] RUN --mount=type=cache,target=/go/pkg/mod     go get github.com/apache/thrift@v0.24.0 github.com/buger/jsonparser@v1.1.2       github.com/go-jose/go-jose/v4@v4.1.4 github.com/prometheus/prometheus@v0.311.3       github.com/rabbitmq/amqp091-go@v1.13.0       golang.org/x/crypto@v0.55.0 google.golang.org/grpc@v1.83.2     && go mod download && go mod verify
repository	UNKNOWN STEP	2026-09-29T16:24:36.6393678Z #60 33.01 all modules verified
repository	UNKNOWN STEP	2026-09-29T16:24:37.3994591Z #60 DONE 33.8s
repository	UNKNOWN STEP	2026-09-29T16:24:37.3995491Z 
repository	UNKNOWN STEP	2026-09-29T16:24:37.3997334Z #68 [minio-init client-build 6/6] RUN --mount=type=cache,target=/go/pkg/mod --mount=type=cache,target=/root/.cache/go-build     go build -trimpath -tags kqueue -ldflags='-s -w' -o /out/mc .
repository	UNKNOWN STEP	2026-09-29T16:24:37.5499803Z #68 ...
repository	UNKNOWN STEP	2026-09-29T16:24:37.5500084Z 
repository	UNKNOWN STEP	2026-09-29T16:24:37.5501708Z #76 [minio server-build 6/6] RUN --mount=type=cache,target=/go/pkg/mod --mount=type=cache,target=/root/.cache/go-build     go build -mod=mod -trimpath -tags kqueue -ldflags='-s -w' -o /out/minio .     && go mod verify
repository	UNKNOWN STEP	2026-09-29T16:24:38.4095956Z #76 ...
repository	UNKNOWN STEP	2026-09-29T16:24:38.4096439Z 
repository	UNKNOWN STEP	2026-09-29T16:24:38.4097209Z #74 [backend assemble 3/3] RUN python /assemble_runtime.py
repository	UNKNOWN STEP	2026-09-29T16:24:38.4098033Z #74 DONE 10.4s
repository	UNKNOWN STEP	2026-09-29T16:24:38.4160898Z 
repository	UNKNOWN STEP	2026-09-29T16:24:38.4162624Z #75 [verification verification-base 2/2] RUN pip install --no-cache-dir --only-binary=:all: --require-hashes -r requirements-dev.lock
repository	UNKNOWN STEP	2026-09-29T16:24:38.4661923Z #75 ...
repository	UNKNOWN STEP	2026-09-29T16:24:38.4665147Z 
repository	UNKNOWN STEP	2026-09-29T16:24:38.4667466Z #76 [minio server-build 6/6] RUN --mount=type=cache,target=/go/pkg/mod --mount=type=cache,target=/root/.cache/go-build     go build -mod=mod -trimpath -tags kqueue -ldflags='-s -w' -o /out/minio .     && go mod verify
repository	UNKNOWN STEP	2026-09-29T16:24:38.4670281Z #76 1.066 go: downloading github.com/go-openapi/swag/loading v0.25.4
repository	UNKNOWN STEP	2026-09-29T16:24:38.4671680Z #76 1.066 go: downloading github.com/go-openapi/swag/yamlutils v0.25.4
repository	UNKNOWN STEP	2026-09-29T16:24:39.1022726Z #76 1.703 go: downloading github.com/go-openapi/swag/mangling v0.25.4
repository	UNKNOWN STEP	2026-09-29T16:24:39.1024640Z #76 1.703 go: downloading github.com/go-openapi/swag/jsonname v0.25.5
repository	UNKNOWN STEP	2026-09-29T16:24:39.1025920Z #76 1.703 go: downloading github.com/go-openapi/swag/jsonutils v0.25.4
repository	UNKNOWN STEP	2026-09-29T16:24:39.2547468Z #76 1.705 go: downloading github.com/go-openapi/swag/stringutils v0.25.4
repository	UNKNOWN STEP	2026-09-29T16:24:39.2562970Z #76 1.856 go: downloading github.com/go-openapi/swag/cmdutils v0.25.4
repository	UNKNOWN STEP	2026-09-29T16:24:39.3635461Z #76 1.884 go: downloading github.com/go-openapi/swag/conv v0.25.4
repository	UNKNOWN STEP	2026-09-29T16:24:39.3637516Z #76 1.890 go: downloading github.com/go-openapi/swag/fileutils v0.25.4
repository	UNKNOWN STEP	2026-09-29T16:24:39.3638727Z #76 1.900 go: downloading github.com/go-openapi/swag/netutils v0.25.4
repository	UNKNOWN STEP	2026-09-29T16:24:39.3639893Z #76 1.935 go: downloading github.com/go-openapi/swag/typeutils v0.25.4
repository	UNKNOWN STEP	2026-09-29T16:24:39.3640901Z #76 1.940 go: downloading go.yaml.in/yaml/v3 v3.0.4
repository	UNKNOWN STEP	2026-09-29T16:24:39.3641924Z #76 1.942 go: downloading github.com/go-viper/mapstructure/v2 v2.5.0
repository	UNKNOWN STEP	2026-09-29T16:24:39.3642944Z #76 1.964 go: downloading github.com/oklog/ulid/v2 v2.1.1
repository	UNKNOWN STEP	2026-09-29T16:24:42.5740797Z #76 ...
repository	UNKNOWN STEP	2026-09-29T16:24:42.5741238Z 
repository	UNKNOWN STEP	2026-09-29T16:24:42.5742583Z #75 [verification verification-base 2/2] RUN pip install --no-cache-dir --only-binary=:all: --require-hashes -r requirements-dev.lock
repository	UNKNOWN STEP	2026-09-29T16:24:42.5746801Z #75 14.97 WARNING: Running pip as the 'root' user can result in broken permissions and conflicting behaviour with the system package manager, possibly rendering your system unusable. It is recommended to use a virtual environment instead: https://pip.pypa.io/warnings/venv. Use the --root-user-action option if you know what you are doing and want to suppress this warning.
repository	UNKNOWN STEP	2026-09-29T16:24:42.5751910Z #75 14.97 Successfully installed aiosqlite-0.20.0 black-26.5.1 factory-boy-3.3.0 faker-30.0.0 iniconfig-2.3.0 mypy-1.11.0 mypy-extensions-1.1.0 pathspec-1.1.1 platformdirs-4.11.11 pluggy-1.6.0 pygments-2.21.0 pytest-9.1.1 pytest-asyncio-1.4.0 pytokens-0.4.1 ruff-0.6.0
repository	UNKNOWN STEP	2026-09-29T16:24:42.5753901Z #75 DONE 15.5s
repository	UNKNOWN STEP	2026-09-29T16:24:42.7245333Z 
repository	UNKNOWN STEP	2026-09-29T16:24:42.7246421Z #77 [verification verification-assemble 1/3] COPY --from=runtime-os / /base/
repository	UNKNOWN STEP	2026-09-29T16:24:43.4814238Z #77 DONE 0.9s
repository	UNKNOWN STEP	2026-09-29T16:24:43.4816325Z 
repository	UNKNOWN STEP	2026-09-29T16:24:43.4817430Z #78 [backend runtime 2/6] COPY --from=assemble /runtime-root/ /
repository	UNKNOWN STEP	2026-09-29T16:24:43.6589778Z #78 ...
repository	UNKNOWN STEP	2026-09-29T16:24:43.6590242Z 
repository	UNKNOWN STEP	2026-09-29T16:24:43.6591365Z #79 [verification verification-assemble 2/3] COPY scripts/assemble_runtime.py /assemble_runtime.py
repository	UNKNOWN STEP	2026-09-29T16:24:43.6592648Z #79 DONE 0.0s
repository	UNKNOWN STEP	2026-09-29T16:24:43.9585301Z 
repository	UNKNOWN STEP	2026-09-29T16:24:43.9586516Z #80 [verification verification-assemble 3/3] RUN python /assemble_runtime.py --include-sqlite
repository	UNKNOWN STEP	2026-09-29T16:24:44.5180736Z #80 ...
repository	UNKNOWN STEP	2026-09-29T16:24:44.5181286Z 
repository	UNKNOWN STEP	2026-09-29T16:24:44.5182045Z #78 [backend runtime 2/6] COPY --from=assemble /runtime-root/ /
repository	UNKNOWN STEP	2026-09-29T16:24:44.5183270Z #78 DONE 3.3s
repository	UNKNOWN STEP	2026-09-29T16:24:44.7108236Z 
repository	UNKNOWN STEP	2026-09-29T16:24:44.7109512Z #81 [backend runtime 3/6] COPY --chown=65532:65532 app ./app
repository	UNKNOWN STEP	2026-09-29T16:24:44.7110195Z #81 DONE 0.1s
repository	UNKNOWN STEP	2026-09-29T16:24:44.7110407Z 
repository	UNKNOWN STEP	2026-09-29T16:24:44.7110924Z #82 [celery-worker runtime 4/6] COPY --chown=65532:65532 alembic ./alembic
repository	UNKNOWN STEP	2026-09-29T16:24:44.7111629Z #82 DONE 0.1s
repository	UNKNOWN STEP	2026-09-29T16:24:44.7111836Z 
repository	UNKNOWN STEP	2026-09-29T16:24:44.7112545Z #83 [celery-worker runtime 5/6] COPY --chown=65532:65532 migration_snapshots ./migration_snapshots
repository	UNKNOWN STEP	2026-09-29T16:24:44.7113359Z #83 DONE 0.0s
repository	UNKNOWN STEP	2026-09-29T16:24:44.7113562Z 
repository	UNKNOWN STEP	2026-09-29T16:24:44.7114028Z #84 [celery-beat runtime 6/6] COPY --chown=65532:65532 alembic.ini ./
repository	UNKNOWN STEP	2026-09-29T16:24:44.7114887Z #84 DONE 0.0s
repository	UNKNOWN STEP	2026-09-29T16:24:44.7115220Z 
repository	UNKNOWN STEP	2026-09-29T16:24:44.7116039Z #85 [celery-worker] exporting to image
repository	UNKNOWN STEP	2026-09-29T16:24:44.7116684Z #85 exporting layers
repository	UNKNOWN STEP	2026-09-29T16:24:51.6419429Z #85 ...
repository	UNKNOWN STEP	2026-09-29T16:24:51.6420329Z 
repository	UNKNOWN STEP	2026-09-29T16:24:51.6421007Z #86 [backend] exporting to image
repository	UNKNOWN STEP	2026-09-29T16:24:51.6421948Z #86 exporting layers 7.1s done
repository	UNKNOWN STEP	2026-09-29T16:24:51.7468663Z #86 writing image sha256:fcd63f553c597b9d101582782b7ca74bc7faf672615dadc14d74d8f2c91c41a6 done
repository	UNKNOWN STEP	2026-09-29T16:24:51.7470658Z #86 naming to docker.io/library/verity-ci-backend done
repository	UNKNOWN STEP	2026-09-29T16:24:51.7471762Z #86 DONE 7.1s
repository	UNKNOWN STEP	2026-09-29T16:24:51.7472200Z 
repository	UNKNOWN STEP	2026-09-29T16:24:51.7472810Z #87 [celery-beat] exporting to image
repository	UNKNOWN STEP	2026-09-29T16:24:51.7473676Z #87 exporting layers 7.1s done
repository	UNKNOWN STEP	2026-09-29T16:24:51.7474992Z #87 writing image sha256:fcd63f553c597b9d101582782b7ca74bc7faf672615dadc14d74d8f2c91c41a6 done
repository	UNKNOWN STEP	2026-09-29T16:24:51.7561909Z #87 naming to docker.io/library/verity-ci-celery-beat done
repository	UNKNOWN STEP	2026-09-29T16:24:51.7571414Z #87 DONE 7.1s
repository	UNKNOWN STEP	2026-09-29T16:24:51.7571920Z 
repository	UNKNOWN STEP	2026-09-29T16:24:51.7572406Z #85 [celery-worker] exporting to image
repository	UNKNOWN STEP	2026-09-29T16:24:51.7573166Z #85 exporting layers 7.1s done
repository	UNKNOWN STEP	2026-09-29T16:24:51.7574308Z #85 writing image sha256:fcd63f553c597b9d101582782b7ca74bc7faf672615dadc14d74d8f2c91c41a6 done
repository	UNKNOWN STEP	2026-09-29T16:24:51.7575516Z #85 naming to docker.io/library/verity-ci-celery-worker done
repository	UNKNOWN STEP	2026-09-29T16:24:51.7576264Z #85 DONE 7.1s
repository	UNKNOWN STEP	2026-09-29T16:24:51.7576651Z 
repository	UNKNOWN STEP	2026-09-29T16:24:51.7577277Z #88 [migrate] exporting to image
repository	UNKNOWN STEP	2026-09-29T16:24:51.7578788Z #88 exporting layers 7.1s done
repository	UNKNOWN STEP	2026-09-29T16:24:51.7580022Z #88 writing image sha256:fcd63f553c597b9d101582782b7ca74bc7faf672615dadc14d74d8f2c91c41a6 done
repository	UNKNOWN STEP	2026-09-29T16:24:51.7581259Z #88 naming to docker.io/library/verity-ci-migrate done
repository	UNKNOWN STEP	2026-09-29T16:24:51.7581959Z #88 DONE 7.1s
repository	UNKNOWN STEP	2026-09-29T16:24:51.7582339Z 
repository	UNKNOWN STEP	2026-09-29T16:24:51.7582859Z #89 [celery-beat] resolving provenance for metadata file
repository	UNKNOWN STEP	2026-09-29T16:24:51.7583564Z #89 DONE 0.0s
repository	UNKNOWN STEP	2026-09-29T16:24:51.7583931Z 
repository	UNKNOWN STEP	2026-09-29T16:24:51.7584440Z #90 [backend] resolving provenance for metadata file
repository	UNKNOWN STEP	2026-09-29T16:24:51.9129945Z #90 DONE 0.0s
repository	UNKNOWN STEP	2026-09-29T16:24:51.9131497Z 
repository	UNKNOWN STEP	2026-09-29T16:24:51.9132242Z #91 [migrate] resolving provenance for metadata file
repository	UNKNOWN STEP	2026-09-29T16:24:51.9132981Z #91 DONE 0.0s
repository	UNKNOWN STEP	2026-09-29T16:24:51.9133358Z 
repository	UNKNOWN STEP	2026-09-29T16:24:51.9133891Z #92 [celery-worker] resolving provenance for metadata file
repository	UNKNOWN STEP	2026-09-29T16:24:51.9134598Z #92 DONE 0.0s
repository	UNKNOWN STEP	2026-09-29T16:24:51.9134963Z 
repository	UNKNOWN STEP	2026-09-29T16:24:51.9135410Z #67 [frontend builder 7/7] RUN npm run build
repository	UNKNOWN STEP	2026-09-29T16:25:03.0629900Z #67 44.06 ✓ Compiled successfully in 42s
repository	UNKNOWN STEP	2026-09-29T16:25:03.0630967Z #67 44.06   Running TypeScript ...
repository	UNKNOWN STEP	2026-09-29T16:25:16.8468698Z #67 ...
repository	UNKNOWN STEP	2026-09-29T16:25:16.8469205Z 
repository	UNKNOWN STEP	2026-09-29T16:25:16.8470213Z #80 [verification verification-assemble 3/3] RUN python /assemble_runtime.py --include-sqlite
repository	UNKNOWN STEP	2026-09-29T16:25:16.8471303Z #80 DONE 33.3s
repository	UNKNOWN STEP	2026-09-29T16:25:16.9973687Z 
repository	UNKNOWN STEP	2026-09-29T16:25:16.9976562Z #68 [minio-init client-build 6/6] RUN --mount=type=cache,target=/go/pkg/mod --mount=type=cache,target=/root/.cache/go-build     go build -trimpath -tags kqueue -ldflags='-s -w' -o /out/mc .
repository	UNKNOWN STEP	2026-09-29T16:25:21.4092404Z #68 ...
repository	UNKNOWN STEP	2026-09-29T16:25:21.4093674Z 
repository	UNKNOWN STEP	2026-09-29T16:25:21.4094737Z #93 [verification verification 2/3] COPY --from=verification-assemble /runtime-root/ /
repository	UNKNOWN STEP	2026-09-29T16:25:26.1421844Z #93 DONE 4.7s
repository	UNKNOWN STEP	2026-09-29T16:25:26.1423841Z 
repository	UNKNOWN STEP	2026-09-29T16:25:26.1427406Z #67 [frontend builder 7/7] RUN npm run build
repository	UNKNOWN STEP	2026-09-29T16:25:26.2931567Z #67 ...
repository	UNKNOWN STEP	2026-09-29T16:25:26.2932691Z 
repository	UNKNOWN STEP	2026-09-29T16:25:26.2933625Z #94 [verification verification 3/3] COPY --chown=65532:65532 . .
repository	UNKNOWN STEP	2026-09-29T16:25:26.3341180Z #94 DONE 0.2s
repository	UNKNOWN STEP	2026-09-29T16:25:26.3342452Z 
repository	UNKNOWN STEP	2026-09-29T16:25:26.3343053Z #67 [frontend builder 7/7] RUN npm run build
repository	UNKNOWN STEP	2026-09-29T16:25:26.5589272Z #67 ...
repository	UNKNOWN STEP	2026-09-29T16:25:26.5590509Z 
repository	UNKNOWN STEP	2026-09-29T16:25:26.5591035Z #95 [verification] exporting to image
repository	UNKNOWN STEP	2026-09-29T16:25:26.5591861Z #95 exporting layers
repository	UNKNOWN STEP	2026-09-29T16:25:32.3479704Z #95 ...
repository	UNKNOWN STEP	2026-09-29T16:25:32.3480160Z 
repository	UNKNOWN STEP	2026-09-29T16:25:32.3508355Z #67 [frontend builder 7/7] RUN npm run build
repository	UNKNOWN STEP	2026-09-29T16:25:32.3528235Z #67 72.30   Finished TypeScript in 28.2s ...
repository	UNKNOWN STEP	2026-09-29T16:25:32.3529032Z #67 72.30   Collecting page data using 3 workers ...
repository	UNKNOWN STEP	2026-09-29T16:25:32.7094481Z #67 ...
repository	UNKNOWN STEP	2026-09-29T16:25:32.7094757Z 
repository	UNKNOWN STEP	2026-09-29T16:25:32.7095059Z #95 [verification] exporting to image
repository	UNKNOWN STEP	2026-09-29T16:25:32.7095653Z #95 exporting layers 6.1s done
repository	UNKNOWN STEP	2026-09-29T16:25:32.7096645Z #95 writing image sha256:5c123045a37db44075e83f16ee2c77e63ecc9472c0286e439269d4f3013dc554 done
repository	UNKNOWN STEP	2026-09-29T16:25:32.7098224Z #95 naming to docker.io/library/verity-ci-verification done
repository	UNKNOWN STEP	2026-09-29T16:25:32.7098845Z #95 DONE 6.1s
repository	UNKNOWN STEP	2026-09-29T16:25:32.7099074Z 
repository	UNKNOWN STEP	2026-09-29T16:25:32.7099501Z #96 [verification] resolving provenance for metadata file
repository	UNKNOWN STEP	2026-09-29T16:25:32.7100066Z #96 DONE 0.0s
repository	UNKNOWN STEP	2026-09-29T16:25:32.8594833Z 
repository	UNKNOWN STEP	2026-09-29T16:25:32.8620185Z #68 [minio-init client-build 6/6] RUN --mount=type=cache,target=/go/pkg/mod --mount=type=cache,target=/root/.cache/go-build     go build -trimpath -tags kqueue -ldflags='-s -w' -o /out/mc .
repository	UNKNOWN STEP	2026-09-29T16:25:33.9164853Z #68 ...
repository	UNKNOWN STEP	2026-09-29T16:25:33.9166112Z 
repository	UNKNOWN STEP	2026-09-29T16:25:33.9166919Z #67 [frontend builder 7/7] RUN npm run build
repository	UNKNOWN STEP	2026-09-29T16:25:33.9168306Z #67 74.95   Generating static pages using 3 workers (0/30) ...
repository	UNKNOWN STEP	2026-09-29T16:25:34.8129787Z #67 75.85   Generating static pages using 3 workers (7/30) 
repository	UNKNOWN STEP	2026-09-29T16:25:35.1048381Z #67 76.14   Generating static pages using 3 workers (14/30) 
repository	UNKNOWN STEP	2026-09-29T16:25:36.0200778Z #67 77.04   Generating static pages using 3 workers (22/30) 
repository	UNKNOWN STEP	2026-09-29T16:25:36.2526440Z #67 77.29 ✓ Generating static pages using 3 workers (30/30) in 2.4s
repository	UNKNOWN STEP	2026-09-29T16:25:36.4458106Z #67 77.33   Finalizing page optimization ...
repository	UNKNOWN STEP	2026-09-29T16:25:37.4074130Z #67 78.44 
repository	UNKNOWN STEP	2026-09-29T16:25:37.6206995Z #67 78.45 Route (app)
repository	UNKNOWN STEP	2026-09-29T16:25:37.6208232Z #67 78.45 ┌ ○ /
repository	UNKNOWN STEP	2026-09-29T16:25:37.6209088Z #67 78.45 ├ ○ /_not-found
repository	UNKNOWN STEP	2026-09-29T16:25:37.6210040Z #67 78.45 ├ ○ /admin
repository	UNKNOWN STEP	2026-09-29T16:25:37.6210911Z #67 78.45 ├ ○ /ai
repository	UNKNOWN STEP	2026-09-29T16:25:37.6211648Z #67 78.45 ├ ○ /authorship
repository	UNKNOWN STEP	2026-09-29T16:25:37.6212371Z #67 78.45 ├ ○ /check
repository	UNKNOWN STEP	2026-09-29T16:25:37.6213115Z #67 78.45 ├ ○ /citations
repository	UNKNOWN STEP	2026-09-29T16:25:37.6213834Z #67 78.45 ├ ○ /dashboard
repository	UNKNOWN STEP	2026-09-29T16:25:37.6214584Z #67 78.45 ├ ○ /detector
repository	UNKNOWN STEP	2026-09-29T16:25:37.6215315Z #67 78.45 ├ ○ /documents
repository	UNKNOWN STEP	2026-09-29T16:25:37.6216085Z #67 78.45 ├ ƒ /documents/[id]
repository	UNKNOWN STEP	2026-09-29T16:25:37.6217394Z #67 78.45 ├ ○ /erasure-status
repository	UNKNOWN STEP	2026-09-29T16:25:37.6218262Z #67 78.45 ├ ○ /evidence-graph
repository	UNKNOWN STEP	2026-09-29T16:25:37.6219098Z #67 78.45 ├ ○ /forgot-password
repository	UNKNOWN STEP	2026-09-29T16:25:37.6219847Z #67 78.45 ├ ○ /help
repository	UNKNOWN STEP	2026-09-29T16:25:37.6220539Z #67 78.45 ├ ○ /history
repository	UNKNOWN STEP	2026-09-29T16:25:37.6221869Z #67 78.45 ├ ○ /humaniser
repository	UNKNOWN STEP	2026-09-29T16:25:37.6222632Z #67 78.45 ├ ○ /login
repository	UNKNOWN STEP	2026-09-29T16:25:37.6223337Z #67 78.45 ├ ○ /onboarding
repository	UNKNOWN STEP	2026-09-29T16:25:37.6224101Z #67 78.45 ├ ○ /plagiarism
repository	UNKNOWN STEP	2026-09-29T16:25:37.6224857Z #67 78.45 ├ ○ /provenance
repository	UNKNOWN STEP	2026-09-29T16:25:37.6225610Z #67 78.45 ├ ○ /register
repository	UNKNOWN STEP	2026-09-29T16:25:37.6226348Z #67 78.45 ├ ○ /reports
repository	UNKNOWN STEP	2026-09-29T16:25:37.6227547Z #67 78.45 ├ ○ /reset-password
repository	UNKNOWN STEP	2026-09-29T16:25:37.6228380Z #67 78.45 ├ ○ /settings
repository	UNKNOWN STEP	2026-09-29T16:25:37.6229122Z #67 78.45 ├ ○ /similarity
repository	UNKNOWN STEP	2026-09-29T16:25:37.6229916Z #67 78.45 ├ ○ /sources
repository	UNKNOWN STEP	2026-09-29T16:25:37.6230663Z #67 78.45 ├ ○ /upload
repository	UNKNOWN STEP	2026-09-29T16:25:37.6231386Z #67 78.45 ├ ○ /verify-email
repository	UNKNOWN STEP	2026-09-29T16:25:37.6232134Z #67 78.45 └ ○ /write
repository	UNKNOWN STEP	2026-09-29T16:25:37.6232719Z #67 78.45 
repository	UNKNOWN STEP	2026-09-29T16:25:37.6233235Z #67 78.45 
repository	UNKNOWN STEP	2026-09-29T16:25:37.6234090Z #67 78.45 ○  (Static)   prerendered as static content
repository	UNKNOWN STEP	2026-09-29T16:25:37.6235152Z #67 78.45 ƒ  (Dynamic)  server-rendered on demand
repository	UNKNOWN STEP	2026-09-29T16:25:37.6235880Z #67 78.45 
repository	UNKNOWN STEP	2026-09-29T16:25:38.0506664Z #67 DONE 79.0s
repository	UNKNOWN STEP	2026-09-29T16:25:38.0508566Z 
repository	UNKNOWN STEP	2026-09-29T16:25:38.0510346Z #68 [minio-init client-build 6/6] RUN --mount=type=cache,target=/go/pkg/mod --mount=type=cache,target=/root/.cache/go-build     go build -trimpath -tags kqueue -ldflags='-s -w' -o /out/mc .
repository	UNKNOWN STEP	2026-09-29T16:25:38.6895701Z #68 ...
repository	UNKNOWN STEP	2026-09-29T16:25:38.6896078Z 
repository	UNKNOWN STEP	2026-09-29T16:25:38.6896800Z #97 [frontend runner 4/6] COPY --from=builder --chown=node:node /app/.next/standalone ./
repository	UNKNOWN STEP	2026-09-29T16:25:39.6954822Z #97 DONE 1.0s
repository	UNKNOWN STEP	2026-09-29T16:25:39.6955365Z 
repository	UNKNOWN STEP	2026-09-29T16:25:39.6958014Z #68 [minio-init client-build 6/6] RUN --mount=type=cache,target=/go/pkg/mod --mount=type=cache,target=/root/.cache/go-build     go build -trimpath -tags kqueue -ldflags='-s -w' -o /out/mc .
repository	UNKNOWN STEP	2026-09-29T16:25:39.8974797Z #68 ...
repository	UNKNOWN STEP	2026-09-29T16:25:39.8976348Z 
repository	UNKNOWN STEP	2026-09-29T16:25:39.8977730Z #98 [frontend runner 5/6] COPY --from=builder --chown=node:node /app/.next/static ./.next/static
repository	UNKNOWN STEP	2026-09-29T16:25:39.8978886Z #98 DONE 0.0s
repository	UNKNOWN STEP	2026-09-29T16:25:40.0479546Z 
repository	UNKNOWN STEP	2026-09-29T16:25:40.0482133Z #68 [minio-init client-build 6/6] RUN --mount=type=cache,target=/go/pkg/mod --mount=type=cache,target=/root/.cache/go-build     go build -trimpath -tags kqueue -ldflags='-s -w' -o /out/mc .
repository	UNKNOWN STEP	2026-09-29T16:25:40.2188681Z #68 ...
repository	UNKNOWN STEP	2026-09-29T16:25:40.2189793Z 
repository	UNKNOWN STEP	2026-09-29T16:25:40.2190770Z #99 [frontend runner 6/6] COPY --from=builder --chown=node:node /app/public ./public
repository	UNKNOWN STEP	2026-09-29T16:25:40.5898580Z #99 DONE 0.0s
repository	UNKNOWN STEP	2026-09-29T16:25:40.6299104Z 
repository	UNKNOWN STEP	2026-09-29T16:25:40.6300557Z #100 [frontend] exporting to image
repository	UNKNOWN STEP	2026-09-29T16:25:40.6301149Z #100 exporting layers
repository	UNKNOWN STEP	2026-09-29T16:25:41.4700494Z #100 exporting layers 1.1s done
repository	UNKNOWN STEP	2026-09-29T16:25:41.6593697Z #100 writing image sha256:c783d03366b549cf649a64dc21674c142b5b21d8dea2ad438e0672177f3fc82c done
repository	UNKNOWN STEP	2026-09-29T16:25:41.6595032Z #100 naming to docker.io/library/verity-ci-frontend done
repository	UNKNOWN STEP	2026-09-29T16:25:41.6595685Z #100 DONE 1.2s
repository	UNKNOWN STEP	2026-09-29T16:25:41.6595987Z 
repository	UNKNOWN STEP	2026-09-29T16:25:41.6596511Z #101 [frontend] resolving provenance for metadata file
repository	UNKNOWN STEP	2026-09-29T16:25:41.6597472Z #101 DONE 0.0s
repository	UNKNOWN STEP	2026-09-29T16:25:41.6597670Z 
repository	UNKNOWN STEP	2026-09-29T16:25:41.6599097Z #68 [minio-init client-build 6/6] RUN --mount=type=cache,target=/go/pkg/mod --mount=type=cache,target=/root/.cache/go-build     go build -trimpath -tags kqueue -ldflags='-s -w' -o /out/mc .
repository	UNKNOWN STEP	2026-09-29T16:26:07.2252312Z #68 DONE 102.0s
repository	UNKNOWN STEP	2026-09-29T16:26:07.2252798Z 
repository	UNKNOWN STEP	2026-09-29T16:26:07.2254658Z #76 [minio server-build 6/6] RUN --mount=type=cache,target=/go/pkg/mod --mount=type=cache,target=/root/.cache/go-build     go build -mod=mod -trimpath -tags kqueue -ldflags='-s -w' -o /out/minio .     && go mod verify
repository	UNKNOWN STEP	2026-09-29T16:26:07.3273189Z #76 ...
repository	UNKNOWN STEP	2026-09-29T16:26:07.3273793Z 
repository	UNKNOWN STEP	2026-09-29T16:26:07.3274822Z #102 [minio-init client 3/4] COPY --from=client-build /out/mc /usr/local/bin/mc
repository	UNKNOWN STEP	2026-09-29T16:26:07.3275974Z #102 DONE 0.0s
repository	UNKNOWN STEP	2026-09-29T16:26:07.3276531Z 
repository	UNKNOWN STEP	2026-09-29T16:26:07.3277722Z #103 [minio-init client 4/4] COPY --from=client-build /src/LICENSE /usr/share/licenses/mc/LICENSE
repository	UNKNOWN STEP	2026-09-29T16:26:07.5070202Z #103 DONE 0.0s
repository	UNKNOWN STEP	2026-09-29T16:26:07.5071238Z 
repository	UNKNOWN STEP	2026-09-29T16:26:07.5072009Z #104 [minio-init] exporting to image
repository	UNKNOWN STEP	2026-09-29T16:26:07.5072908Z #104 exporting layers
repository	UNKNOWN STEP	2026-09-29T16:26:08.0154539Z #104 exporting layers 0.7s done
repository	UNKNOWN STEP	2026-09-29T16:26:08.1950011Z #104 writing image sha256:1cad509b60ba730ce22eda6322aeb8455ee02257ff67205355b7a260a8d64ac4 done
repository	UNKNOWN STEP	2026-09-29T16:26:08.1951517Z #104 naming to docker.io/library/verity-ci-minio-init done
repository	UNKNOWN STEP	2026-09-29T16:26:08.1952216Z #104 DONE 0.7s
repository	UNKNOWN STEP	2026-09-29T16:26:08.1952428Z 
repository	UNKNOWN STEP	2026-09-29T16:26:08.1952781Z #105 [minio-init] resolving provenance for metadata file
repository	UNKNOWN STEP	2026-09-29T16:26:08.1953361Z #105 DONE 0.0s
repository	UNKNOWN STEP	2026-09-29T16:26:08.1953565Z 
repository	UNKNOWN STEP	2026-09-29T16:26:08.1955131Z #76 [minio server-build 6/6] RUN --mount=type=cache,target=/go/pkg/mod --mount=type=cache,target=/root/.cache/go-build     go build -mod=mod -trimpath -tags kqueue -ldflags='-s -w' -o /out/minio .     && go mod verify
repository	UNKNOWN STEP	2026-09-29T16:26:53.1289282Z #76 135.7 all modules verified
repository	UNKNOWN STEP	2026-09-29T16:26:53.7562569Z #76 DONE 136.4s
repository	UNKNOWN STEP	2026-09-29T16:26:53.8692187Z 
repository	UNKNOWN STEP	2026-09-29T16:26:53.8693480Z #106 [minio server 3/5] COPY --from=server-build /out/minio /usr/local/bin/minio
repository	UNKNOWN STEP	2026-09-29T16:26:54.0076269Z #106 DONE 0.1s
repository	UNKNOWN STEP	2026-09-29T16:26:54.2028686Z 
repository	UNKNOWN STEP	2026-09-29T16:26:54.2029894Z #107 [minio server 4/5] COPY --from=server-build /src/LICENSE /usr/share/licenses/minio/LICENSE
repository	UNKNOWN STEP	2026-09-29T16:26:54.2030851Z #107 DONE 0.0s
repository	UNKNOWN STEP	2026-09-29T16:26:54.2031194Z 
repository	UNKNOWN STEP	2026-09-29T16:26:54.2031955Z #108 [minio server 5/5] COPY --from=server-build /src/NOTICE /usr/share/licenses/minio/NOTICE
repository	UNKNOWN STEP	2026-09-29T16:26:54.2032737Z #108 DONE 0.0s
repository	UNKNOWN STEP	2026-09-29T16:26:54.2033207Z 
repository	UNKNOWN STEP	2026-09-29T16:26:54.2033403Z #109 [minio] exporting to image
repository	UNKNOWN STEP	2026-09-29T16:26:54.2033753Z #109 exporting layers
repository	UNKNOWN STEP	2026-09-29T16:26:55.0108051Z #109 exporting layers 1.0s done
repository	UNKNOWN STEP	2026-09-29T16:26:55.0333888Z #109 writing image sha256:16188b636c3594f75b0edbd50ec83cdcd6ee7ec0d599d07894a29fc343bbd022 done
repository	UNKNOWN STEP	2026-09-29T16:26:55.0334825Z #109 naming to docker.io/library/verity-ci-minio done
repository	UNKNOWN STEP	2026-09-29T16:26:55.0335166Z #109 DONE 1.0s
repository	UNKNOWN STEP	2026-09-29T16:26:55.0335325Z 
repository	UNKNOWN STEP	2026-09-29T16:26:55.0335524Z #110 [minio] resolving provenance for metadata file
repository	UNKNOWN STEP	2026-09-29T16:26:55.0336059Z #110 DONE 0.0s
repository	UNKNOWN STEP	2026-09-29T16:26:55.0336457Z  jaeger  Built
repository	UNKNOWN STEP	2026-09-29T16:26:55.0337213Z  grafana  Built
repository	UNKNOWN STEP	2026-09-29T16:26:55.0337631Z  minio-init  Built
repository	UNKNOWN STEP	2026-09-29T16:26:55.0338075Z  celery-beat  Built
repository	UNKNOWN STEP	2026-09-29T16:26:55.0338486Z  frontend  Built
repository	UNKNOWN STEP	2026-09-29T16:26:55.0351443Z  celery-worker  Built
repository	UNKNOWN STEP	2026-09-29T16:26:55.0351916Z  migrate  Built
repository	UNKNOWN STEP	2026-09-29T16:26:55.0352293Z  verification  Built
repository	UNKNOWN STEP	2026-09-29T16:26:55.0352663Z  minio  Built
repository	UNKNOWN STEP	2026-09-29T16:26:55.0352966Z  backend  Built
repository	UNKNOWN STEP	2026-09-29T16:26:55.0419835Z ##[group]Run docker compose -f /tmp/verity-ci.json up -d --wait --wait-timeout 180 backend celery-worker frontend jaeger otel-collector prometheus
repository	UNKNOWN STEP	2026-09-29T16:26:55.0420863Z ^[[36;1mdocker compose -f /tmp/verity-ci.json up -d --wait --wait-timeout 180 backend celery-worker frontend jaeger otel-collector prometheus^[[0m
repository	UNKNOWN STEP	2026-09-29T16:26:55.0487491Z shell: /usr/bin/bash -e {0}
repository	UNKNOWN STEP	2026-09-29T16:26:55.0487754Z env:
repository	UNKNOWN STEP	2026-09-29T16:26:55.0488020Z   pythonLocation: /opt/hostedtoolcache/Python/3.12.14/x64
repository	UNKNOWN STEP	2026-09-29T16:26:55.0488462Z   PKG_CONFIG_PATH: /opt/hostedtoolcache/Python/3.12.14/x64/lib/pkgconfig
repository	UNKNOWN STEP	2026-09-29T16:26:55.0488906Z   Python_ROOT_DIR: /opt/hostedtoolcache/Python/3.12.14/x64
repository	UNKNOWN STEP	2026-09-29T16:26:55.0489296Z   Python2_ROOT_DIR: /opt/hostedtoolcache/Python/3.12.14/x64
repository	UNKNOWN STEP	2026-09-29T16:26:55.0489678Z   Python3_ROOT_DIR: /opt/hostedtoolcache/Python/3.12.14/x64
repository	UNKNOWN STEP	2026-09-29T16:26:55.0490057Z   LD_LIBRARY_PATH: /opt/hostedtoolcache/Python/3.12.14/x64/lib
repository	UNKNOWN STEP	2026-09-29T16:26:55.0490413Z ##[endgroup]
repository	UNKNOWN STEP	2026-09-29T16:26:55.1460897Z  otel-collector Pulling 
repository	UNKNOWN STEP	2026-09-29T16:26:55.1461703Z  mailpit Pulling 
repository	UNKNOWN STEP	2026-09-29T16:26:55.1462169Z  prometheus Pulling 
repository	UNKNOWN STEP	2026-09-29T16:26:55.1462618Z  postgres Pulling 
repository	UNKNOWN STEP	2026-09-29T16:26:55.1465072Z  redis Pulling 
repository	UNKNOWN STEP	2026-09-29T16:26:55.9862443Z  e2de96513ba9 Already exists 
repository	UNKNOWN STEP	2026-09-29T16:26:55.9870082Z  c51f29e3c516 Pulling fs layer 
repository	UNKNOWN STEP	2026-09-29T16:26:55.9870975Z  f00eefd5b29e Pulling fs layer 
repository	UNKNOWN STEP	2026-09-29T16:26:55.9986059Z  ea339a46f8c1 Pulling fs layer 
repository	UNKNOWN STEP	2026-09-29T16:26:55.9986965Z  3c661e367453 Pulling fs layer 
repository	UNKNOWN STEP	2026-09-29T16:26:55.9987978Z  84e0d013005a Pulling fs layer 
repository	UNKNOWN STEP	2026-09-29T16:26:55.9988409Z  3c661e367453 Waiting 
repository	UNKNOWN STEP	2026-09-29T16:26:55.9988790Z  84e0d013005a Waiting 
repository	UNKNOWN STEP	2026-09-29T16:26:56.0042079Z  487858d29734 Pulling fs layer 
repository	UNKNOWN STEP	2026-09-29T16:26:56.0042838Z  6bddf0169a34 Pulling fs layer 
repository	UNKNOWN STEP	2026-09-29T16:26:56.0043546Z  3859a559c288 Pulling fs layer 
repository	UNKNOWN STEP	2026-09-29T16:26:56.0044109Z  1e155d6744e4 Pulling fs layer 
repository	UNKNOWN STEP	2026-09-29T16:26:56.0044655Z  e1db8b9e6f1c Pulling fs layer 
repository	UNKNOWN STEP	2026-09-29T16:26:56.0045222Z  fde357b1187c Pulling fs layer 
repository	UNKNOWN STEP	2026-09-29T16:26:56.0045694Z  71af9fb8ff89 Pulling fs layer 
repository	UNKNOWN STEP	2026-09-29T16:26:56.0045985Z  4ce6fa7d0795 Pulling fs layer 
repository	UNKNOWN STEP	2026-09-29T16:26:56.0046268Z  f9de78a4ea69 Pulling fs layer 
repository	UNKNOWN STEP	2026-09-29T16:26:56.0046523Z  487858d29734 Waiting 
repository	UNKNOWN STEP	2026-09-29T16:26:56.0046861Z  6bddf0169a34 Waiting 
repository	UNKNOWN STEP	2026-09-29T16:26:56.0047423Z  3859a559c288 Waiting 
repository	UNKNOWN STEP	2026-09-29T16:26:56.0047655Z  1e155d6744e4 Waiting 
repository	UNKNOWN STEP	2026-09-29T16:26:56.0047869Z  e1db8b9e6f1c Waiting 
repository	UNKNOWN STEP	2026-09-29T16:26:56.0048085Z  4ce6fa7d0795 Waiting 
repository	UNKNOWN STEP	2026-09-29T16:26:56.0048301Z  fde357b1187c Waiting 
repository	UNKNOWN STEP	2026-09-29T16:26:56.0048619Z  71af9fb8ff89 Waiting 
repository	UNKNOWN STEP	2026-09-29T16:26:56.0048986Z  f9de78a4ea69 Waiting 
repository	UNKNOWN STEP	2026-09-29T16:26:56.0114101Z  039e6f9f9752 Pulling fs layer 
repository	UNKNOWN STEP	2026-09-29T16:26:56.0114748Z  32a162df1425 Pulling fs layer 
repository	UNKNOWN STEP	2026-09-29T16:26:56.0115429Z  d100bd361c59 Pulling fs layer 
repository	UNKNOWN STEP	2026-09-29T16:26:56.0115948Z  ff16cf9d59a9 Pulling fs layer 
repository	UNKNOWN STEP	2026-09-29T16:26:56.0116544Z  f4b681e14ff8 Pulling fs layer 
repository	UNKNOWN STEP	2026-09-29T16:26:56.0117725Z  a8a8272ab698 Pulling fs layer 
repository	UNKNOWN STEP	2026-09-29T16:26:56.0118251Z  61c973a13167 Pulling fs layer 
repository	UNKNOWN STEP	2026-09-29T16:26:56.0118733Z  a372a0a1082a Pulling fs layer 
repository	UNKNOWN STEP	2026-09-29T16:26:56.0119152Z  e7c73af1eeb3 Pulling fs layer 
repository	UNKNOWN STEP	2026-09-29T16:26:56.0119513Z  8654846d99fb Pulling fs layer 
repository	UNKNOWN STEP	2026-09-29T16:26:56.0119897Z  03995e31cd48 Pulling fs layer 
repository	UNKNOWN STEP	2026-09-29T16:26:56.0120200Z  537cf577f508 Pulling fs layer 
repository	UNKNOWN STEP	2026-09-29T16:26:56.0120485Z  efb5baa83a6e Pulling fs layer 
repository	UNKNOWN STEP	2026-09-29T16:26:56.0120908Z  5471e06bfc52 Pulling fs layer 
repository	UNKNOWN STEP	2026-09-29T16:26:56.0121345Z  c7449a7c51b4 Pulling fs layer 
repository	UNKNOWN STEP	2026-09-29T16:26:56.0121643Z  8c8ff1de0b18 Pulling fs layer 
repository	UNKNOWN STEP	2026-09-29T16:26:56.0122122Z  039e6f9f9752 Waiting 
repository	UNKNOWN STEP	2026-09-29T16:26:56.0122405Z  32a162df1425 Waiting 
repository	UNKNOWN STEP	2026-09-29T16:26:56.0122626Z  e7c73af1eeb3 Waiting 
repository	UNKNOWN STEP	2026-09-29T16:26:56.0122844Z  d100bd361c59 Waiting 
repository	UNKNOWN STEP	2026-09-29T16:26:56.0123054Z  ff16cf9d59a9 Waiting 
repository	UNKNOWN STEP	2026-09-29T16:26:56.0123282Z  8654846d99fb Waiting 
repository	UNKNOWN STEP	2026-09-29T16:26:56.0123763Z  03995e31cd48 Waiting 
repository	UNKNOWN STEP	2026-09-29T16:26:56.0123989Z  c7449a7c51b4 Waiting 
repository	UNKNOWN STEP	2026-09-29T16:26:56.0124201Z  537cf577f508 Waiting 
repository	UNKNOWN STEP	2026-09-29T16:26:56.0124410Z  8c8ff1de0b18 Waiting 
repository	UNKNOWN STEP	2026-09-29T16:26:56.0124623Z  efb5baa83a6e Waiting 
repository	UNKNOWN STEP	2026-09-29T16:26:56.0124839Z  5471e06bfc52 Waiting 
repository	UNKNOWN STEP	2026-09-29T16:26:56.0125050Z  f4b681e14ff8 Waiting 
repository	UNKNOWN STEP	2026-09-29T16:26:56.0125256Z  a8a8272ab698 Waiting 
repository	UNKNOWN STEP	2026-09-29T16:26:56.0125471Z  61c973a13167 Waiting 
repository	UNKNOWN STEP	2026-09-29T16:26:56.0125680Z  a372a0a1082a Waiting 
repository	UNKNOWN STEP	2026-09-29T16:26:56.0176100Z  16333ee0c00f Pulling fs layer 
repository	UNKNOWN STEP	2026-09-29T16:26:56.0176714Z  83234986c742 Pulling fs layer 
repository	UNKNOWN STEP	2026-09-29T16:26:56.0177117Z  7eb50503c2b0 Pulling fs layer 
repository	UNKNOWN STEP	2026-09-29T16:26:56.0177906Z  1522f9c6f453 Pulling fs layer 
repository	UNKNOWN STEP	2026-09-29T16:26:56.0178187Z  9928009b15c8 Pulling fs layer 
repository	UNKNOWN STEP	2026-09-29T16:26:56.0178460Z  4f4fb700ef54 Pulling fs layer 
repository	UNKNOWN STEP	2026-09-29T16:26:56.0178841Z  4eb14bae0e1d Pulling fs layer 
repository	UNKNOWN STEP	2026-09-29T16:26:56.0179418Z  16333ee0c00f Waiting 
repository	UNKNOWN STEP	2026-09-29T16:26:56.0179851Z  83234986c742 Waiting 
repository	UNKNOWN STEP	2026-09-29T16:26:56.0180387Z  7eb50503c2b0 Waiting 
repository	UNKNOWN STEP	2026-09-29T16:26:56.0180878Z  4f4fb700ef54 Waiting 
repository	UNKNOWN STEP	2026-09-29T16:26:56.0181319Z  1522f9c6f453 Waiting 
repository	UNKNOWN STEP	2026-09-29T16:26:56.0181617Z  9928009b15c8 Waiting 
repository	UNKNOWN STEP	2026-09-29T16:26:56.1955625Z  4eb14bae0e1d Waiting 
repository	UNKNOWN STEP	2026-09-29T16:26:56.1956464Z  f00eefd5b29e Downloading [>                                                  ]  3.499kB/177.1kB
repository	UNKNOWN STEP	2026-09-29T16:26:56.1964955Z  f00eefd5b29e Downloading [==================================================>]  177.1kB/177.1kB
repository	UNKNOWN STEP	2026-09-29T16:26:56.1966020Z  f00eefd5b29e Verifying Checksum 
repository	UNKNOWN STEP	2026-09-29T16:26:56.1970471Z  f00eefd5b29e Download complete 
repository	UNKNOWN STEP	2026-09-29T16:26:56.1996681Z  c51f29e3c516 Downloading [>                                                  ]  114.1kB/10.23MB
repository	UNKNOWN STEP	2026-09-29T16:26:56.2105914Z  ea339a46f8c1 Downloading [=>                                                 ]  3.498kB/104.8kB
repository	UNKNOWN STEP	2026-09-29T16:26:56.2118402Z  ea339a46f8c1 Downloading [==================================================>]  104.8kB/104.8kB
repository	UNKNOWN STEP	2026-09-29T16:26:56.2127867Z  ea339a46f8c1 Verifying Checksum 
repository	UNKNOWN STEP	2026-09-29T16:26:56.2136543Z  ea339a46f8c1 Download complete 
repository	UNKNOWN STEP	2026-09-29T16:26:56.2138439Z  ea339a46f8c1 Extracting [===============>                                   ]  32.77kB/104.8kB
repository	UNKNOWN STEP	2026-09-29T16:26:56.2149959Z  ea339a46f8c1 Extracting [==================================================>]  104.8kB/104.8kB
repository	UNKNOWN STEP	2026-09-29T16:26:56.2208163Z  ea339a46f8c1 Pull complete 
repository	UNKNOWN STEP	2026-09-29T16:26:56.2384164Z  c51f29e3c516 Verifying Checksum 
repository	UNKNOWN STEP	2026-09-29T16:26:56.2401665Z  c51f29e3c516 Download complete 
repository	UNKNOWN STEP	2026-09-29T16:26:56.2402383Z  c51f29e3c516 Extracting [>                                                  ]  131.1kB/10.23MB
repository	UNKNOWN STEP	2026-09-29T16:26:56.3407962Z  c51f29e3c516 Extracting [==========================================>        ]  8.782MB/10.23MB
repository	UNKNOWN STEP	2026-09-29T16:26:56.3589200Z  c51f29e3c516 Extracting [==================================================>]  10.23MB/10.23MB
repository	UNKNOWN STEP	2026-09-29T16:26:56.3766304Z  c51f29e3c516 Pull complete 
repository	UNKNOWN STEP	2026-09-29T16:26:56.3776340Z  f00eefd5b29e Extracting [=========>                                         ]  32.77kB/177.1kB
repository	UNKNOWN STEP	2026-09-29T16:26:56.3793229Z  f00eefd5b29e Extracting [==================================================>]  177.1kB/177.1kB
repository	UNKNOWN STEP	2026-09-29T16:26:56.4020621Z  f00eefd5b29e Extracting [==================================================>]  177.1kB/177.1kB
repository	UNKNOWN STEP	2026-09-29T16:26:56.4222961Z  3c661e367453 Downloading [>                                                  ]  528.7kB/112.7MB
repository	UNKNOWN STEP	2026-09-29T16:26:56.4324263Z  84e0d013005a Downloading [==================================================>]     831B/831B
repository	UNKNOWN STEP	2026-09-29T16:26:56.4325396Z  84e0d013005a Verifying Checksum 
repository	UNKNOWN STEP	2026-09-29T16:26:56.4328467Z  84e0d013005a Download complete 
repository	UNKNOWN STEP	2026-09-29T16:26:56.4533405Z  487858d29734 Downloading [>                                                  ]  15.79kB/800.5kB
repository	UNKNOWN STEP	2026-09-29T16:26:56.4600473Z  487858d29734 Downloading [==================================================>]  800.5kB/800.5kB
repository	UNKNOWN STEP	2026-09-29T16:26:56.4601614Z  487858d29734 Verifying Checksum 
repository	UNKNOWN STEP	2026-09-29T16:26:56.4602834Z  487858d29734 Download complete 
repository	UNKNOWN STEP	2026-09-29T16:26:56.4621450Z  487858d29734 Extracting [==>                                                ]  32.77kB/800.5kB
repository	UNKNOWN STEP	2026-09-29T16:26:56.4768738Z  487858d29734 Extracting [==================================================>]  800.5kB/800.5kB
repository	UNKNOWN STEP	2026-09-29T16:26:56.4772419Z  487858d29734 Extracting [==================================================>]  800.5kB/800.5kB
repository	UNKNOWN STEP	2026-09-29T16:26:56.5227934Z  3c661e367453 Downloading [=============>                                     ]  29.39MB/112.7MB
repository	UNKNOWN STEP	2026-09-29T16:26:56.5594650Z  487858d29734 Pull complete 
repository	UNKNOWN STEP	2026-09-29T16:26:56.5607443Z  f00eefd5b29e Pull complete 
repository	UNKNOWN STEP	2026-09-29T16:26:56.5663214Z  mailpit Pulled 
repository	UNKNOWN STEP	2026-09-29T16:26:56.6243901Z  3c661e367453 Downloading [===========================>                       ]  62.02MB/112.7MB
repository	UNKNOWN STEP	2026-09-29T16:26:56.6573607Z  6bddf0169a34 Downloading [>                                                  ]  3.498kB/324.6kB
repository	UNKNOWN STEP	2026-09-29T16:26:56.6634403Z  6bddf0169a34 Downloading [==================================================>]  324.6kB/324.6kB
repository	UNKNOWN STEP	2026-09-29T16:26:56.6635235Z  6bddf0169a34 Verifying Checksum 
repository	UNKNOWN STEP	2026-09-29T16:26:56.6635750Z  6bddf0169a34 Download complete 
repository	UNKNOWN STEP	2026-09-29T16:26:56.6636500Z  6bddf0169a34 Extracting [=====>                                             ]  32.77kB/324.6kB
repository	UNKNOWN STEP	2026-09-29T16:26:56.6817877Z  6bddf0169a34 Extracting [==================================================>]  324.6kB/324.6kB
repository	UNKNOWN STEP	2026-09-29T16:26:56.6887516Z  3859a559c288 Downloading [>                                                  ]  540.1kB/61.91MB
repository	UNKNOWN STEP	2026-09-29T16:26:56.7144890Z  6bddf0169a34 Extracting [==================================================>]  324.6kB/324.6kB
repository	UNKNOWN STEP	2026-09-29T16:26:56.7256188Z  3c661e367453 Downloading [=========================================>         ]  92.48MB/112.7MB
repository	UNKNOWN STEP	2026-09-29T16:26:56.7894381Z  3859a559c288 Downloading [========================>                          ]  30.28MB/61.91MB
repository	UNKNOWN STEP	2026-09-29T16:26:56.7969910Z  3c661e367453 Verifying Checksum 
repository	UNKNOWN STEP	2026-09-29T16:26:56.7970689Z  3c661e367453 Download complete 
repository	UNKNOWN STEP	2026-09-29T16:26:56.8069125Z  3c661e367453 Extracting [>                                                  ]  557.1kB/112.7MB
repository	UNKNOWN STEP	2026-09-29T16:26:56.8784821Z  1e155d6744e4 Downloading [>                                                  ]  523.7kB/50.99MB
repository	UNKNOWN STEP	2026-09-29T16:26:56.8946227Z  3859a559c288 Downloading [===============================================>   ]  58.39MB/61.91MB
repository	UNKNOWN STEP	2026-09-29T16:26:56.9003403Z  3859a559c288 Verifying Checksum 
repository	UNKNOWN STEP	2026-09-29T16:26:56.9015152Z  3859a559c288 Download complete 
repository	UNKNOWN STEP	2026-09-29T16:26:56.9164992Z  3c661e367453 Extracting [==>                                                ]  5.014MB/112.7MB
repository	UNKNOWN STEP	2026-09-29T16:26:56.9617565Z  6bddf0169a34 Pull complete 
repository	UNKNOWN STEP	2026-09-29T16:26:56.9767433Z  3859a559c288 Extracting [>                                                  ]  557.1kB/61.91MB
repository	UNKNOWN STEP	2026-09-29T16:26:56.9847177Z  1e155d6744e4 Downloading [=======================>                           ]  24.12MB/50.99MB
repository	UNKNOWN STEP	2026-09-29T16:26:57.0143141Z  e1db8b9e6f1c Downloading [==================================================>]     657B/657B
repository	UNKNOWN STEP	2026-09-29T16:26:57.0149211Z  e1db8b9e6f1c Verifying Checksum 
repository	UNKNOWN STEP	2026-09-29T16:26:57.0149983Z  e1db8b9e6f1c Download complete 
repository	UNKNOWN STEP	2026-09-29T16:26:57.0289035Z  3c661e367453 Extracting [====>                                              ]  10.03MB/112.7MB
repository	UNKNOWN STEP	2026-09-29T16:26:57.0814558Z  3859a559c288 Extracting [====>                                              ]  5.571MB/61.91MB
repository	UNKNOWN STEP	2026-09-29T16:26:57.0847510Z  1e155d6744e4 Downloading [==============================================>    ]  47.71MB/50.99MB
repository	UNKNOWN STEP	2026-09-29T16:26:57.0958524Z  1e155d6744e4 Verifying Checksum 
repository	UNKNOWN STEP	2026-09-29T16:26:57.0959083Z  1e155d6744e4 Download complete 
repository	UNKNOWN STEP	2026-09-29T16:26:57.1293675Z  fde357b1187c Downloading [===========================================>       ]  3.501kB/4.023kB
repository	UNKNOWN STEP	2026-09-29T16:26:57.1295313Z  fde357b1187c Downloading [==================================================>]  4.023kB/4.023kB
repository	UNKNOWN STEP	2026-09-29T16:26:57.1301865Z  fde357b1187c Verifying Checksum 
repository	UNKNOWN STEP	2026-09-29T16:26:57.1303280Z  fde357b1187c Download complete 
repository	UNKNOWN STEP	2026-09-29T16:26:57.1408245Z  3c661e367453 Extracting [======>                                            ]  14.48MB/112.7MB
repository	UNKNOWN STEP	2026-09-29T16:26:57.1834130Z  3859a559c288 Extracting [========>                                          ]  11.14MB/61.91MB
repository	UNKNOWN STEP	2026-09-29T16:26:57.2343073Z  71af9fb8ff89 Downloading [==================================================>]  1.596kB/1.596kB
repository	UNKNOWN STEP	2026-09-29T16:26:57.2344827Z  71af9fb8ff89 Verifying Checksum 
repository	UNKNOWN STEP	2026-09-29T16:26:57.2346529Z  71af9fb8ff89 Download complete 
repository	UNKNOWN STEP	2026-09-29T16:26:57.2507769Z  3c661e367453 Extracting [========>                                          ]   19.5MB/112.7MB
repository	UNKNOWN STEP	2026-09-29T16:26:57.3002501Z  3859a559c288 Extracting [===============>                                   ]   19.5MB/61.91MB
repository	UNKNOWN STEP	2026-09-29T16:26:57.3192771Z  4ce6fa7d0795 Downloading [==================================================>]     100B/100B
repository	UNKNOWN STEP	2026-09-29T16:26:57.3193776Z  4ce6fa7d0795 Verifying Checksum 
repository	UNKNOWN STEP	2026-09-29T16:26:57.3194771Z  4ce6fa7d0795 Download complete 
repository	UNKNOWN STEP	2026-09-29T16:26:57.3370758Z  f9de78a4ea69 Downloading [==================================================>]     714B/714B
repository	UNKNOWN STEP	2026-09-29T16:26:57.3372599Z  f9de78a4ea69 Verifying Checksum 
repository	UNKNOWN STEP	2026-09-29T16:26:57.3529159Z  f9de78a4ea69 Download complete 
repository	UNKNOWN STEP	2026-09-29T16:26:57.3529948Z  3c661e367453 Extracting [===========>                                       ]  25.07MB/112.7MB
repository	UNKNOWN STEP	2026-09-29T16:26:57.4046723Z  3859a559c288 Extracting [====================>                              ]  25.62MB/61.91MB
repository	UNKNOWN STEP	2026-09-29T16:26:57.4522714Z  039e6f9f9752 Downloading [>                                                  ]  294.3kB/28.23MB
repository	UNKNOWN STEP	2026-09-29T16:26:57.4580428Z  3c661e367453 Extracting [==============>                                    ]  31.75MB/112.7MB
repository	UNKNOWN STEP	2026-09-29T16:26:57.5171597Z  3859a559c288 Extracting [=======================>                           ]  29.52MB/61.91MB
repository	UNKNOWN STEP	2026-09-29T16:26:57.5435676Z  32a162df1425 Downloading [==================================================>]   1.17kB/1.17kB
repository	UNKNOWN STEP	2026-09-29T16:26:57.5438361Z  32a162df1425 Verifying Checksum 
repository	UNKNOWN STEP	2026-09-29T16:26:57.5439329Z  32a162df1425 Download complete 
repository	UNKNOWN STEP	2026-09-29T16:26:57.5529727Z  039e6f9f9752 Downloading [==========================================>        ]  24.18MB/28.23MB
repository	UNKNOWN STEP	2026-09-29T16:26:57.5637850Z  d100bd361c59 Downloading [>                                                  ]  48.55kB/4.534MB
repository	UNKNOWN STEP	2026-09-29T16:26:57.5670094Z  3c661e367453 Extracting [================>                                  ]  36.21MB/112.7MB
repository	UNKNOWN STEP	2026-09-29T16:26:57.5714019Z  039e6f9f9752 Verifying Checksum 
repository	UNKNOWN STEP	2026-09-29T16:26:57.5715416Z  039e6f9f9752 Download complete 
repository	UNKNOWN STEP	2026-09-29T16:26:57.6083961Z  d100bd361c59 Verifying Checksum 
repository	UNKNOWN STEP	2026-09-29T16:26:57.6085595Z  d100bd361c59 Download complete 
repository	UNKNOWN STEP	2026-09-29T16:26:57.6177669Z  3859a559c288 Extracting [==========================>                        ]  32.87MB/61.91MB
repository	UNKNOWN STEP	2026-09-29T16:26:57.6357772Z  039e6f9f9752 Extracting [>                                                  ]  294.9kB/28.23MB
repository	UNKNOWN STEP	2026-09-29T16:26:57.6733821Z  3c661e367453 Extracting [==================>                                ]  41.22MB/112.7MB
repository	UNKNOWN STEP	2026-09-29T16:26:57.7197436Z  3859a559c288 Extracting [======================================>            ]  47.35MB/61.91MB
repository	UNKNOWN STEP	2026-09-29T16:26:57.7370186Z  039e6f9f9752 Extracting [=====>                                             ]  3.244MB/28.23MB
repository	UNKNOWN STEP	2026-09-29T16:26:57.7619726Z  ff16cf9d59a9 Downloading [>                                                  ]  15.79kB/1.25MB
repository	UNKNOWN STEP	2026-09-29T16:26:57.7712105Z  ff16cf9d59a9 Download complete 
repository	UNKNOWN STEP	2026-09-29T16:26:57.7831297Z  3c661e367453 Extracting [====================>                              ]  46.24MB/112.7MB
repository	UNKNOWN STEP	2026-09-29T16:26:57.7942672Z  f4b681e14ff8 Downloading [>                                                  ]  81.32kB/8.066MB
repository	UNKNOWN STEP	2026-09-29T16:26:57.8230815Z  3859a559c288 Extracting [===============================================>   ]  59.05MB/61.91MB
repository	UNKNOWN STEP	2026-09-29T16:26:57.8297845Z  a8a8272ab698 Downloading [>                                                  ]  15.79kB/1.196MB
repository	UNKNOWN STEP	2026-09-29T16:26:57.8312783Z  f4b681e14ff8 Verifying Checksum 
repository	UNKNOWN STEP	2026-09-29T16:26:57.8314454Z  f4b681e14ff8 Download complete 
repository	UNKNOWN STEP	2026-09-29T16:26:57.8367972Z  a8a8272ab698 Verifying Checksum 
repository	UNKNOWN STEP	2026-09-29T16:26:57.8372483Z  a8a8272ab698 Download complete 
repository	UNKNOWN STEP	2026-09-29T16:26:57.8401870Z  039e6f9f9752 Extracting [===========>                                       ]  6.488MB/28.23MB
repository	UNKNOWN STEP	2026-09-29T16:26:57.8934558Z  3c661e367453 Extracting [======================>                            ]  50.14MB/112.7MB
repository	UNKNOWN STEP	2026-09-29T16:26:57.9109811Z  3859a559c288 Extracting [==================================================>]  61.91MB/61.91MB
repository	UNKNOWN STEP	2026-09-29T16:26:57.9703588Z  039e6f9f9752 Extracting [================>                                  ]  9.142MB/28.23MB
repository	UNKNOWN STEP	2026-09-29T16:26:57.9839594Z  61c973a13167 Downloading [==================================================>]     116B/116B
repository	UNKNOWN STEP	2026-09-29T16:26:57.9841959Z  61c973a13167 Verifying Checksum 
repository	UNKNOWN STEP	2026-09-29T16:26:57.9842497Z  61c973a13167 Download complete 
repository	UNKNOWN STEP	2026-09-29T16:26:57.9983995Z  3c661e367453 Extracting [=======================>                           ]  53.48MB/112.7MB
repository	UNKNOWN STEP	2026-09-29T16:26:58.0429706Z  a372a0a1082a Downloading [==================================================>]  3.144kB/3.144kB
repository	UNKNOWN STEP	2026-09-29T16:26:58.0432995Z  a372a0a1082a Verifying Checksum 
repository	UNKNOWN STEP	2026-09-29T16:26:58.0434145Z  a372a0a1082a Download complete 
repository	UNKNOWN STEP	2026-09-29T16:26:58.0587803Z  e7c73af1eeb3 Downloading [>                                                  ]  524.5kB/111.8MB
repository	UNKNOWN STEP	2026-09-29T16:26:58.0724559Z  039e6f9f9752 Extracting [==================>                                ]  10.62MB/28.23MB
repository	UNKNOWN STEP	2026-09-29T16:26:58.1066394Z  3c661e367453 Extracting [=========================>                         ]  57.93MB/112.7MB
repository	UNKNOWN STEP	2026-09-29T16:26:58.1627991Z  e7c73af1eeb3 Downloading [=========>                                         ]  20.81MB/111.8MB
repository	UNKNOWN STEP	2026-09-29T16:26:58.1745981Z  039e6f9f9752 Extracting [=========================>                         ]  14.16MB/28.23MB
repository	UNKNOWN STEP	2026-09-29T16:26:58.1987360Z  8654846d99fb Downloading [=================>                                 ]  3.499kB/10.01kB
repository	UNKNOWN STEP	2026-09-29T16:26:58.2084719Z  8654846d99fb Download complete 
repository	UNKNOWN STEP	2026-09-29T16:26:58.2142831Z  3c661e367453 Extracting [==========================>                        ]  60.16MB/112.7MB
repository	UNKNOWN STEP	2026-09-29T16:26:58.2611676Z  e7c73af1eeb3 Downloading [================>                                  ]  37.84MB/111.8MB
repository	UNKNOWN STEP	2026-09-29T16:26:58.2621544Z  03995e31cd48 Downloading [==================================================>]     128B/128B
repository	UNKNOWN STEP	2026-09-29T16:26:58.2629022Z  03995e31cd48 Verifying Checksum 
repository	UNKNOWN STEP	2026-09-29T16:26:58.2630695Z  03995e31cd48 Download complete 
repository	UNKNOWN STEP	2026-09-29T16:26:58.2787546Z  039e6f9f9752 Extracting [==============================>                    ]   17.4MB/28.23MB
repository	UNKNOWN STEP	2026-09-29T16:26:58.3270319Z  3c661e367453 Extracting [============================>                      ]  65.18MB/112.7MB
repository	UNKNOWN STEP	2026-09-29T16:26:58.3611488Z  e7c73af1eeb3 Downloading [=============================>                     ]  66.14MB/111.8MB
repository	UNKNOWN STEP	2026-09-29T16:26:58.4205480Z  537cf577f508 Downloading [==================================================>]     168B/168B
repository	UNKNOWN STEP	2026-09-29T16:26:58.4206433Z  537cf577f508 Verifying Checksum 
repository	UNKNOWN STEP	2026-09-29T16:26:58.4207443Z  537cf577f508 Download complete 
repository	UNKNOWN STEP	2026-09-29T16:26:58.4635026Z  e7c73af1eeb3 Downloading [============================================>      ]  99.72MB/111.8MB
repository	UNKNOWN STEP	2026-09-29T16:26:58.4673808Z  3c661e367453 Extracting [=============================>                     ]  66.29MB/112.7MB
repository	UNKNOWN STEP	2026-09-29T16:26:58.4685039Z  039e6f9f9752 Extracting [====================================>              ]  20.64MB/28.23MB
repository	UNKNOWN STEP	2026-09-29T16:26:58.4756634Z  efb5baa83a6e Downloading [============================>                      ]    3.5kB/6.105kB
repository	UNKNOWN STEP	2026-09-29T16:26:58.4758427Z  efb5baa83a6e Downloading [==================================================>]  6.105kB/6.105kB
repository	UNKNOWN STEP	2026-09-29T16:26:58.4762673Z  efb5baa83a6e Verifying Checksum 
repository	UNKNOWN STEP	2026-09-29T16:26:58.4763231Z  efb5baa83a6e Download complete 
repository	UNKNOWN STEP	2026-09-29T16:26:58.5028585Z  e7c73af1eeb3 Download complete 
repository	UNKNOWN STEP	2026-09-29T16:26:58.5677178Z  3c661e367453 Extracting [==============================>                    ]  69.07MB/112.7MB
repository	UNKNOWN STEP	2026-09-29T16:26:58.6687260Z  3c661e367453 Extracting [===============================>                   ]  70.75MB/112.7MB
repository	UNKNOWN STEP	2026-09-29T16:26:58.6820122Z  c7449a7c51b4 Downloading [=>                                                 ]  3.498kB/129.1kB
repository	UNKNOWN STEP	2026-09-29T16:26:58.6821492Z  5471e06bfc52 Downloading [==================================================>]     184B/184B
repository	UNKNOWN STEP	2026-09-29T16:26:58.6822934Z  5471e06bfc52 Download complete 
repository	UNKNOWN STEP	2026-09-29T16:26:58.6841790Z  c7449a7c51b4 Downloading [==================================================>]  129.1kB/129.1kB
repository	UNKNOWN STEP	2026-09-29T16:26:58.6847749Z  c7449a7c51b4 Verifying Checksum 
repository	UNKNOWN STEP	2026-09-29T16:26:58.6848619Z  c7449a7c51b4 Download complete 
repository	UNKNOWN STEP	2026-09-29T16:26:58.7187534Z  8c8ff1de0b18 Downloading [>                                                  ]  15.79kB/935.1kB
repository	UNKNOWN STEP	2026-09-29T16:26:58.7264872Z  8c8ff1de0b18 Verifying Checksum 
repository	UNKNOWN STEP	2026-09-29T16:26:58.7267245Z  8c8ff1de0b18 Download complete 
repository	UNKNOWN STEP	2026-09-29T16:26:58.7354748Z  039e6f9f9752 Extracting [==========================================>        ]  23.89MB/28.23MB
repository	UNKNOWN STEP	2026-09-29T16:26:58.7695049Z  3c661e367453 Extracting [================================>                  ]  74.09MB/112.7MB
repository	UNKNOWN STEP	2026-09-29T16:26:58.8719311Z  3c661e367453 Extracting [====================================>              ]     83MB/112.7MB
repository	UNKNOWN STEP	2026-09-29T16:26:58.8831237Z  039e6f9f9752 Extracting [===============================================>   ]  26.84MB/28.23MB
repository	UNKNOWN STEP	2026-09-29T16:26:58.8932911Z  83234986c742 Downloading [==================================================>]     949B/949B
repository	UNKNOWN STEP	2026-09-29T16:26:58.8933701Z  83234986c742 Verifying Checksum 
repository	UNKNOWN STEP	2026-09-29T16:26:58.8934196Z  83234986c742 Download complete 
repository	UNKNOWN STEP	2026-09-29T16:26:58.8977839Z  16333ee0c00f Downloading [>                                                  ]  48.55kB/3.626MB
repository	UNKNOWN STEP	2026-09-29T16:26:58.9130576Z  16333ee0c00f Downloading [==================================================>]  3.626MB/3.626MB
repository	UNKNOWN STEP	2026-09-29T16:26:58.9131622Z  16333ee0c00f Verifying Checksum 
repository	UNKNOWN STEP	2026-09-29T16:26:58.9132511Z  16333ee0c00f Download complete 
repository	UNKNOWN STEP	2026-09-29T16:26:58.9145110Z  16333ee0c00f Extracting [>                                                  ]  65.54kB/3.626MB
repository	UNKNOWN STEP	2026-09-29T16:26:58.9323613Z  7eb50503c2b0 Downloading [>                                                  ]  3.499kB/198.6kB
repository	UNKNOWN STEP	2026-09-29T16:26:58.9341192Z  7eb50503c2b0 Downloading [==================================================>]  198.6kB/198.6kB
repository	UNKNOWN STEP	2026-09-29T16:26:58.9348668Z  7eb50503c2b0 Verifying Checksum 
repository	UNKNOWN STEP	2026-09-29T16:26:58.9350091Z  7eb50503c2b0 Download complete 
repository	UNKNOWN STEP	2026-09-29T16:26:59.0460765Z  16333ee0c00f Extracting [===>                                               ]  262.1kB/3.626MB
repository	UNKNOWN STEP	2026-09-29T16:26:59.0501808Z  3c661e367453 Extracting [========================================>          ]  90.24MB/112.7MB
repository	UNKNOWN STEP	2026-09-29T16:26:59.0572659Z  039e6f9f9752 Extracting [================================================>  ]  27.13MB/28.23MB
repository	UNKNOWN STEP	2026-09-29T16:26:59.1168525Z  3859a559c288 Pull complete 
repository	UNKNOWN STEP	2026-09-29T16:26:59.1209050Z  1522f9c6f453 Downloading [>                                                  ]  130.5kB/12.42MB
repository	UNKNOWN STEP	2026-09-29T16:26:59.1335707Z  9928009b15c8 Downloading [==================================================>]     100B/100B
repository	UNKNOWN STEP	2026-09-29T16:26:59.1337208Z  9928009b15c8 Verifying Checksum 
repository	UNKNOWN STEP	2026-09-29T16:26:59.1339100Z  9928009b15c8 Download complete 
repository	UNKNOWN STEP	2026-09-29T16:26:59.1452214Z  4f4fb700ef54 Downloading [==================================================>]      32B/32B
repository	UNKNOWN STEP	2026-09-29T16:26:59.1453009Z  4f4fb700ef54 Verifying Checksum 
repository	UNKNOWN STEP	2026-09-29T16:26:59.1453714Z  4f4fb700ef54 Download complete 
repository	UNKNOWN STEP	2026-09-29T16:26:59.1522852Z  16333ee0c00f Extracting [===========>                                       ]    852kB/3.626MB
repository	UNKNOWN STEP	2026-09-29T16:26:59.1703428Z  1e155d6744e4 Extracting [>                                                  ]  524.3kB/50.99MB
repository	UNKNOWN STEP	2026-09-29T16:26:59.1781230Z  1522f9c6f453 Verifying Checksum 
repository	UNKNOWN STEP	2026-09-29T16:26:59.1781781Z  1522f9c6f453 Download complete 
repository	UNKNOWN STEP	2026-09-29T16:26:59.1801710Z  3c661e367453 Extracting [===========================================>       ]  96.93MB/112.7MB
repository	UNKNOWN STEP	2026-09-29T16:26:59.2535804Z  16333ee0c00f Extracting [====================================>              ]  2.621MB/3.626MB
repository	UNKNOWN STEP	2026-09-29T16:26:59.2801036Z  16333ee0c00f Extracting [==================================================>]  3.626MB/3.626MB
repository	UNKNOWN STEP	2026-09-29T16:26:59.2849725Z  1e155d6744e4 Extracting [======>                                            ]  6.291MB/50.99MB
repository	UNKNOWN STEP	2026-09-29T16:26:59.2957074Z  3c661e367453 Extracting [============================================>      ]  100.8MB/112.7MB
repository	UNKNOWN STEP	2026-09-29T16:26:59.3202970Z  16333ee0c00f Pull complete 
repository	UNKNOWN STEP	2026-09-29T16:26:59.3301598Z  83234986c742 Extracting [==================================================>]     949B/949B
repository	UNKNOWN STEP	2026-09-29T16:26:59.3615305Z  83234986c742 Extracting [==================================================>]     949B/949B
repository	UNKNOWN STEP	2026-09-29T16:26:59.3616430Z  4eb14bae0e1d Downloading [==================================================>]     599B/599B
repository	UNKNOWN STEP	2026-09-29T16:26:59.3617945Z  4eb14bae0e1d Verifying Checksum 
repository	UNKNOWN STEP	2026-09-29T16:26:59.3618732Z  4eb14bae0e1d Download complete 
repository	UNKNOWN STEP	2026-09-29T16:26:59.3900789Z  1e155d6744e4 Extracting [========>                                          ]  8.913MB/50.99MB
repository	UNKNOWN STEP	2026-09-29T16:26:59.4131828Z  3c661e367453 Extracting [=============================================>     ]  103.1MB/112.7MB
repository	UNKNOWN STEP	2026-09-29T16:26:59.5107441Z  1e155d6744e4 Extracting [=============>                                     ]  14.16MB/50.99MB
repository	UNKNOWN STEP	2026-09-29T16:26:59.5285457Z  3c661e367453 Extracting [===============================================>   ]  108.1MB/112.7MB
repository	UNKNOWN STEP	2026-09-29T16:26:59.5638999Z  039e6f9f9752 Extracting [================================================>  ]  27.43MB/28.23MB
repository	UNKNOWN STEP	2026-09-29T16:26:59.5776516Z  3c661e367453 Extracting [==================================================>]  112.7MB/112.7MB
repository	UNKNOWN STEP	2026-09-29T16:26:59.6131710Z  1e155d6744e4 Extracting [=================>                                 ]  17.83MB/50.99MB
repository	UNKNOWN STEP	2026-09-29T16:26:59.7167513Z  1e155d6744e4 Extracting [=======================>                           ]  24.12MB/50.99MB
repository	UNKNOWN STEP	2026-09-29T16:26:59.7261447Z  039e6f9f9752 Extracting [==================================================>]  28.23MB/28.23MB
repository	UNKNOWN STEP	2026-09-29T16:26:59.8179932Z  1e155d6744e4 Extracting [===========================================>       ]  44.56MB/50.99MB
repository	UNKNOWN STEP	2026-09-29T16:26:59.8712472Z  1e155d6744e4 Extracting [==================================================>]  50.99MB/50.99MB
repository	UNKNOWN STEP	2026-09-29T16:26:59.9614159Z  039e6f9f9752 Pull complete 
repository	UNKNOWN STEP	2026-09-29T16:26:59.9633366Z  32a162df1425 Extracting [==================================================>]   1.17kB/1.17kB
repository	UNKNOWN STEP	2026-09-29T16:26:59.9639810Z  32a162df1425 Extracting [==================================================>]   1.17kB/1.17kB
repository	UNKNOWN STEP	2026-09-29T16:27:00.0074087Z  83234986c742 Pull complete 
repository	UNKNOWN STEP	2026-09-29T16:27:00.0075231Z  1e155d6744e4 Pull complete 
repository	UNKNOWN STEP	2026-09-29T16:27:00.0083570Z  3c661e367453 Pull complete 
repository	UNKNOWN STEP	2026-09-29T16:27:00.0086660Z  7eb50503c2b0 Extracting [========>                                          ]  32.77kB/198.6kB
repository	UNKNOWN STEP	2026-09-29T16:27:00.0107479Z  84e0d013005a Extracting [==================================================>]     831B/831B
repository	UNKNOWN STEP	2026-09-29T16:27:00.0113492Z  84e0d013005a Extracting [==================================================>]     831B/831B
repository	UNKNOWN STEP	2026-09-29T16:27:00.0131956Z  e1db8b9e6f1c Extracting [==================================================>]     657B/657B
repository	UNKNOWN STEP	2026-09-29T16:27:00.0132976Z  e1db8b9e6f1c Extracting [==================================================>]     657B/657B
repository	UNKNOWN STEP	2026-09-29T16:27:00.0486212Z  32a162df1425 Pull complete 
repository	UNKNOWN STEP	2026-09-29T16:27:00.0515942Z  d100bd361c59 Extracting [>                                                  ]  65.54kB/4.534MB
repository	UNKNOWN STEP	2026-09-29T16:27:00.0560205Z  84e0d013005a Pull complete 
repository	UNKNOWN STEP	2026-09-29T16:27:00.0594427Z  e1db8b9e6f1c Pull complete 
repository	UNKNOWN STEP	2026-09-29T16:27:00.0605365Z  7eb50503c2b0 Extracting [==================================================>]  198.6kB/198.6kB
repository	UNKNOWN STEP	2026-09-29T16:27:00.0615372Z  fde357b1187c Extracting [==================================================>]  4.023kB/4.023kB
repository	UNKNOWN STEP	2026-09-29T16:27:00.0616631Z  fde357b1187c Extracting [==================================================>]  4.023kB/4.023kB
repository	UNKNOWN STEP	2026-09-29T16:27:00.0628074Z  otel-collector Pulled 
repository	UNKNOWN STEP	2026-09-29T16:27:00.0726325Z  fde357b1187c Pull complete 
repository	UNKNOWN STEP	2026-09-29T16:27:00.0744552Z  71af9fb8ff89 Extracting [==================================================>]  1.596kB/1.596kB
repository	UNKNOWN STEP	2026-09-29T16:27:00.0746890Z  71af9fb8ff89 Extracting [==================================================>]  1.596kB/1.596kB
repository	UNKNOWN STEP	2026-09-29T16:27:00.0862249Z  71af9fb8ff89 Pull complete 
repository	UNKNOWN STEP	2026-09-29T16:27:00.0874024Z  4ce6fa7d0795 Extracting [==================================================>]     100B/100B
repository	UNKNOWN STEP	2026-09-29T16:27:00.0877810Z  4ce6fa7d0795 Extracting [==================================================>]     100B/100B
repository	UNKNOWN STEP	2026-09-29T16:27:00.0987358Z  4ce6fa7d0795 Pull complete 
repository	UNKNOWN STEP	2026-09-29T16:27:00.0999344Z  f9de78a4ea69 Extracting [==================================================>]     714B/714B
repository	UNKNOWN STEP	2026-09-29T16:27:00.1002187Z  f9de78a4ea69 Extracting [==================================================>]     714B/714B
repository	UNKNOWN STEP	2026-09-29T16:27:00.1121682Z  7eb50503c2b0 Extracting [==================================================>]  198.6kB/198.6kB
repository	UNKNOWN STEP	2026-09-29T16:27:00.1127737Z  f9de78a4ea69 Pull complete 
repository	UNKNOWN STEP	2026-09-29T16:27:00.1196538Z  prometheus Pulled 
repository	UNKNOWN STEP	2026-09-29T16:27:00.1624537Z  d100bd361c59 Extracting [==================================================>]  4.534MB/4.534MB
repository	UNKNOWN STEP	2026-09-29T16:27:00.2164437Z  d100bd361c59 Pull complete 
repository	UNKNOWN STEP	2026-09-29T16:27:00.2175607Z  ff16cf9d59a9 Extracting [=>                                                 ]  32.77kB/1.25MB
repository	UNKNOWN STEP	2026-09-29T16:27:00.2426738Z  7eb50503c2b0 Pull complete 
repository	UNKNOWN STEP	2026-09-29T16:27:00.2444205Z  ff16cf9d59a9 Extracting [==================================================>]   1.25MB/1.25MB
repository	UNKNOWN STEP	2026-09-29T16:27:00.2452367Z  1522f9c6f453 Extracting [>                                                  ]  131.1kB/12.42MB
repository	UNKNOWN STEP	2026-09-29T16:27:00.2585307Z  ff16cf9d59a9 Pull complete 
repository	UNKNOWN STEP	2026-09-29T16:27:00.2601739Z  f4b681e14ff8 Extracting [>                                                  ]   98.3kB/8.066MB
repository	UNKNOWN STEP	2026-09-29T16:27:00.3471561Z  1522f9c6f453 Extracting [=============>                                     ]  3.408MB/12.42MB
repository	UNKNOWN STEP	2026-09-29T16:27:00.3698463Z  f4b681e14ff8 Extracting [===================>                               ]  3.146MB/8.066MB
repository	UNKNOWN STEP	2026-09-29T16:27:00.4493683Z  1522f9c6f453 Extracting [==========================================>        ]  10.62MB/12.42MB
repository	UNKNOWN STEP	2026-09-29T16:27:00.4763877Z  f4b681e14ff8 Extracting [=============================>                     ]  4.817MB/8.066MB
repository	UNKNOWN STEP	2026-09-29T16:27:00.4818016Z  1522f9c6f453 Extracting [==================================================>]  12.42MB/12.42MB
repository	UNKNOWN STEP	2026-09-29T16:27:00.5157043Z  1522f9c6f453 Pull complete 
repository	UNKNOWN STEP	2026-09-29T16:27:00.5168050Z  9928009b15c8 Extracting [==================================================>]     100B/100B
repository	UNKNOWN STEP	2026-09-29T16:27:00.5172889Z  9928009b15c8 Extracting [==================================================>]     100B/100B
repository	UNKNOWN STEP	2026-09-29T16:27:00.5248310Z  9928009b15c8 Pull complete 
repository	UNKNOWN STEP	2026-09-29T16:27:00.5263195Z  4f4fb700ef54 Extracting [==================================================>]      32B/32B
repository	UNKNOWN STEP	2026-09-29T16:27:00.5265979Z  4f4fb700ef54 Extracting [==================================================>]      32B/32B
repository	UNKNOWN STEP	2026-09-29T16:27:00.5331656Z  4f4fb700ef54 Pull complete 
repository	UNKNOWN STEP	2026-09-29T16:27:00.5348341Z  4eb14bae0e1d Extracting [==================================================>]     599B/599B
repository	UNKNOWN STEP	2026-09-29T16:27:00.5354615Z  4eb14bae0e1d Extracting [==================================================>]     599B/599B
repository	UNKNOWN STEP	2026-09-29T16:27:00.5443677Z  4eb14bae0e1d Pull complete 
repository	UNKNOWN STEP	2026-09-29T16:27:00.5502771Z  redis Pulled 
repository	UNKNOWN STEP	2026-09-29T16:27:00.5785082Z  f4b681e14ff8 Extracting [========================================>          ]  6.586MB/8.066MB
repository	UNKNOWN STEP	2026-09-29T16:27:00.6124712Z  f4b681e14ff8 Extracting [==================================================>]  8.066MB/8.066MB
repository	UNKNOWN STEP	2026-09-29T16:27:00.6352745Z  f4b681e14ff8 Pull complete 
repository	UNKNOWN STEP	2026-09-29T16:27:00.6363589Z  a8a8272ab698 Extracting [=>                                                 ]  32.77kB/1.196MB
repository	UNKNOWN STEP	2026-09-29T16:27:00.6680138Z  a8a8272ab698 Extracting [==================================================>]  1.196MB/1.196MB
repository	UNKNOWN STEP	2026-09-29T16:27:00.6742243Z  a8a8272ab698 Extracting [==================================================>]  1.196MB/1.196MB
repository	UNKNOWN STEP	2026-09-29T16:27:00.7047188Z  a8a8272ab698 Pull complete 
repository	UNKNOWN STEP	2026-09-29T16:27:00.7055018Z  61c973a13167 Extracting [==================================================>]     116B/116B
repository	UNKNOWN STEP	2026-09-29T16:27:00.7059389Z  61c973a13167 Extracting [==================================================>]     116B/116B
repository	UNKNOWN STEP	2026-09-29T16:27:00.7138182Z  61c973a13167 Pull complete 
repository	UNKNOWN STEP	2026-09-29T16:27:00.7149230Z  a372a0a1082a Extracting [==================================================>]  3.144kB/3.144kB
repository	UNKNOWN STEP	2026-09-29T16:27:00.7152439Z  a372a0a1082a Extracting [==================================================>]  3.144kB/3.144kB
repository	UNKNOWN STEP	2026-09-29T16:27:00.7220101Z  a372a0a1082a Pull complete 
repository	UNKNOWN STEP	2026-09-29T16:27:00.7758282Z  e7c73af1eeb3 Extracting [>                                                  ]  557.1kB/111.8MB
repository	UNKNOWN STEP	2026-09-29T16:27:00.8942408Z  e7c73af1eeb3 Extracting [===>                                               ]  7.799MB/111.8MB
repository	UNKNOWN STEP	2026-09-29T16:27:01.0002726Z  e7c73af1eeb3 Extracting [====>                                              ]  11.14MB/111.8MB
repository	UNKNOWN STEP	2026-09-29T16:27:01.1174852Z  e7c73af1eeb3 Extracting [======>                                            ]   15.6MB/111.8MB
repository	UNKNOWN STEP	2026-09-29T16:27:01.2197550Z  e7c73af1eeb3 Extracting [=========>                                         ]  20.61MB/111.8MB
repository	UNKNOWN STEP	2026-09-29T16:27:01.3231012Z  e7c73af1eeb3 Extracting [===========>                                       ]  25.62MB/111.8MB
repository	UNKNOWN STEP	2026-09-29T16:27:01.4261108Z  e7c73af1eeb3 Extracting [===============>                                   ]  35.09MB/111.8MB
repository	UNKNOWN STEP	2026-09-29T16:27:01.5260636Z  e7c73af1eeb3 Extracting [===================>                               ]  44.01MB/111.8MB
repository	UNKNOWN STEP	2026-09-29T16:27:01.6319978Z  e7c73af1eeb3 Extracting [=======================>                           ]  52.92MB/111.8MB
repository	UNKNOWN STEP	2026-09-29T16:27:01.7365107Z  e7c73af1eeb3 Extracting [=========================>                         ]  57.93MB/111.8MB
repository	UNKNOWN STEP	2026-09-29T16:27:01.8405646Z  e7c73af1eeb3 Extracting [=============================>                     ]  65.73MB/111.8MB
repository	UNKNOWN STEP	2026-09-29T16:27:01.9467812Z  e7c73af1eeb3 Extracting [==================================>                ]  76.32MB/111.8MB
repository	UNKNOWN STEP	2026-09-29T16:27:02.0507780Z  e7c73af1eeb3 Extracting [======================================>            ]  85.23MB/111.8MB
repository	UNKNOWN STEP	2026-09-29T16:27:02.1531791Z  e7c73af1eeb3 Extracting [==========================================>        ]  94.14MB/111.8MB
repository	UNKNOWN STEP	2026-09-29T16:27:02.2588000Z  e7c73af1eeb3 Extracting [===========================================>       ]  96.93MB/111.8MB
repository	UNKNOWN STEP	2026-09-29T16:27:02.3711103Z  e7c73af1eeb3 Extracting [============================================>      ]  100.3MB/111.8MB
repository	UNKNOWN STEP	2026-09-29T16:27:02.4807963Z  e7c73af1eeb3 Extracting [==============================================>    ]  104.2MB/111.8MB
repository	UNKNOWN STEP	2026-09-29T16:27:02.5835769Z  e7c73af1eeb3 Extracting [===============================================>   ]  106.4MB/111.8MB
repository	UNKNOWN STEP	2026-09-29T16:27:02.6927496Z  e7c73af1eeb3 Extracting [================================================>  ]  108.1MB/111.8MB
repository	UNKNOWN STEP	2026-09-29T16:27:02.9642842Z  e7c73af1eeb3 Extracting [=================================================> ]  110.3MB/111.8MB
repository	UNKNOWN STEP	2026-09-29T16:27:03.0969972Z  e7c73af1eeb3 Extracting [==================================================>]  111.8MB/111.8MB
repository	UNKNOWN STEP	2026-09-29T16:27:03.6606876Z  e7c73af1eeb3 Pull complete 
repository	UNKNOWN STEP	2026-09-29T16:27:03.6616896Z  8654846d99fb Extracting [==================================================>]  10.01kB/10.01kB
repository	UNKNOWN STEP	2026-09-29T16:27:03.6620629Z  8654846d99fb Extracting [==================================================>]  10.01kB/10.01kB
repository	UNKNOWN STEP	2026-09-29T16:27:03.6729357Z  8654846d99fb Pull complete 
repository	UNKNOWN STEP	2026-09-29T16:27:03.6739096Z  03995e31cd48 Extracting [==================================================>]     128B/128B
repository	UNKNOWN STEP	2026-09-29T16:27:03.6747864Z  03995e31cd48 Extracting [==================================================>]     128B/128B
repository	UNKNOWN STEP	2026-09-29T16:27:03.6814993Z  03995e31cd48 Pull complete 
repository	UNKNOWN STEP	2026-09-29T16:27:03.6825326Z  537cf577f508 Extracting [==================================================>]     168B/168B
repository	UNKNOWN STEP	2026-09-29T16:27:03.6828028Z  537cf577f508 Extracting [==================================================>]     168B/168B
repository	UNKNOWN STEP	2026-09-29T16:27:03.6919927Z  537cf577f508 Pull complete 
repository	UNKNOWN STEP	2026-09-29T16:27:03.6930590Z  efb5baa83a6e Extracting [==================================================>]  6.105kB/6.105kB
repository	UNKNOWN STEP	2026-09-29T16:27:03.6933045Z  efb5baa83a6e Extracting [==================================================>]  6.105kB/6.105kB
repository	UNKNOWN STEP	2026-09-29T16:27:03.7003131Z  efb5baa83a6e Pull complete 
repository	UNKNOWN STEP	2026-09-29T16:27:03.7012095Z  5471e06bfc52 Extracting [==================================================>]     184B/184B
repository	UNKNOWN STEP	2026-09-29T16:27:03.7014692Z  5471e06bfc52 Extracting [==================================================>]     184B/184B
repository	UNKNOWN STEP	2026-09-29T16:27:03.7076251Z  5471e06bfc52 Pull complete 
repository	UNKNOWN STEP	2026-09-29T16:27:03.7084722Z  c7449a7c51b4 Extracting [============>                                      ]  32.77kB/129.1kB
repository	UNKNOWN STEP	2026-09-29T16:27:03.7097182Z  c7449a7c51b4 Extracting [==================================================>]  129.1kB/129.1kB
repository	UNKNOWN STEP	2026-09-29T16:27:03.7562139Z  c7449a7c51b4 Pull complete 
repository	UNKNOWN STEP	2026-09-29T16:27:03.7570305Z  8c8ff1de0b18 Extracting [=>                                                 ]  32.77kB/935.1kB
repository	UNKNOWN STEP	2026-09-29T16:27:03.7911228Z  8c8ff1de0b18 Extracting [==================================================>]  935.1kB/935.1kB
repository	UNKNOWN STEP	2026-09-29T16:27:03.7929028Z  8c8ff1de0b18 Extracting [==================================================>]  935.1kB/935.1kB
repository	UNKNOWN STEP	2026-09-29T16:27:03.8228951Z  8c8ff1de0b18 Pull complete 
repository	UNKNOWN STEP	2026-09-29T16:27:03.8275697Z  postgres Pulled 
repository	UNKNOWN STEP	2026-09-29T16:27:03.8306275Z  Network verity-ci_azaeron-network  Creating
repository	UNKNOWN STEP	2026-09-29T16:27:03.8823206Z  Network verity-ci_azaeron-network  Created
repository	UNKNOWN STEP	2026-09-29T16:27:03.8833374Z  Volume "verity-ci_postgres_data"  Creating
repository	UNKNOWN STEP	2026-09-29T16:27:03.8846049Z  Volume "verity-ci_postgres_data"  Created
repository	UNKNOWN STEP	2026-09-29T16:27:03.8849457Z  Volume "verity-ci_prometheus_data"  Creating
repository	UNKNOWN STEP	2026-09-29T16:27:03.8858018Z  Volume "verity-ci_prometheus_data"  Created
repository	UNKNOWN STEP	2026-09-29T16:27:03.8860976Z  Volume "verity-ci_minio_data"  Creating
repository	UNKNOWN STEP	2026-09-29T16:27:03.8873246Z  Volume "verity-ci_minio_data"  Created
repository	UNKNOWN STEP	2026-09-29T16:27:03.8876229Z  Volume "verity-ci_redis_data"  Creating
repository	UNKNOWN STEP	2026-09-29T16:27:03.8888830Z  Volume "verity-ci_redis_data"  Created
repository	UNKNOWN STEP	2026-09-29T16:27:03.8892075Z  Volume "verity-ci_jaeger_data"  Creating
repository	UNKNOWN STEP	2026-09-29T16:27:03.8899709Z  Volume "verity-ci_jaeger_data"  Created
repository	UNKNOWN STEP	2026-09-29T16:27:03.8906216Z  Container verity-ci-minio-1  Creating
repository	UNKNOWN STEP	2026-09-29T16:27:03.8906777Z  Container verity-ci-jaeger-1  Creating
repository	UNKNOWN STEP	2026-09-29T16:27:03.8907317Z  Container verity-ci-redis-1  Creating
repository	UNKNOWN STEP	2026-09-29T16:27:03.8907832Z  Container verity-ci-prometheus-1  Creating
repository	UNKNOWN STEP	2026-09-29T16:27:03.8908356Z  Container verity-ci-mailpit-1  Creating
repository	UNKNOWN STEP	2026-09-29T16:27:03.8908692Z  Container verity-ci-postgres-1  Creating
repository	UNKNOWN STEP	2026-09-29T16:27:03.9227906Z  Container verity-ci-prometheus-1  Created
repository	UNKNOWN STEP	2026-09-29T16:27:03.9240865Z  Container verity-ci-jaeger-1  Created
repository	UNKNOWN STEP	2026-09-29T16:27:03.9246505Z  Container verity-ci-otel-collector-1  Creating
repository	UNKNOWN STEP	2026-09-29T16:27:03.9251807Z  Container verity-ci-postgres-1  Created
repository	UNKNOWN STEP	2026-09-29T16:27:03.9252381Z  Container verity-ci-migrate-1  Creating
repository	UNKNOWN STEP	2026-09-29T16:27:03.9252894Z  Container verity-ci-redis-1  Created
repository	UNKNOWN STEP	2026-09-29T16:27:03.9253496Z  Container verity-ci-celery-beat-1  Creating
repository	UNKNOWN STEP	2026-09-29T16:27:03.9262520Z  Container verity-ci-mailpit-1  Created
repository	UNKNOWN STEP	2026-09-29T16:27:03.9276858Z  Container verity-ci-minio-1  Created
repository	UNKNOWN STEP	2026-09-29T16:27:03.9277953Z  Container verity-ci-minio-init-1  Creating
repository	UNKNOWN STEP	2026-09-29T16:27:03.9404098Z  Container verity-ci-otel-collector-1  Created
repository	UNKNOWN STEP	2026-09-29T16:27:03.9443355Z  Container verity-ci-celery-beat-1  Created
repository	UNKNOWN STEP	2026-09-29T16:27:03.9444177Z  Container verity-ci-minio-init-1  Created
repository	UNKNOWN STEP	2026-09-29T16:27:03.9447294Z  Container verity-ci-migrate-1  Created
repository	UNKNOWN STEP	2026-09-29T16:27:03.9448053Z  Container verity-ci-celery-worker-1  Creating
repository	UNKNOWN STEP	2026-09-29T16:27:03.9449214Z  Container verity-ci-backend-1  Creating
repository	UNKNOWN STEP	2026-09-29T16:27:03.9568223Z  Container verity-ci-backend-1  Created
repository	UNKNOWN STEP	2026-09-29T16:27:03.9568862Z  Container verity-ci-celery-worker-1  Created
repository	UNKNOWN STEP	2026-09-29T16:27:03.9571225Z  Container verity-ci-frontend-1  Creating
repository	UNKNOWN STEP	2026-09-29T16:27:03.9658504Z  Container verity-ci-frontend-1  Created
repository	UNKNOWN STEP	2026-09-29T16:27:03.9679670Z  Container verity-ci-jaeger-1  Starting
repository	UNKNOWN STEP	2026-09-29T16:27:03.9680426Z  Container verity-ci-prometheus-1  Starting
repository	UNKNOWN STEP	2026-09-29T16:27:03.9687732Z  Container verity-ci-postgres-1  Starting
repository	UNKNOWN STEP	2026-09-29T16:27:03.9688368Z  Container verity-ci-minio-1  Starting
repository	UNKNOWN STEP	2026-09-29T16:27:03.9689002Z  Container verity-ci-mailpit-1  Starting
repository	UNKNOWN STEP	2026-09-29T16:27:03.9689587Z  Container verity-ci-redis-1  Starting
repository	UNKNOWN STEP	2026-09-29T16:27:04.2770276Z  Container verity-ci-postgres-1  Started
repository	UNKNOWN STEP	2026-09-29T16:27:04.2771086Z  Container verity-ci-postgres-1  Waiting
repository	UNKNOWN STEP	2026-09-29T16:27:04.2973477Z  Container verity-ci-redis-1  Started
repository	UNKNOWN STEP	2026-09-29T16:27:04.2975593Z  Container verity-ci-redis-1  Waiting
repository	UNKNOWN STEP	2026-09-29T16:27:04.3471103Z  Container verity-ci-mailpit-1  Started
repository	UNKNOWN STEP	2026-09-29T16:27:04.3693295Z  Container verity-ci-minio-1  Started
repository	UNKNOWN STEP	2026-09-29T16:27:04.3694536Z  Container verity-ci-minio-1  Waiting
repository	UNKNOWN STEP	2026-09-29T16:27:04.4208442Z  Container verity-ci-prometheus-1  Started
repository	UNKNOWN STEP	2026-09-29T16:27:04.4386803Z  Container verity-ci-jaeger-1  Started
repository	UNKNOWN STEP	2026-09-29T16:27:04.4390428Z  Container verity-ci-otel-collector-1  Starting
repository	UNKNOWN STEP	2026-09-29T16:27:04.7423851Z  Container verity-ci-otel-collector-1  Started
repository	UNKNOWN STEP	2026-09-29T16:27:09.7785737Z  Container verity-ci-postgres-1  Healthy
repository	UNKNOWN STEP	2026-09-29T16:27:09.7786309Z  Container verity-ci-migrate-1  Starting
repository	UNKNOWN STEP	2026-09-29T16:27:09.7987248Z  Container verity-ci-redis-1  Healthy
repository	UNKNOWN STEP	2026-09-29T16:27:09.7988200Z  Container verity-ci-celery-beat-1  Starting
repository	UNKNOWN STEP	2026-09-29T16:27:09.8723539Z  Container verity-ci-minio-1  Healthy
repository	UNKNOWN STEP	2026-09-29T16:27:09.8724626Z  Container verity-ci-minio-init-1  Starting
repository	UNKNOWN STEP	2026-09-29T16:27:09.9167653Z  Container verity-ci-migrate-1  Started
repository	UNKNOWN STEP	2026-09-29T16:27:09.9627073Z  Container verity-ci-celery-beat-1  Started
repository	UNKNOWN STEP	2026-09-29T16:27:10.0704331Z  Container verity-ci-minio-init-1  Started
repository	UNKNOWN STEP	2026-09-29T16:27:10.0705463Z  Container verity-ci-minio-init-1  Waiting
repository	UNKNOWN STEP	2026-09-29T16:27:10.0706780Z  Container verity-ci-postgres-1  Waiting
repository	UNKNOWN STEP	2026-09-29T16:27:10.0708126Z  Container verity-ci-redis-1  Waiting
repository	UNKNOWN STEP	2026-09-29T16:27:10.0709344Z  Container verity-ci-migrate-1  Waiting
repository	UNKNOWN STEP	2026-09-29T16:27:10.0710615Z  Container verity-ci-redis-1  Waiting
repository	UNKNOWN STEP	2026-09-29T16:27:10.0711702Z  Container verity-ci-migrate-1  Waiting
repository	UNKNOWN STEP	2026-09-29T16:27:10.0712918Z  Container verity-ci-minio-1  Waiting
repository	UNKNOWN STEP	2026-09-29T16:27:10.0714141Z  Container verity-ci-minio-init-1  Waiting
repository	UNKNOWN STEP	2026-09-29T16:27:10.0715348Z  Container verity-ci-postgres-1  Waiting
repository	UNKNOWN STEP	2026-09-29T16:27:10.5769495Z  Container verity-ci-redis-1  Healthy
repository	UNKNOWN STEP	2026-09-29T16:27:10.5788276Z  Container verity-ci-redis-1  Healthy
repository	UNKNOWN STEP	2026-09-29T16:27:10.5789403Z  Container verity-ci-postgres-1  Healthy
repository	UNKNOWN STEP	2026-09-29T16:27:10.5790534Z  Container verity-ci-minio-1  Healthy
repository	UNKNOWN STEP	2026-09-29T16:27:10.5797629Z  Container verity-ci-postgres-1  Healthy
repository	UNKNOWN STEP	2026-09-29T16:27:11.5723333Z  Container verity-ci-minio-init-1  Exited
repository	UNKNOWN STEP	2026-09-29T16:27:11.5725355Z  Container verity-ci-minio-init-1  Exited
repository	UNKNOWN STEP	2026-09-29T16:27:13.5717443Z  Container verity-ci-migrate-1  Exited
repository	UNKNOWN STEP	2026-09-29T16:27:13.5718439Z  Container verity-ci-backend-1  Starting
repository	UNKNOWN STEP	2026-09-29T16:27:13.5719112Z  Container verity-ci-migrate-1  Exited
repository	UNKNOWN STEP	2026-09-29T16:27:13.5719895Z  Container verity-ci-celery-worker-1  Starting
repository	UNKNOWN STEP	2026-09-29T16:27:13.7307648Z  Container verity-ci-celery-worker-1  Started
repository	UNKNOWN STEP	2026-09-29T16:27:13.7412338Z  Container verity-ci-backend-1  Started
repository	UNKNOWN STEP	2026-09-29T16:27:13.7413418Z  Container verity-ci-backend-1  Waiting
repository	UNKNOWN STEP	2026-09-29T16:27:24.2432050Z  Container verity-ci-backend-1  Healthy
repository	UNKNOWN STEP	2026-09-29T16:27:24.2433319Z  Container verity-ci-frontend-1  Starting
repository	UNKNOWN STEP	2026-09-29T16:27:24.3650796Z  Container verity-ci-frontend-1  Started
repository	UNKNOWN STEP	2026-09-29T16:27:24.3651630Z  Container verity-ci-minio-1  Waiting
repository	UNKNOWN STEP	2026-09-29T16:27:24.3652287Z  Container verity-ci-frontend-1  Waiting
repository	UNKNOWN STEP	2026-09-29T16:27:24.3653225Z  Container verity-ci-prometheus-1  Waiting
repository	UNKNOWN STEP	2026-09-29T16:27:24.3653818Z  Container verity-ci-redis-1  Waiting
repository	UNKNOWN STEP	2026-09-29T16:27:24.3654604Z  Container verity-ci-backend-1  Waiting
repository	UNKNOWN STEP	2026-09-29T16:27:24.3655211Z  Container verity-ci-minio-init-1  Waiting
repository	UNKNOWN STEP	2026-09-29T16:27:24.3655801Z  Container verity-ci-postgres-1  Waiting
repository	UNKNOWN STEP	2026-09-29T16:27:24.3656374Z  Container verity-ci-celery-beat-1  Waiting
repository	UNKNOWN STEP	2026-09-29T16:27:24.3657150Z  Container verity-ci-otel-collector-1  Waiting
repository	UNKNOWN STEP	2026-09-29T16:27:24.3657744Z  Container verity-ci-migrate-1  Waiting
repository	UNKNOWN STEP	2026-09-29T16:27:24.3658281Z  Container verity-ci-mailpit-1  Waiting
repository	UNKNOWN STEP	2026-09-29T16:27:24.3658849Z  Container verity-ci-jaeger-1  Waiting
repository	UNKNOWN STEP	2026-09-29T16:27:24.3659425Z  Container verity-ci-celery-worker-1  Waiting
repository	UNKNOWN STEP	2026-09-29T16:27:24.8684542Z  Container verity-ci-migrate-1  Exited
repository	UNKNOWN STEP	2026-09-29T16:27:24.8685741Z  Container verity-ci-backend-1  Healthy
repository	UNKNOWN STEP	2026-09-29T16:27:24.8686688Z  Container verity-ci-minio-init-1  Exited
repository	UNKNOWN STEP	2026-09-29T16:27:24.8691450Z  Container verity-ci-mailpit-1  Healthy
repository	UNKNOWN STEP	2026-09-29T16:27:24.8693069Z  Container verity-ci-otel-collector-1  Healthy
repository	UNKNOWN STEP	2026-09-29T16:27:24.8694164Z  Container verity-ci-prometheus-1  Healthy
repository	UNKNOWN STEP	2026-09-29T16:27:24.8699513Z  Container verity-ci-celery-beat-1  Healthy
repository	UNKNOWN STEP	2026-09-29T16:27:24.8700434Z  Container verity-ci-redis-1  Healthy
repository	UNKNOWN STEP	2026-09-29T16:27:24.8701300Z  Container verity-ci-celery-worker-1  Healthy
repository	UNKNOWN STEP	2026-09-29T16:27:24.8702325Z  Container verity-ci-postgres-1  Healthy
repository	UNKNOWN STEP	2026-09-29T16:27:24.8703223Z  Container verity-ci-minio-1  Healthy
repository	UNKNOWN STEP	2026-09-29T16:27:24.8705427Z  Container verity-ci-jaeger-1  Healthy
repository	UNKNOWN STEP	2026-09-29T16:27:34.8672063Z  Container verity-ci-frontend-1  Healthy
repository	UNKNOWN STEP	2026-09-29T16:27:34.8743741Z ##[group]Run python scripts/verity_gate.py --compose /tmp/verity-ci.json --browser-url http://localhost:4700 --output docs/verity/evidence/ci
repository	UNKNOWN STEP	2026-09-29T16:27:34.8744777Z ^[[36;1mpython scripts/verity_gate.py --compose /tmp/verity-ci.json --browser-url http://localhost:4700 --output docs/verity/evidence/ci^[[0m
repository	UNKNOWN STEP	2026-09-29T16:27:34.8813551Z shell: /usr/bin/bash -e {0}
repository	UNKNOWN STEP	2026-09-29T16:27:34.8813815Z env:
repository	UNKNOWN STEP	2026-09-29T16:27:34.8814182Z   pythonLocation: /opt/hostedtoolcache/Python/3.12.14/x64
repository	UNKNOWN STEP	2026-09-29T16:27:34.8814813Z   PKG_CONFIG_PATH: /opt/hostedtoolcache/Python/3.12.14/x64/lib/pkgconfig
repository	UNKNOWN STEP	2026-09-29T16:27:34.8815520Z   Python_ROOT_DIR: /opt/hostedtoolcache/Python/3.12.14/x64
repository	UNKNOWN STEP	2026-09-29T16:27:34.8815913Z   Python2_ROOT_DIR: /opt/hostedtoolcache/Python/3.12.14/x64
repository	UNKNOWN STEP	2026-09-29T16:27:34.8816298Z   Python3_ROOT_DIR: /opt/hostedtoolcache/Python/3.12.14/x64
repository	UNKNOWN STEP	2026-09-29T16:27:34.8816708Z   LD_LIBRARY_PATH: /opt/hostedtoolcache/Python/3.12.14/x64/lib
repository	UNKNOWN STEP	2026-09-29T16:27:34.8817344Z ##[endgroup]
repository	UNKNOWN STEP	2026-09-29T16:27:35.8510826Z backend-lint: PASS (0.62s)
repository	UNKNOWN STEP	2026-09-29T16:27:43.6850396Z backend-format: PASS (8.46s)
repository	UNKNOWN STEP	2026-09-29T16:27:58.6497497Z postgres-rls: PASS (14.97s)
repository	UNKNOWN STEP	2026-09-29T16:28:13.8416111Z frontend-lint: PASS (15.19s)
repository	UNKNOWN STEP	2026-09-29T16:28:14.0080595Z compose: PASS (0.17s)
repository	UNKNOWN STEP	2026-09-29T16:28:27.6314510Z backend-typecheck: PASS (52.4s)
repository	UNKNOWN STEP	2026-09-29T16:29:58.0860673Z unit-security-worker-contract: PASS (142.24s)
repository	UNKNOWN STEP	2026-09-29T16:30:14.1116092Z frontend-build: PASS (16.03s)
repository	UNKNOWN STEP	2026-09-29T16:30:19.5506784Z frontend-typecheck: PASS (5.44s)
repository	UNKNOWN STEP	2026-09-29T16:35:10.7114571Z browser: PASS (291.16s)
repository	UNKNOWN STEP	2026-09-29T16:35:10.7711233Z ##[group]Run python -m pip install pip-audit==2.10.1 bandit==1.9.4 detect-secrets==1.5.0
repository	UNKNOWN STEP	2026-09-29T16:35:10.7712397Z ^[[36;1mpython -m pip install pip-audit==2.10.1 bandit==1.9.4 detect-secrets==1.5.0^[[0m
repository	UNKNOWN STEP	2026-09-29T16:35:10.7789440Z shell: /usr/bin/bash -e {0}
repository	UNKNOWN STEP	2026-09-29T16:35:10.7789711Z env:
repository	UNKNOWN STEP	2026-09-29T16:35:10.7789998Z   pythonLocation: /opt/hostedtoolcache/Python/3.12.14/x64
repository	UNKNOWN STEP	2026-09-29T16:35:10.7790475Z   PKG_CONFIG_PATH: /opt/hostedtoolcache/Python/3.12.14/x64/lib/pkgconfig
repository	UNKNOWN STEP	2026-09-29T16:35:10.7790914Z   Python_ROOT_DIR: /opt/hostedtoolcache/Python/3.12.14/x64
repository	UNKNOWN STEP	2026-09-29T16:35:10.7791320Z   Python2_ROOT_DIR: /opt/hostedtoolcache/Python/3.12.14/x64
repository	UNKNOWN STEP	2026-09-29T16:35:10.7791749Z   Python3_ROOT_DIR: /opt/hostedtoolcache/Python/3.12.14/x64
repository	UNKNOWN STEP	2026-09-29T16:35:10.7792156Z   LD_LIBRARY_PATH: /opt/hostedtoolcache/Python/3.12.14/x64/lib
repository	UNKNOWN STEP	2026-09-29T16:35:10.7792512Z ##[endgroup]
repository	UNKNOWN STEP	2026-09-29T16:35:11.6240485Z Collecting pip-audit==2.10.1
repository	UNKNOWN STEP	2026-09-29T16:35:11.6701555Z   Downloading pip_audit-2.10.1-py3-none-any.whl.metadata (28 kB)
repository	UNKNOWN STEP	2026-09-29T16:35:11.6915433Z Collecting bandit==1.9.4
repository	UNKNOWN STEP	2026-09-29T16:35:11.6941941Z   Downloading bandit-1.9.4-py3-none-any.whl.metadata (7.1 kB)
repository	UNKNOWN STEP	2026-09-29T16:35:11.7080535Z Collecting detect-secrets==1.5.0
repository	UNKNOWN STEP	2026-09-29T16:35:11.7105065Z   Downloading detect_secrets-1.5.0-py3-none-any.whl.metadata (23 kB)
repository	UNKNOWN STEP	2026-09-29T16:35:11.7244011Z Collecting CacheControl>=0.13.0 (from CacheControl[filecache]>=0.13.0->pip-audit==2.10.1)
repository	UNKNOWN STEP	2026-09-29T16:35:11.7267940Z   Downloading cachecontrol-0.14.4-py3-none-any.whl.metadata (3.1 kB)
repository	UNKNOWN STEP	2026-09-29T16:35:11.7580912Z Collecting cyclonedx-python-lib<12,>=5 (from pip-audit==2.10.1)
repository	UNKNOWN STEP	2026-09-29T16:35:11.7604568Z   Downloading cyclonedx_python_lib-11.12.0-py3-none-any.whl.metadata (6.9 kB)
repository	UNKNOWN STEP	2026-09-29T16:35:11.7749128Z Collecting packaging>=23.0.0 (from pip-audit==2.10.1)
repository	UNKNOWN STEP	2026-09-29T16:35:11.7774610Z   Downloading packaging-26.3-py3-none-any.whl.metadata (3.5 kB)
repository	UNKNOWN STEP	2026-09-29T16:35:11.7882723Z Collecting pip-api>=0.0.28 (from pip-audit==2.10.1)
repository	UNKNOWN STEP	2026-09-29T16:35:11.7905950Z   Downloading pip_api-0.0.35-py3-none-any.whl.metadata (17 kB)
repository	UNKNOWN STEP	2026-09-29T16:35:11.8025683Z Collecting pip-requirements-parser>=32.0.0 (from pip-audit==2.10.1)
repository	UNKNOWN STEP	2026-09-29T16:35:11.8054762Z   Downloading pip_requirements_parser-32.0.1-py3-none-any.whl.metadata (9.3 kB)
repository	UNKNOWN STEP	2026-09-29T16:35:11.8366448Z Collecting requests>=2.31.0 (from pip-audit==2.10.1)
repository	UNKNOWN STEP	2026-09-29T16:35:11.8393765Z   Downloading requests-2.34.2-py3-none-any.whl.metadata (4.8 kB)
repository	UNKNOWN STEP	2026-09-29T16:35:11.8672993Z Collecting rich>=12.4 (from pip-audit==2.10.1)
repository	UNKNOWN STEP	2026-09-29T16:35:11.8695736Z   Downloading rich-15.0.0-py3-none-any.whl.metadata (18 kB)
repository	UNKNOWN STEP	2026-09-29T16:35:11.9019516Z Collecting tomli>=2.2.1 (from pip-audit==2.10.1)
repository	UNKNOWN STEP	2026-09-29T16:35:11.9045556Z   Downloading tomli-2.4.1-cp312-cp312-manylinux2014_x86_64.manylinux_2_17_x86_64.manylinux_2_28_x86_64.whl.metadata (10 kB)
repository	UNKNOWN STEP	2026-09-29T16:35:11.9143289Z Collecting tomli-w>=1.2.0 (from pip-audit==2.10.1)
repository	UNKNOWN STEP	2026-09-29T16:35:11.9167444Z   Downloading tomli_w-1.2.0-py3-none-any.whl.metadata (5.7 kB)
repository	UNKNOWN STEP	2026-09-29T16:35:11.9410430Z Collecting platformdirs>=4.2.0 (from pip-audit==2.10.1)
repository	UNKNOWN STEP	2026-09-29T16:35:11.9442390Z   Downloading platformdirs-4.12.1-py3-none-any.whl.metadata (5.5 kB)
repository	UNKNOWN STEP	2026-09-29T16:35:11.9901707Z Collecting PyYAML>=5.3.1 (from bandit==1.9.4)
repository	UNKNOWN STEP	2026-09-29T16:35:11.9930954Z   Downloading pyyaml-6.0.3-cp312-cp312-manylinux2014_x86_64.manylinux_2_17_x86_64.manylinux_2_28_x86_64.whl.metadata (2.4 kB)
repository	UNKNOWN STEP	2026-09-29T16:35:12.0122774Z Collecting stevedore>=1.20.0 (from bandit==1.9.4)
repository	UNKNOWN STEP	2026-09-29T16:35:12.0146592Z   Downloading stevedore-5.9.1-py3-none-any.whl.metadata (2.3 kB)
repository	UNKNOWN STEP	2026-09-29T16:35:12.0285350Z Collecting license-expression<31,>=30 (from cyclonedx-python-lib<12,>=5->pip-audit==2.10.1)
repository	UNKNOWN STEP	2026-09-29T16:35:12.0324412Z   Downloading license_expression-30.4.4-py3-none-any.whl.metadata (11 kB)
repository	UNKNOWN STEP	2026-09-29T16:35:12.0479321Z Collecting packageurl-python<2,>=0.11 (from cyclonedx-python-lib<12,>=5->pip-audit==2.10.1)
repository	UNKNOWN STEP	2026-09-29T16:35:12.0503633Z   Downloading packageurl_python-0.17.6-py3-none-any.whl.metadata (5.1 kB)
repository	UNKNOWN STEP	2026-09-29T16:35:12.0649482Z Collecting py-serializable<3.0.0,>=2.1.0 (from cyclonedx-python-lib<12,>=5->pip-audit==2.10.1)
repository	UNKNOWN STEP	2026-09-29T16:35:12.0675954Z   Downloading py_serializable-2.1.0-py3-none-any.whl.metadata (4.3 kB)
repository	UNKNOWN STEP	2026-09-29T16:35:12.0787657Z Collecting sortedcontainers<3.0.0,>=2.4.0 (from cyclonedx-python-lib<12,>=5->pip-audit==2.10.1)
repository	UNKNOWN STEP	2026-09-29T16:35:12.0814118Z   Downloading sortedcontainers-2.4.0-py2.py3-none-any.whl.metadata (10 kB)
repository	UNKNOWN STEP	2026-09-29T16:35:12.0967428Z Collecting typing_extensions<5.0,>=4.6 (from cyclonedx-python-lib<12,>=5->pip-audit==2.10.1)
repository	UNKNOWN STEP	2026-09-29T16:35:12.0997967Z   Downloading typing_extensions-4.16.0-py3-none-any.whl.metadata (3.3 kB)
repository	UNKNOWN STEP	2026-09-29T16:35:12.1115907Z Collecting boolean.py>=4.0 (from license-expression<31,>=30->cyclonedx-python-lib<12,>=5->pip-audit==2.10.1)
repository	UNKNOWN STEP	2026-09-29T16:35:12.1142274Z   Downloading boolean_py-5.0-py3-none-any.whl.metadata (2.3 kB)
repository	UNKNOWN STEP	2026-09-29T16:35:12.1269288Z Collecting defusedxml<0.8.0,>=0.7.1 (from py-serializable<3.0.0,>=2.1.0->cyclonedx-python-lib<12,>=5->pip-audit==2.10.1)
repository	UNKNOWN STEP	2026-09-29T16:35:12.1295429Z   Downloading defusedxml-0.7.1-py2.py3-none-any.whl.metadata (32 kB)
repository	UNKNOWN STEP	2026-09-29T16:35:12.2104663Z Collecting msgpack<2.0.0,>=0.5.2 (from CacheControl>=0.13.0->CacheControl[filecache]>=0.13.0->pip-audit==2.10.1)
repository	UNKNOWN STEP	2026-09-29T16:35:12.2140333Z   Downloading msgpack-1.2.3-cp312-cp312-manylinux2014_x86_64.manylinux_2_17_x86_64.manylinux_2_28_x86_64.whl.metadata (8.3 kB)
repository	UNKNOWN STEP	2026-09-29T16:35:12.2369320Z Collecting filelock>=3.8.0 (from CacheControl[filecache]>=0.13.0->pip-audit==2.10.1)
repository	UNKNOWN STEP	2026-09-29T16:35:12.2397409Z   Downloading filelock-4.0.6-py3-none-any.whl.metadata (2.0 kB)
repository	UNKNOWN STEP	2026-09-29T16:35:12.2445053Z Requirement already satisfied: pip in /opt/hostedtoolcache/Python/3.12.14/x64/lib/python3.12/site-packages (from pip-api>=0.0.28->pip-audit==2.10.1) (26.2.1)
repository	UNKNOWN STEP	2026-09-29T16:35:12.2641550Z Collecting pyparsing (from pip-requirements-parser>=32.0.0->pip-audit==2.10.1)
repository	UNKNOWN STEP	2026-09-29T16:35:12.2674261Z   Downloading pyparsing-3.3.3-py3-none-any.whl.metadata (5.9 kB)
repository	UNKNOWN STEP	2026-09-29T16:35:12.3800568Z Collecting charset_normalizer<4,>=2 (from requests>=2.31.0->pip-audit==2.10.1)
repository	UNKNOWN STEP	2026-09-29T16:35:12.3834510Z   Downloading charset_normalizer-3.5.1-cp312-cp312-manylinux2014_x86_64.manylinux_2_17_x86_64.manylinux_2_28_x86_64.whl.metadata (45 kB)
repository	UNKNOWN STEP	2026-09-29T16:35:12.4005111Z Collecting idna<4,>=2.5 (from requests>=2.31.0->pip-audit==2.10.1)
repository	UNKNOWN STEP	2026-09-29T16:35:12.4033128Z   Downloading idna-3.20-py3-none-any.whl.metadata (7.2 kB)
repository	UNKNOWN STEP	2026-09-29T16:35:12.4240527Z Collecting urllib3<3,>=1.26 (from requests>=2.31.0->pip-audit==2.10.1)
repository	UNKNOWN STEP	2026-09-29T16:35:12.4270613Z   Downloading urllib3-2.8.0-py3-none-any.whl.metadata (7.4 kB)
repository	UNKNOWN STEP	2026-09-29T16:35:12.4460663Z Collecting certifi>=2023.5.7 (from requests>=2.31.0->pip-audit==2.10.1)
repository	UNKNOWN STEP	2026-09-29T16:35:12.4489531Z   Downloading certifi-2026.7.22-py3-none-any.whl.metadata (2.5 kB)
repository	UNKNOWN STEP	2026-09-29T16:35:12.4692925Z Collecting markdown-it-py>=2.2.0 (from rich>=12.4->pip-audit==2.10.1)
repository	UNKNOWN STEP	2026-09-29T16:35:12.4721309Z   Downloading markdown_it_py-4.2.0-py3-none-any.whl.metadata (7.4 kB)
repository	UNKNOWN STEP	2026-09-29T16:35:12.4913522Z Collecting pygments<3.0.0,>=2.13.0 (from rich>=12.4->pip-audit==2.10.1)
repository	UNKNOWN STEP	2026-09-29T16:35:12.4941620Z   Downloading pygments-2.21.0-py3-none-any.whl.metadata (2.5 kB)
repository	UNKNOWN STEP	2026-09-29T16:35:12.5041387Z Collecting mdurl~=0.1 (from markdown-it-py>=2.2.0->rich>=12.4->pip-audit==2.10.1)
repository	UNKNOWN STEP	2026-09-29T16:35:12.5066483Z   Downloading mdurl-0.1.2-py3-none-any.whl.metadata (1.6 kB)
repository	UNKNOWN STEP	2026-09-29T16:35:12.5154695Z Downloading pip_audit-2.10.1-py3-none-any.whl (62 kB)
repository	UNKNOWN STEP	2026-09-29T16:35:12.5195258Z Downloading bandit-1.9.4-py3-none-any.whl (134 kB)
repository	UNKNOWN STEP	2026-09-29T16:35:12.5250379Z Downloading detect_secrets-1.5.0-py3-none-any.whl (120 kB)
repository	UNKNOWN STEP	2026-09-29T16:35:12.5296377Z Downloading cyclonedx_python_lib-11.12.0-py3-none-any.whl (529 kB)
repository	UNKNOWN STEP	2026-09-29T16:35:12.5360590Z    ━━━━━━━━━━━━━━━━━━━━━━━━━━━━━━━━━━━━━━━━ 529.5/529.5 kB 86.5 MB/s  0:00:00
repository	UNKNOWN STEP	2026-09-29T16:35:12.5385284Z Downloading license_expression-30.4.4-py3-none-any.whl (120 kB)
repository	UNKNOWN STEP	2026-09-29T16:35:12.5434235Z Downloading packageurl_python-0.17.6-py3-none-any.whl (36 kB)
repository	UNKNOWN STEP	2026-09-29T16:35:12.5476666Z Downloading py_serializable-2.1.0-py3-none-any.whl (23 kB)
repository	UNKNOWN STEP	2026-09-29T16:35:12.5516463Z Downloading defusedxml-0.7.1-py2.py3-none-any.whl (25 kB)
repository	UNKNOWN STEP	2026-09-29T16:35:12.5560517Z Downloading sortedcontainers-2.4.0-py2.py3-none-any.whl (29 kB)
repository	UNKNOWN STEP	2026-09-29T16:35:12.5602630Z Downloading typing_extensions-4.16.0-py3-none-any.whl (45 kB)
repository	UNKNOWN STEP	2026-09-29T16:35:12.5644610Z Downloading boolean_py-5.0-py3-none-any.whl (26 kB)
repository	UNKNOWN STEP	2026-09-29T16:35:12.5689097Z Downloading cachecontrol-0.14.4-py3-none-any.whl (22 kB)
repository	UNKNOWN STEP	2026-09-29T16:35:12.5736105Z Downloading msgpack-1.2.3-cp312-cp312-manylinux2014_x86_64.manylinux_2_17_x86_64.manylinux_2_28_x86_64.whl (472 kB)
repository	UNKNOWN STEP	2026-09-29T16:35:12.5788271Z Downloading filelock-4.0.6-py3-none-any.whl (109 kB)
repository	UNKNOWN STEP	2026-09-29T16:35:12.5834142Z Downloading packaging-26.3-py3-none-any.whl (129 kB)
repository	UNKNOWN STEP	2026-09-29T16:35:12.5880754Z Downloading pip_api-0.0.35-py3-none-any.whl (123 kB)
repository	UNKNOWN STEP	2026-09-29T16:35:12.5925263Z Downloading pip_requirements_parser-32.0.1-py3-none-any.whl (35 kB)
repository	UNKNOWN STEP	2026-09-29T16:35:12.5966339Z Downloading platformdirs-4.12.1-py3-none-any.whl (33 kB)
repository	UNKNOWN STEP	2026-09-29T16:35:12.6009851Z Downloading pyyaml-6.0.3-cp312-cp312-manylinux2014_x86_64.manylinux_2_17_x86_64.manylinux_2_28_x86_64.whl (807 kB)
repository	UNKNOWN STEP	2026-09-29T16:35:12.6065254Z    ━━━━━━━━━━━━━━━━━━━━━━━━━━━━━━━━━━━━━━━━ 807.9/807.9 kB 173.2 MB/s  0:00:00
repository	UNKNOWN STEP	2026-09-29T16:35:12.6092216Z Downloading requests-2.34.2-py3-none-any.whl (73 kB)
repository	UNKNOWN STEP	2026-09-29T16:35:12.6135765Z Downloading charset_normalizer-3.5.1-cp312-cp312-manylinux2014_x86_64.manylinux_2_17_x86_64.manylinux_2_28_x86_64.whl (248 kB)
repository	UNKNOWN STEP	2026-09-29T16:35:12.6184964Z Downloading idna-3.20-py3-none-any.whl (69 kB)
repository	UNKNOWN STEP	2026-09-29T16:35:12.6226828Z Downloading urllib3-2.8.0-py3-none-any.whl (135 kB)
repository	UNKNOWN STEP	2026-09-29T16:35:12.6270096Z Downloading certifi-2026.7.22-py3-none-any.whl (136 kB)
repository	UNKNOWN STEP	2026-09-29T16:35:12.6314550Z Downloading rich-15.0.0-py3-none-any.whl (310 kB)
repository	UNKNOWN STEP	2026-09-29T16:35:12.6364348Z Downloading pygments-2.21.0-py3-none-any.whl (1.3 MB)
repository	UNKNOWN STEP	2026-09-29T16:35:12.6434096Z    ━━━━━━━━━━━━━━━━━━━━━━━━━━━━━━━━━━━━━━━━ 1.3/1.3 MB 212.0 MB/s  0:00:00
repository	UNKNOWN STEP	2026-09-29T16:35:12.6460667Z Downloading markdown_it_py-4.2.0-py3-none-any.whl (91 kB)
repository	UNKNOWN STEP	2026-09-29T16:35:12.6504781Z Downloading mdurl-0.1.2-py3-none-any.whl (10.0 kB)
repository	UNKNOWN STEP	2026-09-29T16:35:12.6544736Z Downloading stevedore-5.9.1-py3-none-any.whl (54 kB)
repository	UNKNOWN STEP	2026-09-29T16:35:12.6586845Z Downloading tomli-2.4.1-cp312-cp312-manylinux2014_x86_64.manylinux_2_17_x86_64.manylinux_2_28_x86_64.whl (253 kB)
repository	UNKNOWN STEP	2026-09-29T16:35:12.6630203Z Downloading tomli_w-1.2.0-py3-none-any.whl (6.7 kB)
repository	UNKNOWN STEP	2026-09-29T16:35:12.6669361Z Downloading pyparsing-3.3.3-py3-none-any.whl (126 kB)
repository	UNKNOWN STEP	2026-09-29T16:35:12.8331144Z Installing collected packages: sortedcontainers, boolean.py, urllib3, typing_extensions, tomli-w, tomli, stevedore, PyYAML, pyparsing, pygments, platformdirs, pip-api, packaging, packageurl-python, msgpack, mdurl, license-expression, idna, filelock, defusedxml, charset_normalizer, certifi, requests, py-serializable, pip-requirements-parser, markdown-it-py, rich, detect-secrets, cyclonedx-python-lib, CacheControl, bandit, pip-audit
repository	UNKNOWN STEP	2026-09-29T16:35:15.1531414Z 
repository	UNKNOWN STEP	2026-09-29T16:35:15.1564980Z Successfully installed CacheControl-0.14.4 PyYAML-6.0.3 bandit-1.9.4 boolean.py-5.0 certifi-2026.7.22 charset_normalizer-3.5.1 cyclonedx-python-lib-11.12.0 defusedxml-0.7.1 detect-secrets-1.5.0 filelock-4.0.6 idna-3.20 license-expression-30.4.4 markdown-it-py-4.2.0 mdurl-0.1.2 msgpack-1.2.3 packageurl-python-0.17.6 packaging-26.3 pip-api-0.0.35 pip-audit-2.10.1 pip-requirements-parser-32.0.1 platformdirs-4.12.1 py-serializable-2.1.0 pygments-2.21.0 pyparsing-3.3.3 requests-2.34.2 rich-15.0.0 sortedcontainers-2.4.0 stevedore-5.9.1 tomli-2.4.1 tomli-w-1.2.0 typing_extensions-4.16.0 urllib3-2.8.0
repository	UNKNOWN STEP	2026-09-29T16:35:15.2382563Z ##[group]Run python -m pip_audit -r backend/requirements-dev.lock --no-deps --disable-pip
repository	UNKNOWN STEP	2026-09-29T16:35:15.2383249Z ^[[36;1mpython -m pip_audit -r backend/requirements-dev.lock --no-deps --disable-pip^[[0m
repository	UNKNOWN STEP	2026-09-29T16:35:15.2383701Z ^[[36;1mnpm audit --prefix frontend^[[0m
repository	UNKNOWN STEP	2026-09-29T16:35:15.2448794Z shell: /usr/bin/bash -e {0}
repository	UNKNOWN STEP	2026-09-29T16:35:15.2449048Z env:
repository	UNKNOWN STEP	2026-09-29T16:35:15.2449318Z   pythonLocation: /opt/hostedtoolcache/Python/3.12.14/x64
repository	UNKNOWN STEP	2026-09-29T16:35:15.2449767Z   PKG_CONFIG_PATH: /opt/hostedtoolcache/Python/3.12.14/x64/lib/pkgconfig
repository	UNKNOWN STEP	2026-09-29T16:35:15.2450242Z   Python_ROOT_DIR: /opt/hostedtoolcache/Python/3.12.14/x64
repository	UNKNOWN STEP	2026-09-29T16:35:15.2450631Z   Python2_ROOT_DIR: /opt/hostedtoolcache/Python/3.12.14/x64
repository	UNKNOWN STEP	2026-09-29T16:35:15.2451018Z   Python3_ROOT_DIR: /opt/hostedtoolcache/Python/3.12.14/x64
repository	UNKNOWN STEP	2026-09-29T16:35:15.2451403Z   LD_LIBRARY_PATH: /opt/hostedtoolcache/Python/3.12.14/x64/lib
repository	UNKNOWN STEP	2026-09-29T16:35:15.2451725Z ##[endgroup]
repository	UNKNOWN STEP	2026-09-29T16:35:16.0908102Z WARNING:pip_audit._cli:--no-deps is supported, but users are encouraged to fully hash their pinned dependencies
repository	UNKNOWN STEP	2026-09-29T16:35:16.0909967Z WARNING:pip_audit._cli:Consider using a tool like `pip-compile`: https://pip-tools.readthedocs.io/en/latest/#using-hashes
repository	UNKNOWN STEP	2026-09-29T16:35:17.7188964Z No known vulnerabilities found
repository	UNKNOWN STEP	2026-09-29T16:35:18.2722610Z found 0 vulnerabilities
repository	UNKNOWN STEP	2026-09-29T16:35:18.2878148Z ##[group]Run python -m bandit -r backend/app
repository	UNKNOWN STEP	2026-09-29T16:35:18.2878769Z ^[[36;1mpython -m bandit -r backend/app^[[0m
repository	UNKNOWN STEP	2026-09-29T16:35:18.2879296Z ^[[36;1mpython scripts/verity_secret_gate.py^[[0m
repository	UNKNOWN STEP	2026-09-29T16:35:18.2970010Z shell: /usr/bin/bash -e {0}
repository	UNKNOWN STEP	2026-09-29T16:35:18.2970266Z env:
repository	UNKNOWN STEP	2026-09-29T16:35:18.2970541Z   pythonLocation: /opt/hostedtoolcache/Python/3.12.14/x64
repository	UNKNOWN STEP	2026-09-29T16:35:18.2970994Z   PKG_CONFIG_PATH: /opt/hostedtoolcache/Python/3.12.14/x64/lib/pkgconfig
repository	UNKNOWN STEP	2026-09-29T16:35:18.2971436Z   Python_ROOT_DIR: /opt/hostedtoolcache/Python/3.12.14/x64
repository	UNKNOWN STEP	2026-09-29T16:35:18.2971819Z   Python2_ROOT_DIR: /opt/hostedtoolcache/Python/3.12.14/x64
repository	UNKNOWN STEP	2026-09-29T16:35:18.2972211Z   Python3_ROOT_DIR: /opt/hostedtoolcache/Python/3.12.14/x64
repository	UNKNOWN STEP	2026-09-29T16:35:18.2972815Z   LD_LIBRARY_PATH: /opt/hostedtoolcache/Python/3.12.14/x64/lib
repository	UNKNOWN STEP	2026-09-29T16:35:18.2973148Z ##[endgroup]
repository	UNKNOWN STEP	2026-09-29T16:35:18.4853865Z [main]	INFO	profile include tests: None
repository	UNKNOWN STEP	2026-09-29T16:35:18.4854664Z [main]	INFO	profile exclude tests: None
repository	UNKNOWN STEP	2026-09-29T16:35:18.4855288Z [main]	INFO	cli include tests: None
repository	UNKNOWN STEP	2026-09-29T16:35:18.4855871Z [main]	INFO	cli exclude tests: None
repository	UNKNOWN STEP	2026-09-29T16:35:18.4856501Z [main]	INFO	running on Python 3.12.14
repository	UNKNOWN STEP	2026-09-29T16:35:19.3824804Z [tester]	WARNING	nosec encountered (B105), but no failed test on file backend/app/modules/auth/service.py:145
repository	UNKNOWN STEP	2026-09-29T16:35:19.3826549Z [tester]	WARNING	nosec encountered (B105), but no failed test on file backend/app/modules/auth/service.py:146
repository	UNKNOWN STEP	2026-09-29T16:35:19.3828468Z [tester]	WARNING	nosec encountered (B105), but no failed test on file backend/app/modules/auth/service.py:149
repository	UNKNOWN STEP	2026-09-29T16:35:19.3830042Z [tester]	WARNING	nosec encountered (B105), but no failed test on file backend/app/modules/auth/service.py:148
repository	UNKNOWN STEP	2026-09-29T16:35:20.2105587Z [tester]	WARNING	nosec encountered (B104), but no failed test on file backend/app/modules/inference/deployment.py:34
repository	UNKNOWN STEP	2026-09-29T16:35:20.2107925Z [tester]	WARNING	nosec encountered (B104), but no failed test on file backend/app/modules/inference/deployment.py:35
repository	UNKNOWN STEP	2026-09-29T16:35:20.2109656Z [tester]	WARNING	nosec encountered (B104), but no failed test on file backend/app/modules/inference/deployment.py:36
repository	UNKNOWN STEP	2026-09-29T16:35:20.2111357Z [tester]	WARNING	nosec encountered (B104), but no failed test on file backend/app/modules/inference/deployment.py:38
repository	UNKNOWN STEP	2026-09-29T16:35:20.2113072Z [tester]	WARNING	nosec encountered (B104), but no failed test on file backend/app/modules/inference/deployment.py:41
repository	UNKNOWN STEP	2026-09-29T16:35:20.2114800Z [tester]	WARNING	nosec encountered (B104), but no failed test on file backend/app/modules/inference/deployment.py:42
repository	UNKNOWN STEP	2026-09-29T16:35:20.2116497Z [tester]	WARNING	nosec encountered (B104), but no failed test on file backend/app/modules/inference/deployment.py:43
repository	UNKNOWN STEP	2026-09-29T16:35:20.2118482Z [tester]	WARNING	nosec encountered (B104), but no failed test on file backend/app/modules/inference/deployment.py:45
repository	UNKNOWN STEP	2026-09-29T16:35:20.2120315Z [tester]	WARNING	nosec encountered (B104), but no failed test on file backend/app/modules/inference/deployment.py:46
repository	UNKNOWN STEP	2026-09-29T16:35:20.2122001Z [tester]	WARNING	nosec encountered (B104), but no failed test on file backend/app/modules/inference/deployment.py:47
repository	UNKNOWN STEP	2026-09-29T16:35:20.2123662Z [tester]	WARNING	nosec encountered (B104), but no failed test on file backend/app/modules/inference/deployment.py:48
repository	UNKNOWN STEP	2026-09-29T16:35:20.2125310Z [tester]	WARNING	nosec encountered (B104), but no failed test on file backend/app/modules/inference/deployment.py:49
repository	UNKNOWN STEP	2026-09-29T16:35:20.2127222Z [tester]	WARNING	nosec encountered (B104), but no failed test on file backend/app/modules/inference/deployment.py:50
repository	UNKNOWN STEP	2026-09-29T16:35:20.2128924Z [tester]	WARNING	nosec encountered (B104), but no failed test on file backend/app/modules/inference/deployment.py:51
repository	UNKNOWN STEP	2026-09-29T16:35:20.2130574Z [tester]	WARNING	nosec encountered (B104), but no failed test on file backend/app/modules/inference/deployment.py:52
repository	UNKNOWN STEP	2026-09-29T16:35:20.2132724Z [tester]	WARNING	nosec encountered (B104), but no failed test on file backend/app/modules/inference/deployment.py:53
repository	UNKNOWN STEP	2026-09-29T16:35:20.2134435Z [tester]	WARNING	nosec encountered (B104), but no failed test on file backend/app/modules/inference/deployment.py:54
repository	UNKNOWN STEP	2026-09-29T16:35:20.2136118Z [tester]	WARNING	nosec encountered (B104), but no failed test on file backend/app/modules/inference/deployment.py:55
repository	UNKNOWN STEP	2026-09-29T16:35:20.2138059Z [tester]	WARNING	nosec encountered (B104), but no failed test on file backend/app/modules/inference/deployment.py:56
repository	UNKNOWN STEP	2026-09-29T16:35:20.2139721Z [tester]	WARNING	nosec encountered (B104), but no failed test on file backend/app/modules/inference/deployment.py:57
repository	UNKNOWN STEP	2026-09-29T16:35:20.2141385Z [tester]	WARNING	nosec encountered (B104), but no failed test on file backend/app/modules/inference/deployment.py:58
repository	UNKNOWN STEP	2026-09-29T16:35:20.2143323Z [tester]	WARNING	nosec encountered (B104), but no failed test on file backend/app/modules/inference/deployment.py:59
repository	UNKNOWN STEP	2026-09-29T16:35:20.2144988Z [tester]	WARNING	nosec encountered (B104), but no failed test on file backend/app/modules/inference/deployment.py:60
repository	UNKNOWN STEP	2026-09-29T16:35:20.6629982Z [tester]	WARNING	nosec encountered (B105), but no failed test on file backend/app/modules/similarity/retrieval.py:125
repository	UNKNOWN STEP	2026-09-29T16:35:20.6631287Z [tester]	WARNING	nosec encountered (B105), but no failed test on file backend/app/modules/similarity/retrieval.py:126
repository	UNKNOWN STEP	2026-09-29T16:35:20.6632518Z [tester]	WARNING	nosec encountered (B105), but no failed test on file backend/app/modules/similarity/retrieval.py:127
repository	UNKNOWN STEP	2026-09-29T16:35:20.6638772Z [tester]	WARNING	nosec encountered (B105), but no failed test on file backend/app/modules/similarity/retrieval.py:124
repository	UNKNOWN STEP	2026-09-29T16:35:20.6640106Z [tester]	WARNING	nosec encountered (B105), but no failed test on file backend/app/modules/similarity/retrieval.py:125
repository	UNKNOWN STEP	2026-09-29T16:35:20.6641336Z [tester]	WARNING	nosec encountered (B105), but no failed test on file backend/app/modules/similarity/retrieval.py:126
repository	UNKNOWN STEP	2026-09-29T16:35:20.6642528Z [tester]	WARNING	nosec encountered (B105), but no failed test on file backend/app/modules/similarity/retrieval.py:127
repository	UNKNOWN STEP	2026-09-29T16:35:20.8674705Z Working... ━━━━━━━━━━━━━━━━━━━━━━━━━━━━━━━━━━━━━━━━ 100% 0:00:02
repository	UNKNOWN STEP	2026-09-29T16:35:20.8681121Z Run started:2026-09-29 16:35:20.867960+00:00
repository	UNKNOWN STEP	2026-09-29T16:35:20.8681628Z 
repository	UNKNOWN STEP	2026-09-29T16:35:20.8681764Z Test results:
repository	UNKNOWN STEP	2026-09-29T16:35:20.8682452Z 	No issues identified.
repository	UNKNOWN STEP	2026-09-29T16:35:20.8682882Z 
repository	UNKNOWN STEP	2026-09-29T16:35:20.8683371Z Code scanned:
repository	UNKNOWN STEP	2026-09-29T16:35:20.8683791Z 	Total lines of code: 24568
repository	UNKNOWN STEP	2026-09-29T16:35:20.8684314Z 	Total lines skipped (#nosec): 0
repository	UNKNOWN STEP	2026-09-29T16:35:20.8685514Z 	Total potential issues skipped due to specifically being disabled (e.g., #nosec BXXX): 5
repository	UNKNOWN STEP	2026-09-29T16:35:20.8686240Z 
repository	UNKNOWN STEP	2026-09-29T16:35:20.8686564Z Run metrics:
repository	UNKNOWN STEP	2026-09-29T16:35:20.8687513Z 	Total issues (by severity):
repository	UNKNOWN STEP	2026-09-29T16:35:20.8688104Z 		Undefined: 0
repository	UNKNOWN STEP	2026-09-29T16:35:20.8688726Z 		Low: 0
repository	UNKNOWN STEP	2026-09-29T16:35:20.8689206Z 		Medium: 0
repository	UNKNOWN STEP	2026-09-29T16:35:20.8689757Z 		High: 0
repository	UNKNOWN STEP	2026-09-29T16:35:20.8690309Z 	Total issues (by confidence):
repository	UNKNOWN STEP	2026-09-29T16:35:20.8690895Z 		Undefined: 0
repository	UNKNOWN STEP	2026-09-29T16:35:20.8691478Z 		Low: 0
repository	UNKNOWN STEP	2026-09-29T16:35:20.8691923Z 		Medium: 0
repository	UNKNOWN STEP	2026-09-29T16:35:20.8692459Z 		High: 0
repository	UNKNOWN STEP	2026-09-29T16:35:20.8692936Z Files skipped (0):
repository	UNKNOWN STEP	2026-09-29T16:35:32.2042782Z Secret gate: 0 unreviewed findings; 48 exact reviewed fingerprints
repository	UNKNOWN STEP	2026-09-29T16:35:32.2135498Z ##[group]Run npm --prefix frontend sbom --sbom-format cyclonedx > docs/verity/evidence/ci/frontend.cdx.json
repository	UNKNOWN STEP	2026-09-29T16:35:32.2136629Z ^[[36;1mnpm --prefix frontend sbom --sbom-format cyclonedx > docs/verity/evidence/ci/frontend.cdx.json^[[0m
repository	UNKNOWN STEP	2026-09-29T16:35:32.2201387Z shell: /usr/bin/bash -e {0}
repository	UNKNOWN STEP	2026-09-29T16:35:32.2201746Z env:
repository	UNKNOWN STEP	2026-09-29T16:35:32.2202202Z   pythonLocation: /opt/hostedtoolcache/Python/3.12.14/x64
repository	UNKNOWN STEP	2026-09-29T16:35:32.2202801Z   PKG_CONFIG_PATH: /opt/hostedtoolcache/Python/3.12.14/x64/lib/pkgconfig
repository	UNKNOWN STEP	2026-09-29T16:35:32.2203483Z   Python_ROOT_DIR: /opt/hostedtoolcache/Python/3.12.14/x64
repository	UNKNOWN STEP	2026-09-29T16:35:32.2204031Z   Python2_ROOT_DIR: /opt/hostedtoolcache/Python/3.12.14/x64
repository	UNKNOWN STEP	2026-09-29T16:35:32.2204518Z   Python3_ROOT_DIR: /opt/hostedtoolcache/Python/3.12.14/x64
repository	UNKNOWN STEP	2026-09-29T16:35:32.2205051Z   LD_LIBRARY_PATH: /opt/hostedtoolcache/Python/3.12.14/x64/lib
repository	UNKNOWN STEP	2026-09-29T16:35:32.2205480Z ##[endgroup]
repository	UNKNOWN STEP	2026-09-29T16:35:33.0414151Z ##[group]Run df -h / /tmp
repository	UNKNOWN STEP	2026-09-29T16:35:33.0414453Z ^[[36;1mdf -h / /tmp^[[0m
repository	UNKNOWN STEP	2026-09-29T16:35:33.0414678Z ^[[36;1mdocker system df^[[0m
repository	UNKNOWN STEP	2026-09-29T16:35:33.0414941Z ^[[36;1mdocker builder prune --all --force^[[0m
repository	UNKNOWN STEP	2026-09-29T16:35:33.0415228Z ^[[36;1mdf -h / /tmp^[[0m
repository	UNKNOWN STEP	2026-09-29T16:35:33.0415453Z ^[[36;1mdocker system df^[[0m
repository	UNKNOWN STEP	2026-09-29T16:35:33.0479208Z shell: /usr/bin/bash -e {0}
repository	UNKNOWN STEP	2026-09-29T16:35:33.0479458Z env:
repository	UNKNOWN STEP	2026-09-29T16:35:33.0479725Z   pythonLocation: /opt/hostedtoolcache/Python/3.12.14/x64
repository	UNKNOWN STEP	2026-09-29T16:35:33.0480354Z   PKG_CONFIG_PATH: /opt/hostedtoolcache/Python/3.12.14/x64/lib/pkgconfig
repository	UNKNOWN STEP	2026-09-29T16:35:33.0480820Z   Python_ROOT_DIR: /opt/hostedtoolcache/Python/3.12.14/x64
repository	UNKNOWN STEP	2026-09-29T16:35:33.0481212Z   Python2_ROOT_DIR: /opt/hostedtoolcache/Python/3.12.14/x64
repository	UNKNOWN STEP	2026-09-29T16:35:33.0481602Z   Python3_ROOT_DIR: /opt/hostedtoolcache/Python/3.12.14/x64
repository	UNKNOWN STEP	2026-09-29T16:35:33.0481987Z   LD_LIBRARY_PATH: /opt/hostedtoolcache/Python/3.12.14/x64/lib
repository	UNKNOWN STEP	2026-09-29T16:35:33.0482349Z ##[endgroup]
repository	UNKNOWN STEP	2026-09-29T16:35:33.0586154Z Filesystem      Size  Used Avail Use% Mounted on
repository	UNKNOWN STEP	2026-09-29T16:35:33.0586675Z /dev/root       145G   70G   76G  48% /
repository	UNKNOWN STEP	2026-09-29T16:35:33.0587434Z /dev/root       145G   70G   76G  48% /
repository	UNKNOWN STEP	2026-09-29T16:35:43.3842336Z TYPE            TOTAL     ACTIVE    SIZE      RECLAIMABLE
repository	UNKNOWN STEP	2026-09-29T16:35:43.3843359Z Images          18        10        5.699GB   3.734GB (65%)
repository	UNKNOWN STEP	2026-09-29T16:35:43.3844099Z Containers      13        11        594.3kB   1.481kB (0%)
repository	UNKNOWN STEP	2026-09-29T16:35:43.3844781Z Local Volumes   5         5         2.359GB   0B (0%)
repository	UNKNOWN STEP	2026-09-29T16:35:43.3845461Z Build Cache     112       0         4.467GB   4.467GB
repository	UNKNOWN STEP	2026-09-29T16:35:43.4758200Z ID						RECLAIMABLE	SIZE		LAST ACCESSED
repository	UNKNOWN STEP	2026-09-29T16:35:43.4759093Z p80eqqqqcdht24rgve6bwtb55               	true 		2.061MB   	10 minutes ago
repository	UNKNOWN STEP	2026-09-29T16:35:44.1658096Z 9nlwiom1cr17b6cwjsubwy5a8*              	true 	1.058GB   	5 seconds ago
repository	UNKNOWN STEP	2026-09-29T16:35:44.1682763Z ivmc4axbvavsgne6bm6mbb5qx*              	true 	444B      	11 minutes ago
repository	UNKNOWN STEP	2026-09-29T16:35:44.1692860Z 4s0v4oly2kxtxogvu4x0ruc00               	true 	7.367MB   	11 minutes ago
repository	UNKNOWN STEP	2026-09-29T16:35:45.5285059Z p06cdx5lb5t1wg1n0gquxylps*              	true 	435.9MB   	10 minutes ago
repository	UNKNOWN STEP	2026-09-29T16:35:45.5310803Z 20k5s63e94xxs2o6l4cqlaqxg               	true 	34.52kB   	9 minutes ago
repository	UNKNOWN STEP	2026-09-29T16:35:45.5342743Z xdjen6odj0l6udq6wmw7k8zul*              	true 	56B       	10 minutes ago
repository	UNKNOWN STEP	2026-09-29T16:35:45.5374490Z pkc0avp1lajgptjwvbkl41vuk*              	true 	606B      	11 minutes ago
repository	UNKNOWN STEP	2026-09-29T16:35:45.5403543Z sltlgx5idm87mi04t4bq0cvu2*              	true 	0B        	11 minutes ago
repository	UNKNOWN STEP	2026-09-29T16:35:45.5434038Z hzflsjdst3ogewtnduate0276*              	true 	1.028kB   	10 minutes ago
repository	UNKNOWN STEP	2026-09-29T16:35:45.5521468Z y7sxd9fiiigqrklzdpv0t2wut*              	true 	2.857kB   	8 minutes ago
repository	UNKNOWN STEP	2026-09-29T16:35:45.5752654Z b89uju231ub3c44c2giv6og74*              	true 	112.5MB   	8 minutes ago
repository	UNKNOWN STEP	2026-09-29T16:35:45.5763762Z 17qou03pu49iyftxjdfiz5fj3               	true 	0B        	11 minutes ago
repository	UNKNOWN STEP	2026-09-29T16:35:45.5840870Z n65cv96rctfqvi32shp0h08th*              	true 	31.39MB   	9 minutes ago
repository	UNKNOWN STEP	2026-09-29T16:35:45.5950774Z t3lkbkwxdccudkg2h63dkomdz*              	true 	685.7kB   	10 minutes ago
repository	UNKNOWN STEP	2026-09-29T16:35:49.3714387Z uy9nc03t3avh877rk3p0of3dc*              	true 	1.215GB   	5 seconds ago
repository	UNKNOWN STEP	2026-09-29T16:35:49.3737578Z anmqbgfvs2rtxh7izhm8okypm*              	true 	564.2kB   	9 minutes ago
repository	UNKNOWN STEP	2026-09-29T16:35:49.3751397Z ijxsld0a37cl1zpmc9lteos2e               	true 	435.9MB   	10 minutes ago
repository	UNKNOWN STEP	2026-09-29T16:35:49.3760160Z wphnwlc98p8hqvswowxraqjr2               	true 	367B      	8 minutes ago
repository	UNKNOWN STEP	2026-09-29T16:35:49.3780606Z yyao6hj3yximtyb860o7g07t0               	true 	3.615kB   	10 minutes ago
repository	UNKNOWN STEP	2026-09-29T16:35:49.3813311Z m1dq9k94xv1nuvipt58hymp7s               	true 	0B        	11 minutes ago
repository	UNKNOWN STEP	2026-09-29T16:35:49.3822294Z t45y5ptzxwxircifow390ucc0               	true 	34.52kB   	8 minutes ago
repository	UNKNOWN STEP	2026-09-29T16:35:49.3832077Z khbqh7749og7e3jwtnnqrcy2p               	true 	31.32MB   	9 minutes ago
repository	UNKNOWN STEP	2026-09-29T16:35:49.3854606Z qfyiy9m9y5uxu9asd7od56sbj*              	true 	700B      	11 minutes ago
repository	UNKNOWN STEP	2026-09-29T16:35:49.6381567Z c1jxmj27lt6pka1xs9hbs13z2*              	true 	115.5MB   	10 minutes ago
repository	UNKNOWN STEP	2026-09-29T16:35:50.7061016Z zvjznint3gbkr06vw238o5xov*              	true 	322.1MB   	10 minutes ago
repository	UNKNOWN STEP	2026-09-29T16:35:50.7073366Z e4c58mrgd9ewe5ajmsg2fkl7n               	true 	700B      	11 minutes ago
repository	UNKNOWN STEP	2026-09-29T16:35:50.7262391Z zl37m98msmdln3bi01ufp3ocl*              	true 	1.432MB   	10 minutes ago
repository	UNKNOWN STEP	2026-09-29T16:35:50.7285384Z 0o0cmdfhso88wykob1ovo8reh*              	true 	0B        	11 minutes ago
repository	UNKNOWN STEP	2026-09-29T16:35:50.7309713Z sa5p88wj5ln62wmnk00p5dw4g*              	true 	1.994kB   	10 minutes ago
repository	UNKNOWN STEP	2026-09-29T16:35:50.7345489Z wgt9bbqfnbeftys0xmr5l0ayc               	true 	437.1kB   	9 minutes ago
repository	UNKNOWN STEP	2026-09-29T16:35:50.7357272Z ljjqvbdrv07oo2sj1o2wl9wls               	true 	110MB     	11 minutes ago
repository	UNKNOWN STEP	2026-09-29T16:35:50.7385611Z xg28nmip2nnlrgfqpp5906tlq*              	true 	24.23MB   	8 minutes ago
repository	UNKNOWN STEP	2026-09-29T16:35:50.7408205Z qzfio4898j7zz3vwwwru4uo5m*              	true 	65B       	10 minutes ago
repository	UNKNOWN STEP	2026-09-29T16:35:50.7708467Z ofllk7qzaf5xey77ooiuys266*              	true 	2.061MB   	10 minutes ago
repository	UNKNOWN STEP	2026-09-29T16:35:50.7737020Z tgx12qpwugys6i4xq5raydhad               	true 	0B        	11 minutes ago
repository	UNKNOWN STEP	2026-09-29T16:35:50.8630612Z 8nlqa4kbrjfk562hokdx6re25               	true 	3.943MB   	9 minutes ago
repository	UNKNOWN STEP	2026-09-29T16:35:50.9168966Z 11655vsnhvxvsejl2bbzfp97s               	true 	2.588MB   	8 minutes ago
repository	UNKNOWN STEP	2026-09-29T16:35:50.9186231Z qhqf8qywgt49qgxt587app2g2               	true 	0B        	10 minutes ago
repository	UNKNOWN STEP	2026-09-29T16:35:50.9211809Z jvdc6yra0f24bdsbem31d0rie*              	true 	0B        	8 minutes ago
repository	UNKNOWN STEP	2026-09-29T16:35:50.9253212Z w1wdn9zqefjpvwxi896whf0eo               	true 	3.615kB   	10 minutes ago
repository	UNKNOWN STEP	2026-09-29T16:35:50.9273790Z tunq81t9et0nu869fju3xy673               	true 	0B        	10 minutes ago
repository	UNKNOWN STEP	2026-09-29T16:35:50.9651351Z 2p7dy415n0jg2szfj6g8rsb9l               	true 	3.08MB    	9 minutes ago
repository	UNKNOWN STEP	2026-09-29T16:35:50.9658451Z aml360004sa136xu1kdivr5ht               	true 	112.4MB   	8 minutes ago
repository	UNKNOWN STEP	2026-09-29T16:35:50.9670190Z 098n9sfc1iar9i6x13ry9x44p               	true 	0B        	11 minutes ago
repository	UNKNOWN STEP	2026-09-29T16:35:50.9683748Z hzjt7wo048skbg803hbdbiwbj               	true 	1.064MB   	10 minutes ago
repository	UNKNOWN STEP	2026-09-29T16:35:50.9736763Z ionerefxl94bz8pqhka0uiokx               	true 	0B        	12 minutes ago
repository	UNKNOWN STEP	2026-09-29T16:35:50.9743878Z nsffno1hl7ihjb9dit1ahc908               	true 	563B      	10 minutes ago
repository	UNKNOWN STEP	2026-09-29T16:35:51.0928013Z n21k3j6xbdsm1c31h2ggvvhkg               	true 	37.96MB   	8 minutes ago
repository	UNKNOWN STEP	2026-09-29T16:35:51.0937817Z p6pec5xsnckob0nxawsviwlo0               	true 	0B        	11 minutes ago
repository	UNKNOWN STEP	2026-09-29T16:35:51.0991847Z einsvpqjxiwfpq12n82cd91oc               	true 	0B        	12 minutes ago
repository	UNKNOWN STEP	2026-09-29T16:35:51.1100228Z py2ppofgdj1il3mju8nne4mwf               	true 	428.8kB   	10 minutes ago
repository	UNKNOWN STEP	2026-09-29T16:35:51.2352332Z xtw59gjxn7y56avifkpipxmze               	true 	24.42MB   	10 minutes ago
repository	UNKNOWN STEP	2026-09-29T16:35:51.2365624Z y4il9vsp2y4pmw781pk0r7cxs               	true 	48.28MB   	10 minutes ago
repository	UNKNOWN STEP	2026-09-29T16:35:51.2400123Z 298orrqb0a6t4y7mn7d4r0e1t               	true 	24.23MB   	8 minutes ago
repository	UNKNOWN STEP	2026-09-29T16:35:51.2418103Z w1vj1egcumdnj19nt2ligllpp               	true 	564.2kB   	9 minutes ago
repository	UNKNOWN STEP	2026-09-29T16:35:51.3535399Z rcejs8tu94mks5r3y5jdtk92r               	true 	24.42MB   	10 minutes ago
repository	UNKNOWN STEP	2026-09-29T16:35:51.3543246Z h4nsvxcowyrlj9ex9kpqs4w6h               	true 	0B        	11 minutes ago
repository	UNKNOWN STEP	2026-09-29T16:35:51.3550816Z qrimt5ibviw8trqex06kq4udr               	true 	48.04kB   	10 minutes ago
repository	UNKNOWN STEP	2026-09-29T16:35:51.3561448Z wra4tm2a32zcp0s9l9l6bypm2               	true 	437.1kB   	8 minutes ago
repository	UNKNOWN STEP	2026-09-29T16:35:51.3596120Z u99gyhat8e9woor3fgs1f7hlf               	true 	213.1kB   	10 minutes ago
repository	UNKNOWN STEP	2026-09-29T16:35:51.3608834Z rdckpu5h37e7sids4xvhmb5gr               	true 	0B        	8 minutes ago
repository	UNKNOWN STEP	2026-09-29T16:35:51.3638035Z y7njcmvydgmhck7vbmsxnonfk               	true 	0B        	12 minutes ago
repository	UNKNOWN STEP	2026-09-29T16:35:51.7518968Z gejzzeji5mljqhytf8qlihocx               	true 	112.1MB   	10 minutes ago
repository	UNKNOWN STEP	2026-09-29T16:35:51.7539123Z w7jrha0d54vd343bwx1qrmnzp               	true 	0B        	8 minutes ago
repository	UNKNOWN STEP	2026-09-29T16:35:54.7476105Z pneo73y0r0w5zczed7mutq356               	true 	615.7MB   	10 minutes ago
repository	UNKNOWN STEP	2026-09-29T16:35:54.7485588Z dq4iw5tw5sdnqbx5rfjhgtofc               	true 	0B        	11 minutes ago
repository	UNKNOWN STEP	2026-09-29T16:35:54.7494222Z ykaz56u0g3zcfwbh7v5b5oymr               	true 	0B        	10 minutes ago
repository	UNKNOWN STEP	2026-09-29T16:35:54.7528536Z v778dtt7y6rv7kpjgnxmlkbrj               	true 	182.9kB   	10 minutes ago
repository	UNKNOWN STEP	2026-09-29T16:35:54.7537512Z sdyli2el5clzyzhsava97i4iw               	true 	0B        	11 minutes ago
repository	UNKNOWN STEP	2026-09-29T16:35:54.7565569Z qog0w9tllgj3k8dhpoxe7qqo8               	true 	0B        	8 minutes ago
repository	UNKNOWN STEP	2026-09-29T16:35:54.7577860Z 2cdpebrextln594gvy7g5xfb0               	true 	1000kB    	11 minutes ago
repository	UNKNOWN STEP	2026-09-29T16:35:54.7601514Z wtug6hwk6ifl4gkh5puplo6qd               	true 	256.9kB   	10 minutes ago
repository	UNKNOWN STEP	2026-09-29T16:35:54.7624628Z q19jiub95ke67rushqqvogq3k               	true 	0B        	11 minutes ago
repository	UNKNOWN STEP	2026-09-29T16:35:54.7632879Z srqau15smxmmq773bn93f1she               	true 	322.1MB   	11 minutes ago
repository	UNKNOWN STEP	2026-09-29T16:35:55.5998711Z xgyh2xlj8g1yqcvj79c7phgzb               	true 	296.2MB   	10 minutes ago
repository	UNKNOWN STEP	2026-09-29T16:35:55.6023154Z 2h6gnecgmqnqdjwpejip9zbir               	true 	0B        	11 minutes ago
repository	UNKNOWN STEP	2026-09-29T16:35:55.6035487Z fc76sc17yv05jzvxxxitja3se               	true 	0B        	10 minutes ago
repository	UNKNOWN STEP	2026-09-29T16:35:56.9556290Z yvqacglvgo3r6kyvagkwzjqag               	true 	0B        	11 minutes ago
repository	UNKNOWN STEP	2026-09-29T16:35:56.9567532Z iidcnd8nlleeve8s9zoz4bqfl               	true 	0B        	10 minutes ago
repository	UNKNOWN STEP	2026-09-29T16:35:56.9576795Z nvae4qoio4b5hrqsmd3vqo0nu               	true 	0B        	11 minutes ago
repository	UNKNOWN STEP	2026-09-29T16:35:56.9599126Z 1zm2ess1w40oo0tgyjtc6u26o               	true 	166.4kB   	10 minutes ago
repository	UNKNOWN STEP	2026-09-29T16:35:56.9616499Z z09zg7bp4bf00xtgp8fobkexr               	true 	0B        	10 minutes ago
repository	UNKNOWN STEP	2026-09-29T16:35:56.9653279Z reke0tqhwkrwvb9t2yrbl3cwu               	true 	0B        	12 minutes ago
repository	UNKNOWN STEP	2026-09-29T16:35:56.9670936Z cio9eorb2k33wr9xj2pf7aml7               	true 	0B        	10 minutes ago
repository	UNKNOWN STEP	2026-09-29T16:35:56.9684057Z jl0jwyam99l7dhg3ual1uliwg               	true 	0B        	10 minutes ago
repository	UNKNOWN STEP	2026-09-29T16:35:56.9696030Z 0ja5g0x0bpdf8ekgyq0mw6qy2               	true 	0B        	11 minutes ago
repository	UNKNOWN STEP	2026-09-29T16:35:56.9893268Z v9h0mwahzdk6lcrlepu4s9oi9               	true 	0B        	11 minutes ago
repository	UNKNOWN STEP	2026-09-29T16:35:56.9912440Z mywzcr1c2w0irbomj3lcdownx               	true 	0B        	11 minutes ago
repository	UNKNOWN STEP	2026-09-29T16:35:56.9943997Z zxm0qw43pvuyt940niempjwct               	true 	0B        	10 minutes ago
repository	UNKNOWN STEP	2026-09-29T16:35:56.9955847Z qmv6syhv76czm98j1wv1elt2r               	true 	0B        	12 minutes ago
repository	UNKNOWN STEP	2026-09-29T16:35:56.9967490Z mmtuq2ktga3liy7pzhgtkx8p6               	true 	0B        	12 minutes ago
repository	UNKNOWN STEP	2026-09-29T16:35:56.9989612Z xvuc3czrzg9ak3l5503un5pfm               	true 	0B        	11 minutes ago
repository	UNKNOWN STEP	2026-09-29T16:35:57.0001433Z yt3rvi0ezrzjshfybdbkwrxz4               	true 	0B        	12 minutes ago
repository	UNKNOWN STEP	2026-09-29T16:35:57.1524410Z w5odqqassbzabirnputwc0abg               	true 	0B        	12 minutes ago
repository	UNKNOWN STEP	2026-09-29T16:35:57.1535579Z i3xjthzymjtts2c359d0f53zi               	true 	0B        	11 minutes ago
repository	UNKNOWN STEP	2026-09-29T16:35:57.1555718Z nqtmht3tbn07ndpoeaa9bqfe2               	true 	0B        	12 minutes ago
repository	UNKNOWN STEP	2026-09-29T16:35:57.1830251Z zpvuwig7xtyibsn0zer2ndz20               	true 	0B        	12 minutes ago
repository	UNKNOWN STEP	2026-09-29T16:35:57.1851235Z 9wtsqopao1xce3b6ks49wc7v3               	true 	0B        	12 minutes ago
repository	UNKNOWN STEP	2026-09-29T16:35:57.4241588Z uiki1sx1bzkjhafkbtqy3xdda               	true 	0B        	12 minutes ago
repository	UNKNOWN STEP	2026-09-29T16:35:57.4255289Z x1i23jhxq1v2p9ze637sm1tdh               	true 	0B        	12 minutes ago
repository	UNKNOWN STEP	2026-09-29T16:35:57.4270069Z jxdjjshtxxurcu4pvg70ty8a9               	true 	0B        	12 minutes ago
repository	UNKNOWN STEP	2026-09-29T16:35:57.4283798Z x90uufg78poe9fi6gfll6slkq               	true 	0B        	12 minutes ago
repository	UNKNOWN STEP	2026-09-29T16:35:57.4299890Z q1wfuooorzmx93sbfbpokanav               	true 	0B        	12 minutes ago
repository	UNKNOWN STEP	2026-09-29T16:35:57.4312808Z mhpc5gzcrfv6ew0y0jk1wtig2               	true 	0B        	12 minutes ago
repository	UNKNOWN STEP	2026-09-29T16:35:57.4325861Z s0ubuzxyohudvw3uhae70uvya               	true 	0B        	12 minutes ago
repository	UNKNOWN STEP	2026-09-29T16:35:57.4339526Z sbrz4ugppaw4ubd937gwq0zvk               	true 	0B        	12 minutes ago
repository	UNKNOWN STEP	2026-09-29T16:35:57.4353085Z 6rrvoyf5oiu3fcvrdznbigakv               	true 	0B        	12 minutes ago
repository	UNKNOWN STEP	2026-09-29T16:35:57.4370843Z vw54zorrepa8zjizbmfyvbaus               	true 	0B        	12 minutes ago
repository	UNKNOWN STEP	2026-09-29T16:35:57.4385106Z sqi0rproh8dhb1m9c00vkbo5w               	true 	0B        	12 minutes ago
repository	UNKNOWN STEP	2026-09-29T16:35:57.4399243Z rzqt1cxjpx4136jgm51npm9kw               	true 	0B        	12 minutes ago
repository	UNKNOWN STEP	2026-09-29T16:35:57.4412240Z iwqif4wejvtv5gxn8fmq5q6i1               	true 	0B        	12 minutes ago
repository	UNKNOWN STEP	2026-09-29T16:35:57.4566102Z Total:	5.539GB
repository	UNKNOWN STEP	2026-09-29T16:35:57.4621032Z Filesystem      Size  Used Avail Use% Mounted on
repository	UNKNOWN STEP	2026-09-29T16:35:57.4621791Z /dev/root       145G   64G   81G  45% /
repository	UNKNOWN STEP	2026-09-29T16:35:57.4622365Z /dev/root       145G   64G   81G  45% /
repository	UNKNOWN STEP	2026-09-29T16:35:58.8901181Z TYPE            TOTAL     ACTIVE    SIZE      RECLAIMABLE
repository	UNKNOWN STEP	2026-09-29T16:35:58.8901865Z Images          18        10        5.699GB   3.734GB (65%)
repository	UNKNOWN STEP	2026-09-29T16:35:58.8902314Z Containers      13        11        594.3kB   1.481kB (0%)
repository	UNKNOWN STEP	2026-09-29T16:35:58.8902724Z Local Volumes   5         5         2.359GB   0B (0%)
repository	UNKNOWN STEP	2026-09-29T16:35:58.8903107Z Build Cache     0         0         0B        0B
repository	UNKNOWN STEP	2026-09-29T16:35:58.8961433Z ##[group]Run docker compose -f /tmp/verity-ci.json --profile '*' pull --ignore-buildable
repository	UNKNOWN STEP	2026-09-29T16:35:58.8962592Z ^[[36;1mdocker compose -f /tmp/verity-ci.json --profile '*' pull --ignore-buildable^[[0m
repository	UNKNOWN STEP	2026-09-29T16:35:58.9027567Z shell: /usr/bin/bash -e {0}
repository	UNKNOWN STEP	2026-09-29T16:35:58.9027828Z env:
repository	UNKNOWN STEP	2026-09-29T16:35:58.9028106Z   pythonLocation: /opt/hostedtoolcache/Python/3.12.14/x64
repository	UNKNOWN STEP	2026-09-29T16:35:58.9028555Z   PKG_CONFIG_PATH: /opt/hostedtoolcache/Python/3.12.14/x64/lib/pkgconfig
repository	UNKNOWN STEP	2026-09-29T16:35:58.9028999Z   Python_ROOT_DIR: /opt/hostedtoolcache/Python/3.12.14/x64
repository	UNKNOWN STEP	2026-09-29T16:35:58.9029386Z   Python2_ROOT_DIR: /opt/hostedtoolcache/Python/3.12.14/x64
repository	UNKNOWN STEP	2026-09-29T16:35:58.9029772Z   Python3_ROOT_DIR: /opt/hostedtoolcache/Python/3.12.14/x64
repository	UNKNOWN STEP	2026-09-29T16:35:58.9030165Z   LD_LIBRARY_PATH: /opt/hostedtoolcache/Python/3.12.14/x64/lib
repository	UNKNOWN STEP	2026-09-29T16:35:58.9030489Z ##[endgroup]
repository	UNKNOWN STEP	2026-09-29T16:35:59.0089395Z  minio-init Skipped - Image can be built 
repository	UNKNOWN STEP	2026-09-29T16:35:59.0090618Z  celery-worker Skipped - Image can be built 
repository	UNKNOWN STEP	2026-09-29T16:35:59.0092040Z  grafana Skipped - Image can be built 
repository	UNKNOWN STEP	2026-09-29T16:35:59.0092969Z  frontend Skipped - Image can be built 
repository	UNKNOWN STEP	2026-09-29T16:35:59.0094917Z  minio Skipped - Image can be built 
repository	UNKNOWN STEP	2026-09-29T16:35:59.0095994Z  verification Skipped - Image can be built 
repository	UNKNOWN STEP	2026-09-29T16:35:59.0097033Z  jaeger Skipped - Image can be built 
repository	UNKNOWN STEP	2026-09-29T16:35:59.0097976Z  celery-beat Skipped - Image can be built 
repository	UNKNOWN STEP	2026-09-29T16:35:59.0098902Z  migrate Skipped - Image can be built 
repository	UNKNOWN STEP	2026-09-29T16:35:59.0099639Z  backend Skipped - Image can be built 
repository	UNKNOWN STEP	2026-09-29T16:35:59.0100146Z  postgres Pulling 
repository	UNKNOWN STEP	2026-09-29T16:35:59.0100549Z  otel-collector Pulling 
repository	UNKNOWN STEP	2026-09-29T16:35:59.0100950Z  mailpit Pulling 
repository	UNKNOWN STEP	2026-09-29T16:35:59.0101319Z  prometheus Pulling 
repository	UNKNOWN STEP	2026-09-29T16:35:59.0101685Z  redis Pulling 
repository	UNKNOWN STEP	2026-09-29T16:35:59.2374974Z  otel-collector Pulled 
repository	UNKNOWN STEP	2026-09-29T16:35:59.2415158Z  redis Pulled 
repository	UNKNOWN STEP	2026-09-29T16:35:59.2419406Z  mailpit Pulled 
repository	UNKNOWN STEP	2026-09-29T16:35:59.2438501Z  prometheus Pulled 
repository	UNKNOWN STEP	2026-09-29T16:35:59.2442185Z  postgres Pulled 
repository	UNKNOWN STEP	2026-09-29T16:35:59.2549099Z ##[group]Run python scripts/verity_image_gate.py --compose /tmp/verity-ci.json --output docs/verity/evidence/ci/images
repository	UNKNOWN STEP	2026-09-29T16:35:59.2550603Z ^[[36;1mpython scripts/verity_image_gate.py --compose /tmp/verity-ci.json --output docs/verity/evidence/ci/images^[[0m
repository	UNKNOWN STEP	2026-09-29T16:35:59.2642421Z shell: /usr/bin/bash -e {0}
repository	UNKNOWN STEP	2026-09-29T16:35:59.2642866Z env:
repository	UNKNOWN STEP	2026-09-29T16:35:59.2643329Z   pythonLocation: /opt/hostedtoolcache/Python/3.12.14/x64
repository	UNKNOWN STEP	2026-09-29T16:35:59.2644098Z   PKG_CONFIG_PATH: /opt/hostedtoolcache/Python/3.12.14/x64/lib/pkgconfig
repository	UNKNOWN STEP	2026-09-29T16:35:59.2644882Z   Python_ROOT_DIR: /opt/hostedtoolcache/Python/3.12.14/x64
repository	UNKNOWN STEP	2026-09-29T16:35:59.2645605Z   Python2_ROOT_DIR: /opt/hostedtoolcache/Python/3.12.14/x64
repository	UNKNOWN STEP	2026-09-29T16:35:59.2646308Z   Python3_ROOT_DIR: /opt/hostedtoolcache/Python/3.12.14/x64
repository	UNKNOWN STEP	2026-09-29T16:35:59.2647318Z   LD_LIBRARY_PATH: /opt/hostedtoolcache/Python/3.12.14/x64/lib
repository	UNKNOWN STEP	2026-09-29T16:35:59.2647922Z ##[endgroup]
repository	UNKNOWN STEP	2026-09-29T16:36:13.5582593Z verity-ci-backend: vulnerabilities → PASS
repository	UNKNOWN STEP	2026-09-29T16:36:14.0495714Z verity-ci-backend: sbom → PASS
repository	UNKNOWN STEP	2026-09-29T16:36:16.5391141Z verity-ci-frontend: vulnerabilities → PASS
repository	UNKNOWN STEP	2026-09-29T16:36:16.9250132Z verity-ci-frontend: sbom → PASS
repository	UNKNOWN STEP	2026-09-29T16:36:32.0669063Z verity-ci-grafana: vulnerabilities → FAIL
repository	UNKNOWN STEP	2026-09-29T16:36:33.2829729Z verity-ci-grafana: sbom → PASS
repository	UNKNOWN STEP	2026-09-29T16:36:34.4653232Z verity-ci-jaeger: vulnerabilities → PASS
repository	UNKNOWN STEP	2026-09-29T16:36:34.8295644Z verity-ci-jaeger: sbom → PASS
repository	UNKNOWN STEP	2026-09-29T16:36:35.3906284Z axllent/mailpit:v1.31.2@sha256:74d609a42ec279aa63c6b4622a6fa9b5408d1ad5b1d76a1c4be40a265ce0863d: vulnerabilities → PASS
repository	UNKNOWN STEP	2026-09-29T16:36:35.6628576Z axllent/mailpit:v1.31.2@sha256:74d609a42ec279aa63c6b4622a6fa9b5408d1ad5b1d76a1c4be40a265ce0863d: sbom → PASS
repository	UNKNOWN STEP	2026-09-29T16:36:36.7275345Z verity-ci-minio: vulnerabilities → PASS
repository	UNKNOWN STEP	2026-09-29T16:36:37.0627779Z verity-ci-minio: sbom → PASS
repository	UNKNOWN STEP	2026-09-29T16:36:37.6494220Z verity-ci-minio-init: vulnerabilities → PASS
repository	UNKNOWN STEP	2026-09-29T16:36:37.9633713Z verity-ci-minio-init: sbom → PASS
repository	UNKNOWN STEP	2026-09-29T16:36:41.1616287Z otel/opentelemetry-collector-contrib:0.161.0@sha256:fd328de2552466ad78385e1b1289c3f2402b1c45f265b252aab1955b42845ac1: vulnerabilities → PASS
repository	UNKNOWN STEP	2026-09-29T16:36:41.7312732Z otel/opentelemetry-collector-contrib:0.161.0@sha256:fd328de2552466ad78385e1b1289c3f2402b1c45f265b252aab1955b42845ac1: sbom → PASS
repository	UNKNOWN STEP	2026-09-29T16:36:45.9264526Z pgvector/pgvector:pg16@sha256:ccc6e83d6e35e931dc7c5def2022729d5a6c370318d099181995567ff1fb4d6b: vulnerabilities → FAIL
repository	UNKNOWN STEP	2026-09-29T16:36:46.4910583Z pgvector/pgvector:pg16@sha256:ccc6e83d6e35e931dc7c5def2022729d5a6c370318d099181995567ff1fb4d6b: sbom → PASS
repository	UNKNOWN STEP	2026-09-29T16:36:48.7730461Z prom/prometheus:v3.15.0@sha256:efd719c99d83b060d9daefdcf00360461adf279f45ef5391f8d111892118753e: vulnerabilities → PASS
repository	UNKNOWN STEP	2026-09-29T16:36:49.2739809Z prom/prometheus:v3.15.0@sha256:efd719c99d83b060d9daefdcf00360461adf279f45ef5391f8d111892118753e: sbom → PASS
repository	UNKNOWN STEP	2026-09-29T16:36:49.8658785Z redis:7.4-alpine@sha256:858f009f9709ce576febc734aa78b8f6d624b82571f9ddb6bda4377c833b3499: vulnerabilities → PASS
repository	UNKNOWN STEP	2026-09-29T16:36:50.1629709Z redis:7.4-alpine@sha256:858f009f9709ce576febc734aa78b8f6d624b82571f9ddb6bda4377c833b3499: sbom → PASS
repository	UNKNOWN STEP	2026-09-29T16:36:55.4035756Z verity-ci-verification: vulnerabilities → PASS
repository	UNKNOWN STEP	2026-09-29T16:36:56.0299827Z verity-ci-verification: sbom → PASS
repository	UNKNOWN STEP	2026-09-29T16:36:56.0979984Z ##[error]Process completed with exit code 1.
repository	UNKNOWN STEP	2026-09-29T16:36:56.1051010Z ##[group]Run actions/upload-artifact@b7c566a772e6b6bfb58ed0dc250532a479d7789f
repository	UNKNOWN STEP	2026-09-29T16:36:56.1051449Z with:
repository	UNKNOWN STEP	2026-09-29T16:36:56.1051655Z   name: verity-gate-evidence
repository	UNKNOWN STEP	2026-09-29T16:36:56.1052092Z   path: docs/verity/evidence/ci
repository	UNKNOWN STEP	docs/verity/evidence/secret-gate.json
repository	UNKNOWN STEP	frontend/test-results
repository	UNKNOWN STEP	
repository	UNKNOWN STEP	2026-09-29T16:36:56.1052555Z   retention-days: 7
repository	UNKNOWN STEP	2026-09-29T16:36:56.1052771Z   if-no-files-found: warn
repository	UNKNOWN STEP	2026-09-29T16:36:56.1053003Z   compression-level: 6
repository	UNKNOWN STEP	2026-09-29T16:36:56.1053218Z   overwrite: false
repository	UNKNOWN STEP	2026-09-29T16:36:56.1053430Z   include-hidden-files: false
repository	UNKNOWN STEP	2026-09-29T16:36:56.1053682Z env:
repository	UNKNOWN STEP	2026-09-29T16:36:56.1053931Z   pythonLocation: /opt/hostedtoolcache/Python/3.12.14/x64
repository	UNKNOWN STEP	2026-09-29T16:36:56.1054364Z   PKG_CONFIG_PATH: /opt/hostedtoolcache/Python/3.12.14/x64/lib/pkgconfig
repository	UNKNOWN STEP	2026-09-29T16:36:56.1054795Z   Python_ROOT_DIR: /opt/hostedtoolcache/Python/3.12.14/x64
repository	UNKNOWN STEP	2026-09-29T16:36:56.1055172Z   Python2_ROOT_DIR: /opt/hostedtoolcache/Python/3.12.14/x64
repository	UNKNOWN STEP	2026-09-29T16:36:56.1055574Z   Python3_ROOT_DIR: /opt/hostedtoolcache/Python/3.12.14/x64
repository	UNKNOWN STEP	2026-09-29T16:36:56.1055962Z   LD_LIBRARY_PATH: /opt/hostedtoolcache/Python/3.12.14/x64/lib
repository	UNKNOWN STEP	2026-09-29T16:36:56.1056287Z ##[endgroup]
repository	UNKNOWN STEP	2026-09-29T16:36:56.2928973Z Multiple search paths detected. Calculating the least common ancestor of all paths
repository	UNKNOWN STEP	2026-09-29T16:36:56.2932339Z The least common ancestor is /home/runner/work/Azaeron-Verity/Azaeron-Verity. This will be the root directory of the artifact
repository	UNKNOWN STEP	2026-09-29T16:36:56.2933584Z With the provided path, there will be 82 files uploaded
repository	UNKNOWN STEP	2026-09-29T16:36:56.2940180Z Artifact name is valid!
repository	UNKNOWN STEP	2026-09-29T16:36:56.2941188Z Root directory input is valid!
repository	UNKNOWN STEP	2026-09-29T16:36:56.6901405Z Beginning upload of artifact content to blob storage
repository	UNKNOWN STEP	2026-09-29T16:36:57.9907904Z Uploaded bytes 6469142
repository	UNKNOWN STEP	2026-09-29T16:36:58.0811560Z Finished uploading artifact content to blob storage!
repository	UNKNOWN STEP	2026-09-29T16:36:58.0812779Z SHA256 digest of uploaded artifact zip is f2102c305486dde2c73119ed6cb4eff928a62308370284e70e25e7ad87a6f15e
repository	UNKNOWN STEP	2026-09-29T16:36:58.0814942Z Finalizing artifact upload
repository	UNKNOWN STEP	2026-09-29T16:36:58.5436296Z Artifact verity-gate-evidence.zip successfully finalized. Artifact ID 11047792350
repository	UNKNOWN STEP	2026-09-29T16:36:58.5438076Z Artifact verity-gate-evidence has been successfully uploaded! Final size is 6469142 bytes. Artifact ID is 11047792350
repository	UNKNOWN STEP	2026-09-29T16:36:58.5441292Z Artifact download URL: https://github.com/arajmir7/Azaeron-Verity/actions/runs/36597283761/artifacts/11047792350
repository	UNKNOWN STEP	2026-09-29T16:36:58.5574340Z ##[group]Run docker compose -f /tmp/verity-ci.json down --volumes
repository	UNKNOWN STEP	2026-09-29T16:36:58.5574841Z ^[[36;1mdocker compose -f /tmp/verity-ci.json down --volumes^[[0m
repository	UNKNOWN STEP	2026-09-29T16:36:58.5646831Z shell: /usr/bin/bash -e {0}
repository	UNKNOWN STEP	2026-09-29T16:36:58.5647401Z env:
repository	UNKNOWN STEP	2026-09-29T16:36:58.5647698Z   pythonLocation: /opt/hostedtoolcache/Python/3.12.14/x64
repository	UNKNOWN STEP	2026-09-29T16:36:58.5648155Z   PKG_CONFIG_PATH: /opt/hostedtoolcache/Python/3.12.14/x64/lib/pkgconfig
repository	UNKNOWN STEP	2026-09-29T16:36:58.5648601Z   Python_ROOT_DIR: /opt/hostedtoolcache/Python/3.12.14/x64
repository	UNKNOWN STEP	2026-09-29T16:36:58.5648996Z   Python2_ROOT_DIR: /opt/hostedtoolcache/Python/3.12.14/x64
repository	UNKNOWN STEP	2026-09-29T16:36:58.5649386Z   Python3_ROOT_DIR: /opt/hostedtoolcache/Python/3.12.14/x64
repository	UNKNOWN STEP	2026-09-29T16:36:58.5649785Z   LD_LIBRARY_PATH: /opt/hostedtoolcache/Python/3.12.14/x64/lib
repository	UNKNOWN STEP	2026-09-29T16:36:58.5650113Z ##[endgroup]
repository	UNKNOWN STEP	2026-09-29T16:36:58.6664519Z  Container verity-ci-otel-collector-1  Stopping
repository	UNKNOWN STEP	2026-09-29T16:36:58.6665809Z  Container verity-ci-celery-worker-1  Stopping
repository	UNKNOWN STEP	2026-09-29T16:36:58.6672833Z  Container verity-ci-prometheus-1  Stopping
repository	UNKNOWN STEP	2026-09-29T16:36:58.6673956Z  Container verity-ci-frontend-1  Stopping
repository	UNKNOWN STEP	2026-09-29T16:36:58.7744954Z  Container verity-ci-otel-collector-1  Stopped
repository	UNKNOWN STEP	2026-09-29T16:36:58.7746301Z  Container verity-ci-otel-collector-1  Removing
repository	UNKNOWN STEP	2026-09-29T16:36:58.7806844Z  Container verity-ci-otel-collector-1  Removed
repository	UNKNOWN STEP	2026-09-29T16:36:58.7808290Z  Container verity-ci-jaeger-1  Stopping
repository	UNKNOWN STEP	2026-09-29T16:36:58.8376173Z  Container verity-ci-prometheus-1  Stopped
repository	UNKNOWN STEP	2026-09-29T16:36:58.8377271Z  Container verity-ci-prometheus-1  Removing
repository	UNKNOWN STEP	2026-09-29T16:36:58.8528625Z  Container verity-ci-prometheus-1  Removed
repository	UNKNOWN STEP	2026-09-29T16:36:58.8641172Z  Container verity-ci-frontend-1  Stopped
repository	UNKNOWN STEP	2026-09-29T16:36:58.8643525Z  Container verity-ci-frontend-1  Removing
repository	UNKNOWN STEP	2026-09-29T16:36:58.8745137Z  Container verity-ci-frontend-1  Removed
repository	UNKNOWN STEP	2026-09-29T16:36:58.8746277Z  Container verity-ci-backend-1  Stopping
repository	UNKNOWN STEP	2026-09-29T16:36:59.0553787Z  Container verity-ci-jaeger-1  Stopped
repository	UNKNOWN STEP	2026-09-29T16:36:59.0554620Z  Container verity-ci-jaeger-1  Removing
repository	UNKNOWN STEP	2026-09-29T16:36:59.0647569Z  Container verity-ci-jaeger-1  Removed
repository	UNKNOWN STEP	2026-09-29T16:36:59.2254869Z  Container verity-ci-backend-1  Stopped
repository	UNKNOWN STEP	2026-09-29T16:36:59.2256440Z  Container verity-ci-backend-1  Removing
repository	UNKNOWN STEP	2026-09-29T16:36:59.2312959Z  Container verity-ci-backend-1  Removed
repository	UNKNOWN STEP	2026-09-29T16:36:59.2313654Z  Container verity-ci-celery-beat-1  Stopping
repository	UNKNOWN STEP	2026-09-29T16:36:59.9169736Z  Container verity-ci-celery-beat-1  Stopped
repository	UNKNOWN STEP	2026-09-29T16:36:59.9170650Z  Container verity-ci-celery-beat-1  Removing
repository	UNKNOWN STEP	2026-09-29T16:36:59.9259689Z  Container verity-ci-celery-beat-1  Removed
repository	UNKNOWN STEP	2026-09-29T16:37:00.7248000Z  Container verity-ci-celery-worker-1  Stopped
repository	UNKNOWN STEP	2026-09-29T16:37:00.7249284Z  Container verity-ci-celery-worker-1  Removing
repository	UNKNOWN STEP	2026-09-29T16:37:00.7330751Z  Container verity-ci-celery-worker-1  Removed
repository	UNKNOWN STEP	2026-09-29T16:37:00.7333935Z  Container verity-ci-minio-init-1  Stopping
repository	UNKNOWN STEP	2026-09-29T16:37:00.7334456Z  Container verity-ci-redis-1  Stopping
repository	UNKNOWN STEP	2026-09-29T16:37:00.7335422Z  Container verity-ci-mailpit-1  Stopping
repository	UNKNOWN STEP	2026-09-29T16:37:00.7337206Z  Container verity-ci-migrate-1  Stopping
repository	UNKNOWN STEP	2026-09-29T16:37:00.7345765Z  Container verity-ci-minio-init-1  Stopped
repository	UNKNOWN STEP	2026-09-29T16:37:00.7347220Z  Container verity-ci-minio-init-1  Removing
repository	UNKNOWN STEP	2026-09-29T16:37:00.7349723Z  Container verity-ci-migrate-1  Stopped
repository	UNKNOWN STEP	2026-09-29T16:37:00.7350590Z  Container verity-ci-migrate-1  Removing
repository	UNKNOWN STEP	2026-09-29T16:37:00.7429079Z  Container verity-ci-migrate-1  Removed
repository	UNKNOWN STEP	2026-09-29T16:37:00.7431662Z  Container verity-ci-postgres-1  Stopping
repository	UNKNOWN STEP	2026-09-29T16:37:00.7444905Z  Container verity-ci-minio-init-1  Removed
repository	UNKNOWN STEP	2026-09-29T16:37:00.7446171Z  Container verity-ci-minio-1  Stopping
repository	UNKNOWN STEP	2026-09-29T16:37:00.8765198Z  Container verity-ci-postgres-1  Stopped
repository	UNKNOWN STEP	2026-09-29T16:37:00.8771058Z  Container verity-ci-postgres-1  Removing
repository	UNKNOWN STEP	2026-09-29T16:37:00.8839407Z  Container verity-ci-postgres-1  Removed
repository	UNKNOWN STEP	2026-09-29T16:37:00.9181613Z  Container verity-ci-redis-1  Stopped
repository	UNKNOWN STEP	2026-09-29T16:37:00.9182642Z  Container verity-ci-redis-1  Removing
repository	UNKNOWN STEP	2026-09-29T16:37:00.9264021Z  Container verity-ci-redis-1  Removed
repository	UNKNOWN STEP	2026-09-29T16:37:00.9418761Z  Container verity-ci-minio-1  Stopped
repository	UNKNOWN STEP	2026-09-29T16:37:00.9419758Z  Container verity-ci-minio-1  Removing
repository	UNKNOWN STEP	2026-09-29T16:37:00.9467370Z  Container verity-ci-minio-1  Removed
repository	UNKNOWN STEP	2026-09-29T16:37:01.1495369Z  Container verity-ci-mailpit-1  Stopped
repository	UNKNOWN STEP	2026-09-29T16:37:01.1496463Z  Container verity-ci-mailpit-1  Removing
repository	UNKNOWN STEP	2026-09-29T16:37:01.1556800Z  Container verity-ci-mailpit-1  Removed
repository	UNKNOWN STEP	2026-09-29T16:37:01.1566990Z  Volume verity-ci_jaeger_data  Removing
repository	UNKNOWN STEP	2026-09-29T16:37:01.1568955Z  Network verity-ci_azaeron-network  Removing
repository	UNKNOWN STEP	2026-09-29T16:37:01.1571868Z  Volume verity-ci_postgres_data  Removing
repository	UNKNOWN STEP	2026-09-29T16:37:01.1572911Z  Volume verity-ci_minio_data  Removing
repository	UNKNOWN STEP	2026-09-29T16:37:01.1573494Z  Volume verity-ci_prometheus_data  Removing
repository	UNKNOWN STEP	2026-09-29T16:37:01.1573937Z  Volume verity-ci_redis_data  Removing
repository	UNKNOWN STEP	2026-09-29T16:37:01.1589926Z  Volume verity-ci_jaeger_data  Removed
repository	UNKNOWN STEP	2026-09-29T16:37:01.1755592Z  Volume verity-ci_minio_data  Removed
repository	UNKNOWN STEP	2026-09-29T16:37:01.2430201Z  Network verity-ci_azaeron-network  Removed
repository	UNKNOWN STEP	2026-09-29T16:37:01.3250557Z  Volume verity-ci_postgres_data  Removed
repository	UNKNOWN STEP	2026-09-29T16:37:01.3264016Z  Volume verity-ci_redis_data  Removed
repository	UNKNOWN STEP	2026-09-29T16:37:01.3273399Z  Volume verity-ci_prometheus_data  Removed
repository	UNKNOWN STEP	2026-09-29T16:37:01.3419848Z Post job cleanup.
repository	UNKNOWN STEP	2026-09-29T16:37:01.4350481Z [command]/usr/bin/git version
repository	UNKNOWN STEP	2026-09-29T16:37:01.4395567Z git version 2.55.0
repository	UNKNOWN STEP	2026-09-29T16:37:01.4441660Z Temporarily overriding HOME='/home/runner/work/_temp/829c459b-e203-4e73-bfdc-b7415b24dab1' before making global git config changes
repository	UNKNOWN STEP	2026-09-29T16:37:01.4443284Z Adding repository directory to the temporary git global config as a safe directory
repository	UNKNOWN STEP	2026-09-29T16:37:01.4447358Z [command]/usr/bin/git config --global --add safe.directory /home/runner/work/Azaeron-Verity/Azaeron-Verity
repository	UNKNOWN STEP	2026-09-29T16:37:01.4489638Z Removing SSH command configuration
repository	UNKNOWN STEP	2026-09-29T16:37:01.4497815Z [command]/usr/bin/git config --local --name-only --get-regexp core\.sshCommand
repository	UNKNOWN STEP	2026-09-29T16:37:01.4565381Z [command]/usr/bin/git submodule foreach --recursive sh -c "git config --local --name-only --get-regexp 'core\.sshCommand' && git config --local --unset-all 'core.sshCommand' || :"
repository	UNKNOWN STEP	2026-09-29T16:37:01.4836756Z Removing HTTP extra header
repository	UNKNOWN STEP	2026-09-29T16:37:01.4845768Z [command]/usr/bin/git config --local --name-only --get-regexp http\.https\:\/\/github\.com\/\.extraheader
repository	UNKNOWN STEP	2026-09-29T16:37:01.4877826Z [command]/usr/bin/git submodule foreach --recursive sh -c "git config --local --name-only --get-regexp 'http\.https\:\/\/github\.com\/\.extraheader' && git config --local --unset-all 'http.https://github.com/.extraheader' || :"
repository	UNKNOWN STEP	2026-09-29T16:37:01.5155246Z Removing includeIf entries pointing to credentials config files
repository	UNKNOWN STEP	2026-09-29T16:37:01.5163754Z [command]/usr/bin/git config --local --name-only --get-regexp ^includeIf\.gitdir:
repository	UNKNOWN STEP	2026-09-29T16:37:01.5196508Z includeif.gitdir:/home/runner/work/Azaeron-Verity/Azaeron-Verity/.git.path
repository	UNKNOWN STEP	2026-09-29T16:37:01.5197848Z includeif.gitdir:/home/runner/work/Azaeron-Verity/Azaeron-Verity/.git/worktrees/*.path
repository	UNKNOWN STEP	2026-09-29T16:37:01.5198435Z includeif.gitdir:/github/workspace/.git.path
repository	UNKNOWN STEP	2026-09-29T16:37:01.5198895Z includeif.gitdir:/github/workspace/.git/worktrees/*.path
repository	UNKNOWN STEP	2026-09-29T16:37:01.5207360Z [command]/usr/bin/git config --local --get-all includeif.gitdir:/home/runner/work/Azaeron-Verity/Azaeron-Verity/.git.path
repository	UNKNOWN STEP	2026-09-29T16:37:01.5236548Z /home/runner/work/_temp/git-credentials-c75ac283-e4fd-431a-a776-57869af66516.config
repository	UNKNOWN STEP	2026-09-29T16:37:01.5254421Z [command]/usr/bin/git config --local --unset includeif.gitdir:/home/runner/work/Azaeron-Verity/Azaeron-Verity/.git.path /home/runner/work/_temp/git-credentials-c75ac283-e4fd-431a-a776-57869af66516.config
repository	UNKNOWN STEP	2026-09-29T16:37:01.5306383Z [command]/usr/bin/git config --local --get-all includeif.gitdir:/home/runner/work/Azaeron-Verity/Azaeron-Verity/.git/worktrees/*.path
repository	UNKNOWN STEP	2026-09-29T16:37:01.5341741Z /home/runner/work/_temp/git-credentials-c75ac283-e4fd-431a-a776-57869af66516.config
repository	UNKNOWN STEP	2026-09-29T16:37:01.5358916Z [command]/usr/bin/git config --local --unset includeif.gitdir:/home/runner/work/Azaeron-Verity/Azaeron-Verity/.git/worktrees/*.path /home/runner/work/_temp/git-credentials-c75ac283-e4fd-431a-a776-57869af66516.config
repository	UNKNOWN STEP	2026-09-29T16:37:01.5405641Z [command]/usr/bin/git config --local --get-all includeif.gitdir:/github/workspace/.git.path
repository	UNKNOWN STEP	2026-09-29T16:37:01.5437616Z /github/runner_temp/git-credentials-c75ac283-e4fd-431a-a776-57869af66516.config
repository	UNKNOWN STEP	2026-09-29T16:37:01.5459346Z [command]/usr/bin/git config --local --unset includeif.gitdir:/github/workspace/.git.path /github/runner_temp/git-credentials-c75ac283-e4fd-431a-a776-57869af66516.config
repository	UNKNOWN STEP	2026-09-29T16:37:01.5494595Z [command]/usr/bin/git config --local --get-all includeif.gitdir:/github/workspace/.git/worktrees/*.path
repository	UNKNOWN STEP	2026-09-29T16:37:01.5526247Z /github/runner_temp/git-credentials-c75ac283-e4fd-431a-a776-57869af66516.config
repository	UNKNOWN STEP	2026-09-29T16:37:01.5538032Z [command]/usr/bin/git config --local --unset includeif.gitdir:/github/workspace/.git/worktrees/*.path /github/runner_temp/git-credentials-c75ac283-e4fd-431a-a776-57869af66516.config
repository	UNKNOWN STEP	2026-09-29T16:37:01.5605615Z [command]/usr/bin/git submodule foreach --recursive git config --local --show-origin --name-only --get-regexp remote.origin.url
repository	UNKNOWN STEP	2026-09-29T16:37:01.5870432Z Removing credentials config '/home/runner/work/_temp/git-credentials-c75ac283-e4fd-431a-a776-57869af66516.config'
repository	UNKNOWN STEP	2026-09-29T16:37:01.6021141Z Cleaning up orphan processes
